i,fr,sudut,p1,p2,galat,nyambung,f_badan,puncak_rel_badan,saddle_rel_badan,r_sel,luas_sel,st_gabung,br_gabung
24,0.7943383195091523,2.5519167561355127,pbcseg_final_v1\LY_900304_ccrop_mask.png,pbcseg_final_v1\MO_326206_ccrop_mask.png,,True,0.18004241621662226,0.7201135017981352,0.5400710855815128,64.19501538281614,22528,terpisah_di_nol,0.0
25,0.9292441820892838,5.848727624345524,pbcseg_final_v1\LY_25363_ccrop_mask.png,pbcseg_final_v1\MO_23282_ccrop_mask.png,,True,0.44064509195823015,0.7961441376971966,0.3554990457389664,67.97793759742936,26330,terpisah_di_nol,0.0
26,0.7455273644667212,5.965164167079797,pbcseg_final_v1\LY_532750_ccrop_mask.png,pbcseg_final_v1\MO_959704_ccrop_mask.png,,True,0.04014134503991171,0.6912828999009615,0.6511415548610497,66.03786792439622,22281,terpisah_di_nol,0.0
27,0.8803564060633974,2.3863800924684084,pbcseg_final_v1\LY_98404_ccrop_mask.png,pbcseg_final_v1\LY_735620_ccrop_mask.png,,True,0.4642148703033914,0.8304014060826848,0.36618653577929333,52.172789842982326,17515,terpisah_di_nol,0.0
28,0.7176051175427454,3.1354578687780266,pbcseg_final_v1\LY_198818_ccrop_mask.png,pbcseg_final_v1\MO_189829_ccrop_mask.png,,True,0.0,0.0,0.0,65.5133574166368,24619,normal,0.18857036045412787
29,0.8610391150796817,4.99640849351356,pbcseg_final_v1\MO_906623_ccrop_mask.png,pbcseg_final_v1\LY_245917_ccrop_mask.png,,True,0.15985887798905632,0.721874953351245,0.5620160753621887,60.207972893961475,19247,terpisah_di_nol,0.0
30,0.8606535208557554,5.526571818905872,pbcseg_final_v1\MO_26771_ccrop_mask.png,pbcseg_final_v1\LY_649255_ccrop_mask.png,,True,0.3795418012476737,0.6812228361181565,0.3016810348704827,73.0,30874,normal,0.02591508580466721
31,0.8862798261559274,3.1544049918017456,pbcseg_final_v1\MO_545848_ccrop_mask.png,pbcseg_final_v1\MO_11595_ccrop_mask.png,,True,0.2800023097284627,0.7946172987991639,0.5146149890707012,74.24957912338628,34991,terpisah_di_nol,0.0
16,0.903959126559249,1.5542202951675264,pbcseg_final_v1\LY_452316_ccrop_mask.png,pbcseg_final_v1\LY_573984_ccrop_mask.png,,True,0.2817295990369456,0.8083189651328332,0.5265893660958876,53.71219600798314,21577,terpisah_di_nol,0.0
17,0.9224909741204567,6.0058164591197105,pbcseg_final_v1\LY_825441_ccrop_mask.png,pbcseg_final_v1\MO_887275_ccrop_mask.png,,True,0.24154735792526766,0.6129010265889447,0.3713536686636771,70.83784299369935,29702,terpisah_di_nol,0.0
18,0.7104882685458912,1.5007470020450433,pbcseg_final_v1\MO_248568_ccrop_mask.png,pbcseg_final_v1\MO_533874_ccrop_mask.png,,True,0.21945737919482297,0.9767272823133711,0.7572699031185481,68.6804193347711,32188,terpisah_di_nol,0.0
19,0.708124642170264,1.042307628644531,pbcseg_final_v1\LY_815826_ccrop_mask.png,pbcseg_final_v1\MO_389641_ccrop_mask.png,,True,0.057729956210004936,0.5950713556224384,0.5373413994124335,79.0,29121,terpisah_di_nol,0.0
20,0.8390601444003858,3.38343200806701,pbcseg_final_v1\LY_832775_ccrop_mask.png,pbcseg_final_v1\LY_619308_ccrop_mask.png,,True,0.20513111110269772,0.7265869712859663,0.5214558601832685,50.774009099144415,13479,normal,0.02626128657194451
21,0.7795881841614983,3.5604710573494613,pbcseg_final_v1\LY_948851_ccrop_mask.png,pbcseg_final_v1\MO_617871_ccrop_mask.png,,True,0.21784713542080797,0.6473475291753354,0.4295003937545275,65.19202405202648,29925,terpisah_di_nol,0.0
22,0.81067357762643,4.047421473948118,pbcseg_final_v1\LY_730192_ccrop_mask.png,pbcseg_final_v1\LY_926291_ccrop_mask.png,,True,0.13152229192595621,0.6864128850510555,0.5548905931250993,57.245087125446844,16214,normal,0.04925152335778521
23,0.7103039495730282,5.66947668938591,pbcseg_final_v1\LY_370728_ccrop_mask.png,pbcseg_final_v1\LY_275148_ccrop_mask.png,,True,0.1834318805409329,0.9182578833604285,0.7348260028194955,51.0098029794274,15757,terpisah_di_nol,0.0
40,0.8580693413174364,1.3274302808119296,pbcseg_final_v1\LY_222797_ccrop_mask.png,pbcseg_final_v1\MO_634829_ccrop_mask.png,,True,0.12058827552037574,0.8829597014557937,0.762371425935418,56.0357029044876,23209,terpisah_di_nol,0.0
41,0.8672189378155554,2.0675713412552867,pbcseg_final_v1\MO_888999_ccrop_mask.png,pbcseg_final_v1\MO_807614_ccrop_mask.png,,True,0.26223060240633045,0.9472695432815655,0.6850389408752351,69.6419413859206,33950,terpisah_di_nol,0.0
42,0.8822525275491386,4.129658221402831,pbcseg_final_v1\LY_26778_ccrop_mask.png,pbcseg_final_v1\LY_878313_ccrop_mask.png,,True,0.4430275426669407,0.9411033702772618,0.49807582761032104,47.042533945356304,14331,terpisah_di_nol,0.0
43,0.8199923466701563,3.15770819629163,pbcseg_final_v1\LY_9109_ccrop_mask.png,pbcseg_final_v1\MO_468147_ccrop_mask.png,,True,0.07693401507125092,0.6340634959165624,0.5571294808453116,75.47184905645283,28026,terpisah_di_nol,0.0
44,0.8964729619821116,4.893310294515966,pbcseg_final_v1\MO_207195_ccrop_mask.png,pbcseg_final_v1\LY_925672_ccrop_mask.png,,True,0.23382264434638333,0.6364720424405427,0.4026493980941593,67.468511173732,22553,terpisah_di_nol,0.0
45,0.7090879076707327,1.5455000579882234,pbcseg_final_v1\MO_688574_ccrop_mask.png,pbcseg_final_v1\LY_828552_ccrop_mask.png,,True,0.0,0.0,0.0,86.76981041814025,35816,terpisah_di_nol,0.0
46,0.7169201056949132,2.7315158647348907,pbcseg_final_v1\MO_302771_ccrop_mask.png,pbcseg_final_v1\LY_360951_ccrop_mask.png,,True,0.007394000625497945,0.5266542166265654,0.5192602160010675,82.0,30545,terpisah_di_nol,0.0
47,0.8901885580465562,1.108026316206169,pbcseg_final_v1\MO_192510_ccrop_mask.png,pbcseg_final_v1\LY_113005_ccrop_mask.png,,False,0.024442532398990854,0.6169899699191216,0.5925474375201307,57.28001396647874,19067,normal,0.4162325686043391
32,0.905257600819401,6.139488232638748,pbcseg_final_v1\MO_455421_ccrop_mask.png,pbcseg_final_v1\MO_173558_ccrop_mask.png,,True,0.47946832681108403,0.6538461538461539,0.1743778270350698,78.0,47420,terpisah_di_nol,0.0
33,0.9647881007819833,6.262423395147091,pbcseg_final_v1\MO_752387_ccrop_mask.png,pbcseg_final_v1\MO_898257_ccrop_mask.png,,False,0.0,0.0,0.0,62.0966987850401,24545,tak_pernah_pecah,1.0
34,0.9046002703146906,3.8771949899387876,pbcseg_final_v1\LY_912598_ccrop_mask.png,pbcseg_final_v1\MO_372222_ccrop_mask.png,,True,0.1587547370269576,0.5985038818184257,0.4397491447914681,85.14693182963201,38256,terpisah_di_nol,0.0
35,0.7675140063233915,0.94622584985038,pbcseg_final_v1\LY_752671_ccrop_mask.png,pbcseg_final_v1\MO_385446_ccrop_mask.png,,True,0.14942700370008866,0.710019345992505,0.5605923422924164,72.17340230306452,25666,terpisah_di_nol,0.0
36,0.8119398905666054,2.2018839830425425,pbcseg_final_v1\LY_755515_ccrop_mask.png,pbcseg_final_v1\LY_554741_ccrop_mask.png,,True,0.4320031346688403,0.983286852929383,0.5512837182605427,50.039984012787215,18850,terpisah_di_nol,0.0
37,0.9770018221326162,4.0395269533615386,pbcseg_final_v1\MO_197366_ccrop_mask.png,pbcseg_final_v1\LY_511879_ccrop_mask.png,,True,0.36407119838915897,0.5929438367987915,0.22887263840963248,74.14849964766651,26599,terpisah_di_nol,0.0
38,0.74952806061381,4.676547977768315,pbcseg_final_v1\LY_881002_ccrop_mask.png,pbcseg_final_v1\MO_935222_ccrop_mask.png,,True,0.07188290812375982,0.6630187845223102,0.5911358763985504,70.178344238091,26012,normal,0.04657464328326223
39,0.8730045047842935,3.06818585103576,pbcseg_final_v1\LY_333022_ccrop_mask.png,pbcseg_final_v1\MO_217315_ccrop_mask.png,,True,0.240420725597899,0.6512221884813116,0.41080146288341257,56.462376853972415,16661,normal,0.04872255371340959
8,0.8284925436319706,0.6900243412903908,pbcseg_final_v1\MO_248587_ccrop_mask.png,pbcseg_final_v1\MO_809234_ccrop_mask.png,,True,0.3675392025013493,0.997136242605614,0.6295970401042646,67.42403132415029,31043,terpisah_di_nol,0.0
9,0.7905428651836225,5.067331219892447,pbcseg_final_v1\MO_18963_ccrop_mask.png,pbcseg_final_v1\LY_115727_ccrop_mask.png,,True,0.06460018235059485,0.6439915138396497,0.5793913314890548,73.24616030891995,31304,terpisah_di_nol,0.0
10,0.9346721704104806,2.44943282580552,pbcseg_final_v1\MO_812031_ccrop_mask.png,pbcseg_final_v1\LY_651718_ccrop_mask.png,,True,0.3231304914483135,0.4425029775758051,0.1193724861274916,77.23341245859851,31033,terpisah_di_nol,0.0
11,0.8984894537375774,3.506406260990497,pbcseg_final_v1\MO_2893_ccrop_mask.png,pbcseg_final_v1\MO_498472_ccrop_mask.png,,True,0.2982486397192886,0.8562767644422467,0.558028124722958,77.07788269017254,40809,terpisah_di_nol,0.0
12,0.8154589873778981,3.7908330984842986,pbcseg_final_v1\LY_695283_ccrop_mask.png,pbcseg_final_v1\LY_813628_ccrop_mask.png,,True,0.3869286797448337,1.0,0.6130713202551663,55.362442142665635,19693,normal,0.02242242646654375
13,0.823456054365974,6.114540356373115,pbcseg_final_v1\LY_874823_ccrop_mask.png,pbcseg_final_v1\MO_557970_ccrop_mask.png,,True,0.1543881380839479,0.6732170330391727,0.5188288949552248,69.81403870282824,23911,normal,0.12184254470714483
14,0.8884922908737795,5.84071362333929,pbcseg_final_v1\LY_254678_ccrop_mask.png,pbcseg_final_v1\LY_996704_ccrop_mask.png,,True,0.4380641876466233,0.8747154919739529,0.43665130432732957,63.631753079732135,23942,terpisah_di_nol,0.0
15,0.7598499777310724,2.035380913697532,pbcseg_final_v1\MO_19376_ccrop_mask.png,pbcseg_final_v1\MO_254452_ccrop_mask.png,,True,0.15661300378372037,0.8229857973042326,0.6663727935205122,73.40980860893181,33190,terpisah_di_nol,0.0
48,0.7230978281679306,4.834099953081798,pbcseg_final_v1\LY_10361_ccrop_mask.png,pbcseg_final_v1\LY_544639_ccrop_mask.png,,True,0.12138245225258476,0.7167192307599968,0.595336778507412,53.03772242470448,13716,terpisah_di_nol,0.0
49,0.7461476687634407,5.007884166272394,pbcseg_final_v1\LY_404117_ccrop_mask.png,pbcseg_final_v1\LY_472472_ccrop_mask.png,,True,0.22450574836118078,0.8860059847539491,0.6615002363927682,55.02726596879042,17635,terpisah_di_nol,0.0
50,0.8897388864207147,0.6699452648013139,pbcseg_final_v1\MO_355224_ccrop_mask.png,pbcseg_final_v1\MO_96778_ccrop_mask.png,,True,0.4946676805850828,0.8308850088665602,0.3362173282814773,79.19595949289332,50379,terpisah_di_nol,0.0
51,0.749278057803181,0.5361914122876957,pbcseg_final_v1\MO_649556_ccrop_mask.png,pbcseg_final_v1\MO_935222_ccrop_mask.png,,True,0.28681476591752747,0.9420150347863394,0.6552002688688119,79.90619500389191,40689,terpisah_di_nol,0.0
52,0.9431882407727167,3.999869419467098,pbcseg_final_v1\MO_849561_ccrop_mask.png,pbcseg_final_v1\LY_164687_ccrop_mask.png,,True,0.16939684096943589,0.4378038082152469,0.26840696724581103,86.97700845625813,32667,terpisah_di_nol,0.0
53,0.94086688865756,3.297644909579463,pbcseg_final_v1\LY_726808_ccrop_mask.png,pbcseg_final_v1\LY_260801_ccrop_mask.png,,True,0.4620984123290542,0.7511070827192237,0.28900867039016953,58.82176467941097,18977,terpisah_di_nol,0.0
54,0.8954668326440821,5.699724782795941,pbcseg_final_v1\MO_499693_ccrop_mask.png,pbcseg_final_v1\LY_953443_ccrop_mask.png,,True,0.20730357328305024,0.7200768902055957,0.5127733169225455,68.9492567037528,28396,terpisah_di_nol,0.0
55,0.7115459466003832,4.50943049146531,pbcseg_final_v1\LY_105283_ccrop_mask.png,pbcseg_final_v1\MO_332386_ccrop_mask.png,,True,0.0,0.0,0.0,56.0,21287,terpisah_di_nol,0.0
0,0.8987448607631291,6.029583326166828,pbcseg_final_v1\MO_821957_ccrop_mask.png,pbcseg_final_v1\LY_894111_ccrop_mask.png,,True,0.35424011635797076,0.7404569920972702,0.3862168757392994,70.43436661176133,31783,terpisah_di_nol,0.0
1,0.9542644463224335,2.244216470137637,pbcseg_final_v1\LY_881717_ccrop_mask.png,pbcseg_final_v1\LY_114808_ccrop_mask.png,,True,0.5430101442462559,0.8770580193070292,0.3340478750607733,55.036351623268054,19270,terpisah_di_nol,0.0
2,0.8689631246873049,2.088597608938164,pbcseg_final_v1\MO_675551_ccrop_mask.png,pbcseg_final_v1\MO_503237_ccrop_mask.png,,True,0.29333035073236374,0.8054778704639476,0.5121475197315839,72.00694410957877,35738,terpisah_di_nol,0.0
3,0.9448115518276103,3.3797972761809705,pbcseg_final_v1\MO_148895_ccrop_mask.png,pbcseg_final_v1\MO_7195_ccrop_mask.png,,True,0.444186047392591,0.8770870925716562,0.4329010451790652,67.26812023536856,34605,terpisah_di_nol,0.0
4,0.9472481770591611,6.026070179874705,pbcseg_final_v1\MO_898984_ccrop_mask.png,pbcseg_final_v1\LY_741548_ccrop_mask.png,,True,0.4066372228131016,0.6978065431576637,0.2911693203445621,70.80254232723568,25326,terpisah_di_nol,0.0
5,0.883486143119986,2.1215054941714167,pbcseg_final_v1\MO_189829_ccrop_mask.png,pbcseg_final_v1\LY_85450_ccrop_mask.png,,True,0.21839168101385867,0.7578418860978353,0.5394502050839767,65.5133574166368,29211,terpisah_di_nol,0.0
6,0.8760076793904726,0.8113379183490164,pbcseg_final_v1\LY_319013_ccrop_mask.png,pbcseg_final_v1\MO_238900_ccrop_mask.png,,True,0.2707348931866536,0.5360216552304888,0.2652867620438353,88.0,36761,terpisah_di_nol,0.0
7,0.7764900012545751,6.130053495185402,pbcseg_final_v1\MO_181748_ccrop_mask.png,pbcseg_final_v1\MO_458271_ccrop_mask.png,,True,0.335104822192572,0.9392050182930642,0.6041001961004923,72.40165743959182,38321,normal,0.047619047619047616
56,0.7272133619107296,4.821968473037505,pbcseg_final_v1\MO_560988_ccrop_mask.png,pbcseg_final_v1\MO_314702_ccrop_mask.png,,True,0.20497847073575737,0.87979344800708,0.6748149772713227,70.21395872616783,30675,terpisah_di_nol,0.0
57,0.9072361589780105,0.49490416128623227,pbcseg_final_v1\MO_881516_ccrop_mask.png,pbcseg_final_v1\MO_70803_ccrop_mask.png,,False,0.0,0.0,0.0,80.95677859203639,32917,normal,0.3580811016334048
58,0.8768584294518654,4.8087943703593945,pbcseg_final_v1\MO_727663_ccrop_mask.png,pbcseg_final_v1\LY_567757_ccrop_mask.png,,True,0.4623039763646633,0.9090909090909091,0.4467869327262458,56.089214649520635,25589,terpisah_di_nol,0.0
59,0.7399391044063326,3.4941135055969825,pbcseg_final_v1\MO_618817_ccrop_mask.png,pbcseg_final_v1\MO_112202_ccrop_mask.png,,True,0.10484307308195574,0.8462161759715343,0.7413731028895786,73.0,32078,normal,0.030192333931958422
60,0.9071964449742381,5.341819552564284,pbcseg_final_v1\LY_314311_ccrop_mask.png,pbcseg_final_v1\MO_2893_ccrop_mask.png,,True,0.4778281449935122,0.5793970985442146,0.10156895355070242,76.89603370785778,30479,normal,0.022162110358896814
61,0.8733912094509388,0.5122444529221718,pbcseg_final_v1\LY_745253_ccrop_mask.png,pbcseg_final_v1\LY_480700_ccrop_mask.png,,True,0.3540793461671333,0.8731282501307986,0.5190489039636653,41.23105625617661,10566,normal,0.027929038673897278
62,0.8003946958255743,1.1356574594239222,pbcseg_final_v1\LY_60053_ccrop_mask.png,pbcseg_final_v1\MO_557970_ccrop_mask.png,,True,0.22567345648655734,0.7890955204768375,0.5634220639902803,70.66116330771806,26873,normal,0.02676438637860946
63,0.7577589623309089,0.9401705858928362,pbcseg_final_v1\MO_993578_ccrop_mask.png,pbcseg_final_v1\LY_33119_ccrop_mask.png,,True,0.1280784264985509,0.7014925373134329,0.5734141108148819,67.0,22031,terpisah_di_nol,0.0
64,0.7510969524111965,3.9124526418303534,pbcseg_final_v1\LY_448631_ccrop_mask.png,pbcseg_final_v1\MO_407150_ccrop_mask.png,,True,0.09882594483460128,0.6988533283406171,0.6000273835060158,69.77822009767804,23882,terpisah_di_nol,0.0
65,0.7949301192926359,3.3069390446226468,pbcseg_final_v1\MO_817666_ccrop_mask.png,pbcseg_final_v1\MO_771921_ccrop_mask.png,,True,0.2438630082877091,0.9256766840641901,0.681813675776481,73.348483283569,35154,terpisah_di_nol,0.0
66,0.8697671374573541,2.7158361655647463,pbcseg_final_v1\MO_746516_ccrop_mask.png,pbcseg_final_v1\LY_305468_ccrop_mask.png,,True,0.2279701307492734,0.5979335788615814,0.369963448112308,76.16429609731846,28943,normal,0.05322462954123495
67,0.7498148263667569,0.5114471222212073,pbcseg_final_v1\LY_687027_ccrop_mask.png,pbcseg_final_v1\MO_887275_ccrop_mask.png,,True,0.03248723710941383,0.5906094287550351,0.5581221916456213,81.02468759581859,32851,terpisah_di_nol,0.0
68,0.8612722050813786,2.8342937689898258,pbcseg_final_v1\MO_450401_ccrop_mask.png,pbcseg_final_v1\LY_560142_ccrop_mask.png,,True,0.1902387093224597,0.5887263423153849,0.39848763299292517,71.42128534267638,23683,terpisah_di_nol,0.0
69,0.9555930973773719,4.643163569099823,pbcseg_final_v1\MO_93573_ccrop_mask.png,pbcseg_final_v1\MO_95719_ccrop_mask.png,,True,0.35553870509909047,0.7965486776828943,0.44100997258380376,70.0,36239,terpisah_di_nol,0.0
70,0.7915569264316218,3.470840620255617,pbcseg_final_v1\MO_952246_ccrop_mask.png,pbcseg_final_v1\LY_40134_ccrop_mask.png,,True,0.13077003649304847,0.6109470332208473,0.4801769967277988,70.83784299369935,22747,terpisah_di_nol,0.0
71,0.8714900500284062,4.023242634451339,pbcseg_final_v1\MO_198926_ccrop_mask.png,pbcseg_final_v1\LY_532750_ccrop_mask.png,,True,0.29059543052929493,0.77520929784115,0.484613867311855,59.841457201508724,21031,terpisah_di_nol,0.0
72,0.7229569079212166,3.336817883825548,pbcseg_final_v1\MO_5979_ccrop_mask.png,pbcseg_final_v1\MO_674929_ccrop_mask.png,,True,0.14672415826278926,0.8959945738692496,0.7492704156064603,81.41252974819048,44187,terpisah_di_nol,0.0
73,0.8858817681276537,1.8794310315467972,pbcseg_final_v1\LY_762788_ccrop_mask.png,pbcseg_final_v1\MO_275459_ccrop_mask.png,,True,0.15413552723726892,0.5415480923086942,0.3874125650714252,75.16648189186454,24752,normal,0.023485569615051043
74,0.7386250647319063,5.243556257852447,pbcseg_final_v1\LY_288132_ccrop_mask.png,pbcseg_final_v1\MO_121190_ccrop_mask.png,,True,0.1478230845814414,0.7759431750256574,0.6281200904442159,57.0701322935211,20152,terpisah_di_nol,0.0
75,0.9718844637915467,1.2262520280814577,pbcseg_final_v1\LY_820246_ccrop_mask.png,pbcseg_final_v1\MO_717500_ccrop_mask.png,,True,0.57694643186292,0.8203720988812561,0.243425667018336,68.0,30387,terpisah_di_nol,0.0
76,0.8334277733487996,1.1272500585954022,pbcseg_final_v1\LY_700199_ccrop_mask.png,pbcseg_final_v1\LY_791031_ccrop_mask.png,,True,0.3826382678304931,0.9346079994248534,0.5519697315943602,56.859475903318,20585,terpisah_di_nol,0.0
77,0.8888464074509483,1.715198816605868,pbcseg_final_v1\MO_262163_ccrop_mask.png,pbcseg_final_v1\MO_51985_ccrop_mask.png,,True,0.13223714165545133,0.8515451405719013,0.7193079989164499,66.73080248281148,28964,terpisah_di_nol,0.0
78,0.9393615948449747,4.772165513408414,pbcseg_final_v1\MO_928617_ccrop_mask.png,pbcseg_final_v1\LY_79706_ccrop_mask.png,,True,0.15189362183761637,0.5725221130802464,0.42062849124262996,85.58621384311844,40580,terpisah_di_nol,0.0
79,0.9140155859649784,6.207708551183433,pbcseg_final_v1\MO_991797_ccrop_mask.png,pbcseg_final_v1\MO_245125_ccrop_mask.png,,False,0.0,0.0,0.0,69.18092222571191,16161,normal,0.816308945263769
88,0.894997192234191,1.6121475309561168,pbcseg_final_v1\MO_70970_ccrop_mask.png,pbcseg_final_v1\LY_744710_ccrop_mask.png,,True,0.43153336934154957,0.8237998523852448,0.39226648304369527,53.53503525729669,16840,terpisah_di_nol,0.0
89,0.8587332952202062,6.04914424007285,pbcseg_final_v1\LY_393379_ccrop_mask.png,pbcseg_final_v1\LY_787227_ccrop_mask.png,,True,0.33912495855070574,0.7631999913549028,0.4240750328041971,41.78516483155236,12800,terpisah_di_nol,0.0
90,0.9148157808236753,3.860569066383282,pbcseg_final_v1\MO_553342_ccrop_mask.png,pbcseg_final_v1\MO_778543_ccrop_mask.png,,True,0.5310055081765548,0.8555106893458051,0.32450518116925026,80.65358020571685,43467,terpisah_di_nol,0.0
91,0.978418277269851,4.215671538415468,pbcseg_final_v1\LY_714463_ccrop_mask.png,pbcseg_final_v1\MO_225218_ccrop_mask.png,,True,0.6198332793633744,0.788342603870222,0.16850932450684766,61.09828148156051,23265,terpisah_di_nol,0.0
92,0.9453564002377882,1.1935576045123604,pbcseg_final_v1\MO_214064_ccrop_mask.png,pbcseg_final_v1\MO_92432_ccrop_mask.png,,True,0.36511732559840815,0.5607158928832696,0.1955985672848615,76.68767828015137,43041,terpisah_di_nol,0.0
93,0.9538984972250356,0.7973978072672555,pbcseg_final_v1\LY_832225_ccrop_mask.png,pbcseg_final_v1\LY_26778_ccrop_mask.png,,True,0.7709346024389431,0.9669177624447823,0.1959831600058392,47.042533945356304,15823,terpisah_di_nol,0.0
94,0.8724986866283128,5.1445885501772395,pbcseg_final_v1\MO_260942_ccrop_mask.png,pbcseg_final_v1\LY_869750_ccrop_mask.png,,True,0.23723782857106074,0.7164738674460386,0.4792360388749778,67.35725647619564,24994,terpisah_di_nol,0.0
95,0.9055636888947514,4.274570850190311,pbcseg_final_v1\MO_149761_ccrop_mask.png,pbcseg_final_v1\LY_570413_ccrop_mask.png,,True,0.39136034439547446,0.7366138744281158,0.34525353003264136,70.71067811865476,32130,terpisah_di_nol,0.0
96,0.763628183464947,2.504727635321409,pbcseg_final_v1\MO_943806_ccrop_mask.png,pbcseg_final_v1\MO_52244_ccrop_mask.png,,True,0.18056339235394164,0.8235947028364202,0.6430313104824786,79.00632886041473,36497,terpisah_di_nol,0.0
97,0.8279690040415766,4.330469990816352,pbcseg_final_v1\MO_896208_ccrop_mask.png,pbcseg_final_v1\LY_139845_ccrop_mask.png,,True,0.06410349450281891,0.6615278894237872,0.5974243949209683,68.70953354520753,30391,terpisah_di_nol,0.0
98,0.7586559552837078,0.8595225941656858,pbcseg_final_v1\MO_939651_ccrop_mask.png,pbcseg_final_v1\MO_755262_ccrop_mask.png,,True,0.13872707623281955,0.798211482211816,0.6594844059789966,81.61494961096282,40645,terpisah_di_nol,0.0
99,0.7462704900793964,4.415381519879664,pbcseg_final_v1\MO_701572_ccrop_mask.png,pbcseg_final_v1\MO_512783_ccrop_mask.png,,True,0.06614004760677383,0.9958640886279955,0.9297240410212216,65.11528238439882,36603,terpisah_di_nol,0.0
100,0.8101327870206753,0.5049605279042407,pbcseg_final_v1\LY_930985_ccrop_mask.png,pbcseg_final_v1\MO_607749_ccrop_mask.png,,True,0.09071466447536786,0.611438652867628,0.5207239883922601,71.7007670809734,26247,terpisah_di_nol,0.0
101,0.7648403458130137,2.189207926159835,pbcseg_final_v1\LY_823713_ccrop_mask.png,pbcseg_final_v1\LY_456457_ccrop_mask.png,,True,0.10223234347077972,0.8294960280058329,0.7272636845350532,61.40032573203501,21145,terpisah_di_nol,0.0
102,0.7582442980819174,5.954479970477698,pbcseg_final_v1\MO_267447_ccrop_mask.png,pbcseg_final_v1\MO_821957_ccrop_mask.png,,True,0.21180835792462108,0.9713430175525721,0.7595346596279511,71.40028011149536,36407,terpisah_di_nol,0.0
103,0.8141852968055943,0.7638319964882616,pbcseg_final_v1\MO_903914_ccrop_mask.png,pbcseg_final_v1\LY_918465_ccrop_mask.png,,True,0.18955936029974468,0.7196308823908605,0.5300715220911157,68.3593446428504,24335,terpisah_di_nol,0.0
80,0.7720448306394351,1.865767002744793,pbcseg_final_v1\MO_100695_ccrop_mask.png,pbcseg_final_v1\MO_543694_ccrop_mask.png,,True,0.1168281734115991,0.5843663061504423,0.46753813273884315,68.87670143089025,29788,terpisah_di_nol,0.0
81,0.9153448165162985,4.038093996806727,pbcseg_final_v1\MO_377470_ccrop_mask.png,pbcseg_final_v1\MO_96000_ccrop_mask.png,,True,0.6442159944470669,0.973165979225223,0.3289499847781561,65.76473218982953,32502,terpisah_di_nol,0.0
82,0.8304426635323849,3.820958148223301,pbcseg_final_v1\LY_431600_ccrop_mask.png,pbcseg_final_v1\MO_455421_ccrop_mask.png,,True,0.12136775229134882,0.6252868194335917,0.5039190671422429,78.10249675906654,36398,terpisah_di_nol,0.0
83,0.9039524021036744,3.4382319523238976,pbcseg_final_v1\LY_800603_ccrop_mask.png,pbcseg_final_v1\MO_888484_ccrop_mask.png,,True,0.21095090463773533,0.6463156754450788,0.4353647708073435,72.12489168102785,28980,terpisah_di_nol,0.0
84,0.9436626082647352,4.419335053246531,pbcseg_final_v1\LY_187288_ccrop_mask.png,pbcseg_final_v1\LY_82338_ccrop_mask.png,,True,0.6348941785693655,0.9307672332929108,0.29587305472354536,52.46903848937962,19553,terpisah_di_nol,0.0
85,0.7040537693334336,2.3077745617569856,pbcseg_final_v1\MO_326206_ccrop_mask.png,pbcseg_final_v1\LY_18213_ccrop_mask.png,,True,0.10272524034313384,0.8297138901628924,0.7269886498197586,64.19501538281614,23425,terpisah_di_nol,0.0
86,0.9715642416215193,0.9253097094308531,pbcseg_final_v1\MO_308226_ccrop_mask.png,pbcseg_final_v1\MO_693501_ccrop_mask.png,,True,0.5759863383484677,0.9761583500664464,0.4001720117179786,61.465437442517235,34850,terpisah_di_nol,0.0
87,0.7293581117798178,0.1905323865325467,pbcseg_final_v1\LY_870847_ccrop_mask.png,pbcseg_final_v1\MO_88257_ccrop_mask.png,,True,0.3506296125392997,0.7179581586177382,0.3673285460784384,57.42821606144492,31678,terpisah_di_nol,0.0
104,0.8410697442007598,1.4679895409272326,pbcseg_final_v1\MO_372222_ccrop_mask.png,pbcseg_final_v1\LY_442263_ccrop_mask.png,,True,0.10612038569509769,0.612598946684009,0.5064785609889114,84.8999411071645,38406,terpisah_di_nol,0.0
105,0.7545646599795469,1.8328158300596238,pbcseg_final_v1\MO_896245_ccrop_mask.png,pbcseg_final_v1\LY_618428_ccrop_mask.png,,True,0.10221258084028184,0.6521739130434783,0.5499613322031964,69.0,22398,terpisah_di_nol,0.0
106,0.8260986158949974,6.279923545819441,pbcseg_final_v1\MO_629706_ccrop_mask.png,pbcseg_final_v1\LY_832225_ccrop_mask.png,,True,0.10185260316825089,0.5304368100404239,0.42858420687217297,86.33075929238663,31641,terpisah_di_nol,0.0
107,0.8648532791190826,5.619864148421659,pbcseg_final_v1\MO_787343_ccrop_mask.png,pbcseg_final_v1\MO_311939_ccrop_mask.png,,True,0.4101690890331762,0.864231186774026,0.45406209774084977,74.0,35145,terpisah_di_nol,0.0
108,0.7530093505936657,6.094430176635108,pbcseg_final_v1\MO_625714_ccrop_mask.png,pbcseg_final_v1\LY_791031_ccrop_mask.png,,True,0.10919816065896537,0.6922399515921076,0.5830417909331422,84.05950273467003,40250,terpisah_di_nol,0.0
109,0.9399454411533382,0.22211682617517592,pbcseg_final_v1\MO_929161_ccrop_mask.png,pbcseg_final_v1\MO_492669_ccrop_mask.png,,True,0.57205290584135,0.9201333421913047,0.34808043634995467,63.788713735268246,31407,terpisah_di_nol,0.0
110,0.772937180039909,1.1183401146669876,pbcseg_final_v1\LY_284797_ccrop_mask.png,pbcseg_final_v1\MO_284143_ccrop_mask.png,,True,0.08817632976230937,0.8086268177912661,0.7204504880289567,60.83584469702052,20176,normal,0.02502347051056742
111,0.9223855028104078,2.7740168657582576,pbcseg_final_v1\LY_86837_ccrop_mask.png,pbcseg_final_v1\MO_860510_ccrop_mask.png,,True,0.3236971932562419,0.6709064565504705,0.3472092632942287,65.80273550544841,22144,terpisah_di_nol,0.0
112,0.7750386391832941,0.7391112732403278,pbcseg_final_v1\LY_818656_ccrop_mask.png,pbcseg_final_v1\LY_114808_ccrop_mask.png,,True,0.12438753322910205,0.8485795992389527,0.7241920660098506,47.853944456021594,13151,normal,0.02502347051056742
113,0.7597074422752885,2.0577203230569223,pbcseg_final_v1\MO_420359_ccrop_mask.png,pbcseg_final_v1\MO_215092_ccrop_mask.png,,True,0.19858580577679277,0.9549766699233021,0.7563908641465094,63.953107821277925,30988,normal,0.026352313834736494
114,0.7775811869365041,4.046359711829145,pbcseg_final_v1\MO_905158_ccrop_mask.png,pbcseg_final_v1\LY_954324_ccrop_mask.png,,True,0.09351735050960304,0.7591458644571283,0.6656285139475252,65.86349520030045,28427,normal,0.026938622922018266
115,0.785683570140971,4.581599006805446,pbcseg_final_v1\MO_589643_ccrop_mask.png,pbcseg_final_v1\LY_185977_ccrop_mask.png,,True,0.1283901167042476,0.6487844007589474,0.5203942840546998,84.8999411071645,34912,terpisah_di_nol,0.0
116,0.8254850583511757,0.0017544272583898451,pbcseg_final_v1\LY_700280_ccrop_mask.png,pbcseg_final_v1\LY_452236_ccrop_mask.png,,True,0.3650187136858848,0.999790334414301,0.6347716207284162,48.83646178829912,15956,terpisah_di_nol,0.0
117,0.7774554399534614,3.192237830780536,pbcseg_final_v1\MO_444848_ccrop_mask.png,pbcseg_final_v1\MO_23768_ccrop_mask.png,,True,0.2167835225882494,0.7915105109149776,0.5747269883267282,75.0,29774,normal,0.1442774642061903
118,0.762890469989307,5.805121367805901,pbcseg_final_v1\MO_94561_ccrop_mask.png,pbcseg_final_v1\LY_59662_ccrop_mask.png,,True,0.09038821567237361,0.5933452774593573,0.5029570617869836,75.7099729229908,25800,terpisah_di_nol,0.0
119,0.9127928896977581,2.1389073014860265,pbcseg_final_v1\MO_919757_ccrop_mask.png,pbcseg_final_v1\MO_546259_ccrop_mask.png,,True,0.3759590302886551,0.8393528795600957,0.46339384927144067,70.2922470831599,37744,terpisah_di_nol,0.0
128,0.7997383339948494,4.026253680568574,pbcseg_final_v1\LY_762572_ccrop_mask.png,pbcseg_final_v1\MO_94823_ccrop_mask.png,,True,0.17040116914917516,0.7168882184403869,0.5464870492912117,69.87131027825369,22831,terpisah_di_nol,0.0
129,0.95461135863867,2.2643497346253216,pbcseg_final_v1\MO_794447_ccrop_mask.png,pbcseg_final_v1\LY_628843_ccrop_mask.png,,True,0.6259397779635703,0.669108038512782,0.043168260549211745,65.52098900352466,30438,terpisah_di_nol,0.0
130,0.8570672518963254,3.8980162225680495,pbcseg_final_v1\MO_465710_ccrop_mask.png,pbcseg_final_v1\LY_225365_ccrop_mask.png,,True,0.19529285196540028,0.6153635206081286,0.4200706686427283,72.40165743959182,25150,terpisah_di_nol,0.0
131,0.9350000188342693,2.4474096930116707,pbcseg_final_v1\LY_566461_ccrop_mask.png,pbcseg_final_v1\LY_628843_ccrop_mask.png,,True,0.48966250527885263,0.8724609554655619,0.38279845018670927,50.24937810560445,16774,terpisah_di_nol,0.0
132,0.8167246316636765,2.0560257441759666,pbcseg_final_v1\MO_187322_ccrop_mask.png,pbcseg_final_v1\MO_838314_ccrop_mask.png,,True,0.2790116365408101,0.755086685092814,0.4760750485520038,87.36704184073076,45631,terpisah_di_nol,0.0
133,0.7677788315520945,6.130448100507461,pbcseg_final_v1\MO_38915_ccrop_mask.png,pbcseg_final_v1\LY_619039_ccrop_mask.png,,True,0.08936816292524066,0.6726756071085048,0.5833074441832642,77.31752712031083,27950,terpisah_di_nol,0.0
134,0.755572697615786,2.2009354260932734,pbcseg_final_v1\MO_214714_ccrop_mask.png,pbcseg_final_v1\MO_37507_ccrop_mask.png,,True,0.09227074223949393,0.7201271560571204,0.6278564138176266,86.33075929238663,43461,terpisah_di_nol,0.0
135,0.7167920968437528,5.943555545940517,pbcseg_final_v1\LY_818656_ccrop_mask.png,pbcseg_final_v1\LY_825441_ccrop_mask.png,,True,0.25660867385024555,0.9512569811411642,0.6946483072909186,43.139309220245984,11827,normal,0.035388531373687644
144,0.8338197912118352,3.3339423108168944,pbcseg_final_v1\LY_118150_ccrop_mask.png,pbcseg_final_v1\LY_939287_ccrop_mask.png,,True,0.45134958307162243,0.9563683679685906,0.5050187848969682,43.965895873961216,16441,normal,0.07417022646512231
145,0.8761000680028503,0.5309856708514021,pbcseg_final_v1\MO_353686_ccrop_mask.png,pbcseg_final_v1\LY_725386_ccrop_mask.png,,True,0.11399491316768583,0.5754759293673544,0.4614810161996685,72.42237223399962,29759,terpisah_di_nol,0.0
146,0.7994891454855866,1.6430460030883016,pbcseg_final_v1\MO_756252_ccrop_mask.png,pbcseg_final_v1\LY_247228_ccrop_mask.png,,True,0.03539528036219753,0.6114023973564636,0.5760071169942661,70.34912934784623,26733,terpisah_di_nol,0.0
147,0.8872151651524423,3.336703824615285,pbcseg_final_v1\LY_742554_ccrop_mask.png,pbcseg_final_v1\LY_14026515_ccrop_mask.png,,True,0.34745666382116297,0.7334098748834262,0.3859532110622633,51.884487084291386,15750,terpisah_di_nol,0.0
148,0.8728422236506058,4.097188122758344,pbcseg_final_v1\MO_834548_ccrop_mask.png,pbcseg_final_v1\LY_929629_ccrop_mask.png,,True,0.2491638133094247,0.6168317206331841,0.3676679073237594,77.88452991448301,38547,terpisah_di_nol,0.0
149,0.9595979416406755,0.7332803965208912,pbcseg_final_v1\LY_613198_ccrop_mask.png,pbcseg_final_v1\MO_693426_ccrop_mask.png,,True,0.4395089852967291,0.6295925845570485,0.19008359926031945,68.59300255857006,23407,terpisah_di_nol,0.0
150,0.8424200098103474,0.8230202590187696,pbcseg_final_v1\LY_589279_ccrop_mask.png,pbcseg_final_v1\MO_89346_ccrop_mask.png,,True,0.1252310834316365,0.5771618696841398,0.4519307862525033,78.29431652425353,27744,terpisah_di_nol,0.0
151,0.7450274685362506,5.07856282823108,pbcseg_final_v1\LY_446643_ccrop_mask.png,pbcseg_final_v1\LY_495207_ccrop_mask.png,,True,0.21896295602716462,0.9199738753521602,0.7010109193249956,48.27007354458868,14576,normal,0.05237828008789241
136,0.8537452946090069,2.032488317089261,pbcseg_final_v1\LY_87818_ccrop_mask.png,pbcseg_final_v1\LY_599428_ccrop_mask.png,,True,0.43449088822915233,0.9636773353678973,0.5291864471387451,45.70557952810576,14008,normal,0.024723408821707437
137,0.8617136480828063,3.117607878243482,pbcseg_final_v1\MO_115081_ccrop_mask.png,pbcseg_final_v1\LY_707113_ccrop_mask.png,,True,0.2724964109388161,0.7364082007568312,0.4639117898180151,68.5054742338158,29290,terpisah_di_nol,0.0
138,0.8670522733320145,3.453196307975873,pbcseg_final_v1\LY_91407_ccrop_mask.png,pbcseg_final_v1\LY_520157_ccrop_mask.png,,True,0.5055282682128367,0.9980659700388507,0.49253770182601403,48.25971404805462,15980,normal,0.024028466566610635
139,0.7620948787433978,3.934843586821349,pbcseg_final_v1\LY_327976_ccrop_mask.png,pbcseg_final_v1\MO_256427_ccrop_mask.png,,True,0.087053770790973,0.6076042127713006,0.5205504419803275,80.15609770940699,28001,terpisah_di_nol,0.0
140,0.8917952396078703,2.5804297722017226,pbcseg_final_v1\LY_533974_ccrop_mask.png,pbcseg_final_v1\MO_489227_ccrop_mask.png,,True,0.3390412423631924,0.8359652863451789,0.4969240439819864,55.65968020030299,24738,terpisah_di_nol,0.0
141,0.8118076050282269,0.3951898289933173,pbcseg_final_v1\MO_634096_ccrop_mask.png,pbcseg_final_v1\LY_99706_ccrop_mask.png,,True,0.15123644664130273,0.6873508515005771,0.5361144048592743,67.89698078707183,22524,terpisah_di_nol,0.0
142,0.7277445528276122,3.6928209475755174,pbcseg_final_v1\LY_170874_ccrop_mask.png,pbcseg_final_v1\LY_827379_ccrop_mask.png,,True,0.12968951657165304,0.8837527363079558,0.7540632197363029,49.33558553417604,14805,terpisah_di_nol,0.0
143,0.7261051906802439,5.198428970302925,pbcseg_final_v1\MO_894356_ccrop_mask.png,pbcseg_final_v1\MO_470658_ccrop_mask.png,,True,0.14317872084045868,0.9488941868600657,0.805715466019607,67.06713054842886,31983,terpisah_di_nol,0.0
152,0.7470709992494549,5.952798958686861,pbcseg_final_v1\LY_803891_ccrop_mask.png,pbcseg_final_v1\MO_441309_ccrop_mask.png,,True,0.030366159003772517,0.605124910215325,0.5747587512115525,68.47627326307996,23451,normal,0.02630668208823282
153,0.7781531304259004,1.5971366323654888,pbcseg_final_v1\LY_650850_ccrop_mask.png,pbcseg_final_v1\LY_866646_ccrop_mask.png,,True,0.21527953406666145,0.8035407237785428,0.5882611897118813,61.220911460055866,20087,terpisah_di_nol,0.0
154,0.7446806468023719,0.41254470973986684,pbcseg_final_v1\LY_19758_ccrop_mask.png,pbcseg_final_v1\LY_979514_ccrop_mask.png,,True,0.23326397119569392,0.8727680894321438,0.6395041182364498,53.85164807134504,17001,terpisah_di_nol,0.0
155,0.8511412263951361,1.9906201944396977,pbcseg_final_v1\LY_600393_ccrop_mask.png,pbcseg_final_v1\LY_365740_ccrop_mask.png,,True,0.3644862323637612,0.8162401838163869,0.4517539514526256,56.43580423808985,18819,terpisah_di_nol,0.0
156,0.9406492243693031,3.416148242336273,pbcseg_final_v1\MO_574035_ccrop_mask.png,pbcseg_final_v1\MO_689165_ccrop_mask.png,,True,0.6137473799747853,0.7645451961415688,0.15079781616678345,73.24616030891995,36281,terpisah_di_nol,0.0
157,0.8039696424691555,4.9724075153128355,pbcseg_final_v1\LY_929629_ccrop_mask.png,pbcseg_final_v1\LY_918465_ccrop_mask.png,,True,0.34703900762134604,0.9461921849878966,0.5991531773665506,50.20956084253277,17988,terpisah_di_nol,0.0
158,0.8081549314448502,3.9351431255964098,pbcseg_final_v1\MO_38915_ccrop_mask.png,pbcseg_final_v1\LY_647109_ccrop_mask.png,,True,0.087218821182616,0.5283887119086508,0.44116989072603485,77.20103626247513,25666,terpisah_di_nol,0.0
159,0.8806547613500001,2.991096622325581,pbcseg_final_v1\MO_805320_ccrop_mask.png,pbcseg_final_v1\LY_481506_ccrop_mask.png,,True,0.16415088812976178,0.546279971944322,0.38212908381456023,79.20227269466452,29395,terpisah_di_nol,0.0
120,0.7228311987205142,0.7309026805839469,pbcseg_final_v1\MO_509901_ccrop_mask.png,pbcseg_final_v1\MO_119086_ccrop_mask.png,,True,0.09939768211772017,0.8975127159599573,0.7981150338422371,72.42237223399962,34728,terpisah_di_nol,0.0
121,0.7045652351856514,3.7717121183648756,pbcseg_final_v1\LY_897158_ccrop_mask.png,pbcseg_final_v1\MO_634461_ccrop_mask.png,,True,0.058758401046014784,0.8258402963781504,0.7670818953321356,57.271284253105414,28973,terpisah_di_nol,0.0
122,0.7282112082999915,3.57156371477222,pbcseg_final_v1\MO_526259_ccrop_mask.png,pbcseg_final_v1\MO_78471_ccrop_mask.png,,True,0.117651684395719,0.7966397713164598,0.6789880869207408,83.0,40601,normal,0.031151287567733187
123,0.8159865473751956,4.48805160946258,pbcseg_final_v1\LY_400974_ccrop_mask.png,pbcseg_final_v1\LY_819994_ccrop_mask.png,,True,0.29840736155056247,0.8449923839596948,0.5465850224091323,55.97320787662612,17874,normal,0.024845199749997663
124,0.9074822607056691,0.8581716247392218,pbcseg_final_v1\MO_729381_ccrop_mask.png,pbcseg_final_v1\MO_159321_ccrop_mask.png,,True,0.4478154973556151,0.9341201066642691,0.48630460930865405,77.07788269017254,39193,terpisah_di_nol,0.0
125,0.8051569505027313,2.3348747969258867,pbcseg_final_v1\LY_294345_ccrop_mask.png,pbcseg_final_v1\MO_858170_ccrop_mask.png,,True,0.0,0.0,0.0,92.17917335276988,35083,terpisah_di_nol,0.0
126,0.7915477440687545,2.644572240398612,pbcseg_final_v1\LY_480700_ccrop_mask.png,pbcseg_final_v1\LY_538542_ccrop_mask.png,,True,0.2728757075542287,0.8811044445699932,0.6082287370157644,47.4236228055175,13142,terpisah_di_nol,0.0
127,0.7742091035733443,2.025315147865051,pbcseg_final_v1\LY_933937_ccrop_mask.png,pbcseg_final_v1\MO_140886_ccrop_mask.png,,True,0.11846886808865001,0.5566229063100618,0.4381540382214118,78.0,31309,terpisah_di_nol,0.0
160,0.9444307567632348,3.817748708291975,pbcseg_final_v1\MO_214087_ccrop_mask.png,pbcseg_final_v1\MO_544030_ccrop_mask.png,,True,0.526680252170304,0.893163428883749,0.36648317671344494,75.27283706623525,34053,terpisah_di_nol,0.0
161,0.850683133087308,5.538791773444343,pbcseg_final_v1\MO_846205_ccrop_mask.png,pbcseg_final_v1\LY_490610_ccrop_mask.png,,True,0.3421223807238685,0.8365696110124917,0.4944472302886232,57.48912940721924,20163,normal,0.03599078753743473
162,0.8892939262561126,4.930855383747745,pbcseg_final_v1\MO_466514_ccrop_mask.png,pbcseg_final_v1\LY_725386_ccrop_mask.png,,True,0.1420245224946755,0.510806300786391,0.36878177829171555,80.62257748298549,27604,terpisah_di_nol,0.0
163,0.8330164453402026,5.639357363605204,pbcseg_final_v1\MO_905158_ccrop_mask.png,pbcseg_final_v1\MO_552828_ccrop_mask.png,,True,0.1295474529350261,0.772987951680997,0.6434404987459709,65.86349520030045,34434,terpisah_di_nol,0.0
164,0.8262458387850184,0.2386778942236566,pbcseg_final_v1\LY_828552_ccrop_mask.png,pbcseg_final_v1\MO_60168_ccrop_mask.png,,True,0.26815340711483193,0.7651453419429226,0.4969919348280907,71.30918594402827,28042,terpisah_di_nol,0.0
165,0.8852968979287762,4.825637427742774,pbcseg_final_v1\MO_869600_ccrop_mask.png,pbcseg_final_v1\MO_525648_ccrop_mask.png,,True,0.23798560412517003,0.9630453686103457,0.7250597644851756,66.0,32343,terpisah_di_nol,0.0
166,0.8224564524148142,3.664625699688397,pbcseg_final_v1\LY_903380_ccrop_mask.png,pbcseg_final_v1\LY_227964_ccrop_mask.png,,True,0.31058476982532834,0.8710545674523232,0.5604697976269949,51.86520991955976,15874,terpisah_di_nol,0.0
167,0.8226882268939437,4.4261841154388595,pbcseg_final_v1\MO_204551_ccrop_mask.png,pbcseg_final_v1\LY_29912_ccrop_mask.png,,True,0.14419389884860553,0.5842909070885424,0.4400970082399368,73.59347797189639,25747,terpisah_di_nol,0.0
168,0.8205295958799427,5.649896097686811,pbcseg_final_v1\LY_322720_ccrop_mask.png,pbcseg_final_v1\MO_141238_ccrop_mask.png,,True,0.15683451591313055,0.6621050109506064,0.5052704950374759,71.386273190299,25249,terpisah_di_nol,0.0
169,0.9544296386971387,2.2584348599922315,pbcseg_final_v1\LY_942960_ccrop_mask.png,pbcseg_final_v1\MO_154383_ccrop_mask.png,,True,0.23689775335763744,0.716891050256156,0.4799932968985185,59.0,23611,normal,0.022703830459324992
170,0.7455459397340883,5.132071965227959,pbcseg_final_v1\MO_547845_ccrop_mask.png,pbcseg_final_v1\MO_914340_ccrop_mask.png,,True,0.3095682704089857,0.826515942774285,0.5169476723652993,63.15853069855251,27777,terpisah_di_nol,0.0
171,0.7342450990161425,3.897274406812245,pbcseg_final_v1\LY_687027_ccrop_mask.png,pbcseg_final_v1\MO_119086_ccrop_mask.png,,True,0.12664071762806844,0.7340459995203058,0.6074052818922373,65.19202405202648,20624,terpisah_di_nol,0.0
172,0.965212347205338,3.385072686510857,pbcseg_final_v1\MO_532846_ccrop_mask.png,pbcseg_final_v1\LY_951374_ccrop_mask.png,,False,0.024624448705346927,1.0,0.975375551294653,66.48308055437865,23598,normal,0.917460853303384
173,0.8919124470179389,3.236583934194951,pbcseg_final_v1\MO_30883_ccrop_mask.png,pbcseg_final_v1\MO_871663_ccrop_mask.png,,True,0.6053654577346549,0.8639523698458915,0.25858691211123663,65.7419196555744,36294,terpisah_di_nol,0.0
174,0.8808791997728418,0.875149377806172,pbcseg_final_v1\MO_629240_ccrop_mask.png,pbcseg_final_v1\MO_858410_ccrop_mask.png,,True,0.42079536534871254,0.9032178867448848,0.48242252139617225,77.69813382572325,36543,terpisah_di_nol,0.0
175,0.9111743631259944,0.4217279544924059,pbcseg_final_v1\LY_489582_ccrop_mask.png,pbcseg_final_v1\MO_896706_ccrop_mask.png,,True,0.2824525109971844,0.6054055145966812,0.32295300359949686,66.48308055437865,20991,normal,0.025889018653924886
200,0.8338920156649193,2.6563489789600983,pbcseg_final_v1\LY_206555_ccrop_mask.png,pbcseg_final_v1\LY_622941_ccrop_mask.png,,True,0.22940146267939074,0.6997199982918175,0.4703185356124268,58.034472514187634,16849,terpisah_di_nol,0.0
201,0.9634320676339636,0.4254836680391995,pbcseg_final_v1\LY_173236_ccrop_mask.png,pbcseg_final_v1\MO_768896_ccrop_mask.png,,False,0.0,0.0,0.0,43.18564576337837,7454,tak_pernah_pecah,1.0
202,0.7304191836583762,5.262108904013454,pbcseg_final_v1\LY_514232_ccrop_mask.png,pbcseg_final_v1\MO_705630_ccrop_mask.png,,True,0.10792519269818007,0.86741025397262,0.7594850612744399,54.0,21171,normal,0.07066652533375734
203,0.9499254811851845,5.950790430892283,pbcseg_final_v1\MO_406701_ccrop_mask.png,pbcseg_final_v1\MO_261751_ccrop_mask.png,,True,0.6376911547444996,0.9701425001453319,0.3324513454008323,65.96969000988257,34050,terpisah_di_nol,0.0
204,0.8661444104468903,0.8025421023530652,pbcseg_final_v1\MO_765341_ccrop_mask.png,pbcseg_final_v1\MO_686892_ccrop_mask.png,,True,0.4068510205199818,0.9942841828518796,0.5874331623318979,69.46221994724903,38511,terpisah_di_nol,0.0
205,0.7136205247225625,2.1202079639918403,pbcseg_final_v1\MO_652824_ccrop_mask.png,pbcseg_final_v1\LY_176592_ccrop_mask.png,,True,0.0,0.0,0.0,71.69379331573968,24827,terpisah_di_nol,0.0
206,0.9375139706845635,4.638630978121038,pbcseg_final_v1\MO_719729_ccrop_mask.png,pbcseg_final_v1\MO_507386_ccrop_mask.png,,True,0.4871352940607775,0.8924955862157984,0.4053602921550209,64.1404708432983,34075,terpisah_di_nol,0.0
207,0.7623044582344944,0.467203794297903,pbcseg_final_v1\LY_818779_ccrop_mask.png,pbcseg_final_v1\LY_147472_ccrop_mask.png,,True,0.2938525669033585,0.984063571617618,0.6902110047142596,48.703182647543684,15533,terpisah_di_nol,0.0
192,0.9747326796069029,2.9275376456183997,pbcseg_final_v1\MO_507386_ccrop_mask.png,pbcseg_final_v1\LY_935379_ccrop_mask.png,,False,0.0,0.0,0.0,80.2807573457052,22331,normal,0.7087292080563778
193,0.7448697205626323,5.764513632604644,pbcseg_final_v1\LY_924952_ccrop_mask.png,pbcseg_final_v1\LY_538542_ccrop_mask.png,,True,0.26009348278203803,0.9149858603970212,0.6548923776149832,47.80167361086848,14177,terpisah_di_nol,0.0
194,0.7900336912802509,4.834173356470252,pbcseg_final_v1\MO_194123_ccrop_mask.png,pbcseg_final_v1\MO_574980_ccrop_mask.png,,True,0.2072114548809589,0.8934021897439856,0.6861907348630266,62.68173577685928,30849,terpisah_di_nol,0.0
195,0.8467443517713448,2.8185995343984014,pbcseg_final_v1\LY_825373_ccrop_mask.png,pbcseg_final_v1\LY_598790_ccrop_mask.png,,True,0.275504813142624,0.7734179512082009,0.49791313806557685,50.20956084253277,14327,normal,0.038461538461538464
196,0.7517555590168901,0.6810764082958668,pbcseg_final_v1\MO_448299_ccrop_mask.png,pbcseg_final_v1\MO_771921_ccrop_mask.png,,True,0.11946868257969959,0.9025443795399688,0.7830756969602692,74.24284477308234,37978,terpisah_di_nol,0.0
197,0.8793724651511725,0.014883207348992171,pbcseg_final_v1\MO_159280_ccrop_mask.png,pbcseg_final_v1\LY_517503_ccrop_mask.png,,True,0.13845903126272963,0.703125,0.5646659687372704,64.0,28473,normal,0.031234752377721213
198,0.8190556018259656,4.825268828321808,pbcseg_final_v1\LY_517503_ccrop_mask.png,pbcseg_final_v1\MO_529368_ccrop_mask.png,,True,0.013274587868969106,0.9808223732069893,0.9675477853380202,70.34912934784623,30065,terpisah_di_nol,0.0
199,0.8831045284198763,4.417712211910415,pbcseg_final_v1\LY_275504_ccrop_mask.png,pbcseg_final_v1\LY_164687_ccrop_mask.png,,True,0.3480653084886355,0.803666431263258,0.4556011227746225,47.38143096192854,13483,terpisah_di_nol,0.0
176,0.8838560441063713,1.921108461269204,pbcseg_final_v1\MO_928388_ccrop_mask.png,pbcseg_final_v1\LY_187676_ccrop_mask.png,,True,0.308494275320183,0.7720540238418144,0.46355974852163145,59.665735560705194,21979,terpisah_di_nol,0.0
177,0.8160354404668212,2.196358950970051,pbcseg_final_v1\MO_609525_ccrop_mask.png,pbcseg_final_v1\MO_402875_ccrop_mask.png,,True,0.22804927366276903,0.8087791036007768,0.5807298299380077,84.07734534343957,41715,terpisah_di_nol,0.0
178,0.8130362042362195,2.484518682145483,pbcseg_final_v1\MO_194219_ccrop_mask.png,pbcseg_final_v1\MO_548871_ccrop_mask.png,,True,0.1317454309452274,0.6952809985192357,0.5635355675740084,84.17244204607586,35247,terpisah_di_nol,0.0
179,0.8186614479169282,5.3501206346878405,pbcseg_final_v1\LY_606151_ccrop_mask.png,pbcseg_final_v1\MO_546259_ccrop_mask.png,,True,0.10743284823258428,0.5605574942290928,0.4531246459965086,78.02563681252464,31892,terpisah_di_nol,0.0
180,0.7072251285266178,0.4834988353150333,pbcseg_final_v1\LY_742231_ccrop_mask.png,pbcseg_final_v1\MO_417384_ccrop_mask.png,,True,0.016731782093929858,0.6275433044955016,0.6108115224015717,86.76981041814025,35956,terpisah_di_nol,0.0
181,0.8075867570917764,2.259533210269726,pbcseg_final_v1\MO_648019_ccrop_mask.png,pbcseg_final_v1\LY_896867_ccrop_mask.png,,True,0.26109577655379185,0.8749699991164486,0.6138742225626568,62.20128616033595,23957,terpisah_di_nol,0.0
182,0.8376306443937985,4.854339320645005,pbcseg_final_v1\LY_485238_ccrop_mask.png,pbcseg_final_v1\LY_40134_ccrop_mask.png,,True,0.42850226177985606,0.9848394037927005,0.5563371420128445,43.139309220245984,13346,terpisah_di_nol,0.0
183,0.9779717738436795,5.704651418073812,pbcseg_final_v1\LY_8432_ccrop_mask.png,pbcseg_final_v1\MO_257939_ccrop_mask.png,,True,0.520193831201037,0.6016164095555828,0.08142257835454592,74.70609078247904,32575,terpisah_di_nol,0.0
184,0.9177156363799277,0.1382213314022628,pbcseg_final_v1\MO_647601_ccrop_mask.png,pbcseg_final_v1\MO_770459_ccrop_mask.png,,False,0.0,0.0,0.0,72.3671196055225,24046,tak_pernah_pecah,1.0
185,0.7784164740943127,3.812501397654383,pbcseg_final_v1\LY_29343_ccrop_mask.png,pbcseg_final_v1\LY_130805_ccrop_mask.png,,True,0.13120612279595512,0.9128296778623397,0.7816235550663846,47.042533945356304,13675,terpisah_di_nol,0.0
186,0.8440602353652233,2.273019031537953,pbcseg_final_v1\MO_349852_ccrop_mask.png,pbcseg_final_v1\MO_864830_ccrop_mask.png,,True,0.14012820875197263,0.8870340217955097,0.7469058130435371,74.65252842335616,40381,terpisah_di_nol,0.0
187,0.7451886160299771,3.778460858423654,pbcseg_final_v1\MO_647601_ccrop_mask.png,pbcseg_final_v1\MO_618817_ccrop_mask.png,,True,0.22619418633919192,0.808702900883899,0.5825087145447071,72.3671196055225,37472,terpisah_di_nol,0.0
188,0.8607511026546116,3.626223136025218,pbcseg_final_v1\MO_620684_ccrop_mask.png,pbcseg_final_v1\MO_216533_ccrop_mask.png,,True,0.6618136565995495,0.9945977996150515,0.332784143015502,57.8013840664737,30498,terpisah_di_nol,0.0
189,0.9342922572667307,5.109583328839978,pbcseg_final_v1\MO_729326_ccrop_mask.png,pbcseg_final_v1\LY_695283_ccrop_mask.png,,True,0.44266651864232043,0.7881313262843956,0.3454648076420752,68.62215385719105,32625,terpisah_di_nol,0.0
190,0.9033465353707781,0.9428783177083367,pbcseg_final_v1\MO_769640_ccrop_mask.png,pbcseg_final_v1\LY_56612_ccrop_mask.png,,True,0.2188049725177334,0.6189269509163182,0.4001219783985849,72.99315036357864,26232,terpisah_di_nol,0.0
191,0.736022086586767,1.826559891834596,pbcseg_final_v1\MO_352748_ccrop_mask.png,pbcseg_final_v1\MO_501501_ccrop_mask.png,,True,0.08966098071608243,0.7645458696117136,0.6748848888956311,67.26812023536856,30539,terpisah_di_nol,0.0
216,0.7408083401620503,2.21133875241135,pbcseg_final_v1\MO_657991_ccrop_mask.png,pbcseg_final_v1\LY_534632_ccrop_mask.png,,True,0.14757390999263592,0.8225224677031888,0.6749485577105528,56.92099788303083,18434,terpisah_di_nol,0.0
217,0.9191599111736658,3.2575782587439748,pbcseg_final_v1\LY_313032_ccrop_mask.png,pbcseg_final_v1\MO_516349_ccrop_mask.png,,True,0.6377793796041091,0.8565293796041091,0.21875,64.0,30373,terpisah_di_nol,0.0
218,0.7896783037509588,0.2491379455311075,pbcseg_final_v1\LY_364702_ccrop_mask.png,pbcseg_final_v1\MO_679959_ccrop_mask.png,,False,0.0,0.0,0.0,46.400431032480725,8556,tak_pernah_pecah,1.0
219,0.8536293151836235,2.5806646826730177,pbcseg_final_v1\MO_121190_ccrop_mask.png,pbcseg_final_v1\LY_164944_ccrop_mask.png,,True,0.4066024330380993,0.929342903077966,0.5227404700398668,57.0701322935211,22856,terpisah_di_nol,0.0
220,0.9270525235074605,4.278266872352956,pbcseg_final_v1\MO_905158_ccrop_mask.png,pbcseg_final_v1\LY_550491_ccrop_mask.png,,True,0.11553048232061396,0.638405112807701,0.522874630487087,65.86349520030045,27158,normal,0.026938622922018266
221,0.8069983222150494,3.0294715403389305,pbcseg_final_v1\LY_613198_ccrop_mask.png,pbcseg_final_v1\LY_18831_ccrop_mask.png,,True,0.24109373090730638,0.894473755135148,0.6533800242278417,49.0,14596,normal,0.050507627227610534
222,0.7060786753821615,0.940069116640657,pbcseg_final_v1\MO_691230_ccrop_mask.png,pbcseg_final_v1\MO_163770_ccrop_mask.png,,True,0.15138226259725912,0.8064657781780161,0.655083515580757,84.29116205154607,36726,terpisah_di_nol,0.0
223,0.9114314726047775,1.27294973939574,pbcseg_final_v1\LY_818779_ccrop_mask.png,pbcseg_final_v1\MO_660670_ccrop_mask.png,,True,0.3251628683475627,0.6656531647956533,0.34049029644809065,72.0,26722,terpisah_di_nol,0.0
208,0.9561390094957057,0.12943973516829888,pbcseg_final_v1\MO_250099_ccrop_mask.png,pbcseg_final_v1\MO_604786_ccrop_mask.png,,False,0.0,0.0,0.0,76.6550715869472,27446,normal,0.4580786674510946
209,0.8028617269504674,1.858765589068667,pbcseg_final_v1\LY_29912_ccrop_mask.png,pbcseg_final_v1\MO_459530_ccrop_mask.png,,True,0.1384066728471457,0.7452664279727501,0.6068597551256044,57.697486947006624,21098,terpisah_di_nol,0.0
210,0.8813753687430829,3.1908834933263375,pbcseg_final_v1\LY_135776_ccrop_mask.png,pbcseg_final_v1\LY_476903_ccrop_mask.png,,True,0.39321463611404806,0.7887723976917016,0.39555776157765354,63.655321851358195,23296,terpisah_di_nol,0.0
211,0.939413425147161,5.545036181481531,pbcseg_final_v1\LY_700507_ccrop_mask.png,pbcseg_final_v1\MO_742036_ccrop_mask.png,,True,0.22132805031462502,0.505791396751376,0.2844633464367509,79.6994353806851,26378,normal,0.026126497213658208
212,0.831131766859159,1.002773108633915,pbcseg_final_v1\MO_429133_ccrop_mask.png,pbcseg_final_v1\MO_111681_ccrop_mask.png,,True,0.38423063273298674,0.9830451751019185,0.5988145423689317,75.96051605933177,39688,terpisah_di_nol,0.0
213,0.7145449519791924,2.805786543871626,pbcseg_final_v1\MO_83718_ccrop_mask.png,pbcseg_final_v1\MO_637636_ccrop_mask.png,,True,0.160682898799479,0.7080330549306677,0.5473501561311888,82.86132994346639,40131,terpisah_di_nol,0.0
214,0.8741033041025468,0.9646706539379412,pbcseg_final_v1\MO_140180_ccrop_mask.png,pbcseg_final_v1\MO_592949_ccrop_mask.png,,True,0.3693207866435989,0.7792595534504482,0.40993876680684926,79.1580697086532,43605,terpisah_di_nol,0.0
215,0.8950733704467158,2.906461107671668,pbcseg_final_v1\LY_782746_ccrop_mask.png,pbcseg_final_v1\MO_7195_ccrop_mask.png,,True,0.33594877587503913,0.6992725946259893,0.3633238187509502,69.02897942168927,31084,terpisah_di_nol,0.0
232,0.7583471999231771,3.4034190330443517,pbcseg_final_v1\MO_7195_ccrop_mask.png,pbcseg_final_v1\LY_222797_ccrop_mask.png,,True,0.1367592493853468,0.6509109886611599,0.5141517392758131,76.27581530209953,33224,normal,0.022576182049286544
233,0.9436195419802663,0.058949939533715336,pbcseg_final_v1\LY_166694_ccrop_mask.png,pbcseg_final_v1\LY_721798_ccrop_mask.png,,True,0.5674886486029808,0.957625805923416,0.39013715732043525,51.264022471905186,19493,terpisah_di_nol,0.0
234,0.7586120241735353,0.40139729020373827,pbcseg_final_v1\LY_444522_ccrop_mask.png,pbcseg_final_v1\LY_684028_ccrop_mask.png,,True,0.27174956741518963,0.9163092499311758,0.6445596825159862,52.49761899362675,16348,terpisah_di_nol,0.0
235,0.7285996944620082,2.0667468183591393,pbcseg_final_v1\MO_397136_ccrop_mask.png,pbcseg_final_v1\LY_54448_ccrop_mask.png,,True,0.02921360296955885,0.5627841314817671,0.5335705285122082,83.81527307120105,36088,terpisah_di_nol,0.0
236,0.8912708542564534,6.078961413341676,pbcseg_final_v1\LY_592408_ccrop_mask.png,pbcseg_final_v1\LY_892611_ccrop_mask.png,,True,0.49283677320146496,0.9704546245022597,0.4776178513007948,50.24937810560445,19019,terpisah_di_nol,0.0
237,0.8243775579771768,4.100801562590845,pbcseg_final_v1\LY_211339_ccrop_mask.png,pbcseg_final_v1\MO_529996_ccrop_mask.png,,True,0.2508925205189826,0.994401953144513,0.7435094326255304,57.56735185849702,26183,terpisah_di_nol,0.0
238,0.8271048602094779,0.334541135065481,pbcseg_final_v1\MO_466891_ccrop_mask.png,pbcseg_final_v1\LY_267115_ccrop_mask.png,,True,0.2744870905844615,0.5820037145065502,0.3075166239220886,65.76473218982953,27460,terpisah_di_nol,0.0
239,0.7729117780010285,4.207211522735374,pbcseg_final_v1\MO_331103_ccrop_mask.png,pbcseg_final_v1\MO_963471_ccrop_mask.png,,True,0.30882064346480964,0.9300762513869286,0.621255607922119,74.14849964766651,31878,terpisah_di_nol,0.0
224,0.8696212327074598,5.129548311125143,pbcseg_final_v1\MO_384012_ccrop_mask.png,pbcseg_final_v1\MO_14626_ccrop_mask.png,,True,0.3871340252124016,0.8613012031869431,0.47416717797454155,66.18912297349165,27317,terpisah_di_nol,0.0
225,0.8521020393898717,2.977744717265432,pbcseg_final_v1\MO_169657_ccrop_mask.png,pbcseg_final_v1\LY_583675_ccrop_mask.png,,True,0.5912727674453881,0.7762149273484601,0.18494215990307195,70.2922470831599,35164,terpisah_di_nol,0.0
226,0.9622653044704557,5.4720555530060855,pbcseg_final_v1\MO_676317_ccrop_mask.png,pbcseg_final_v1\MO_818859_ccrop_mask.png,,True,0.5871831827561719,0.8595546617305089,0.27237147897433694,72.69112738154499,31680,terpisah_di_nol,0.0
227,0.8462390101574935,2.2655319866265256,pbcseg_final_v1\LY_961135_ccrop_mask.png,pbcseg_final_v1\MO_759794_ccrop_mask.png,,True,0.08047723015290098,0.5975088960228162,0.5170316658699152,63.0,29661,terpisah_di_nol,0.0
228,0.7435608999568191,3.549686029607437,pbcseg_final_v1\MO_435882_ccrop_mask.png,pbcseg_final_v1\LY_206769_ccrop_mask.png,,True,0.036629403028797074,0.5571999010009574,0.5205704979721603,77.31752712031083,27093,terpisah_di_nol,0.0
229,0.77137313530192,5.798134070236243,pbcseg_final_v1\MO_633840_ccrop_mask.png,pbcseg_final_v1\MO_7195_ccrop_mask.png,,True,0.3220477533672194,0.9975016776572272,0.6754539242900077,72.18032973047436,39476,terpisah_di_nol,0.0
230,0.853772673846836,4.8527160513462215,pbcseg_final_v1\MO_111681_ccrop_mask.png,pbcseg_final_v1\MO_417142_ccrop_mask.png,,True,0.1835365551469959,0.683536555146996,0.5,84.8528137423857,38290,terpisah_di_nol,0.0
231,0.9577834604666553,6.016661138139752,pbcseg_final_v1\MO_197584_ccrop_mask.png,pbcseg_final_v1\MO_573622_ccrop_mask.png,,True,0.6684556492171788,0.975737031280799,0.3072813820636202,58.66856057549052,22656,terpisah_di_nol,0.0
256,0.8699932269449726,3.226967251281713,pbcseg_final_v1\LY_479756_ccrop_mask.png,pbcseg_final_v1\LY_64218_ccrop_mask.png,,True,0.48220084840688715,0.9395351837532165,0.4573343353463294,54.70831746635972,20250,terpisah_di_nol,0.0
257,0.7583325013278079,4.208695950578795,pbcseg_final_v1\LY_999045_ccrop_mask.png,pbcseg_final_v1\MO_500300_ccrop_mask.png,,True,0.13329242925288506,0.7165665390947688,0.5832741098418837,64.19501538281614,20341,normal,0.03901371573204352
258,0.712763252094281,0.589465918407301,pbcseg_final_v1\LY_646905_ccrop_mask.png,pbcseg_final_v1\MO_363174_ccrop_mask.png,,True,0.12184114519482923,0.6368162803666958,0.5149751351718665,67.7421582177598,26287,terpisah_di_nol,0.0
259,0.926303427818887,4.0691707233614345,pbcseg_final_v1\MO_145357_ccrop_mask.png,pbcseg_final_v1\LY_644865_ccrop_mask.png,,True,0.25990525480158166,0.546402644832534,0.28649739003095226,82.37718130647589,35736,terpisah_di_nol,0.0
260,0.7526492317706849,0.9554174666518502,pbcseg_final_v1\MO_52244_ccrop_mask.png,pbcseg_final_v1\LY_665021_ccrop_mask.png,,True,0.07671143201463658,0.557847567851978,0.4811361358373413,78.56844150166147,27696,terpisah_di_nol,0.0
261,0.898242129882166,4.12652515077262,pbcseg_final_v1\LY_738073_ccrop_mask.png,pbcseg_final_v1\MO_361616_ccrop_mask.png,,True,0.27693606478911187,0.6106471130689315,0.3337110482798197,63.0,25099,terpisah_di_nol,0.0
262,0.7152910536863383,1.4697333943396882,pbcseg_final_v1\MO_963471_ccrop_mask.png,pbcseg_final_v1\MO_332437_ccrop_mask.png,,True,0.20081975230308874,0.8933009443525782,0.6924811920494894,77.20103626247513,32841,terpisah_di_nol,0.0
263,0.9596274094220012,5.3477571071207235,pbcseg_final_v1\LY_257379_ccrop_mask.png,pbcseg_final_v1\LY_342034_ccrop_mask.png,,True,0.6412656447290116,0.8447424864922705,0.20347684176325892,45.31004303683677,14010,terpisah_di_nol,0.0
240,0.9695554956432628,4.929756902409984,pbcseg_final_v1\MO_722749_ccrop_mask.png,pbcseg_final_v1\MO_91781_ccrop_mask.png,,True,0.6151961314246591,0.9672796243913313,0.3520834929666723,63.06346010171025,30564,terpisah_di_nol,0.0
241,0.96190257062192,3.9456149123703597,pbcseg_final_v1\LY_483585_ccrop_mask.png,pbcseg_final_v1\MO_375691_ccrop_mask.png,,True,0.72816926598348,0.8955274230456016,0.16735815706212162,67.60177512462228,29188,terpisah_di_nol,0.0
242,0.7966742360824073,1.082342017709326,pbcseg_final_v1\LY_418697_ccrop_mask.png,pbcseg_final_v1\LY_603476_ccrop_mask.png,,True,0.2851814627041645,0.8793565941039629,0.5941751313997985,53.46026561849464,18554,terpisah_di_nol,0.0
243,0.7160362475861635,3.701540826813813,pbcseg_final_v1\MO_723768_ccrop_mask.png,pbcseg_final_v1\LY_617499_ccrop_mask.png,,True,0.034225873428617604,0.5281576874596051,0.4939318140309875,81.43709228600933,27130,terpisah_di_nol,0.0
244,0.9630101501269159,2.5575727764805993,pbcseg_final_v1\MO_902874_ccrop_mask.png,pbcseg_final_v1\MO_23775_ccrop_mask.png,,True,0.5660799762665815,0.794882133927796,0.2288021576612147,68.41052550594829,25676,terpisah_di_nol,0.0
245,0.7889044571919183,4.434071630087184,pbcseg_final_v1\LY_506533_ccrop_mask.png,pbcseg_final_v1\MO_769640_ccrop_mask.png,,True,0.2068447490274288,0.7789700214349037,0.5721252724074749,72.99315036357864,28310,terpisah_di_nol,0.0
246,0.9719145607568752,4.555186818932032,pbcseg_final_v1\MO_702473_ccrop_mask.png,pbcseg_final_v1\MO_447322_ccrop_mask.png,,True,0.2457269702403874,0.6059091125034225,0.3601821422630351,86.46964785403026,37563,terpisah_di_nol,0.0
247,0.7625196903112911,3.2794384560900105,pbcseg_final_v1\MO_627871_ccrop_mask.png,pbcseg_final_v1\MO_888999_ccrop_mask.png,,True,0.31548911519425377,0.9799011100958148,0.6644119949015611,69.6419413859206,30333,terpisah_di_nol,0.0
248,0.9771082873612826,1.1538202334488228,pbcseg_final_v1\MO_778543_ccrop_mask.png,pbcseg_final_v1\MO_307859_ccrop_mask.png,,True,0.39787222715556503,0.6969287611638967,0.29905653400833165,78.91767862779544,37935,terpisah_di_nol,0.0
249,0.7336881085832614,1.4988477343817965,pbcseg_final_v1\MO_88838_ccrop_mask.png,pbcseg_final_v1\LY_793772_ccrop_mask.png,,True,0.10771359871732253,0.8295786565865599,0.7218650578692374,61.204574992397426,26041,terpisah_di_nol,0.0
250,0.9247255489720737,2.168231075469487,pbcseg_final_v1\MO_62638_ccrop_mask.png,pbcseg_final_v1\LY_875873_ccrop_mask.png,,True,0.4574572756556274,0.8974859800027294,0.440028704347102,57.9396237474839,22490,terpisah_di_nol,0.0
251,0.9081395057185654,1.6387237510306016,pbcseg_final_v1\MO_678255_ccrop_mask.png,pbcseg_final_v1\MO_269575_ccrop_mask.png,,True,0.25143695844285513,0.8985956970763458,0.6471587386334907,62.289646009589745,34747,terpisah_di_nol,0.0
252,0.8000135016278364,5.818191721082445,pbcseg_final_v1\LY_832225_ccrop_mask.png,pbcseg_final_v1\MO_557047_ccrop_mask.png,,True,0.22564800602812338,0.686199218390018,0.46055121236189456,66.2872536767062,28542,terpisah_di_nol,0.0
253,0.9669288442010031,3.0510411494000658,pbcseg_final_v1\LY_828205_ccrop_mask.png,pbcseg_final_v1\MO_945498_ccrop_mask.png,,True,0.37795271086203597,0.5955142262422416,0.21756151538020568,64.51356446515724,20296,terpisah_di_nol,0.0
254,0.9723119308850698,3.4804243686430385,pbcseg_final_v1\MO_930017_ccrop_mask.png,pbcseg_final_v1\MO_245773_ccrop_mask.png,,True,0.5223629497649294,0.7057139234036682,0.1833509736387389,78.08969202141856,34082,terpisah_di_nol,0.0
255,0.7163354410021825,1.5184688931109587,pbcseg_final_v1\MO_660545_ccrop_mask.png,pbcseg_final_v1\LY_359031_ccrop_mask.png,,True,0.049705812145082094,0.5618880290427728,0.5121822168976907,85.90692637965812,32535,normal,0.02480694691784169
264,0.8998137109611155,2.1448018138429528,pbcseg_final_v1\LY_722941_ccrop_mask.png,pbcseg_final_v1\MO_663123_ccrop_mask.png,,True,0.27111908087456216,0.6107100936430916,0.33959101276852943,78.40918313565064,29018,terpisah_di_nol,0.0
265,0.9160919328146482,5.651670315391055,pbcseg_final_v1\LY_272801_ccrop_mask.png,pbcseg_final_v1\LY_586473_ccrop_mask.png,,True,0.34824513602041013,0.793622117618814,0.44537698159840383,55.226805085936306,19291,terpisah_di_nol,0.0
266,0.7864043690495223,4.282047718253819,pbcseg_final_v1\MO_861099_ccrop_mask.png,pbcseg_final_v1\MO_271560_ccrop_mask.png,,True,0.21394800411876216,0.8142925629887872,0.6003445588700249,82.28000972289685,38060,terpisah_di_nol,0.0
267,0.9798358619424887,6.055646919420161,pbcseg_final_v1\LY_83324_ccrop_mask.png,pbcseg_final_v1\MO_184578_ccrop_mask.png,,True,0.6206155450567823,0.7702791798645491,0.14966363480776676,63.387695966961914,22818,terpisah_di_nol,0.0
268,0.7299255057747797,3.7118124324658943,pbcseg_final_v1\MO_548509_ccrop_mask.png,pbcseg_final_v1\LY_321533_ccrop_mask.png,,True,0.038064748596384326,0.66888567389413,0.6308209252977457,68.18357573492314,25339,terpisah_di_nol,0.0
269,0.8775245561914476,4.86638211491592,pbcseg_final_v1\MO_111934_ccrop_mask.png,pbcseg_final_v1\MO_310770_ccrop_mask.png,,True,0.4675701608607868,0.9835207264672066,0.5159505656064198,60.08327554319921,29427,terpisah_di_nol,0.0
270,0.961271610798228,5.904473191866312,pbcseg_final_v1\MO_162174_ccrop_mask.png,pbcseg_final_v1\LY_651080_ccrop_mask.png,,True,0.2799207995662029,0.6573791563197969,0.37745835675359396,79.6994353806851,38207,terpisah_di_nol,0.0
271,0.8538127026927399,2.2285255480525072,pbcseg_final_v1\MO_652110_ccrop_mask.png,pbcseg_final_v1\MO_853737_ccrop_mask.png,,True,0.29426962548765984,0.7545077174421843,0.4602380919545245,83.19254774317228,35511,terpisah_di_nol,0.0
272,0.9468893554061749,5.159123305855566,pbcseg_final_v1\MO_371068_ccrop_mask.png,pbcseg_final_v1\MO_2733_ccrop_mask.png,,True,0.42133448445740085,0.7449875016072555,0.3236530171498546,79.19595949289332,42638,terpisah_di_nol,0.0
273,0.8535459312148261,2.7875621985907992,pbcseg_final_v1\MO_120253_ccrop_mask.png,pbcseg_final_v1\MO_516349_ccrop_mask.png,,True,0.5226530412403376,0.9697173083609865,0.44706426712064884,67.02984409947557,37774,terpisah_di_nol,0.0
274,0.9473532663338238,4.936228281848279,pbcseg_final_v1\MO_338729_ccrop_mask.png,pbcseg_final_v1\LY_540241_ccrop_mask.png,,True,0.35853785316466313,0.6340648780296452,0.27552702486498204,69.33974329343886,22338,terpisah_di_nol,0.0
275,0.7692251353287547,0.6076890851204767,pbcseg_final_v1\MO_482763_ccrop_mask.png,pbcseg_final_v1\LY_904936_ccrop_mask.png,,True,0.13309760563665568,0.5582421956735901,0.4251445900369345,76.0,31858,terpisah_di_nol,0.0
276,0.950949491996101,0.18418809786567125,pbcseg_final_v1\MO_764487_ccrop_mask.png,pbcseg_final_v1\LY_247228_ccrop_mask.png,,True,0.32459555281703895,0.5804830750118685,0.2558875221948296,73.00684899377592,24397,terpisah_di_nol,0.0
277,0.9393918691158162,1.6759850469817916,pbcseg_final_v1\LY_954324_ccrop_mask.png,pbcseg_final_v1\LY_69243_ccrop_mask.png,,True,0.3920585002257587,0.9234717104492156,0.5314132102234569,50.0,18252,terpisah_di_nol,0.0
278,0.717726236895837,2.7344910922710284,pbcseg_final_v1\MO_763772_ccrop_mask.png,pbcseg_final_v1\MO_2893_ccrop_mask.png,,True,0.15771501200667684,0.8604433809329834,0.7027283689263066,89.09545442950498,46602,terpisah_di_nol,0.0
279,0.9679203932017164,5.5157468470990665,pbcseg_final_v1\MO_836146_ccrop_mask.png,pbcseg_final_v1\LY_265119_ccrop_mask.png,,True,0.4786642924898023,0.6534741395044289,0.17480984701462654,61.61168720299745,19213,terpisah_di_nol,0.0
296,0.970361688037775,2.334359692158782,pbcseg_final_v1\LY_707158_ccrop_mask.png,pbcseg_final_v1\LY_973118_ccrop_mask.png,,True,0.5942291305184303,0.8469598812590994,0.2527307507406691,58.82176467941097,19742,terpisah_di_nol,0.0
297,0.8209182676504732,0.1656219822698622,pbcseg_final_v1\MO_608407_ccrop_mask.png,pbcseg_final_v1\LY_665021_ccrop_mask.png,,True,0.09274750228745704,0.5288407874254288,0.4360932851379718,85.61541917201598,30007,terpisah_di_nol,0.0
298,0.9033167334686178,2.7295873097261354,pbcseg_final_v1\LY_674060_ccrop_mask.png,pbcseg_final_v1\MO_567498_ccrop_mask.png,,True,0.3569579684142456,0.7534491286872995,0.39649116027305387,62.39390995922599,22555,terpisah_di_nol,0.0
299,0.9186787715789613,0.8182123020460806,pbcseg_final_v1\LY_929629_ccrop_mask.png,pbcseg_final_v1\MO_679959_ccrop_mask.png,,False,0.0,0.0,0.0,48.0,10100,tak_pernah_pecah,1.0
300,0.9138465209103593,0.5724741478971432,pbcseg_final_v1\LY_918465_ccrop_mask.png,pbcseg_final_v1\MO_183392_ccrop_mask.png,,True,0.37389022023561436,0.6422183775355891,0.2683281572999748,75.0,32888,terpisah_di_nol,0.0
301,0.8456670611468525,2.2068879100694194,pbcseg_final_v1\MO_289893_ccrop_mask.png,pbcseg_final_v1\LY_105283_ccrop_mask.png,,True,0.13185143889686493,0.5742516454415233,0.44240020654465834,65.55150646628954,19999,normal,0.027767067240353285
302,0.8131801671744044,1.1352393132518213,pbcseg_final_v1\LY_892611_ccrop_mask.png,pbcseg_final_v1\MO_329929_ccrop_mask.png,,True,0.23161885816120933,0.8417555758579567,0.6101367176967473,60.108235708594876,21051,normal,0.05224229744107162
303,0.8003881095654513,3.4492621162082666,pbcseg_final_v1\LY_289402_ccrop_mask.png,pbcseg_final_v1\MO_641324_ccrop_mask.png,,True,0.12194457312290816,0.6077208941896298,0.48577632106672164,72.40165743959182,24239,terpisah_di_nol,0.0
280,0.8770847533779389,2.218073186018412,pbcseg_final_v1\LY_314311_ccrop_mask.png,pbcseg_final_v1\MO_340650_ccrop_mask.png,,True,0.21449828300984755,0.5400225260485535,0.3255242430387059,83.0,35260,terpisah_di_nol,0.0
281,0.905695720538926,1.4415629389117457,pbcseg_final_v1\MO_226755_ccrop_mask.png,pbcseg_final_v1\LY_867406_ccrop_mask.png,,True,0.2104690027721217,0.6225506946181887,0.412081691846067,67.11929677819934,22782,terpisah_di_nol,0.0
282,0.8738231987954933,5.7169223114504115,pbcseg_final_v1\MO_988224_ccrop_mask.png,pbcseg_final_v1\LY_650769_ccrop_mask.png,,True,0.40076817487922783,0.855886009824193,0.45511783494496516,58.008620049092706,27287,terpisah_di_nol,0.0
283,0.8294639595965856,0.5098380343033454,pbcseg_final_v1\MO_36319_ccrop_mask.png,pbcseg_final_v1\LY_556886_ccrop_mask.png,,True,0.1539342631179041,0.6795225943455407,0.5255883312276367,68.60029154456998,25267,terpisah_di_nol,0.0
284,0.7848106606638666,0.7231759238761557,pbcseg_final_v1\MO_239521_ccrop_mask.png,pbcseg_final_v1\MO_361616_ccrop_mask.png,,True,0.15807628827077216,0.797699138111104,0.6396228498403319,82.86132994346639,41096,terpisah_di_nol,0.0
285,0.7195999679689227,2.2677098366201554,pbcseg_final_v1\MO_703127_ccrop_mask.png,pbcseg_final_v1\MO_616615_ccrop_mask.png,,True,0.18905665356065995,0.8697448898506392,0.6806882362899793,72.83543093852057,29216,terpisah_di_nol,0.0
286,0.8102619636114103,2.410651304274035,pbcseg_final_v1\LY_818290_ccrop_mask.png,pbcseg_final_v1\LY_732056_ccrop_mask.png,,True,0.28344216116520116,0.9521475685748676,0.6687054074096664,57.14017850864661,21053,terpisah_di_nol,0.0
287,0.9689099392179435,5.964657977948245,pbcseg_final_v1\MO_588078_ccrop_mask.png,pbcseg_final_v1\MO_18877_ccrop_mask.png,,True,0.753093114097569,0.926750292009366,0.17365717791179697,64.38167441127949,27422,terpisah_di_nol,0.0
304,0.9713819746969135,0.5431583545473652,pbcseg_final_v1\MO_649902_ccrop_mask.png,pbcseg_final_v1\LY_687027_ccrop_mask.png,,True,0.4005533396395961,0.6002978301133636,0.1997444904737674,79.1580697086532,29788,terpisah_di_nol,0.0
305,0.978659769404115,5.611072946281072,pbcseg_final_v1\LY_481506_ccrop_mask.png,pbcseg_final_v1\MO_803041_ccrop_mask.png,,True,0.5058388484673977,0.6386955544948193,0.13285670602742167,67.7421582177598,30961,terpisah_di_nol,0.0
306,0.8702948696821513,2.428504233277129,pbcseg_final_v1\MO_899210_ccrop_mask.png,pbcseg_final_v1\MO_541213_ccrop_mask.png,,True,0.45499612903905473,0.9067624616654685,0.45176633262641375,73.97972695272672,33760,terpisah_di_nol,0.0
307,0.7218101179340904,1.8351022443210907,pbcseg_final_v1\LY_928141_ccrop_mask.png,pbcseg_final_v1\LY_828552_ccrop_mask.png,,True,0.12673214528328297,0.8719116714439228,0.7451795261606398,54.378304497290095,17783,terpisah_di_nol,0.0
308,0.736640155145329,1.4616267380199885,pbcseg_final_v1\MO_2893_ccrop_mask.png,pbcseg_final_v1\MO_356393_ccrop_mask.png,,True,0.22150709023913925,0.9739927317186894,0.7524856414795501,77.07788269017254,41423,terpisah_di_nol,0.0
309,0.9334309265617395,4.688928497331349,pbcseg_final_v1\LY_372460_ccrop_mask.png,pbcseg_final_v1\MO_422563_ccrop_mask.png,,True,0.6075574286369438,0.9462671060562987,0.3387096774193548,62.0,25368,terpisah_di_nol,0.0
310,0.7247350706313767,1.6948799940846908,pbcseg_final_v1\LY_267075_ccrop_mask.png,pbcseg_final_v1\LY_228644_ccrop_mask.png,,True,0.2535469899812746,0.995691956274309,0.7421449662930344,43.139309220245984,12829,normal,0.02701716134791496
311,0.9234765283387821,0.17932069958853045,pbcseg_final_v1\LY_689894_ccrop_mask.png,pbcseg_final_v1\LY_193962_ccrop_mask.png,,True,0.5035700572390804,0.863262955266995,0.35969289802791454,50.11985634456667,16142,terpisah_di_nol,0.0
288,0.9776167170372911,3.984548499156597,pbcseg_final_v1\LY_884557_ccrop_mask.png,pbcseg_final_v1\MO_747260_ccrop_mask.png,,True,0.4461498164585093,0.8007736444340388,0.3546238279755294,55.97320787662612,21450,terpisah_di_nol,0.0
289,0.835161513503923,3.4722376051709984,pbcseg_final_v1\MO_528930_ccrop_mask.png,pbcseg_final_v1\MO_228669_ccrop_mask.png,,True,0.29068743882472214,0.8454396780388752,0.5547522392141531,73.0,33761,terpisah_di_nol,0.0
290,0.8473209194055338,1.5943239180979079,pbcseg_final_v1\MO_558465_ccrop_mask.png,pbcseg_final_v1\MO_408876_ccrop_mask.png,,True,0.19549767960637546,0.9343721019723998,0.7388744223660243,59.93329625508679,35961,terpisah_di_nol,0.0
291,0.7762269672986906,2.836250747268323,pbcseg_final_v1\MO_889160_ccrop_mask.png,pbcseg_final_v1\MO_667353_ccrop_mask.png,,True,0.3297511441650918,0.9578299805314815,0.6280788363663896,72.0,43210,terpisah_di_nol,0.0
292,0.7671171649401148,3.6165410975671803,pbcseg_final_v1\MO_947642_ccrop_mask.png,pbcseg_final_v1\MO_586423_ccrop_mask.png,,True,0.2878321706814688,0.9556258901013536,0.6677937194198847,73.43704787094863,42965,terpisah_di_nol,0.0
293,0.7743767206485302,1.437570441941324,pbcseg_final_v1\MO_873686_ccrop_mask.png,pbcseg_final_v1\LY_483388_ccrop_mask.png,,True,0.13419411108531834,0.6570123780633904,0.522818266978072,68.96375859826666,31125,terpisah_di_nol,0.0
294,0.9153372568586442,5.595308840310104,pbcseg_final_v1\LY_331610_ccrop_mask.png,pbcseg_final_v1\MO_988184_ccrop_mask.png,,True,0.5299645822621332,0.8025659230111427,0.2726013407490096,64.89992295835181,29042,terpisah_di_nol,0.0
295,0.7927028996293366,2.17872765962365,pbcseg_final_v1\LY_286920_ccrop_mask.png,pbcseg_final_v1\MO_82765_ccrop_mask.png,,True,0.13008711133373085,0.6500059072186626,0.5199187958849317,59.841457201508724,20356,terpisah_di_nol,0.0
320,0.8268368689288909,1.3651605317504028,pbcseg_final_v1\MO_998093_ccrop_mask.png,pbcseg_final_v1\MO_800958_ccrop_mask.png,,True,0.014621025969399596,0.9249231213876634,0.9103020954182639,68.79680225126747,42206,terpisah_di_nol,0.0
321,0.9732058888761318,1.2674662867150346,pbcseg_final_v1\LY_812454_ccrop_mask.png,pbcseg_final_v1\LY_155590_ccrop_mask.png,,True,0.5926185402453907,0.8515333720394906,0.25891483179409996,50.20956084253277,19101,terpisah_di_nol,0.0
322,0.8013815835477089,0.041005585661710114,pbcseg_final_v1\LY_973118_ccrop_mask.png,pbcseg_final_v1\LY_414639_ccrop_mask.png,,True,0.25946612879611064,0.8010335691388368,0.5415674403427263,59.20304046246274,18704,terpisah_di_nol,0.0
323,0.8321427185271694,3.986179694799879,pbcseg_final_v1\LY_264881_ccrop_mask.png,pbcseg_final_v1\MO_37507_ccrop_mask.png,,True,0.02336824951347944,0.4556808655128491,0.43231261599936965,85.58621384311844,37753,terpisah_di_nol,0.0
324,0.9550771336200371,0.11133860218104649,pbcseg_final_v1\LY_335261_ccrop_mask.png,pbcseg_final_v1\MO_382161_ccrop_mask.png,,True,0.5484236039615334,0.9631336662914285,0.414710062329895,50.695167422546305,22699,terpisah_di_nol,0.0
325,0.9324366113984147,2.327990617170531,pbcseg_final_v1\LY_660498_ccrop_mask.png,pbcseg_final_v1\LY_330488_ccrop_mask.png,,True,0.4435980935839509,0.9052182251531311,0.4616201315691802,47.70744176750625,15403,terpisah_di_nol,0.0
326,0.7010773778265131,6.02833190670661,pbcseg_final_v1\MO_372496_ccrop_mask.png,pbcseg_final_v1\LY_818085_ccrop_mask.png,,True,0.15302700111373538,0.7852667884602424,0.632239787346507,60.53924347066124,27893,terpisah_di_nol,0.0
327,0.7660468035597028,5.034753298901017,pbcseg_final_v1\MO_326040_ccrop_mask.png,pbcseg_final_v1\LY_185977_ccrop_mask.png,,True,0.2291392225837181,0.9437467113647472,0.7146074887810291,57.697486947006624,21770,terpisah_di_nol,0.0
328,0.8991390393437226,0.33983424858384625,pbcseg_final_v1\LY_516086_ccrop_mask.png,pbcseg_final_v1\MO_391733_ccrop_mask.png,,True,0.5078101948150069,0.9638078749598961,0.45599768014488923,55.0,22554,terpisah_di_nol,0.0
329,0.9332495370873511,5.7856287387727665,pbcseg_final_v1\LY_903380_ccrop_mask.png,pbcseg_final_v1\MO_7582_ccrop_mask.png,,True,0.3740329280360015,0.700881215129186,0.3268482870931844,74.0,29569,terpisah_di_nol,0.0
330,0.7507933660593286,1.7576934355881801,pbcseg_final_v1\LY_95212_ccrop_mask.png,pbcseg_final_v1\MO_689165_ccrop_mask.png,,True,0.07412112982254138,0.6052634714790041,0.5311423416564627,73.97972695272672,24213,terpisah_di_nol,0.0
331,0.8565535782349063,2.4718847845432403,pbcseg_final_v1\MO_436409_ccrop_mask.png,pbcseg_final_v1\LY_832775_ccrop_mask.png,,True,0.14293288290763986,0.5926547641093317,0.4497218812016918,66.0,21535,terpisah_di_nol,0.0
332,0.7091478383951023,5.451100288211077,pbcseg_final_v1\LY_737978_ccrop_mask.png,pbcseg_final_v1\MO_652824_ccrop_mask.png,,True,0.043129511700802564,0.614464673158879,0.5713351614580765,71.84705978674423,26216,terpisah_di_nol,0.0
333,0.7444529839070636,2.1425830936121204,pbcseg_final_v1\LY_832775_ccrop_mask.png,pbcseg_final_v1\MO_744511_ccrop_mask.png,,True,0.03783626042097183,0.5745794537828591,0.5367431933618874,69.31089380465383,19854,terpisah_di_nol,0.0
334,0.815621787794332,2.3320188947084013,pbcseg_final_v1\MO_931030_ccrop_mask.png,pbcseg_final_v1\MO_584194_ccrop_mask.png,,True,0.35830017672428743,0.8207545615233746,0.4624543847990872,77.0,43528,terpisah_di_nol,0.0
335,0.7031901073280149,5.777671349480892,pbcseg_final_v1\MO_767982_ccrop_mask.png,pbcseg_final_v1\LY_721751_ccrop_mask.png,,True,0.03454811739476212,0.613750408132875,0.5792022907381128,67.17886572427373,21306,terpisah_di_nol,0.0
312,0.7956202252588565,5.237530928440087,pbcseg_final_v1\LY_989262_ccrop_mask.png,pbcseg_final_v1\MO_238906_ccrop_mask.png,,True,0.14393457836318174,0.5862290846193157,0.442294506256134,74.06078584514209,29982,terpisah_di_nol,0.0
313,0.7981912487717014,3.981950088644844,pbcseg_final_v1\LY_857864_ccrop_mask.png,pbcseg_final_v1\MO_801881_ccrop_mask.png,,True,0.15755999230139897,0.7906099629549828,0.6330499706535838,76.47875521999558,33835,terpisah_di_nol,0.0
314,0.8503581352278964,3.4050387305847254,pbcseg_final_v1\LY_825441_ccrop_mask.png,pbcseg_final_v1\MO_108488_ccrop_mask.png,,True,0.05775858182379815,0.5525237125450024,0.4947651307212043,77.46612162745726,27925,normal,0.024325212770525996
315,0.7747075526748299,4.756284173993955,pbcseg_final_v1\LY_176592_ccrop_mask.png,pbcseg_final_v1\LY_785284_ccrop_mask.png,,True,0.13614180547091329,0.7626921701481069,0.6265503646771936,49.47726750741192,12842,terpisah_di_nol,0.0
316,0.8144386083728866,0.9789936224217117,pbcseg_final_v1\MO_721448_ccrop_mask.png,pbcseg_final_v1\MO_834548_ccrop_mask.png,,True,0.16944768620990075,0.945363115291202,0.7759154290813012,72.0,50821,terpisah_di_nol,0.0
317,0.9387453159140272,0.6592911837834495,pbcseg_final_v1\LY_812570_ccrop_mask.png,pbcseg_final_v1\LY_42352_ccrop_mask.png,,True,0.46209940725013066,0.7495316889958614,0.28743228174573077,55.00909015790027,17321,terpisah_di_nol,0.0
318,0.9195405642209549,2.750760608300538,pbcseg_final_v1\MO_461501_ccrop_mask.png,pbcseg_final_v1\MO_89959_ccrop_mask.png,,True,0.45977003225523005,0.6681359846245208,0.20836595236929079,83.81527307120105,39620,terpisah_di_nol,0.0
319,0.7938202446246994,1.1747479009447035,pbcseg_final_v1\MO_725703_ccrop_mask.png,pbcseg_final_v1\MO_23093_ccrop_mask.png,,True,0.350336780892918,0.9998901762667601,0.6495533953738422,67.47592163134935,32271,terpisah_di_nol,0.0
336,0.7853669143925326,4.786052596374145,pbcseg_final_v1\LY_83662_ccrop_mask.png,pbcseg_final_v1\MO_144054_ccrop_mask.png,,True,0.20246123027586754,0.5581057272732489,0.3556444969973814,70.51950084905593,29297,terpisah_di_nol,0.0
337,0.7767175787676284,2.61363241971949,pbcseg_final_v1\LY_220151_ccrop_mask.png,pbcseg_final_v1\LY_787227_ccrop_mask.png,,True,0.25600191472142714,0.847134005051191,0.5911320903297638,46.17358552246078,15268,normal,0.029411764705882353
338,0.7432536914519858,1.9990251337868772,pbcseg_final_v1\LY_365740_ccrop_mask.png,pbcseg_final_v1\LY_154313_ccrop_mask.png,,True,0.11110619918113303,0.9454800813711851,0.834373882190052,47.16990566028302,14746,terpisah_di_nol,0.0
339,0.8645346318022198,4.702835413376028,pbcseg_final_v1\MO_897458_ccrop_mask.png,pbcseg_final_v1\MO_769640_ccrop_mask.png,,True,0.2910200485261387,0.8813599388534908,0.5903398903273521,68.09552114493287,29289,terpisah_di_nol,0.0
340,0.8598536492002119,5.0751229461704,pbcseg_final_v1\MO_800516_ccrop_mask.png,pbcseg_final_v1\MO_385020_ccrop_mask.png,,True,0.32848061853796745,0.9328062524199408,0.6043256338819732,74.09453421137081,37005,terpisah_di_nol,0.0
341,0.8554110583933514,3.1368470890599744,pbcseg_final_v1\MO_141238_ccrop_mask.png,pbcseg_final_v1\MO_781541_ccrop_mask.png,,True,0.39203999011859214,0.9100928342038747,0.5180528440852825,71.42128534267638,32539,terpisah_di_nol,0.0
342,0.8224839494245788,3.774723968656706,pbcseg_final_v1\MO_600210_ccrop_mask.png,pbcseg_final_v1\LY_779080_ccrop_mask.png,,True,0.23202515625304831,0.9658569657653002,0.7338318095122519,56.859475903318,27299,terpisah_di_nol,0.0
343,0.9472704196929822,4.672522841438347,pbcseg_final_v1\MO_378770_ccrop_mask.png,pbcseg_final_v1\MO_250567_ccrop_mask.png,,True,0.34946543318890855,0.7167121060117766,0.36724667282286805,76.24303246854758,31847,terpisah_di_nol,0.0
352,0.9511648522537657,1.1223777208955552,pbcseg_final_v1\MO_552828_ccrop_mask.png,pbcseg_final_v1\LY_29912_ccrop_mask.png,,True,0.3526091112251745,0.8690859897135266,0.516476878488352,49.47726750741192,19947,normal,0.02598498501673715
353,0.7769761965718577,3.797736543703686,pbcseg_final_v1\LY_399314_ccrop_mask.png,pbcseg_final_v1\MO_609013_ccrop_mask.png,,True,0.135649051413273,0.538608401253629,0.402959349840356,71.06335201775947,29165,terpisah_di_nol,0.0
354,0.9671161581566475,1.1351141250662897,pbcseg_final_v1\MO_405929_ccrop_mask.png,pbcseg_final_v1\LY_717775_ccrop_mask.png,,True,0.46147966273707597,0.5628836880497547,0.10140402531267878,88.20430828479978,37282,terpisah_di_nol,0.0
355,0.9376961180156396,0.3608815311722091,pbcseg_final_v1\LY_570413_ccrop_mask.png,pbcseg_final_v1\LY_200436_ccrop_mask.png,,True,0.6483811767300571,0.8894587913548011,0.24107761462474395,52.46903848937962,18894,terpisah_di_nol,0.0
356,0.9174965120349685,1.3650066429574388,pbcseg_final_v1\LY_396205_ccrop_mask.png,pbcseg_final_v1\MO_613573_ccrop_mask.png,,True,0.4265005662388982,0.8409456239755696,0.41444505773667145,61.84658438426491,25415,terpisah_di_nol,0.0
357,0.7419197215601632,4.531799270017944,pbcseg_final_v1\LY_955140_ccrop_mask.png,pbcseg_final_v1\LY_803057_ccrop_mask.png,,True,0.2688966216092836,0.9756700976718751,0.7067734760625914,46.06517122512408,13313,normal,0.02598498501673715
358,0.8918527041828365,5.886000790557954,pbcseg_final_v1\LY_324819_ccrop_mask.png,pbcseg_final_v1\MO_269792_ccrop_mask.png,,True,0.24707099595459675,0.6503248370935472,0.40325384113895035,68.76772498781678,23141,terpisah_di_nol,0.0
359,0.9164204754433594,2.8583934290286503,pbcseg_final_v1\MO_601290_ccrop_mask.png,pbcseg_final_v1\MO_760420_ccrop_mask.png,,False,0.0,0.0,0.0,43.266615305567875,13985,tak_pernah_pecah,1.0
384,0.9561514506945399,3.268022419359919,pbcseg_final_v1\MO_142730_ccrop_mask.png,pbcseg_final_v1\MO_264258_ccrop_mask.png,,True,0.6947841799734643,0.8917538769431612,0.19696969696969696,66.0,30491,terpisah_di_nol,0.0
385,0.7594139029770013,0.2879526326266488,pbcseg_final_v1\LY_178247_ccrop_mask.png,pbcseg_final_v1\MO_38756_ccrop_mask.png,,True,0.1985382979104126,0.7954786212710857,0.596940323360673,71.11258679024411,26690,terpisah_di_nol,0.0
386,0.8409236396108272,1.2999242802623723,pbcseg_final_v1\LY_936131_ccrop_mask.png,pbcseg_final_v1\LY_422051_ccrop_mask.png,,True,0.6767378650046371,0.947433011006492,0.2706951460018549,43.08131845707603,15810,terpisah_di_nol,0.0
387,0.7750026115436117,4.467102590113011,pbcseg_final_v1\LY_921451_ccrop_mask.png,pbcseg_final_v1\LY_327708_ccrop_mask.png,,True,0.20136799565497976,0.9488768673849198,0.7475088717299401,46.66904755831214,14075,normal,0.09910588616628885
388,0.8075956318610102,0.45604750165454966,pbcseg_final_v1\LY_360951_ccrop_mask.png,pbcseg_final_v1\LY_372787_ccrop_mask.png,,True,0.23538923933724096,0.8855145268921965,0.6501252875549555,42.01190307520001,10916,normal,0.02540822292337563
389,0.7611915421170672,4.776197280409392,pbcseg_final_v1\LY_185165_ccrop_mask.png,pbcseg_final_v1\LY_370728_ccrop_mask.png,,True,0.14625175125289647,0.7737027316450533,0.6274509803921569,51.0,14012,normal,0.027735009811261455
390,0.9729903899813006,6.134640116966161,pbcseg_final_v1\MO_654471_ccrop_mask.png,pbcseg_final_v1\MO_112202_ccrop_mask.png,,False,0.0,0.0,0.0,66.70832032063167,21372,tak_pernah_pecah,1.0
391,0.9263794265294476,2.893293657417393,pbcseg_final_v1\LY_743105_ccrop_mask.png,pbcseg_final_v1\LY_348569_ccrop_mask.png,,True,0.4655447909435087,0.767390962214756,0.30184617127124724,47.43416490252569,13150,terpisah_di_nol,0.0
344,0.9525760288242084,0.8720341851126827,pbcseg_final_v1\MO_26771_ccrop_mask.png,pbcseg_final_v1\MO_723536_ccrop_mask.png,,True,0.5058792950188411,0.9761060953630963,0.4702268003442553,72.18032973047436,41002,terpisah_di_nol,0.0
345,0.8046796356470052,2.3487430983622315,pbcseg_final_v1\MO_802512_ccrop_mask.png,pbcseg_final_v1\LY_170874_ccrop_mask.png,,True,0.04393307078844797,0.5016014108261763,0.45766834003772827,89.15716460273958,34139,terpisah_di_nol,0.0
346,0.7876887573999478,0.18380899257271488,pbcseg_final_v1\MO_212604_ccrop_mask.png,pbcseg_final_v1\LY_452316_ccrop_mask.png,,True,0.20925086985258792,0.7874062403718657,0.5781553705192778,68.24954212300622,24887,normal,0.07752170911825529
347,0.8152621473854407,5.109396622418414,pbcseg_final_v1\MO_618817_ccrop_mask.png,pbcseg_final_v1\LY_753705_ccrop_mask.png,,True,0.31328769942915397,0.8177308924123182,0.5044431929831643,57.48912940721924,22342,terpisah_di_nol,0.0
348,0.9096814453659274,2.1170692194972944,pbcseg_final_v1\MO_741677_ccrop_mask.png,pbcseg_final_v1\LY_355473_ccrop_mask.png,,True,0.2474865231464531,0.6785941064574929,0.43110758331103977,73.68174807915459,32533,terpisah_di_nol,0.0
349,0.70851289881567,5.1189532829246485,pbcseg_final_v1\MO_145212_ccrop_mask.png,pbcseg_final_v1\MO_646983_ccrop_mask.png,,True,0.110205170450309,0.9490911983284568,0.8388860278781478,75.39230729988306,44665,terpisah_di_nol,0.0
350,0.8930893959886919,0.13335477016276703,pbcseg_final_v1\LY_118150_ccrop_mask.png,pbcseg_final_v1\MO_716428_ccrop_mask.png,,True,0.3185715571624409,0.599938784879706,0.2813672277172651,70.00714249274856,27339,normal,0.024723408821707437
351,0.8039488368204343,4.344176760907103,pbcseg_final_v1\MO_802512_ccrop_mask.png,pbcseg_final_v1\MO_2733_ccrop_mask.png,,True,0.2061754786626199,0.7178335054189625,0.5116580267563426,89.15716460273958,46369,terpisah_di_nol,0.0
376,0.74573701459116,4.695756850889721,pbcseg_final_v1\LY_240150_ccrop_mask.png,pbcseg_final_v1\MO_649989_ccrop_mask.png,,True,0.12520319829729915,0.5182420180350185,0.3930388197377193,71.42128534267638,22252,normal,0.041522739926869986
377,0.8767161962680337,0.8385640863520383,pbcseg_final_v1\LY_675041_ccrop_mask.png,pbcseg_final_v1\LY_613623_ccrop_mask.png,,True,0.33999428693494604,0.7609196407045115,0.42092535376956547,55.46169849544819,17082,terpisah_di_nol,0.0
378,0.8909783756715397,1.2830186244917587,pbcseg_final_v1\MO_120291_ccrop_mask.png,pbcseg_final_v1\LY_955445_ccrop_mask.png,,True,0.27683322155248263,0.6935151784584773,0.41668195690599463,66.03029607687671,22080,terpisah_di_nol,0.0
379,0.7799591955748092,1.932937612665194,pbcseg_final_v1\MO_315300_ccrop_mask.png,pbcseg_final_v1\LY_586758_ccrop_mask.png,,True,0.07501472786767328,0.547927264413327,0.4729125365456537,79.00632886041473,27171,terpisah_di_nol,0.0
380,0.7942961478681492,1.373269733577088,pbcseg_final_v1\MO_84571_ccrop_mask.png,pbcseg_final_v1\LY_11415_ccrop_mask.png,,True,0.0,0.0,0.0,80.77747210701756,28046,terpisah_di_nol,0.0
381,0.9131866805798188,2.6420146059254312,pbcseg_final_v1\LY_670773_ccrop_mask.png,pbcseg_final_v1\MO_311339_ccrop_mask.png,,False,0.0,0.0,0.0,49.64876634922564,8747,tak_pernah_pecah,1.0
382,0.8296506892125693,2.6290818332125383,pbcseg_final_v1\MO_769640_ccrop_mask.png,pbcseg_final_v1\LY_961642_ccrop_mask.png,,True,0.23930357107633912,0.6855136942673111,0.446210123190972,73.17103251970687,27398,terpisah_di_nol,0.0
383,0.9523575212121065,3.5272275411159817,pbcseg_final_v1\MO_243203_ccrop_mask.png,pbcseg_final_v1\MO_314702_ccrop_mask.png,,True,0.5136231484896959,0.6420289356121199,0.12840578712242398,77.87810988975015,43828,terpisah_di_nol,0.0
360,0.7019366414832581,4.575807892258103,pbcseg_final_v1\LY_32573_ccrop_mask.png,pbcseg_final_v1\LY_104155_ccrop_mask.png,,True,0.18462208141537784,0.9168181692983377,0.7321960878829599,42.42640687119285,10359,normal,0.027671226645624276
361,0.8067265674440302,2.316596146051697,pbcseg_final_v1\LY_446643_ccrop_mask.png,pbcseg_final_v1\MO_358488_ccrop_mask.png,,True,0.17361785724670456,0.7393032821959425,0.565685424949238,58.52349955359813,23797,terpisah_di_nol,0.0
362,0.8438817527109498,4.892870837439592,pbcseg_final_v1\LY_971498_ccrop_mask.png,pbcseg_final_v1\MO_461013_ccrop_mask.png,,True,0.14575109958842491,0.5948139666388368,0.4490628670504119,68.60029154456998,21480,terpisah_di_nol,0.0
363,0.8700677286195799,4.462488647289746,pbcseg_final_v1\LY_715395_ccrop_mask.png,pbcseg_final_v1\MO_551018_ccrop_mask.png,,True,0.2216211035889681,0.6648633107669043,0.4432422071779363,71.34423592694787,24548,terpisah_di_nol,0.0
364,0.7087479886739079,1.1254219609740441,pbcseg_final_v1\MO_255406_ccrop_mask.png,pbcseg_final_v1\MO_200691_ccrop_mask.png,,True,0.25773013252643445,0.989494795052183,0.7317646625257485,77.02596964660685,38377,terpisah_di_nol,0.0
365,0.8152353105722979,1.5605302398507275,pbcseg_final_v1\MO_952246_ccrop_mask.png,pbcseg_final_v1\LY_65073_ccrop_mask.png,,True,0.20286682613915405,0.694681343397386,0.49181451725823194,71.28113354878694,24879,terpisah_di_nol,0.0
366,0.9183557253484539,3.805458151061825,pbcseg_final_v1\LY_652833_ccrop_mask.png,pbcseg_final_v1\LY_524589_ccrop_mask.png,,True,0.5911787265603476,0.8243362186282256,0.2331574920678779,54.589376255824725,20556,terpisah_di_nol,0.0
367,0.8548231512261959,3.3804897708392656,pbcseg_final_v1\MO_881516_ccrop_mask.png,pbcseg_final_v1\MO_861803_ccrop_mask.png,,True,0.23886884972143227,0.7740235306730041,0.5351546809515719,82.21921916437786,48567,terpisah_di_nol,0.0
368,0.7088167399285591,4.4828533290675825,pbcseg_final_v1\MO_28078_ccrop_mask.png,pbcseg_final_v1\MO_649989_ccrop_mask.png,,True,0.15031739778695405,0.8322315136400618,0.6819141158531077,71.42128534267638,28216,terpisah_di_nol,0.0
369,0.8506630652357681,1.2326592954854765,pbcseg_final_v1\MO_467997_ccrop_mask.png,pbcseg_final_v1\LY_849013_ccrop_mask.png,,True,0.19529126398427316,0.8758582612456288,0.6805669972613556,55.758407437802596,24132,normal,0.023570226039551584
370,0.7446092229403413,4.551656587497868,pbcseg_final_v1\MO_465710_ccrop_mask.png,pbcseg_final_v1\MO_214714_ccrop_mask.png,,True,0.11325921699277677,0.8307907390519229,0.7175315220591462,72.47068372797375,29321,terpisah_di_nol,0.0
371,0.9224640036337959,2.232405867161349,pbcseg_final_v1\MO_116840_ccrop_mask.png,pbcseg_final_v1\MO_756261_ccrop_mask.png,,True,0.06757899321141886,0.6921690582537016,0.6245900650422826,75.92759709091287,40627,terpisah_di_nol,0.0
372,0.9029594412053721,3.81199548025029,pbcseg_final_v1\MO_527472_ccrop_mask.png,pbcseg_final_v1\LY_86837_ccrop_mask.png,,True,0.2271052062239281,0.9851143494162956,0.7580091431923675,46.17358552246078,21195,terpisah_di_nol,0.0
373,0.754914647387143,2.663250670267531,pbcseg_final_v1\MO_163591_ccrop_mask.png,pbcseg_final_v1\MO_38756_ccrop_mask.png,,True,0.23541930803632155,0.9894123561141198,0.7539930480777982,70.60453243241541,38790,terpisah_di_nol,0.0
374,0.7737985843795555,2.121410739806913,pbcseg_final_v1\LY_130930_ccrop_mask.png,pbcseg_final_v1\MO_363564_ccrop_mask.png,,True,0.07328286145627964,0.7236581862878635,0.6503753248315839,72.069410986909,30667,terpisah_di_nol,0.0
375,0.7024773229753591,2.9834837018815574,pbcseg_final_v1\MO_159213_ccrop_mask.png,pbcseg_final_v1\MO_68925_ccrop_mask.png,,True,0.2176580343403319,0.9960691671758303,0.7784111328354985,71.40028011149536,41869,terpisah_di_nol,0.0
392,0.7351255392185165,0.41919211259703026,pbcseg_final_v1\LY_558615_ccrop_mask.png,pbcseg_final_v1\MO_613852_ccrop_mask.png,,True,0.10303197482015188,0.5839897364530454,0.48095776163289355,69.8927750200262,29449,normal,0.03474191421756006
393,0.8241247216535178,1.1681340836390466,pbcseg_final_v1\MO_833433_ccrop_mask.png,pbcseg_final_v1\LY_173236_ccrop_mask.png,,True,0.15477423908783836,0.6571844447228206,0.5024102056349822,65.92419889539804,21156,terpisah_di_nol,0.0
394,0.8564062271809814,2.889113294396616,pbcseg_final_v1\LY_894865_ccrop_mask.png,pbcseg_final_v1\MO_387421_ccrop_mask.png,,True,0.2819611726262788,0.6771094131382358,0.395148240511957,70.178344238091,30888,terpisah_di_nol,0.0
395,0.8391642797924245,0.5985530039293405,pbcseg_final_v1\LY_321533_ccrop_mask.png,pbcseg_final_v1\LY_820246_ccrop_mask.png,,True,0.2993136779433311,0.7766267444899573,0.47731306654662614,55.78530272392541,17684,normal,0.026126497213658208
396,0.8862953416927773,3.5561047899248854,pbcseg_final_v1\MO_385446_ccrop_mask.png,pbcseg_final_v1\MO_55488_ccrop_mask.png,,True,0.12475076422472064,0.5560350881691286,0.43128432394440797,72.02777242147643,28436,terpisah_di_nol,0.0
397,0.9359914753594536,5.5961069254176,pbcseg_final_v1\MO_902264_ccrop_mask.png,pbcseg_final_v1\LY_644505_ccrop_mask.png,,True,0.42647857381647764,0.6090319214176199,0.18255334760114228,66.18912297349165,21056,terpisah_di_nol,0.0
398,0.9438969054848055,5.345150696015354,pbcseg_final_v1\LY_83666_ccrop_mask.png,pbcseg_final_v1\LY_853229_ccrop_mask.png,,True,0.43804536293610824,0.7974522228288999,0.3594068598927917,50.15974481593781,15520,terpisah_di_nol,0.0
399,0.837170829769067,4.54837540084336,pbcseg_final_v1\MO_625079_ccrop_mask.png,pbcseg_final_v1\LY_323391_ccrop_mask.png,,True,0.1320778661443098,0.5034286115950076,0.37135074545069785,83.5224520712844,29516,terpisah_di_nol,0.0
408,0.7491371075763038,0.13050638022020847,pbcseg_final_v1\MO_722749_ccrop_mask.png,pbcseg_final_v1\LY_812454_ccrop_mask.png,,True,0.2513945773473668,0.7850996230370446,0.5337050456896778,63.953107821277925,23878,terpisah_di_nol,0.0
409,0.8742900042206223,0.5101483061539228,pbcseg_final_v1\MO_663123_ccrop_mask.png,pbcseg_final_v1\MO_578103_ccrop_mask.png,,True,0.3528368216750415,0.8542550343374976,0.5014182126624561,78.49203781276162,36225,terpisah_di_nol,0.0
410,0.7771528791573302,0.2677579641078931,pbcseg_final_v1\MO_739920_ccrop_mask.png,pbcseg_final_v1\MO_231492_ccrop_mask.png,,True,0.2701731542947395,0.889112167331352,0.6189390130366126,73.348483283569,32435,terpisah_di_nol,0.0
411,0.7858640621230233,3.486906139692536,pbcseg_final_v1\LY_304716_ccrop_mask.png,pbcseg_final_v1\MO_527472_ccrop_mask.png,,True,0.07881011893874172,0.9886788804791173,0.9098687615403757,46.17358552246078,18519,normal,0.051502620262460476
412,0.7561338083847732,5.465030108987027,pbcseg_final_v1\LY_520157_ccrop_mask.png,pbcseg_final_v1\MO_853558_ccrop_mask.png,,True,0.17665765926866292,0.751625689070423,0.5749680298017601,65.19202405202648,21554,normal,0.0684474971394413
413,0.7775352495515389,4.062260771119763,pbcseg_final_v1\LY_447658_ccrop_mask.png,pbcseg_final_v1\MO_897458_ccrop_mask.png,,True,0.20195014869781283,0.8208221193629279,0.6188719706651151,59.80802621722272,20815,normal,0.027597366233044082
414,0.7890192392178583,4.096950896221031,pbcseg_final_v1\LY_668845_ccrop_mask.png,pbcseg_final_v1\MO_808222_ccrop_mask.png,,True,0.1420582091068228,0.6110554585213795,0.4689972494145567,69.35416353759881,24611,normal,0.02598498501673715
415,0.9219756141332991,4.459481582573037,pbcseg_final_v1\LY_600393_ccrop_mask.png,pbcseg_final_v1\LY_812570_ccrop_mask.png,,True,0.5317385047141124,0.9747196996755711,0.44298119496145877,56.43580423808985,21310,terpisah_di_nol,0.0
400,0.8817474603916631,0.37476813180049046,pbcseg_final_v1\LY_357552_ccrop_mask.png,pbcseg_final_v1\LY_483388_ccrop_mask.png,,True,0.9051207092900955,0.9951733491867515,0.09005263989665609,44.41846462902562,17500,terpisah_di_nol,0.0
401,0.9026396112011543,4.941271589653329,pbcseg_final_v1\MO_455421_ccrop_mask.png,pbcseg_final_v1\LY_288132_ccrop_mask.png,,True,0.045540200736280415,0.5623515948579823,0.5168113941217019,78.0,37869,terpisah_di_nol,0.0
402,0.9053771141531662,0.13601502479679914,pbcseg_final_v1\MO_262776_ccrop_mask.png,pbcseg_final_v1\MO_637636_ccrop_mask.png,,True,0.30196666415172013,0.8114676468245389,0.5095009826728187,74.68600939935136,35597,terpisah_di_nol,0.0
403,0.7295269745726791,0.7216057681379051,pbcseg_final_v1\MO_850422_ccrop_mask.png,pbcseg_final_v1\LY_327976_ccrop_mask.png,,True,0.06835254779504848,0.6033465094254298,0.5349939616303814,80.72174428244226,29069,terpisah_di_nol,0.0
404,0.7425545585106936,0.7201895057025057,pbcseg_final_v1\MO_831432_ccrop_mask.png,pbcseg_final_v1\LY_359444_ccrop_mask.png,,True,0.06571018855717804,0.6918092222571192,0.626099033699941,70.71067811865476,32575,terpisah_di_nol,0.0
405,0.9576306523202103,4.220248102938523,pbcseg_final_v1\MO_453799_ccrop_mask.png,pbcseg_final_v1\LY_714463_ccrop_mask.png,,True,0.4326176052988875,0.6175176707072972,0.1849000654084097,78.0,29348,terpisah_di_nol,0.0
406,0.942967092962941,5.704736696820205,pbcseg_final_v1\LY_796625_ccrop_mask.png,pbcseg_final_v1\MO_967515_ccrop_mask.png,,True,0.4737063899304966,0.7703888007426608,0.2966824108121642,74.0,32790,terpisah_di_nol,0.0
407,0.9427534067290173,4.686073691461816,pbcseg_final_v1\MO_829157_ccrop_mask.png,pbcseg_final_v1\MO_611239_ccrop_mask.png,,True,0.4487865462006289,0.8957791863533543,0.44699264015272544,63.631753079732135,32206,terpisah_di_nol,0.0
416,0.7967458644504841,1.1873377187508565,pbcseg_final_v1\MO_902638_ccrop_mask.png,pbcseg_final_v1\LY_652833_ccrop_mask.png,,True,0.07844740215891818,0.6831729181605933,0.6047255160016751,67.47592163134935,25217,terpisah_di_nol,0.0
417,0.8177035585436278,3.797498552617488,pbcseg_final_v1\MO_725703_ccrop_mask.png,pbcseg_final_v1\LY_936131_ccrop_mask.png,,True,0.06777290358727517,0.6332749521985761,0.5655020486113009,68.0294054067798,26721,terpisah_di_nol,0.0
418,0.7409339457068289,1.8158852040796702,pbcseg_final_v1\MO_706560_ccrop_mask.png,pbcseg_final_v1\MO_674127_ccrop_mask.png,,True,0.0733251800836269,0.7776955659243706,0.7043703858407437,75.47184905645283,30719,terpisah_di_nol,0.0
419,0.945161178842795,3.65329870192804,pbcseg_final_v1\LY_799986_ccrop_mask.png,pbcseg_final_v1\MO_843881_ccrop_mask.png,,True,0.6460664347428502,0.723850358653732,0.07778392391088189,64.28063471995279,26971,terpisah_di_nol,0.0
420,0.8069850131109726,2.3030853256065376,pbcseg_final_v1\LY_169448_ccrop_mask.png,pbcseg_final_v1\MO_200691_ccrop_mask.png,,True,0.13326269023664564,0.5876580716750925,0.4543953814384469,79.37883848986453,29662,terpisah_di_nol,0.0
421,0.8680693475899635,5.697676876885671,pbcseg_final_v1\LY_591194_ccrop_mask.png,pbcseg_final_v1\LY_452236_ccrop_mask.png,,True,0.4207545980789014,0.944118139007341,0.5233635409284395,48.82622246293481,15467,terpisah_di_nol,0.0
422,0.9451974013961117,1.4334045962419577,pbcseg_final_v1\MO_326040_ccrop_mask.png,pbcseg_final_v1\MO_505288_ccrop_mask.png,,True,0.4180300099531715,0.9489256200021456,0.5308956100489741,60.802960454241045,31816,terpisah_di_nol,0.0
423,0.9571962178204665,3.154011656249296,pbcseg_final_v1\MO_902874_ccrop_mask.png,pbcseg_final_v1\MO_111934_ccrop_mask.png,,True,0.7132398795328451,0.9159706696033975,0.20273079007055242,59.39696961966999,22614,terpisah_di_nol,0.0
424,0.7595927744929865,0.7619966103030518,pbcseg_final_v1\LY_106354_ccrop_mask.png,pbcseg_final_v1\MO_662852_ccrop_mask.png,,True,0.05515421156936642,0.5708460470842965,0.5156918355149301,74.09453421137081,24238,normal,0.02511009804759127
425,0.7115849327713891,1.9812800524638152,pbcseg_final_v1\MO_14768_ccrop_mask.png,pbcseg_final_v1\LY_435799_ccrop_mask.png,,True,0.07777808933715903,0.5327726577735199,0.4549945684363608,74.72616676907762,30902,terpisah_di_nol,0.0
426,0.8533365833142986,0.2416632802669907,pbcseg_final_v1\LY_676152_ccrop_mask.png,pbcseg_final_v1\MO_308226_ccrop_mask.png,,True,0.5814744510799017,0.8171767114754175,0.23570226039551584,60.0,29597,terpisah_di_nol,0.0
427,0.8675843342298923,4.985285882691447,pbcseg_final_v1\MO_544030_ccrop_mask.png,pbcseg_final_v1\MO_242489_ccrop_mask.png,,True,0.36628777348997,0.9315036849332632,0.5652159114432932,67.23094525588644,31613,terpisah_di_nol,0.0
428,0.9571193318235727,6.079938507343704,pbcseg_final_v1\LY_730801_ccrop_mask.png,pbcseg_final_v1\MO_547080_ccrop_mask.png,,True,0.5814822636486117,0.8834869873063966,0.30200472365778486,63.0,30639,terpisah_di_nol,0.0
429,0.8004135658613882,1.6716765303175305,pbcseg_final_v1\MO_396043_ccrop_mask.png,pbcseg_final_v1\MO_513345_ccrop_mask.png,,True,0.07056550186834562,0.7330951509681685,0.6625296490998228,89.67719888578144,43558,terpisah_di_nol,0.0
430,0.9327918242394109,4.6407703160792275,pbcseg_final_v1\LY_677709_ccrop_mask.png,pbcseg_final_v1\MO_968256_ccrop_mask.png,,True,0.14371306666719333,0.6150187915814634,0.47130572491427014,69.07966415668217,27785,terpisah_di_nol,0.0
431,0.9076422423987323,1.8959270711727028,pbcseg_final_v1\LY_650850_ccrop_mask.png,pbcseg_final_v1\MO_792755_ccrop_mask.png,,True,0.4093437202618624,0.864022368614,0.4546786483521375,71.06335201775947,29723,terpisah_di_nol,0.0
432,0.9414688655116457,4.724385114658026,pbcseg_final_v1\LY_324819_ccrop_mask.png,pbcseg_final_v1\MO_770459_ccrop_mask.png,,True,0.4693558001388612,0.7259537647699846,0.25659796463112344,61.0,25259,terpisah_di_nol,0.0
433,0.7339745775224807,3.899483693713256,pbcseg_final_v1\MO_107817_ccrop_mask.png,pbcseg_final_v1\MO_689542_ccrop_mask.png,,True,0.23107948223494215,0.9019928062040684,0.6709133239691262,80.09993757800315,40303,normal,0.05971878941208125
434,0.7635939107902442,2.9400162806501324,pbcseg_final_v1\MO_248568_ccrop_mask.png,pbcseg_final_v1\MO_153038_ccrop_mask.png,,True,0.31492977845276393,0.988928996143209,0.673999217690445,71.0,35280,normal,0.023287321641631116
435,0.9666323678338329,5.464576583004547,pbcseg_final_v1\MO_318223_ccrop_mask.png,pbcseg_final_v1\LY_989262_ccrop_mask.png,,True,0.45579772212223063,0.5153173141373004,0.05951959201506977,84.00595217006948,31428,terpisah_di_nol,0.0
436,0.9423146754615477,3.6900683426971543,pbcseg_final_v1\LY_462086_ccrop_mask.png,pbcseg_final_v1\MO_455421_ccrop_mask.png,,True,0.2788292922913279,0.5895487836372445,0.3107194913459166,73.38937252763509,35036,terpisah_di_nol,0.0
437,0.9568144974925128,1.1026705210505052,pbcseg_final_v1\MO_658439_ccrop_mask.png,pbcseg_final_v1\MO_222303_ccrop_mask.png,,True,0.31371105617228495,0.790968088499125,0.47725703232684,79.64923100695951,40684,terpisah_di_nol,0.0
438,0.894843756281138,5.11960628742457,pbcseg_final_v1\LY_861914_ccrop_mask.png,pbcseg_final_v1\LY_40134_ccrop_mask.png,,True,0.5050433540916732,0.9616504708868524,0.4566071167951792,43.139309220245984,12724,terpisah_di_nol,0.0
439,0.7013056187761978,5.470579562676425,pbcseg_final_v1\MO_777817_ccrop_mask.png,pbcseg_final_v1\LY_187288_ccrop_mask.png,,True,0.1119286018967271,0.7962254869159666,0.6842968850192396,62.0,21614,terpisah_di_nol,0.0
440,0.7175622967158297,3.6681552372783965,pbcseg_final_v1\LY_971588_ccrop_mask.png,pbcseg_final_v1\LY_883318_ccrop_mask.png,,True,0.2008735434429246,0.872066511224918,0.6711929677819933,44.721359549995796,11806,terpisah_di_nol,0.0
441,0.9683961945666656,1.5761051648345918,pbcseg_final_v1\LY_59662_ccrop_mask.png,pbcseg_final_v1\MO_423983_ccrop_mask.png,,True,0.48151558914251674,0.7487025815072067,0.26718699236468996,60.0,22087,terpisah_di_nol,0.0
442,0.9479551221751183,1.935958251648114,pbcseg_final_v1\MO_751456_ccrop_mask.png,pbcseg_final_v1\MO_311339_ccrop_mask.png,,True,0.24673304705578686,0.6930463864841931,0.44631333942840634,68.73136110975832,41113,terpisah_di_nol,0.0
443,0.9170124400866531,2.12655072787109,pbcseg_final_v1\LY_971434_ccrop_mask.png,pbcseg_final_v1\LY_481506_ccrop_mask.png,,True,0.20533978742279207,0.9143326930085532,0.7089929055857612,43.266615305567875,15954,terpisah_di_nol,0.0
444,0.7978127893023285,1.6561673863174677,pbcseg_final_v1\LY_283524_ccrop_mask.png,pbcseg_final_v1\MO_675551_ccrop_mask.png,,True,0.04726601306198354,0.611209970282243,0.5639439572202595,72.00694410957877,26469,terpisah_di_nol,0.0
445,0.9129298773706616,2.7811534934548194,pbcseg_final_v1\LY_668845_ccrop_mask.png,pbcseg_final_v1\MO_371397_ccrop_mask.png,,True,0.3578652788747062,0.6052820552158856,0.24741677634117948,65.79513659838392,25509,terpisah_di_nol,0.0
446,0.83871273671208,3.531163404554118,pbcseg_final_v1\MO_871861_ccrop_mask.png,pbcseg_final_v1\MO_153516_ccrop_mask.png,,True,0.39264455053484215,0.9232870714969655,0.5306425209621234,64.40496875241847,27225,normal,0.024929982747211407
447,0.7115553262131451,6.238919700424275,pbcseg_final_v1\MO_775072_ccrop_mask.png,pbcseg_final_v1\LY_967233_ccrop_mask.png,,True,0.026946913198324696,0.5405186061342767,0.513571692935952,78.49203781276162,30569,terpisah_di_nol,0.0
456,0.8808928001406277,5.032417919684367,pbcseg_final_v1\MO_243203_ccrop_mask.png,pbcseg_final_v1\MO_939176_ccrop_mask.png,,True,0.051367322841060034,0.7522542104362093,0.7008868875951493,78.16009211867653,42357,terpisah_di_nol,0.0
457,0.879880462609231,5.397115706951261,pbcseg_final_v1\LY_798487_ccrop_mask.png,pbcseg_final_v1\LY_409311_ccrop_mask.png,,True,0.41518656339339716,0.8455004166331518,0.4303138532397547,49.4064773081425,14396,terpisah_di_nol,0.0
458,0.7112423091602303,1.0791532412112426,pbcseg_final_v1\LY_985583_ccrop_mask.png,pbcseg_final_v1\MO_52244_ccrop_mask.png,,True,0.026890874573965273,0.5439394391778043,0.5170485646038391,79.64923100695951,27126,normal,0.026612314770617474
459,0.8105789309757794,5.030214368032038,pbcseg_final_v1\LY_335429_ccrop_mask.png,pbcseg_final_v1\MO_23768_ccrop_mask.png,,True,0.23309563759304996,0.771228589203168,0.538132951610118,74.63243262818116,29804,terpisah_di_nol,0.0
460,0.8626757686678542,1.7154731667898115,pbcseg_final_v1\LY_725575_ccrop_mask.png,pbcseg_final_v1\MO_362980_ccrop_mask.png,,True,0.18105862125165495,0.6326973734287998,0.4516387521771449,62.625873247404705,18060,terpisah_di_nol,0.0
461,0.9197334195483426,6.180104831109481,pbcseg_final_v1\MO_994944_ccrop_mask.png,pbcseg_final_v1\LY_231768_ccrop_mask.png,,True,0.30337230283819555,0.6121958322499603,0.3088235294117647,68.0,22217,normal,0.10891842821847317
462,0.8475878262318907,3.537993507841994,pbcseg_final_v1\MO_399159_ccrop_mask.png,pbcseg_final_v1\LY_819068_ccrop_mask.png,,True,0.41085142061164476,0.6145741413739921,0.20372272076234738,63.812224534175265,27408,normal,0.0543526425198644
463,0.9445443113613784,5.784907716365261,pbcseg_final_v1\MO_747260_ccrop_mask.png,pbcseg_final_v1\MO_248919_ccrop_mask.png,,True,0.8174899357664555,0.8515066897419578,0.03401675397550234,65.73431371817918,28828,terpisah_di_nol,0.0
480,0.7298790897637714,3.932043534081592,pbcseg_final_v1\LY_990177_ccrop_mask.png,pbcseg_final_v1\MO_689697_ccrop_mask.png,,True,0.03806879801699643,0.497944727541539,0.4598759295245426,74.06078584514209,22138,normal,0.019952172111690553
481,0.8501137126075874,2.6100768997534827,pbcseg_final_v1\LY_646786_ccrop_mask.png,pbcseg_final_v1\LY_547808_ccrop_mask.png,,True,0.35442090563658457,0.7674441922611012,0.4130232866245166,52.15361924162119,17497,normal,0.02350502473611342
482,0.8196078689288399,5.074532095714284,pbcseg_final_v1\LY_106354_ccrop_mask.png,pbcseg_final_v1\LY_452236_ccrop_mask.png,,True,0.30694787444111965,0.864085814778841,0.5571379403377215,48.82622246293481,14743,terpisah_di_nol,0.0
483,0.9692139359727605,2.627426294207545,pbcseg_final_v1\MO_756252_ccrop_mask.png,pbcseg_final_v1\LY_706870_ccrop_mask.png,,False,0.0,0.0,0.0,70.34912934784623,22567,tak_pernah_pecah,1.0
484,0.8280987653955609,1.8249258083711741,pbcseg_final_v1\MO_451269_ccrop_mask.png,pbcseg_final_v1\MO_475504_ccrop_mask.png,,True,0.2978918915164151,0.9251445995207396,0.6272527080043245,70.09279563550022,31837,terpisah_di_nol,0.0
485,0.824011724324504,2.314486259051383,pbcseg_final_v1\MO_402875_ccrop_mask.png,pbcseg_final_v1\LY_26778_ccrop_mask.png,,True,0.15128553882994747,0.6485695517136139,0.4972840128836664,72.53275122315436,26018,terpisah_di_nol,0.0
486,0.8948908298696047,3.4832316462749953,pbcseg_final_v1\MO_556585_ccrop_mask.png,pbcseg_final_v1\MO_739789_ccrop_mask.png,,True,0.37911482789794115,0.8451916832289991,0.4660768553310579,67.20119046564577,27520,terpisah_di_nol,0.0
487,0.7999975740828785,2.699486805774845,pbcseg_final_v1\LY_785284_ccrop_mask.png,pbcseg_final_v1\LY_364702_ccrop_mask.png,,True,0.2560058831812107,0.9226725498478774,0.6666666666666666,50.28916384272063,16306,terpisah_di_nol,0.0
448,0.7328852376769076,1.8473341600438165,pbcseg_final_v1\MO_826166_ccrop_mask.png,pbcseg_final_v1\MO_71697_ccrop_mask.png,,True,0.04377540450448281,0.7632195518725997,0.7194441473681169,82.05485969764375,37062,terpisah_di_nol,0.0
449,0.7781900735390779,5.4962830887681955,pbcseg_final_v1\MO_122877_ccrop_mask.png,pbcseg_final_v1\LY_372460_ccrop_mask.png,,True,0.3318751938326966,0.9430494008062569,0.6111742069735603,62.625873247404705,28184,terpisah_di_nol,0.0
450,0.8615194905950515,1.7181574566250704,pbcseg_final_v1\MO_262081_ccrop_mask.png,pbcseg_final_v1\LY_342034_ccrop_mask.png,,True,0.0938848463647004,0.4939264761717549,0.4000416298070545,77.4919350642375,33752,terpisah_di_nol,0.0
451,0.9200995041837121,5.896212661358401,pbcseg_final_v1\MO_854235_ccrop_mask.png,pbcseg_final_v1\LY_311010_ccrop_mask.png,,True,0.5715569124894223,0.8362588469250432,0.26470193443562084,61.032778078668514,27615,terpisah_di_nol,0.0
452,0.8881099662755492,3.0252089289926065,pbcseg_final_v1\MO_198867_ccrop_mask.png,pbcseg_final_v1\LY_793947_ccrop_mask.png,,True,0.2084497955793622,0.6025499155123628,0.3941001199330006,83.773504164503,37429,terpisah_di_nol,0.0
453,0.979401033880688,3.8196490081347045,pbcseg_final_v1\MO_437728_ccrop_mask.png,pbcseg_final_v1\MO_121452_ccrop_mask.png,,True,0.6173531752084819,0.9196080754026027,0.30225490019412093,63.63961030678928,42413,terpisah_di_nol,0.0
454,0.8267072476029387,5.907672514353057,pbcseg_final_v1\MO_861803_ccrop_mask.png,pbcseg_final_v1\LY_148243_ccrop_mask.png,,True,0.17367660737762589,0.5647557595618791,0.39107915218425315,82.54089895318563,31017,terpisah_di_nol,0.0
455,0.7860538113791937,3.22682251980443,pbcseg_final_v1\MO_189358_ccrop_mask.png,pbcseg_final_v1\MO_977500_ccrop_mask.png,,True,0.42062951990942626,0.8753650327266026,0.45473551281717633,65.60487786742691,35745,terpisah_di_nol,0.0
464,0.7902149407242027,0.8565500028339154,pbcseg_final_v1\MO_262776_ccrop_mask.png,pbcseg_final_v1\MO_596170_ccrop_mask.png,,True,0.3457286808988684,0.9718786319765045,0.626149951077636,76.79192665899195,39266,terpisah_di_nol,0.0
465,0.8786734900243439,2.039644230236255,pbcseg_final_v1\MO_952670_ccrop_mask.png,pbcseg_final_v1\MO_77574_ccrop_mask.png,,True,0.47582637434382374,0.7571786389653873,0.28135226462156354,62.07253821135398,36511,terpisah_di_nol,0.0
466,0.9691855213996553,5.700894305802065,pbcseg_final_v1\MO_369094_ccrop_mask.png,pbcseg_final_v1\MO_77553_ccrop_mask.png,,True,0.44968246358913727,0.7273263790017718,0.27764391541263445,72.03471385380801,42420,terpisah_di_nol,0.0
467,0.880232110831128,4.442329897128646,pbcseg_final_v1\MO_590262_ccrop_mask.png,pbcseg_final_v1\LY_827566_ccrop_mask.png,,True,0.29254573151162977,0.734943148106314,0.44239741659468423,69.33974329343886,25044,terpisah_di_nol,0.0
468,0.8042316353029754,1.7406318886098016,pbcseg_final_v1\LY_284856_ccrop_mask.png,pbcseg_final_v1\MO_740559_ccrop_mask.png,,True,0.04552700503977653,0.5661000160339948,0.5205730109942184,76.69419795525604,30761,terpisah_di_nol,0.0
469,0.8136104674697501,5.111923514993064,pbcseg_final_v1\LY_888483_ccrop_mask.png,pbcseg_final_v1\MO_2221_ccrop_mask.png,,True,0.0811018178911771,0.7926495074718104,0.7115476895806333,59.09314681077663,23833,normal,0.03721614637823935
470,0.704795852485863,1.8335133837355135,pbcseg_final_v1\MO_416862_ccrop_mask.png,pbcseg_final_v1\LY_709834_ccrop_mask.png,,True,0.09176232891619077,0.7320067564535433,0.6402444275373526,77.27871634544663,29096,terpisah_di_nol,0.0
471,0.8689469802497876,5.730447436833276,pbcseg_final_v1\LY_87125_ccrop_mask.png,pbcseg_final_v1\LY_776689_ccrop_mask.png,,True,0.510375507964943,0.9443025558967689,0.433927047931826,45.27692569068709,16007,terpisah_di_nol,0.0
472,0.8655490286540897,3.9900850115455677,pbcseg_final_v1\MO_289610_ccrop_mask.png,pbcseg_final_v1\MO_121190_ccrop_mask.png,,True,0.2374868661442127,0.9017774576435627,0.66429059149935,64.66065264130884,32058,terpisah_di_nol,0.0
473,0.8868731509267858,4.0283135304629845,pbcseg_final_v1\LY_865656_ccrop_mask.png,pbcseg_final_v1\LY_860635_ccrop_mask.png,,True,0.4453102621005902,0.9765796768152301,0.5312694147146398,47.16990566028302,16691,normal,0.03351066437142454
474,0.888700533490824,0.650325494995945,pbcseg_final_v1\LY_517573_ccrop_mask.png,pbcseg_final_v1\MO_371825_ccrop_mask.png,,True,0.27160252662763834,0.697848633960772,0.4262461073331337,69.31810730249349,26106,terpisah_di_nol,0.0
475,0.8901851707401237,0.6307900378394813,pbcseg_final_v1\LY_643675_ccrop_mask.png,pbcseg_final_v1\MO_1524_ccrop_mask.png,,True,0.33810663330535806,0.6453325356997376,0.3072259023943795,56.0,23609,terpisah_di_nol,0.0
476,0.7881492853128077,4.051170320727493,pbcseg_final_v1\MO_89959_ccrop_mask.png,pbcseg_final_v1\MO_785200_ccrop_mask.png,,True,0.3120605004519505,0.95067506255719,0.6386145621052395,67.62396025078685,36376,terpisah_di_nol,0.0
477,0.9539108235647238,4.770555555125547,pbcseg_final_v1\LY_920111_ccrop_mask.png,pbcseg_final_v1\MO_47583_ccrop_mask.png,,True,0.16238006538569794,0.4191368221424547,0.25675675675675674,74.0,24467,terpisah_di_nol,0.0
478,0.9714833699249356,0.8499486969840007,pbcseg_final_v1\LY_752478_ccrop_mask.png,pbcseg_final_v1\MO_771921_ccrop_mask.png,,True,0.4594033911370871,0.7198719423500958,0.26046855121300866,73.348483283569,29457,terpisah_di_nol,0.0
479,0.8739793330042466,3.838966209533874,pbcseg_final_v1\LY_715395_ccrop_mask.png,pbcseg_final_v1\MO_903587_ccrop_mask.png,,True,0.322243176514061,0.7557189365836423,0.43347576006958133,63.63961030678928,20955,normal,0.026612314770617474
488,0.7503307068507664,1.041548022970611,pbcseg_final_v1\MO_706560_ccrop_mask.png,pbcseg_final_v1\LY_159509_ccrop_mask.png,,True,0.18755794442745913,0.900033874701256,0.7124759302737969,57.271284253105414,19790,normal,0.027777777777777776
489,0.8447911605635381,5.16141351222366,pbcseg_final_v1\MO_770326_ccrop_mask.png,pbcseg_final_v1\MO_560988_ccrop_mask.png,,True,0.31532878929910785,0.8054557253726192,0.4901269360735113,76.69419795525604,32084,terpisah_di_nol,0.0
490,0.72908607266659,3.8458837898916696,pbcseg_final_v1\LY_483388_ccrop_mask.png,pbcseg_final_v1\MO_345398_ccrop_mask.png,,True,0.04916582656439369,0.724611110085872,0.6754452835214783,67.0,23526,normal,0.024042351841717248
491,0.9589605296445491,6.231751745433296,pbcseg_final_v1\LY_26778_ccrop_mask.png,pbcseg_final_v1\MO_540869_ccrop_mask.png,,False,0.0,0.0,0.0,47.042533945356304,7989,tak_pernah_pecah,1.0
492,0.8637688619058324,5.771639140400949,pbcseg_final_v1\MO_985517_ccrop_mask.png,pbcseg_final_v1\LY_301320_ccrop_mask.png,,True,0.23554601585305904,0.6884920858754784,0.4529460700224194,74.96665925596525,30229,terpisah_di_nol,0.0
493,0.8561319120820259,0.24739320554293961,pbcseg_final_v1\LY_494497_ccrop_mask.png,pbcseg_final_v1\MO_601290_ccrop_mask.png,,True,0.4374245266573378,0.8323712394970649,0.3949467128397272,43.266615305567875,18479,terpisah_di_nol,0.0
494,0.7914213457915934,5.966595797446253,pbcseg_final_v1\MO_768961_ccrop_mask.png,pbcseg_final_v1\MO_676964_ccrop_mask.png,,True,0.3214022346359551,0.8984696969170184,0.5770674622810633,71.449282711585,43290,terpisah_di_nol,0.0
495,0.8522383998522406,3.495674442048256,pbcseg_final_v1\MO_618817_ccrop_mask.png,pbcseg_final_v1\LY_929629_ccrop_mask.png,,True,0.2848751332153523,0.8349404573514444,0.5500653241360921,57.48912940721924,25189,normal,0.030192333931958422
496,0.7861087311750075,3.9269974010072874,pbcseg_final_v1\LY_34670_ccrop_mask.png,pbcseg_final_v1\LY_440047_ccrop_mask.png,,True,0.29883660664697625,0.9626511359241433,0.6638145292771671,49.0,15315,normal,0.02509428066142478
497,0.9481323632171679,5.468656589193042,pbcseg_final_v1\MO_29749_ccrop_mask.png,pbcseg_final_v1\MO_554917_ccrop_mask.png,,True,0.6297976025316295,0.9654337842033027,0.3356361816716732,75.96051605933177,41077,terpisah_di_nol,0.0
498,0.9171193213974882,2.7177124396748624,pbcseg_final_v1\MO_236347_ccrop_mask.png,pbcseg_final_v1\LY_564317_ccrop_mask.png,,False,0.0850205504796858,0.9576370698438965,0.8726165193642107,57.584720195551874,21282,normal,0.5430845206369225
499,0.854583240731643,1.8191180629275931,pbcseg_final_v1\MO_785609_ccrop_mask.png,pbcseg_final_v1\LY_75762_ccrop_mask.png,,True,0.1674361403099434,0.5287255871178222,0.3612894468078789,85.44588931013593,34615,terpisah_di_nol,0.0
500,0.7422060044955597,1.0072887749075616,pbcseg_final_v1\LY_159509_ccrop_mask.png,pbcseg_final_v1\MO_723768_ccrop_mask.png,,True,0.0840097062367117,0.628330649933902,0.5443209436971903,82.03657720797473,30399,terpisah_di_nol,0.0
501,0.9669360132296266,6.013978631532147,pbcseg_final_v1\LY_962298_ccrop_mask.png,pbcseg_final_v1\MO_78471_ccrop_mask.png,,True,0.6172495624638541,0.7027283689263065,0.08547880646245244,63.0,32559,terpisah_di_nol,0.0
502,0.943201340377829,3.2997345365697908,pbcseg_final_v1\MO_111777_ccrop_mask.png,pbcseg_final_v1\LY_825373_ccrop_mask.png,,True,0.36752283428618127,0.5327088302060052,0.1651859959198239,72.89718787443039,24201,terpisah_di_nol,0.0
503,0.9309341897793015,4.293600333656747,pbcseg_final_v1\MO_753429_ccrop_mask.png,pbcseg_final_v1\LY_330674_ccrop_mask.png,,True,0.4835071678846008,0.8075963167647792,0.3240891488801783,67.7421582177598,25807,terpisah_di_nol,0.0
504,0.8933563761117721,0.613292140561123,pbcseg_final_v1\LY_894763_ccrop_mask.png,pbcseg_final_v1\LY_554979_ccrop_mask.png,,True,0.40591051607782463,0.8922636249663571,0.4863531088885325,46.61544808322666,14429,terpisah_di_nol,0.0
505,0.8385234327585604,1.657923651024426,pbcseg_final_v1\LY_75542_ccrop_mask.png,pbcseg_final_v1\MO_586423_ccrop_mask.png,,True,0.263498411803717,0.526996823607434,0.263498411803717,73.0,28626,terpisah_di_nol,0.0
506,0.8891061227553325,3.0419007932580575,pbcseg_final_v1\MO_640601_ccrop_mask.png,pbcseg_final_v1\MO_625714_ccrop_mask.png,,True,0.34974994259609826,0.9755307049242479,0.6257807623281496,64.0,38678,terpisah_di_nol,0.0
507,0.8271617237033115,4.538754433322161,pbcseg_final_v1\LY_188895_ccrop_mask.png,pbcseg_final_v1\MO_267923_ccrop_mask.png,,True,0.11597398838344469,0.6415623196110815,0.5255883312276367,76.10519036176179,28512,terpisah_di_nol,0.0
508,0.827716601037323,3.089105936657052,pbcseg_final_v1\MO_127949_ccrop_mask.png,pbcseg_final_v1\MO_228669_ccrop_mask.png,,True,0.21441527385860426,0.8606342238857494,0.6462189500271451,77.38862965578342,38204,terpisah_di_nol,0.0
509,0.9085245434805554,1.4071417722488917,pbcseg_final_v1\LY_827566_ccrop_mask.png,pbcseg_final_v1\MO_661575_ccrop_mask.png,,True,0.42569112342838494,0.8518810549730789,0.42618993154469387,59.405386961116584,21452,terpisah_di_nol,0.0
510,0.9155493713801393,5.396602089323266,pbcseg_final_v1\MO_299307_ccrop_mask.png,pbcseg_final_v1\LY_758422_ccrop_mask.png,,True,0.3674043030970552,0.8428874086575676,0.47548310556051243,56.0,18727,normal,0.027307730683968016
511,0.9010557414401562,5.066884087420956,pbcseg_final_v1\MO_979155_ccrop_mask.png,pbcseg_final_v1\MO_363879_ccrop_mask.png,,True,0.3266318923742615,0.9837938238817467,0.6571619315074853,64.5600495662759,37975,terpisah_di_nol,0.0
528,0.7239532488301893,1.0446653832318653,pbcseg_final_v1\LY_506533_ccrop_mask.png,pbcseg_final_v1\MO_723738_ccrop_mask.png,,True,0.1901975429924643,0.813524371968722,0.6233268289762577,69.8927750200262,25942,terpisah_di_nol,0.0
529,0.7246896671224863,0.9689745089959282,pbcseg_final_v1\MO_77553_ccrop_mask.png,pbcseg_final_v1\LY_825410_ccrop_mask.png,,True,0.05790606439115037,0.6493993047529192,0.5914932403617688,74.33034373659252,34602,terpisah_di_nol,0.0
530,0.9207759189036344,4.281381308967469,pbcseg_final_v1\LY_851299_ccrop_mask.png,pbcseg_final_v1\MO_468776_ccrop_mask.png,,True,0.09152597528267212,0.7703712157713455,0.6788452404886733,58.05170109479997,24825,terpisah_di_nol,0.0
531,0.9144367860163659,5.7205157578053685,pbcseg_final_v1\LY_81744_ccrop_mask.png,pbcseg_final_v1\LY_148243_ccrop_mask.png,,True,0.48588768164893137,0.9499679070317292,0.4640802253827978,46.61544808322666,15350,terpisah_di_nol,0.0
532,0.8315535267743115,0.6236912377552252,pbcseg_final_v1\MO_756261_ccrop_mask.png,pbcseg_final_v1\MO_832660_ccrop_mask.png,,True,0.28915714447746305,0.821124127686163,0.5319669832087001,79.30952023559341,35299,terpisah_di_nol,0.0
533,0.9265236684274587,2.9065918213860487,pbcseg_final_v1\LY_879256_ccrop_mask.png,pbcseg_final_v1\LY_661451_ccrop_mask.png,,True,0.5681568556407792,0.964362876368966,0.3962060207281867,48.54894437575342,15812,terpisah_di_nol,0.0
534,0.7033522441750734,0.8011216177669142,pbcseg_final_v1\MO_267447_ccrop_mask.png,pbcseg_final_v1\MO_678255_ccrop_mask.png,,True,0.06498186284463615,0.9052000920204331,0.8402182291757969,74.70609078247904,36602,terpisah_di_nol,0.0
535,0.8329776047640494,0.8627766447034134,pbcseg_final_v1\MO_826166_ccrop_mask.png,pbcseg_final_v1\LY_646314_ccrop_mask.png,,True,0.05582345101495605,0.47089664542845916,0.4150731944135031,82.05485969764375,28186,terpisah_di_nol,0.0
520,0.8322081339388379,4.111233438145861,pbcseg_final_v1\MO_707140_ccrop_mask.png,pbcseg_final_v1\MO_189116_ccrop_mask.png,,True,0.45673572114702443,0.9573551721382376,0.5006194509912132,69.57010852370435,38443,terpisah_di_nol,0.0
521,0.8595449616802129,5.267977908327607,pbcseg_final_v1\MO_361616_ccrop_mask.png,pbcseg_final_v1\LY_745253_ccrop_mask.png,,True,0.08784302776896112,0.6060915267313265,0.5182484989623654,63.0,23575,terpisah_di_nol,0.0
522,0.9363221991689717,2.9419152768761827,pbcseg_final_v1\LY_632165_ccrop_mask.png,pbcseg_final_v1\MO_423877_ccrop_mask.png,,True,0.22460115316841572,0.5652490001180175,0.3406478469496018,61.71709649683789,17833,terpisah_di_nol,0.0
523,0.8748939798237031,5.277863225764622,pbcseg_final_v1\MO_928617_ccrop_mask.png,pbcseg_final_v1\LY_570832_ccrop_mask.png,,True,0.037911106659639815,0.5339018585276223,0.49599075186798247,85.58621384311844,38245,terpisah_di_nol,0.0
524,0.9487960045388982,3.157655347932996,pbcseg_final_v1\LY_342545_ccrop_mask.png,pbcseg_final_v1\MO_661575_ccrop_mask.png,,True,0.4886048050742272,0.8088837993495105,0.3202789942752833,59.405386961116584,20810,terpisah_di_nol,0.0
525,0.9283393249100848,0.06540884187490012,pbcseg_final_v1\LY_592241_ccrop_mask.png,pbcseg_final_v1\LY_415793_ccrop_mask.png,,True,0.4433813603622998,0.8313400506793122,0.38795869031701236,54.12947441089743,18270,normal,0.02631578947368421
526,0.8309911325380965,1.3895645470900984,pbcseg_final_v1\MO_420300_ccrop_mask.png,pbcseg_final_v1\MO_266522_ccrop_mask.png,,True,0.3297455851528094,0.9074025477341529,0.5776569625813435,68.59300255857006,27839,terpisah_di_nol,0.0
527,0.7816388842374987,3.0327633388997812,pbcseg_final_v1\LY_660498_ccrop_mask.png,pbcseg_final_v1\MO_509828_ccrop_mask.png,,True,0.2001833800155366,0.6741460104832478,0.47396263046771125,70.76722405181653,31945,normal,0.023100171634912875
512,0.8435447589212731,3.121907882322564,pbcseg_final_v1\LY_363064_ccrop_mask.png,pbcseg_final_v1\MO_928617_ccrop_mask.png,,True,0.24426727581999338,0.6668679619288151,0.42260068610882173,73.35529974037323,34522,terpisah_di_nol,0.0
513,0.8778815558477355,2.3423470837254663,pbcseg_final_v1\MO_7195_ccrop_mask.png,pbcseg_final_v1\LY_680002_ccrop_mask.png,,True,0.16928243974840165,0.6099641292861551,0.44068168953775344,75.43208866258443,32431,terpisah_di_nol,0.0
514,0.800948447055603,2.382426520054963,pbcseg_final_v1\MO_435631_ccrop_mask.png,pbcseg_final_v1\LY_313032_ccrop_mask.png,,True,0.1941143481132168,0.7330026041424124,0.5388882560291955,76.10519036176179,29511,terpisah_di_nol,0.0
515,0.8329160436195125,0.7750582538402332,pbcseg_final_v1\LY_368040_ccrop_mask.png,pbcseg_final_v1\MO_718063_ccrop_mask.png,,True,0.2421066412068329,0.6752657053482523,0.4331590641414193,70.21395872616783,23595,terpisah_di_nol,0.0
516,0.7046132987819689,3.1949285388513635,pbcseg_final_v1\MO_772460_ccrop_mask.png,pbcseg_final_v1\MO_100695_ccrop_mask.png,,True,0.10472412789454551,0.5238227218271837,0.41909859393263815,76.83749084919418,37262,terpisah_di_nol,0.0
517,0.9208027595648562,2.837801200853053,pbcseg_final_v1\MO_228669_ccrop_mask.png,pbcseg_final_v1\MO_444848_ccrop_mask.png,,True,0.28764915648306316,0.7359347797189639,0.4482856232359007,79.05694150420949,34775,terpisah_di_nol,0.0
518,0.9453133977526152,1.577667367087106,pbcseg_final_v1\MO_123180_ccrop_mask.png,pbcseg_final_v1\LY_130316_ccrop_mask.png,,True,0.32453630871461875,0.5681803191292394,0.24364401041462058,73.87827826905551,23817,terpisah_di_nol,0.0
519,0.9317502954450803,0.8148506353197198,pbcseg_final_v1\LY_923038_ccrop_mask.png,pbcseg_final_v1\MO_526870_ccrop_mask.png,,True,0.21134157134803955,0.5514688838175181,0.3401273124694786,79.0,29458,normal,0.024154307519818494
544,0.7887805693805443,6.148087143848817,pbcseg_final_v1\LY_57617_ccrop_mask.png,pbcseg_final_v1\MO_884136_ccrop_mask.png,,True,0.1893477408980611,0.7794974618834051,0.5901497209853439,64.41273166075166,21462,terpisah_di_nol,0.0
545,0.9721962734958873,0.4297218918452069,pbcseg_final_v1\MO_715604_ccrop_mask.png,pbcseg_final_v1\LY_81076_ccrop_mask.png,,False,0.0,0.0,0.0,63.953107821277925,13601,normal,0.806225774829855
546,0.7210181963860476,3.8992456025208297,pbcseg_final_v1\LY_607326_ccrop_mask.png,pbcseg_final_v1\MO_634829_ccrop_mask.png,,True,0.07571316976876029,0.8580825907126168,0.7823694209438565,56.0357029044876,24385,terpisah_di_nol,0.0
547,0.8039161048815157,4.987295856696025,pbcseg_final_v1\MO_2733_ccrop_mask.png,pbcseg_final_v1\LY_833948_ccrop_mask.png,,True,0.1901483107818644,0.7642477793374702,0.5740994685556059,82.80700453464067,40627,terpisah_di_nol,0.0
548,0.9586763970271783,6.164778585988041,pbcseg_final_v1\LY_905003_ccrop_mask.png,pbcseg_final_v1\MO_321941_ccrop_mask.png,,True,0.6173386558664039,0.9081089200167256,0.2907702641503217,62.0,26223,terpisah_di_nol,0.0
549,0.8416666044699705,3.538741087410964,pbcseg_final_v1\LY_986779_ccrop_mask.png,pbcseg_final_v1\LY_758422_ccrop_mask.png,,True,0.463486869254989,0.97546195841559,0.5119750891606011,47.20169488482379,14995,terpisah_di_nol,0.0
550,0.7056125860758364,5.841707458785375,pbcseg_final_v1\MO_842297_ccrop_mask.png,pbcseg_final_v1\LY_696243_ccrop_mask.png,,True,0.08211424433705275,0.7324908342478477,0.6503765899107949,75.71657678474378,37955,terpisah_di_nol,0.0
551,0.7344234664257502,1.988213422231939,pbcseg_final_v1\LY_707158_ccrop_mask.png,pbcseg_final_v1\LY_198818_ccrop_mask.png,,True,0.11106992322405936,0.7755843109348276,0.6645143877107683,49.8196748283246,13018,terpisah_di_nol,0.0
536,0.7716288533294163,2.9260694060653236,pbcseg_final_v1\MO_499693_ccrop_mask.png,pbcseg_final_v1\LY_562164_ccrop_mask.png,,True,0.05963902778327283,0.6558689445004374,0.5962299167171646,68.9492567037528,25563,terpisah_di_nol,0.0
537,0.9058835607546284,4.217052558889192,pbcseg_final_v1\LY_528736_ccrop_mask.png,pbcseg_final_v1\MO_500556_ccrop_mask.png,,True,0.12366249084949055,0.5684791943967429,0.4448167035472524,75.53806987208503,29603,terpisah_di_nol,0.0
538,0.7559260935615939,3.054574250856645,pbcseg_final_v1\LY_650769_ccrop_mask.png,pbcseg_final_v1\LY_599020_ccrop_mask.png,,True,0.24382853303298035,0.8964994925855706,0.6526709595525902,49.24428900898052,14612,normal,0.028295591748714637
539,0.8365333914293464,0.7157195197438777,pbcseg_final_v1\LY_488343_ccrop_mask.png,pbcseg_final_v1\MO_450401_ccrop_mask.png,,True,0.0768152471156528,0.5322384697378502,0.4554232226221973,71.42128534267638,22308,normal,0.05439282932204212
540,0.7141926048708246,4.43441186825821,pbcseg_final_v1\MO_807936_ccrop_mask.png,pbcseg_final_v1\LY_519097_ccrop_mask.png,,True,0.04059543635518046,0.8119087271036078,0.7713132907484274,55.08175741568164,22882,terpisah_di_nol,0.0
541,0.9317372328832324,5.584026390177417,pbcseg_final_v1\MO_928388_ccrop_mask.png,pbcseg_final_v1\MO_246991_ccrop_mask.png,,True,0.6701219890598239,0.978126812470577,0.308004823410753,61.0,34642,terpisah_di_nol,0.0
542,0.7691402702834711,0.8764384773074123,pbcseg_final_v1\LY_268736_ccrop_mask.png,pbcseg_final_v1\MO_83718_ccrop_mask.png,,True,0.38579052228657484,0.709707020824927,0.32391649853835214,58.249463516842795,24234,terpisah_di_nol,0.0
543,0.8024910691515309,2.436949056601755,pbcseg_final_v1\MO_385446_ccrop_mask.png,pbcseg_final_v1\MO_834548_ccrop_mask.png,,True,0.2716690263038182,0.9590073459171907,0.6873383196133726,75.1065909225016,40883,terpisah_di_nol,0.0
552,0.8156901470071974,0.975349291434921,pbcseg_final_v1\LY_981098_ccrop_mask.png,pbcseg_final_v1\MO_30511_ccrop_mask.png,,True,0.11220655943819084,0.6783426699654501,0.5661361105272593,68.59300255857006,24896,normal,0.02630668208823282
553,0.8178860869642061,1.3725086648684435,pbcseg_final_v1\MO_452917_ccrop_mask.png,pbcseg_final_v1\MO_748904_ccrop_mask.png,,True,0.11374581812599188,0.9906836842686368,0.8769378661426449,68.8839603971781,37523,terpisah_di_nol,0.0
554,0.7165579873184574,4.296448726089792,pbcseg_final_v1\LY_299709_ccrop_mask.png,pbcseg_final_v1\LY_607326_ccrop_mask.png,,True,0.206146629608647,0.9666118773327681,0.760465247724121,45.34313619501854,13042,normal,0.026870460745022952
555,0.8831795687763413,1.9921642883044446,pbcseg_final_v1\LY_349836_ccrop_mask.png,pbcseg_final_v1\MO_89346_ccrop_mask.png,,True,0.2964033750097389,0.7054055872431569,0.40900221223341804,73.55270219373317,29612,terpisah_di_nol,0.0
556,0.9274657399567212,5.998234601757374,pbcseg_final_v1\MO_258001_ccrop_mask.png,pbcseg_final_v1\LY_414119_ccrop_mask.png,,True,0.6474228987208152,0.6774041662806496,0.029981267559834456,66.70832032063167,31091,terpisah_di_nol,0.0
557,0.8334165761075334,2.3547513557555115,pbcseg_final_v1\LY_534632_ccrop_mask.png,pbcseg_final_v1\LY_462086_ccrop_mask.png,,True,0.30477685183921116,0.9419753278341079,0.6371984759948968,46.8187996428785,14876,terpisah_di_nol,0.0
558,0.8727247190285703,5.0687908946656846,pbcseg_final_v1\LY_744989_ccrop_mask.png,pbcseg_final_v1\LY_962298_ccrop_mask.png,,True,0.8927823167277711,0.9432899439553817,0.05050762722761054,44.27188724235731,16694,terpisah_di_nol,0.0
559,0.8079714679907417,4.852418551175575,pbcseg_final_v1\LY_365740_ccrop_mask.png,pbcseg_final_v1\MO_171455_ccrop_mask.png,,True,0.26039494753282233,0.7753277658357919,0.5149328183029696,59.413803110051795,25991,terpisah_di_nol,0.0
568,0.90974394984286,5.0897479576833256,pbcseg_final_v1\MO_357657_ccrop_mask.png,pbcseg_final_v1\MO_207089_ccrop_mask.png,,True,0.08060988105420505,0.7291334582194028,0.6485235771651977,61.71709649683789,26934,normal,0.02370227315699886
569,0.869214275421778,3.670996117459313,pbcseg_final_v1\MO_379315_ccrop_mask.png,pbcseg_final_v1\LY_81076_ccrop_mask.png,,True,0.22746966138010266,0.600832755431992,0.3733630940518894,70.71067811865476,26280,terpisah_di_nol,0.0
570,0.9191998192265458,6.196826514796972,pbcseg_final_v1\LY_751218_ccrop_mask.png,pbcseg_final_v1\LY_642004_ccrop_mask.png,,True,0.30380573275607703,0.6328320808573173,0.3290263481012403,61.465437442517235,19232,normal,0.07362101738323104
571,0.723579043954921,0.13895451235390066,pbcseg_final_v1\MO_765056_ccrop_mask.png,pbcseg_final_v1\LY_776689_ccrop_mask.png,,True,0.11130253803717012,0.6627135046075259,0.5514109665703558,70.9365914038728,28685,terpisah_di_nol,0.0
572,0.7956869565498863,2.9562336256271498,pbcseg_final_v1\LY_659167_ccrop_mask.png,pbcseg_final_v1\MO_85774_ccrop_mask.png,,True,0.05211309339702553,0.5768305550963679,0.5247174616993424,74.54528824815154,28567,terpisah_di_nol,0.0
573,0.9337766573421351,0.5006139565640069,pbcseg_final_v1\LY_75762_ccrop_mask.png,pbcseg_final_v1\MO_600892_ccrop_mask.png,,True,0.30080258478134414,0.5950220555050008,0.29421947072365656,76.0,30322,terpisah_di_nol,0.0
574,0.9707051430252052,0.5202188787175743,pbcseg_final_v1\LY_95557_ccrop_mask.png,pbcseg_final_v1\LY_34151_ccrop_mask.png,,True,0.5034744731583575,0.9318641804578056,0.4283897072994481,51.19570294468082,18833,normal,0.02281583237981377
575,0.830515735059059,3.2363716773282247,pbcseg_final_v1\MO_973825_ccrop_mask.png,pbcseg_final_v1\MO_727663_ccrop_mask.png,,True,0.3159161044698122,0.9976245116499791,0.6817084071801669,56.22277118748239,25999,terpisah_di_nol,0.0
560,0.7743232441350469,0.7897850280691554,pbcseg_final_v1\MO_548871_ccrop_mask.png,pbcseg_final_v1\MO_702940_ccrop_mask.png,,True,0.05744482343445712,0.7262110921320126,0.6687662686975555,86.31338250816034,43329,normal,0.02315584223237446
561,0.7845050120820558,1.7651745594102615,pbcseg_final_v1\MO_819505_ccrop_mask.png,pbcseg_final_v1\LY_736101_ccrop_mask.png,,True,0.036742552183599085,0.5056308461285027,0.4688882939449036,85.86617494683223,30681,terpisah_di_nol,0.0
562,0.8062613486592709,4.648375817929691,pbcseg_final_v1\MO_974962_ccrop_mask.png,pbcseg_final_v1\LY_322720_ccrop_mask.png,,True,0.20277565379420112,0.9685834224029679,0.7658077686087668,57.0087712549569,31252,terpisah_di_nol,0.0
563,0.7964294399762768,0.13700078447746664,pbcseg_final_v1\MO_552828_ccrop_mask.png,pbcseg_final_v1\MO_581079_ccrop_mask.png,,True,0.3195035841802613,0.6931178623683136,0.3736142781880524,69.6419413859206,38048,terpisah_di_nol,0.0
564,0.7603159376687663,3.6544756649537145,pbcseg_final_v1\MO_952489_ccrop_mask.png,pbcseg_final_v1\MO_833433_ccrop_mask.png,,True,0.29711189112439673,0.966054032584661,0.6689421414602643,67.60177512462228,27977,terpisah_di_nol,0.0
565,0.83103864521559,1.37053639189603,pbcseg_final_v1\MO_444171_ccrop_mask.png,pbcseg_final_v1\MO_611333_ccrop_mask.png,,True,0.2103670640813288,0.8120280900737579,0.601661025992429,67.0,31060,terpisah_di_nol,0.0
566,0.8917526856152496,3.866126336950078,pbcseg_final_v1\MO_352633_ccrop_mask.png,pbcseg_final_v1\LY_47439_ccrop_mask.png,,True,0.20182969547653154,0.6562322799917848,0.4544025845152533,63.8200595424354,19876,normal,0.030082841879809342
567,0.8191300161880621,5.430115304316052,pbcseg_final_v1\LY_693776_ccrop_mask.png,pbcseg_final_v1\LY_338197_ccrop_mask.png,,True,0.38313083028574285,0.9067833157760702,0.5236524854903274,51.31276644267,17363,normal,0.03569153051241249
584,0.8807881927711763,5.681945478389592,pbcseg_final_v1\LY_869994_ccrop_mask.png,pbcseg_final_v1\MO_903914_ccrop_mask.png,,True,0.24963785967682287,0.5508587152826645,0.3012208556058416,68.3593446428504,22279,terpisah_di_nol,0.0
585,0.9074413441424591,5.129944649022854,pbcseg_final_v1\MO_756261_ccrop_mask.png,pbcseg_final_v1\MO_504276_ccrop_mask.png,,True,0.27834910721711525,0.8202260058282367,0.5418768986111214,79.2464510246358,38532,terpisah_di_nol,0.0
586,0.9078599588097513,4.170586466605912,pbcseg_final_v1\MO_832241_ccrop_mask.png,pbcseg_final_v1\LY_600174_ccrop_mask.png,,True,0.16822650886306637,0.6866501799327493,0.518423671069683,69.06518659932803,30244,terpisah_di_nol,0.0
587,0.7732802150130652,2.236822656776438,pbcseg_final_v1\MO_200691_ccrop_mask.png,pbcseg_final_v1\MO_675551_ccrop_mask.png,,True,0.3105466645794169,0.9174632752247573,0.6069166106453404,80.39900496896712,41552,terpisah_di_nol,0.0
588,0.7276401814295271,1.92924461207402,pbcseg_final_v1\LY_961135_ccrop_mask.png,pbcseg_final_v1\LY_196753_ccrop_mask.png,,True,0.22298824387414987,0.8919529754965995,0.6689647316224496,42.5440947723653,10799,normal,0.029260286799032642
589,0.8090367389288168,3.8342034180243028,pbcseg_final_v1\MO_813846_ccrop_mask.png,pbcseg_final_v1\MO_401220_ccrop_mask.png,,True,0.35100791845367585,0.9225153021812813,0.5715073837276055,60.207972893961475,27844,terpisah_di_nol,0.0
590,0.879877202707516,3.738101073153194,pbcseg_final_v1\LY_586901_ccrop_mask.png,pbcseg_final_v1\LY_839729_ccrop_mask.png,,True,0.4069628477341755,0.9953112531487276,0.5883484054145521,43.86342439892262,16839,terpisah_di_nol,0.0
591,0.7685424195878701,0.10152033859070028,pbcseg_final_v1\LY_358166_ccrop_mask.png,pbcseg_final_v1\MO_913449_ccrop_mask.png,,True,0.21195452549247534,0.5954748741677136,0.38352034867523827,71.16881339463234,33498,terpisah_di_nol,0.0
576,0.7198226946243569,1.2865197791283545,pbcseg_final_v1\LY_387243_ccrop_mask.png,pbcseg_final_v1\LY_752828_ccrop_mask.png,,True,0.23275887784692068,0.9581018649775551,0.7253429871306344,49.49747468305833,15435,terpisah_di_nol,0.0
577,0.7709009393597266,3.865710986005174,pbcseg_final_v1\LY_962298_ccrop_mask.png,pbcseg_final_v1\MO_104742_ccrop_mask.png,,True,0.06368198932094338,0.848356926696707,0.7846749373757637,55.036351623268054,26874,terpisah_di_nol,0.0
578,0.7462691073772874,4.66220755613174,pbcseg_final_v1\LY_776045_ccrop_mask.png,pbcseg_final_v1\MO_739789_ccrop_mask.png,,True,0.2752980565474952,0.9897746264248671,0.714476569877372,57.38466694161429,23010,terpisah_di_nol,0.0
579,0.8600072754052335,4.289460761115913,pbcseg_final_v1\MO_617263_ccrop_mask.png,pbcseg_final_v1\LY_637341_ccrop_mask.png,,True,0.20784606028602112,0.6964926710427946,0.48864661075677346,70.0,24375,terpisah_di_nol,0.0
580,0.8055104822404634,5.938894024861178,pbcseg_final_v1\MO_14801_ccrop_mask.png,pbcseg_final_v1\MO_485774_ccrop_mask.png,,True,0.14227887767284367,0.7919581149491288,0.6496792372762851,86.64871608973787,46358,terpisah_di_nol,0.0
581,0.8237753988960897,5.54579956191872,pbcseg_final_v1\LY_527440_ccrop_mask.png,pbcseg_final_v1\MO_103089_ccrop_mask.png,,True,0.3378797897464541,0.9342220930095881,0.596342303263134,54.0,18750,terpisah_di_nol,0.0
582,0.7240056745517179,1.3431973478241197,pbcseg_final_v1\LY_696961_ccrop_mask.png,pbcseg_final_v1\LY_879256_ccrop_mask.png,,True,0.19104970420884362,0.9120474099014948,0.7209977056926512,47.095647357266465,13521,terpisah_di_nol,0.0
583,0.8814266654196032,4.729059257550842,pbcseg_final_v1\MO_317584_ccrop_mask.png,pbcseg_final_v1\MO_852132_ccrop_mask.png,,True,0.12170059324875525,0.8624977907359475,0.7407971974871922,70.7248188403477,37192,terpisah_di_nol,0.0
592,0.8799427235843588,5.476851425594343,pbcseg_final_v1\MO_963169_ccrop_mask.png,pbcseg_final_v1\MO_29749_ccrop_mask.png,,True,0.36162089406626674,0.9040680592709774,0.5424471652047107,76.32168761236873,45381,terpisah_di_nol,0.0
593,0.7402974771328377,2.8930528193323255,pbcseg_final_v1\LY_834838_ccrop_mask.png,pbcseg_final_v1\MO_308226_ccrop_mask.png,,True,0.15890643274840735,0.7742910481330227,0.6153846153846154,65.0,28812,terpisah_di_nol,0.0
594,0.956733859126794,1.5244479671937006,pbcseg_final_v1\MO_927827_ccrop_mask.png,pbcseg_final_v1\LY_25363_ccrop_mask.png,,True,0.5878521103218036,0.824333198744251,0.23648108842244747,66.18912297349165,26414,terpisah_di_nol,0.0
595,0.7286596109619236,4.544935432722011,pbcseg_final_v1\MO_702281_ccrop_mask.png,pbcseg_final_v1\MO_436409_ccrop_mask.png,,True,0.14325772464913908,0.7965114733860738,0.6532537487369346,82.86132994346639,37720,terpisah_di_nol,0.0
596,0.9306232250202795,1.645761271393782,pbcseg_final_v1\LY_355226_ccrop_mask.png,pbcseg_final_v1\LY_565758_ccrop_mask.png,,True,0.5548547273273207,0.9647286592468789,0.40987393191955823,48.79549159502341,16173,terpisah_di_nol,0.0
597,0.9278077476841803,1.1002974395154048,pbcseg_final_v1\MO_436409_ccrop_mask.png,pbcseg_final_v1\MO_659792_ccrop_mask.png,,True,0.5479876404545837,0.9545454545454546,0.4065578140908709,66.0,35789,terpisah_di_nol,0.0
598,0.7040730520410298,0.6307008855258228,pbcseg_final_v1\MO_448293_ccrop_mask.png,pbcseg_final_v1\MO_6446_ccrop_mask.png,,True,0.17246843339570916,0.9053574604251852,0.732889027029476,72.00694410957877,31808,terpisah_di_nol,0.0
599,0.8444817377623921,0.13346303743210997,pbcseg_final_v1\LY_69259_ccrop_mask.png,pbcseg_final_v1\MO_2733_ccrop_mask.png,,True,0.10979032705778849,0.5868181622577436,0.4770278351999552,75.0,32152,terpisah_di_nol,0.0
600,0.7337481126090278,0.20400728498885737,pbcseg_final_v1\LY_199868_ccrop_mask.png,pbcseg_final_v1\MO_457419_ccrop_mask.png,,True,0.0,0.0,0.0,79.88116173416608,35043,terpisah_di_nol,0.0
601,0.8742272126424526,1.5728692275788894,pbcseg_final_v1\LY_925672_ccrop_mask.png,pbcseg_final_v1\MO_405929_ccrop_mask.png,,True,0.18344501456799706,0.5650239619364181,0.3815789473684211,76.0,30006,terpisah_di_nol,0.0
602,0.8531372680399016,0.2499402791715576,pbcseg_final_v1\MO_649150_ccrop_mask.png,pbcseg_final_v1\MO_192236_ccrop_mask.png,,True,0.26011692396887715,0.7658061083263209,0.5056891843574437,79.32212806020776,42325,terpisah_di_nol,0.0
603,0.91022066527554,4.658828973840556,pbcseg_final_v1\MO_225079_ccrop_mask.png,pbcseg_final_v1\MO_437529_ccrop_mask.png,,True,0.3327517973787229,0.9720121873246714,0.6392603899459486,72.11102550927978,39281,terpisah_di_nol,0.0
604,0.9053029250439955,0.13950616766994167,pbcseg_final_v1\MO_216533_ccrop_mask.png,pbcseg_final_v1\MO_621225_ccrop_mask.png,,True,0.5452103959323702,0.9295441289049698,0.38433373297259976,61.84658438426491,34446,terpisah_di_nol,0.0
605,0.820193969906881,3.3249371434409705,pbcseg_final_v1\LY_562164_ccrop_mask.png,pbcseg_final_v1\MO_330695_ccrop_mask.png,,True,0.19207379710311767,0.6478236306198257,0.45574983351670806,70.21395872616783,29093,terpisah_di_nol,0.0
606,0.7941128839539637,0.11931339343245509,pbcseg_final_v1\LY_359031_ccrop_mask.png,pbcseg_final_v1\MO_689589_ccrop_mask.png,,True,0.18917147567765075,0.9617896061342199,0.7726181304565691,50.47771785649585,21370,normal,0.023408229439226113
607,0.7763544952402273,0.5856287789857125,pbcseg_final_v1\MO_253182_ccrop_mask.png,pbcseg_final_v1\MO_84571_ccrop_mask.png,,True,0.3147888355817637,0.9946461050813059,0.6798572694995422,77.41446893184762,41397,terpisah_di_nol,0.0
608,0.7884627704830406,0.2431814846272421,pbcseg_final_v1\MO_997225_ccrop_mask.png,pbcseg_final_v1\LY_299340_ccrop_mask.png,,True,0.08563769709841473,0.527625607759097,0.44198791066068227,85.28774824088158,35333,normal,0.02450715406979359
609,0.927025698553053,3.0822265976347984,pbcseg_final_v1\MO_314702_ccrop_mask.png,pbcseg_final_v1\LY_875657_ccrop_mask.png,,True,0.31817761347356655,0.6361846451917696,0.3180070317182031,67.88225099390856,26061,terpisah_di_nol,0.0
610,0.7207665321234044,0.3066884581000438,pbcseg_final_v1\MO_220143_ccrop_mask.png,pbcseg_final_v1\LY_400910_ccrop_mask.png,,True,0.12113076578421361,0.6292963251267437,0.50816555934253,75.96051605933177,27270,terpisah_di_nol,0.0
611,0.8596231010453249,2.5951473764410253,pbcseg_final_v1\MO_574035_ccrop_mask.png,pbcseg_final_v1\LY_829659_ccrop_mask.png,,True,0.1556491251666986,0.6047343504954484,0.44908522532874984,73.24616030891995,28771,terpisah_di_nol,0.0
612,0.8373045286676064,2.194957539016262,pbcseg_final_v1\LY_819068_ccrop_mask.png,pbcseg_final_v1\LY_54448_ccrop_mask.png,,True,0.24344035168511802,0.8408128758141322,0.5973725241290142,47.16990566028302,14448,normal,0.0271763212599322
613,0.8059716100461445,0.01509704065778304,pbcseg_final_v1\LY_384251_ccrop_mask.png,pbcseg_final_v1\MO_372222_ccrop_mask.png,,True,0.12092098915363977,0.5926447275338459,0.4717237383802061,76.84399781375251,33730,normal,0.023570226039551584
614,0.8733343644458265,0.5636762195763457,pbcseg_final_v1\MO_406508_ccrop_mask.png,pbcseg_final_v1\MO_229532_ccrop_mask.png,,True,0.10494065636169625,0.6914158783069944,0.5864752219452981,78.43468620451031,37567,terpisah_di_nol,0.0
615,0.7018931984316502,0.21356604820637978,pbcseg_final_v1\LY_785608_ccrop_mask.png,pbcseg_final_v1\MO_721856_ccrop_mask.png,,True,0.006572595259747218,0.5002332478218234,0.4936606525620762,86.6083136886985,31520,terpisah_di_nol,0.0
624,0.9208331387743789,5.10441083387326,pbcseg_final_v1\MO_338834_ccrop_mask.png,pbcseg_final_v1\MO_417623_ccrop_mask.png,,True,0.34275128824054185,0.6570924355517587,0.3143411473112168,84.52810183601665,37201,terpisah_di_nol,0.0
625,0.8372209412783541,1.9915043819631602,pbcseg_final_v1\LY_193211_ccrop_mask.png,pbcseg_final_v1\LY_810594_ccrop_mask.png,,True,0.38866818767683436,0.9501678752188598,0.5614996875420255,51.92301994298868,17461,terpisah_di_nol,0.0
626,0.7675013533471166,1.4312685658853883,pbcseg_final_v1\LY_764506_ccrop_mask.png,pbcseg_final_v1\LY_550491_ccrop_mask.png,,True,0.2469377357836733,0.9398346262340173,0.692896890450344,43.41658669218482,12708,terpisah_di_nol,0.0
627,0.709833259169994,5.709039857186386,pbcseg_final_v1\LY_562157_ccrop_mask.png,pbcseg_final_v1\MO_699279_ccrop_mask.png,,True,0.0,0.0,0.0,77.4919350642375,30542,normal,0.062017367294604234
628,0.7516463735728671,3.163432499689258,pbcseg_final_v1\MO_745810_ccrop_mask.png,pbcseg_final_v1\LY_832775_ccrop_mask.png,,True,0.025261011641927653,0.46164627578982725,0.4363852641478996,80.49844718999243,26259,terpisah_di_nol,0.0
629,0.962600706634354,2.8665483893533077,pbcseg_final_v1\MO_85698_ccrop_mask.png,pbcseg_final_v1\MO_51985_ccrop_mask.png,,False,0.0,0.0,0.0,70.51950084905593,20217,normal,0.5625571866355403
630,0.8758033418524485,4.1452513345923565,pbcseg_final_v1\MO_181047_ccrop_mask.png,pbcseg_final_v1\LY_485238_ccrop_mask.png,,True,0.17509802770797353,0.5474322195269042,0.3723341918189307,79.30952023559341,27377,terpisah_di_nol,0.0
631,0.7705118159178278,0.5451179701011072,pbcseg_final_v1\MO_657432_ccrop_mask.png,pbcseg_final_v1\LY_211339_ccrop_mask.png,,True,0.12517052156382943,0.7308114770499387,0.6056409554861093,78.77182237323191,30897,terpisah_di_nol,0.0
640,0.8563414802802299,1.7984268749112027,pbcseg_final_v1\LY_954369_ccrop_mask.png,pbcseg_final_v1\MO_362118_ccrop_mask.png,,True,0.41338756333431786,0.946595825158429,0.5332082618241111,60.53924347066124,24822,normal,0.023557142371577276
641,0.9421941886909349,1.271324524768747,pbcseg_final_v1\MO_613852_ccrop_mask.png,pbcseg_final_v1\LY_51625_ccrop_mask.png,,True,0.5056766703050614,0.5866128507310286,0.08093618042596729,69.8927750200262,30819,terpisah_di_nol,0.0
642,0.8409531807407236,4.3929977141405505,pbcseg_final_v1\MO_159321_ccrop_mask.png,pbcseg_final_v1\LY_273418_ccrop_mask.png,,True,0.15166092644138732,0.6025033169488105,0.4508423905074232,77.15568676384133,27557,terpisah_di_nol,0.0
643,0.7504614938490639,1.2277525170355994,pbcseg_final_v1\MO_56423_ccrop_mask.png,pbcseg_final_v1\MO_256427_ccrop_mask.png,,True,0.10693459125451374,0.7225272080002293,0.6155926167457155,78.10889834071403,30943,terpisah_di_nol,0.0
644,0.8175102670418039,3.419614509595664,pbcseg_final_v1\LY_640533_ccrop_mask.png,pbcseg_final_v1\LY_404823_ccrop_mask.png,,True,0.19853760750811122,0.7353675210498318,0.5368299135417206,54.817880294662984,16674,terpisah_di_nol,0.0
645,0.7577255610884065,5.311736806903108,pbcseg_final_v1\MO_466891_ccrop_mask.png,pbcseg_final_v1\MO_409991_ccrop_mask.png,,True,0.30113009136047214,0.9732847666506547,0.6721546752901826,65.76473218982953,39610,terpisah_di_nol,0.0
646,0.8040840323275704,5.35272503209889,pbcseg_final_v1\LY_414639_ccrop_mask.png,pbcseg_final_v1\LY_323391_ccrop_mask.png,,True,0.1525426877889192,0.850712770543085,0.6981700827541658,48.46648326421054,14117,terpisah_di_nol,0.0
647,0.8639289331397281,5.744475629553062,pbcseg_final_v1\LY_219603_ccrop_mask.png,pbcseg_final_v1\LY_291851_ccrop_mask.png,,True,0.4302758683099978,0.9317164969387232,0.5014406286287254,49.25444142409901,16327,terpisah_di_nol,0.0
632,0.9510690500679848,1.0453642944536228,pbcseg_final_v1\LY_530877_ccrop_mask.png,pbcseg_final_v1\MO_149116_ccrop_mask.png,,True,0.3285000151459049,0.6433511063358898,0.3148510911899849,67.0,25426,terpisah_di_nol,0.0
633,0.8505243980494077,0.11006995353363543,pbcseg_final_v1\MO_455421_ccrop_mask.png,pbcseg_final_v1\MO_600210_ccrop_mask.png,,True,0.3005434284522411,0.655554777357089,0.3550113489048479,79.32212806020776,46091,terpisah_di_nol,0.0
634,0.9584044369636064,4.457851612059815,pbcseg_final_v1\LY_294345_ccrop_mask.png,pbcseg_final_v1\MO_275440_ccrop_mask.png,,True,0.15923730058745886,0.4445697823717301,0.28533248178427123,73.68174807915459,24484,terpisah_di_nol,0.0
635,0.7577403872935902,5.215040278833911,pbcseg_final_v1\MO_832660_ccrop_mask.png,pbcseg_final_v1\LY_875873_ccrop_mask.png,,True,0.19508495226913755,0.8080732463136449,0.6129882940445073,64.35060217278468,21785,terpisah_di_nol,0.0
636,0.7458064963258274,4.3532082564872026,pbcseg_final_v1\LY_107981_ccrop_mask.png,pbcseg_final_v1\LY_13652_ccrop_mask.png,,True,0.11536741349009776,0.7735849056603774,0.6582174921702796,53.0,15269,terpisah_di_nol,0.0
637,0.7648305693937194,1.9127671766609609,pbcseg_final_v1\MO_149181_ccrop_mask.png,pbcseg_final_v1\LY_273042_ccrop_mask.png,,True,0.20967444915191683,0.8175255625344235,0.6078511133825067,62.96824596572466,27014,terpisah_di_nol,0.0
638,0.9238679377523096,4.111834671328017,pbcseg_final_v1\LY_483585_ccrop_mask.png,pbcseg_final_v1\MO_103089_ccrop_mask.png,,True,0.48710181025382265,0.8747831432763143,0.38768133302249164,60.876925020897694,23640,terpisah_di_nol,0.0
639,0.9299022012670366,3.305430756622216,pbcseg_final_v1\LY_545090_ccrop_mask.png,pbcseg_final_v1\LY_386792_ccrop_mask.png,,True,0.47834636029883765,0.9387755102040817,0.460429149905244,49.0,16251,terpisah_di_nol,0.0
616,0.7239130323450996,4.131188917691894,pbcseg_final_v1\MO_894356_ccrop_mask.png,pbcseg_final_v1\MO_762412_ccrop_mask.png,,True,0.22425317013849716,0.9555593082152609,0.7313061380767637,65.86349520030045,29146,terpisah_di_nol,0.0
617,0.8156603617425265,0.33938435503157094,pbcseg_final_v1\MO_493402_ccrop_mask.png,pbcseg_final_v1\LY_171137_ccrop_mask.png,,True,0.23322707829812,0.7189495350729258,0.4857224567748058,62.51399843235114,21672,terpisah_di_nol,0.0
618,0.8839502755253249,1.187653918650845,pbcseg_final_v1\LY_272801_ccrop_mask.png,pbcseg_final_v1\LY_754771_ccrop_mask.png,,True,0.34344654951065423,0.8647941098660514,0.5213475603553972,55.226805085936306,19817,normal,0.024028466566610635
619,0.9064108355782509,5.262626814870853,pbcseg_final_v1\LY_359444_ccrop_mask.png,pbcseg_final_v1\MO_189829_ccrop_mask.png,,True,0.23103671694990283,0.7427813527082074,0.5117446357583046,65.5133574166368,29687,normal,0.025118017965166415
620,0.919743906685685,6.262888550996402,pbcseg_final_v1\MO_302771_ccrop_mask.png,pbcseg_final_v1\LY_283526_ccrop_mask.png,,True,0.36191323240369805,0.5939412517993132,0.2320280193956152,82.0,34298,terpisah_di_nol,0.0
621,0.9358612550729194,0.2260442453729456,pbcseg_final_v1\MO_715604_ccrop_mask.png,pbcseg_final_v1\LY_837910_ccrop_mask.png,,True,0.32544116545614704,0.6326487957607334,0.30720763030458637,63.953107821277925,19768,terpisah_di_nol,0.0
622,0.8470849860596277,2.1437370289280575,pbcseg_final_v1\LY_325503_ccrop_mask.png,pbcseg_final_v1\MO_688574_ccrop_mask.png,,True,0.19229271582713092,0.5992514033267067,0.4069586874995758,82.56512580987206,33489,terpisah_di_nol,0.0
623,0.9032647073961311,3.2223896324923684,pbcseg_final_v1\MO_701141_ccrop_mask.png,pbcseg_final_v1\LY_483235_ccrop_mask.png,,True,0.20548829442179142,0.6259710339486707,0.42048273952687926,73.76313442364011,31780,terpisah_di_nol,0.0
648,0.8172608245255542,1.0605174322911148,pbcseg_final_v1\LY_170874_ccrop_mask.png,pbcseg_final_v1\MO_823715_ccrop_mask.png,,True,0.1258901398323763,0.5998159549484537,0.4739258151160775,79.62411694957753,29170,terpisah_di_nol,0.0
649,0.8611317137960122,0.7800252258414813,pbcseg_final_v1\MO_409991_ccrop_mask.png,pbcseg_final_v1\MO_429133_ccrop_mask.png,,True,0.2146610533111088,0.8655075388790833,0.6508464855679745,74.67261881037788,37121,terpisah_di_nol,0.0
650,0.7560140082929296,4.785576816281779,pbcseg_final_v1\LY_168926_ccrop_mask.png,pbcseg_final_v1\LY_517573_ccrop_mask.png,,True,0.1877333390422235,0.7917689358154579,0.6040355967732344,48.010415536631214,12270,terpisah_di_nol,0.0
651,0.875496181172224,4.29158548928945,pbcseg_final_v1\MO_262081_ccrop_mask.png,pbcseg_final_v1\LY_171028_ccrop_mask.png,,True,0.2113258884256249,0.5910799610878945,0.37975407266226957,77.4919350642375,36289,terpisah_di_nol,0.0
652,0.8988889957661355,5.6208015581360105,pbcseg_final_v1\MO_998093_ccrop_mask.png,pbcseg_final_v1\MO_144468_ccrop_mask.png,,True,0.40674512226170584,0.8285268811160459,0.4217817588543401,68.79680225126747,55544,terpisah_di_nol,0.0
653,0.8355448196797711,5.474120870258773,pbcseg_final_v1\LY_359239_ccrop_mask.png,pbcseg_final_v1\LY_564317_ccrop_mask.png,,True,0.3506515861471691,0.901781530350494,0.5511299442033248,48.75448697299562,14296,terpisah_di_nol,0.0
654,0.9074173634733904,4.785761739457845,pbcseg_final_v1\MO_456994_ccrop_mask.png,pbcseg_final_v1\LY_211339_ccrop_mask.png,,True,0.04697428486791183,0.6530684670943268,0.606094182226415,79.62411694957753,39016,terpisah_di_nol,0.0
655,0.975437538578363,3.952204258624838,pbcseg_final_v1\LY_196753_ccrop_mask.png,pbcseg_final_v1\MO_217246_ccrop_mask.png,,False,0.0,0.0,0.0,42.5440947723653,6506,tak_pernah_pecah,1.0
664,0.7029302486699486,1.2898182640669404,pbcseg_final_v1\LY_322867_ccrop_mask.png,pbcseg_final_v1\LY_742554_ccrop_mask.png,,True,0.14222516902814855,0.8667760543577034,0.7245508853295549,43.840620433565945,13593,terpisah_di_nol,0.0
665,0.9324639550909218,5.4698094606017245,pbcseg_final_v1\LY_677709_ccrop_mask.png,pbcseg_final_v1\LY_555347_ccrop_mask.png,,True,0.766795939573749,0.9986139979479093,0.23181805837416042,42.485291572496,14513,terpisah_di_nol,0.0
666,0.9512636542277773,1.3787815646273938,pbcseg_final_v1\LY_31663_ccrop_mask.png,pbcseg_final_v1\MO_350301_ccrop_mask.png,,True,0.28025710976830176,0.6683168112608391,0.3880597014925373,67.0,25839,terpisah_di_nol,0.0
667,0.8627601815731751,1.1923486365494511,pbcseg_final_v1\LY_504582_ccrop_mask.png,pbcseg_final_v1\MO_909559_ccrop_mask.png,,True,0.20410419989783454,0.5256410256410257,0.3215368257431911,78.0,28496,terpisah_di_nol,0.0
668,0.8146811583888031,0.7104839328808824,pbcseg_final_v1\LY_668845_ccrop_mask.png,pbcseg_final_v1\MO_533874_ccrop_mask.png,,True,0.15088685342556546,0.5846454864510511,0.4337586330254856,68.11754546370561,24423,terpisah_di_nol,0.0
669,0.8669409129055504,3.110926669574327,pbcseg_final_v1\MO_354293_ccrop_mask.png,pbcseg_final_v1\LY_166114_ccrop_mask.png,,True,0.1965825266541318,0.5542675689428065,0.3576850422886747,79.07591289387686,30658,normal,0.02711630722733202
670,0.8460388299811058,5.766103026738813,pbcseg_final_v1\LY_845543_ccrop_mask.png,pbcseg_final_v1\LY_712475_ccrop_mask.png,,True,0.26689008630512207,0.823771340718942,0.55688125441382,50.695167422546305,15864,normal,0.0740345904604926
671,0.821449051304568,3.65361289834287,pbcseg_final_v1\LY_588274_ccrop_mask.png,pbcseg_final_v1\MO_9059_ccrop_mask.png,,True,0.016789299799240095,0.4356268794587523,0.4188375796595122,80.0812087820857,33449,terpisah_di_nol,0.0
656,0.8787529634316094,0.279160753348554,pbcseg_final_v1\LY_551920_ccrop_mask.png,pbcseg_final_v1\LY_169905_ccrop_mask.png,,True,0.4532947470188913,0.9557866160090569,0.5024918689901656,51.0098029794274,17401,terpisah_di_nol,0.0
657,0.7775359169973122,5.780802411865142,pbcseg_final_v1\LY_847141_ccrop_mask.png,pbcseg_final_v1\MO_60168_ccrop_mask.png,,True,0.06744132622279102,0.5614116595488737,0.49397033332608276,73.35529974037323,22516,terpisah_di_nol,0.0
658,0.9259843914805242,3.0671840164267725,pbcseg_final_v1\MO_248933_ccrop_mask.png,pbcseg_final_v1\MO_676964_ccrop_mask.png,,True,0.7703886959307039,0.8999540851465151,0.12956538921581112,62.22539674441618,40082,terpisah_di_nol,0.0
659,0.70213978733553,6.24161933715453,pbcseg_final_v1\MO_970840_ccrop_mask.png,pbcseg_final_v1\LY_646952_ccrop_mask.png,,True,0.0730599787659233,0.6924197751501002,0.6193597963841769,62.96824596572466,19316,normal,0.07407407407407407
660,0.7884290383348063,6.242241132337864,pbcseg_final_v1\MO_665320_ccrop_mask.png,pbcseg_final_v1\LY_921911_ccrop_mask.png,,True,0.028448272105147953,0.6023624049740074,0.5739141328688594,71.69379331573968,32592,terpisah_di_nol,0.0
661,0.8469108694791355,0.9141153705623465,pbcseg_final_v1\LY_788039_ccrop_mask.png,pbcseg_final_v1\MO_499033_ccrop_mask.png,,True,0.49952043841322186,0.9185800823003357,0.4190596438871138,63.0,29767,terpisah_di_nol,0.0
662,0.9184563976206821,1.683145357852303,pbcseg_final_v1\LY_166694_ccrop_mask.png,pbcseg_final_v1\MO_795847_ccrop_mask.png,,True,0.2932243642729313,0.7873706205223546,0.49414625624942327,64.88451279003334,28757,terpisah_di_nol,0.0
663,0.7538570475129457,6.051972363209249,pbcseg_final_v1\MO_122086_ccrop_mask.png,pbcseg_final_v1\LY_884721_ccrop_mask.png,,True,0.0845158923955369,0.6175075210944384,0.5329916286989015,72.42237223399962,23472,terpisah_di_nol,0.0
680,0.7253326879067017,3.537825346999478,pbcseg_final_v1\LY_137344_ccrop_mask.png,pbcseg_final_v1\MO_935222_ccrop_mask.png,,True,0.0342730300731975,0.5898706548033785,0.555597624730181,70.83784299369935,27545,terpisah_di_nol,0.0
681,0.7422550461060491,5.821962955671635,pbcseg_final_v1\MO_503237_ccrop_mask.png,pbcseg_final_v1\MO_785200_ccrop_mask.png,,True,0.17436956229961792,0.9438497713367264,0.7694802090371085,69.35416353759881,34380,terpisah_di_nol,0.0
682,0.8230187306791626,2.211669333866516,pbcseg_final_v1\MO_519360_ccrop_mask.png,pbcseg_final_v1\LY_452236_ccrop_mask.png,,True,0.21572604298522507,0.7076264125063015,0.4919003695210765,69.0,23630,terpisah_di_nol,0.0
683,0.7243893092439465,5.255649647808525,pbcseg_final_v1\MO_108488_ccrop_mask.png,pbcseg_final_v1\LY_857864_ccrop_mask.png,,True,0.1630166390911565,0.7690972968575367,0.6060806577663802,78.71467461661771,31986,terpisah_di_nol,0.0
684,0.8117223388786551,5.382550693452853,pbcseg_final_v1\LY_456457_ccrop_mask.png,pbcseg_final_v1\LY_978489_ccrop_mask.png,,True,0.22857441910515303,0.8020511368989345,0.5734767177937814,60.530983801686226,21160,terpisah_di_nol,0.0
685,0.9510952888132999,2.1008962004457534,pbcseg_final_v1\MO_362118_ccrop_mask.png,pbcseg_final_v1\MO_521254_ccrop_mask.png,,True,0.50999655391304,0.8648463352951605,0.3548497813821206,70.0,30877,terpisah_di_nol,0.0
686,0.8312800799881521,2.756331889408493,pbcseg_final_v1\LY_837051_ccrop_mask.png,pbcseg_final_v1\LY_483856_ccrop_mask.png,,True,0.4184456209401474,0.8278848098781413,0.40943918893799386,47.16990566028302,16431,terpisah_di_nol,0.0
687,0.8297836155557696,0.6222760602768684,pbcseg_final_v1\MO_283783_ccrop_mask.png,pbcseg_final_v1\LY_420170_ccrop_mask.png,,True,0.07392943370616056,0.5319487121089875,0.4580192784028269,75.66372975210778,28824,terpisah_di_nol,0.0
688,0.9336900239203697,5.16817400897217,pbcseg_final_v1\LY_900304_ccrop_mask.png,pbcseg_final_v1\LY_828552_ccrop_mask.png,,True,0.8286016078944795,0.854750425912904,0.02614881801842454,54.08326913195984,19827,terpisah_di_nol,0.0
689,0.975456981770748,0.5560505641047313,pbcseg_final_v1\LY_751218_ccrop_mask.png,pbcseg_final_v1\MO_607749_ccrop_mask.png,,True,0.5421866130885228,0.903903491801724,0.3617168787132013,68.0,32010,normal,0.04656201971797188
690,0.7790581474635511,4.899148163455732,pbcseg_final_v1\MO_905340_ccrop_mask.png,pbcseg_final_v1\MO_732547_ccrop_mask.png,,True,0.2585292030641466,0.8642627450153348,0.6057335419511882,73.55270219373317,29778,terpisah_di_nol,0.0
691,0.9554002417977244,2.792361133003243,pbcseg_final_v1\MO_392030_ccrop_mask.png,pbcseg_final_v1\LY_122957_ccrop_mask.png,,True,0.24320452106042,0.5550607944623119,0.311856273401892,83.18653737234169,35551,terpisah_di_nol,0.0
692,0.8468499693655624,4.46202595859967,pbcseg_final_v1\LY_314798_ccrop_mask.png,pbcseg_final_v1\MO_453799_ccrop_mask.png,,True,0.13376777284401278,0.5270462766947299,0.3932785038507171,78.0,25337,terpisah_di_nol,0.0
693,0.7490202204045094,3.3949825762031787,pbcseg_final_v1\LY_927603_ccrop_mask.png,pbcseg_final_v1\LY_169905_ccrop_mask.png,,True,0.229533144400724,0.9857375245496589,0.7562043801489349,49.0,15461,terpisah_di_nol,0.0
694,0.8018873678324968,0.30504566008256556,pbcseg_final_v1\MO_551018_ccrop_mask.png,pbcseg_final_v1\MO_60168_ccrop_mask.png,,True,0.32586457415899917,0.9672231265441825,0.6413585523851834,72.61542535852834,33449,terpisah_di_nol,0.0
695,0.9755720588606385,0.6999533700783928,pbcseg_final_v1\LY_8432_ccrop_mask.png,pbcseg_final_v1\LY_151689_ccrop_mask.png,,True,0.6633303493477938,0.9626695555938845,0.29933920624609067,44.94441010848846,14146,terpisah_di_nol,0.0
672,0.7510415076456842,1.7465214689471895,pbcseg_final_v1\MO_208701_ccrop_mask.png,pbcseg_final_v1\LY_649814_ccrop_mask.png,,True,0.11135101815175516,0.6543397483389591,0.542988730187204,83.38465086573187,33187,terpisah_di_nol,0.0
673,0.7689554732370494,1.569857061380448,pbcseg_final_v1\LY_676405_ccrop_mask.png,pbcseg_final_v1\MO_628819_ccrop_mask.png,,True,0.1822296979155226,0.7720465262458176,0.589816828330295,67.17886572427373,26464,terpisah_di_nol,0.0
674,0.9222183015888641,5.739864520215096,pbcseg_final_v1\MO_914261_ccrop_mask.png,pbcseg_final_v1\MO_748904_ccrop_mask.png,,True,0.6682307525641186,0.9848682286634066,0.31663747609928805,68.0294054067798,34676,terpisah_di_nol,0.0
675,0.9330315490651453,2.8298969165331904,pbcseg_final_v1\LY_265119_ccrop_mask.png,pbcseg_final_v1\MO_777403_ccrop_mask.png,,True,0.2209940072696594,0.5345689943738884,0.31357498710422893,75.8023746329889,29929,terpisah_di_nol,0.0
676,0.7475241581255218,2.197685694120486,pbcseg_final_v1\LY_253379_ccrop_mask.png,pbcseg_final_v1\MO_540869_ccrop_mask.png,,True,0.06176525987246386,0.5510596930758579,0.489294433203394,74.95331880577403,30581,terpisah_di_nol,0.0
677,0.9094057559537854,3.0023272322880086,pbcseg_final_v1\MO_6230_ccrop_mask.png,pbcseg_final_v1\MO_613573_ccrop_mask.png,,True,0.2855170954884531,0.6181121481073227,0.3325950526188696,76.6550715869472,33279,terpisah_di_nol,0.0
678,0.8906894952823481,3.238927776546407,pbcseg_final_v1\MO_548509_ccrop_mask.png,pbcseg_final_v1\MO_402875_ccrop_mask.png,,True,0.38689790790672945,0.9374833922355367,0.5505854843288073,67.20119046564577,33584,terpisah_di_nol,0.0
679,0.8596554091440154,5.461200680295886,pbcseg_final_v1\LY_397238_ccrop_mask.png,pbcseg_final_v1\MO_978077_ccrop_mask.png,,True,0.5374106243484476,0.7741324382369212,0.23672181388847371,68.76772498781678,29214,terpisah_di_nol,0.0
696,0.9684719543076765,0.41616624717735,pbcseg_final_v1\LY_128386_ccrop_mask.png,pbcseg_final_v1\LY_786317_ccrop_mask.png,,True,0.7174142536695662,0.9174496613001881,0.20003540763062175,53.14132102234569,19847,terpisah_di_nol,0.0
697,0.8062584487587413,2.633337981618036,pbcseg_final_v1\MO_579851_ccrop_mask.png,pbcseg_final_v1\MO_578642_ccrop_mask.png,,True,0.134813202123687,0.8900498701526945,0.7552366680290076,78.39005038906404,44527,terpisah_di_nol,0.0
698,0.9653637906498299,5.819763100718381,pbcseg_final_v1\MO_382707_ccrop_mask.png,pbcseg_final_v1\MO_198867_ccrop_mask.png,,False,0.0,0.0,0.0,70.45565981523414,21269,tak_pernah_pecah,1.0
699,0.9325105464611383,4.762416935433755,pbcseg_final_v1\MO_254452_ccrop_mask.png,pbcseg_final_v1\LY_316754_ccrop_mask.png,,True,0.04301817732465665,0.5413472156897795,0.4983290383651228,74.46475676452586,32701,terpisah_di_nol,0.0
700,0.7770970669860265,5.0396860661822425,pbcseg_final_v1\MO_273522_ccrop_mask.png,pbcseg_final_v1\LY_183839_ccrop_mask.png,,True,0.1720753016756349,0.7039229272589427,0.5318476255833078,77.52418977325722,30225,terpisah_di_nol,0.0
701,0.9508517377812883,5.493722496179254,pbcseg_final_v1\MO_612179_ccrop_mask.png,pbcseg_final_v1\MO_767982_ccrop_mask.png,,True,0.49284206395877916,0.9021565186428832,0.40931445468410393,74.46475676452586,35951,terpisah_di_nol,0.0
702,0.8300211099088612,5.840952884373187,pbcseg_final_v1\LY_874739_ccrop_mask.png,pbcseg_final_v1\MO_315300_ccrop_mask.png,,True,0.09853167964719285,0.4915172776411846,0.39298559799399174,79.00632886041473,26584,terpisah_di_nol,0.0
703,0.885794450353337,1.441240077088238,pbcseg_final_v1\LY_609401_ccrop_mask.png,pbcseg_final_v1\MO_500556_ccrop_mask.png,,True,0.12740503765879152,0.4999114965919256,0.37250645893313405,75.16648189186454,27137,terpisah_di_nol,0.0
704,0.7973911476297186,5.831969351029521,pbcseg_final_v1\LY_33094_ccrop_mask.png,pbcseg_final_v1\MO_438972_ccrop_mask.png,,True,0.2223644437500294,0.7526878953308122,0.5303234515807828,66.64082832618455,25676,terpisah_di_nol,0.0
705,0.971777878977726,5.644049086951666,pbcseg_final_v1\LY_198818_ccrop_mask.png,pbcseg_final_v1\MO_898913_ccrop_mask.png,,True,0.4576223382487154,0.6010314547354555,0.14340911648674007,64.28841264178172,20080,terpisah_di_nol,0.0
706,0.8801624838608734,5.431878067009315,pbcseg_final_v1\LY_377102_ccrop_mask.png,pbcseg_final_v1\MO_262081_ccrop_mask.png,,True,0.05815135675500855,0.5201997950893394,0.4620484383343309,77.4919350642375,30354,normal,0.020327890704543543
707,0.857157479645054,4.125827144002554,pbcseg_final_v1\LY_568247_ccrop_mask.png,pbcseg_final_v1\LY_962746_ccrop_mask.png,,True,0.356946439418041,0.7799144197661441,0.422967980348103,56.938563381947034,19158,terpisah_di_nol,0.0
708,0.9137755396978142,5.644589790371713,pbcseg_final_v1\MO_557047_ccrop_mask.png,pbcseg_final_v1\LY_793893_ccrop_mask.png,,False,0.014449102447272044,0.9787787352103641,0.964329632763092,64.0,21459,tak_pernah_pecah,1.0
709,0.9674906886323345,5.596394270912367,pbcseg_final_v1\MO_612179_ccrop_mask.png,pbcseg_final_v1\MO_216533_ccrop_mask.png,,True,0.28302406781248407,0.7363574011458174,0.4533333333333333,75.0,35396,terpisah_di_nol,0.0
710,0.7438908116938433,2.9829088875562,pbcseg_final_v1\MO_283783_ccrop_mask.png,pbcseg_final_v1\MO_597225_ccrop_mask.png,,True,0.11781238441326336,0.8959723638653231,0.7781599794520597,78.39005038906404,37577,terpisah_di_nol,0.0
711,0.7050418785420138,4.863460342373814,pbcseg_final_v1\MO_226318_ccrop_mask.png,pbcseg_final_v1\MO_54457_ccrop_mask.png,,True,0.25527079088516547,0.9904854129789733,0.7352146220938078,71.19691004531025,30204,terpisah_di_nol,0.0
712,0.8669876070204716,3.516561105196917,pbcseg_final_v1\MO_792755_ccrop_mask.png,pbcseg_final_v1\LY_99358_ccrop_mask.png,,True,0.18964355470785263,0.5847777062502828,0.39513415154243015,72.47068372797375,23647,normal,0.02739983121755955
713,0.7309780100371326,4.406678708067812,pbcseg_final_v1\LY_985627_ccrop_mask.png,pbcseg_final_v1\LY_623093_ccrop_mask.png,,True,0.13196096633975646,0.7509519783819285,0.618991012042172,48.60041152089147,12252,terpisah_di_nol,0.0
714,0.9197158916684883,1.235321660081636,pbcseg_final_v1\MO_761438_ccrop_mask.png,pbcseg_final_v1\LY_187676_ccrop_mask.png,,True,0.14064469361804804,0.6287912360126579,0.4881465423946098,68.6804193347711,36697,terpisah_di_nol,0.0
715,0.7875993263117929,4.385798881186146,pbcseg_final_v1\MO_529368_ccrop_mask.png,pbcseg_final_v1\LY_524589_ccrop_mask.png,,True,0.0337686569452574,0.8523436613231279,0.8185750043778705,75.4254598925323,41350,terpisah_di_nol,0.0
716,0.9423545008256737,0.14769241254594379,pbcseg_final_v1\MO_108488_ccrop_mask.png,pbcseg_final_v1\MO_144254_ccrop_mask.png,,True,0.27555053082662584,0.7217816779589179,0.44623114713229206,78.43468620451031,33595,terpisah_di_nol,0.0
717,0.8460743880408554,0.07880122931622731,pbcseg_final_v1\MO_625079_ccrop_mask.png,pbcseg_final_v1\MO_745810_ccrop_mask.png,,True,0.22758029153031878,0.7424119198366876,0.5148316283063689,83.5224520712844,39793,terpisah_di_nol,0.0
718,0.7594446979472983,4.014905487305364,pbcseg_final_v1\LY_623093_ccrop_mask.png,pbcseg_final_v1\MO_783430_ccrop_mask.png,,True,0.22816529355802606,0.9352720747445736,0.7071067811865476,53.08483775994799,19314,normal,0.02104913339870572
719,0.9096548197838441,3.1748392912400907,pbcseg_final_v1\MO_30883_ccrop_mask.png,pbcseg_final_v1\LY_548338_ccrop_mask.png,,True,0.34632298772864856,0.6372567232295707,0.29093373550092216,65.30696746902278,24849,terpisah_di_nol,0.0
720,0.9421310056338367,2.243376519244011,pbcseg_final_v1\LY_693776_ccrop_mask.png,pbcseg_final_v1\LY_467984_ccrop_mask.png,,True,0.4498207422991589,0.9521231336011438,0.5023023913019848,50.99019513592785,18348,terpisah_di_nol,0.0
721,0.7420439028427179,3.0853631744904573,pbcseg_final_v1\LY_774874_ccrop_mask.png,pbcseg_final_v1\LY_688880_ccrop_mask.png,,True,0.11740421347559932,0.7697916079562594,0.6523873944806602,52.43090691567332,15486,normal,0.06976744186046512
722,0.7064063553467511,1.7811931931060339,pbcseg_final_v1\LY_322720_ccrop_mask.png,pbcseg_final_v1\LY_624959_ccrop_mask.png,,True,0.153741342340644,0.9152823652472765,0.7615410229066325,50.32891812864648,17219,terpisah_di_nol,0.0
723,0.952575574860016,5.751366127979807,pbcseg_final_v1\MO_371151_ccrop_mask.png,pbcseg_final_v1\MO_965966_ccrop_mask.png,,True,0.4976913059116199,0.8452799188812783,0.34758861296965843,73.348483283569,33503,terpisah_di_nol,0.0
724,0.9772607245613475,5.1396335152840305,pbcseg_final_v1\MO_448293_ccrop_mask.png,pbcseg_final_v1\MO_11595_ccrop_mask.png,,True,0.5797668392977496,0.8254626708835351,0.24569583158578545,72.00694410957877,34146,terpisah_di_nol,0.0
725,0.7781418477696633,3.7628179576736724,pbcseg_final_v1\MO_408033_ccrop_mask.png,pbcseg_final_v1\LY_467984_ccrop_mask.png,,True,0.09031090399022237,0.5967950934463553,0.5064841894561329,87.96590248499699,41992,terpisah_di_nol,0.0
726,0.8425566619492854,2.014398734746459,pbcseg_final_v1\LY_819068_ccrop_mask.png,pbcseg_final_v1\MO_541337_ccrop_mask.png,,True,0.11477248801111066,0.5219707833503621,0.4071982953392514,75.13321502504735,29400,terpisah_di_nol,0.0
727,0.91714312409506,1.3507070062011213,pbcseg_final_v1\MO_60168_ccrop_mask.png,pbcseg_final_v1\LY_956038_ccrop_mask.png,,True,0.29071654807010655,0.6162071339671402,0.32549058589703367,73.02739212103907,25374,terpisah_di_nol,0.0
736,0.7289722824037057,4.756574074262546,pbcseg_final_v1\LY_134079_ccrop_mask.png,pbcseg_final_v1\MO_755262_ccrop_mask.png,,True,0.07864505842588948,0.932522903242141,0.8538778448162515,62.16912416947821,27619,terpisah_di_nol,0.0
737,0.7496873470583162,3.1831425580560158,pbcseg_final_v1\LY_442263_ccrop_mask.png,pbcseg_final_v1\LY_365740_ccrop_mask.png,,True,0.24191576890108057,0.8990262228954439,0.6571104539943633,53.2634959423431,17327,terpisah_di_nol,0.0
738,0.7261229637595641,2.712615953576608,pbcseg_final_v1\LY_177713_ccrop_mask.png,pbcseg_final_v1\MO_365265_ccrop_mask.png,,True,0.09452640897538005,0.6399240286400716,0.5453976196646916,67.26812023536856,19845,normal,0.025278006958277935
739,0.9006615742229989,2.8376194694997765,pbcseg_final_v1\LY_646894_ccrop_mask.png,pbcseg_final_v1\LY_365740_ccrop_mask.png,,True,0.6714402963081714,0.9664976187548644,0.29505732244669297,46.09772228646444,16496,terpisah_di_nol,0.0
740,0.7403957099986139,5.214185179903392,pbcseg_final_v1\MO_649902_ccrop_mask.png,pbcseg_final_v1\MO_104742_ccrop_mask.png,,True,0.11472802393220768,0.6489053204534903,0.5341772965212827,78.71467461661771,37413,terpisah_di_nol,0.0
741,0.7297637799626484,4.3069989334671925,pbcseg_final_v1\LY_134079_ccrop_mask.png,pbcseg_final_v1\MO_423877_ccrop_mask.png,,True,0.21851861307269332,0.901044498412155,0.6825258853394616,63.56099432828282,23466,terpisah_di_nol,0.0
742,0.8415065022517587,3.2572886850614737,pbcseg_final_v1\LY_134079_ccrop_mask.png,pbcseg_final_v1\MO_982427_ccrop_mask.png,,True,0.24547026399003852,0.7740542427902533,0.5285839788002147,74.0,30119,terpisah_di_nol,0.0
743,0.9369442632497126,4.613731109776815,pbcseg_final_v1\LY_282632_ccrop_mask.png,pbcseg_final_v1\MO_533874_ccrop_mask.png,,True,0.41266053407971004,0.655196159116043,0.24253562503633297,68.0,26144,terpisah_di_nol,0.0
744,0.9601473750307987,1.8267800057606514,pbcseg_final_v1\MO_183302_ccrop_mask.png,pbcseg_final_v1\LY_706761_ccrop_mask.png,,True,0.29868079216823296,0.5521098542693875,0.2534290621011546,77.52418977325722,27567,terpisah_di_nol,0.0
745,0.7084546922970993,3.0891200252062383,pbcseg_final_v1\LY_241450_ccrop_mask.png,pbcseg_final_v1\MO_30511_ccrop_mask.png,,True,0.035105809620683465,0.5475445231895559,0.5124387135688725,78.44743462982075,26163,normal,0.10768556115773084
746,0.8309704415140249,4.764955666200587,pbcseg_final_v1\MO_154548_ccrop_mask.png,pbcseg_final_v1\MO_417623_ccrop_mask.png,,True,0.27669842306617154,0.8347605078847161,0.5580620848185446,73.81734213584231,33139,terpisah_di_nol,0.0
747,0.8820256080407649,1.7918592239023234,pbcseg_final_v1\LY_714950_ccrop_mask.png,pbcseg_final_v1\LY_541663_ccrop_mask.png,,True,0.48663421336554163,0.9407208683835974,0.4540866550180557,47.53945729601885,14862,terpisah_di_nol,0.0
748,0.7389861050574354,6.179818380250483,pbcseg_final_v1\LY_286920_ccrop_mask.png,pbcseg_final_v1\LY_636354_ccrop_mask.png,,True,0.2005910281732397,0.9201975550340378,0.7196065268607981,38.91015291668744,9499,normal,0.027735009811261455
749,0.8302107272968677,5.174329530364249,pbcseg_final_v1\MO_102400_ccrop_mask.png,pbcseg_final_v1\LY_894865_ccrop_mask.png,,True,0.1985843722550327,0.6744033535476475,0.4758189812926148,70.49113419430843,24913,terpisah_di_nol,0.0
750,0.7693107598973179,4.088243803635811,pbcseg_final_v1\LY_579967_ccrop_mask.png,pbcseg_final_v1\MO_829157_ccrop_mask.png,,True,0.19198723646266325,0.7250673658070357,0.5330801293443724,63.89053137985315,25731,normal,0.02427499107135649
751,0.85379530282363,0.9716810155129131,pbcseg_final_v1\MO_560988_ccrop_mask.png,pbcseg_final_v1\MO_545901_ccrop_mask.png,,True,0.33436289627263166,0.9804127029012198,0.6460498066285882,63.00793600809346,29267,terpisah_di_nol,0.0
728,0.936975895281547,6.0922524247944345,pbcseg_final_v1\LY_567757_ccrop_mask.png,pbcseg_final_v1\MO_97872_ccrop_mask.png,,True,0.5380877815744457,0.9158376036588303,0.3777498220843846,51.40038910358559,20814,terpisah_di_nol,0.0
729,0.8072241540825759,1.4427418095898719,pbcseg_final_v1\LY_604428_ccrop_mask.png,pbcseg_final_v1\MO_437728_ccrop_mask.png,,True,0.09651438224261173,0.7594669995837805,0.6629526173411688,63.63961030678928,26135,terpisah_di_nol,0.0
730,0.7009436360778044,1.5320544900712667,pbcseg_final_v1\LY_267543_ccrop_mask.png,pbcseg_final_v1\MO_497408_ccrop_mask.png,,True,0.042645434611094664,0.5995728396717598,0.5569274050606651,79.02531240052139,28328,terpisah_di_nol,0.0
731,0.7981191367059579,3.340324269438606,pbcseg_final_v1\LY_762686_ccrop_mask.png,pbcseg_final_v1\LY_644865_ccrop_mask.png,,True,0.30780815981098025,0.983961224416809,0.6761530646058288,46.22769732530488,14823,normal,0.02486055050818142
732,0.9115778973059288,0.4247945888941102,pbcseg_final_v1\LY_600174_ccrop_mask.png,pbcseg_final_v1\MO_905158_ccrop_mask.png,,True,0.3175962783686147,0.7211102550927979,0.40351397672418327,65.19202405202648,28954,terpisah_di_nol,0.0
733,0.8294316021044893,0.7859440397985095,pbcseg_final_v1\MO_815995_ccrop_mask.png,pbcseg_final_v1\LY_647287_ccrop_mask.png,,True,0.11329445631780087,0.5411842838324109,0.42788982751461,97.51410154434076,42997,terpisah_di_nol,0.0
734,0.9379349852670591,2.5133928721026364,pbcseg_final_v1\MO_642249_ccrop_mask.png,pbcseg_final_v1\LY_505060_ccrop_mask.png,,True,0.33336546288122393,0.6029700045531539,0.26960454167192993,84.581321815162,56802,terpisah_di_nol,0.0
735,0.8279783023495306,1.710660666553298,pbcseg_final_v1\MO_76055_ccrop_mask.png,pbcseg_final_v1\LY_154997_ccrop_mask.png,,True,0.12703374705563958,0.6135876432249654,0.4865538961693258,78.26237921249263,30173,terpisah_di_nol,0.0
752,0.7528396923270118,5.284737263319509,pbcseg_final_v1\LY_517156_ccrop_mask.png,pbcseg_final_v1\MO_983541_ccrop_mask.png,,True,0.11087089408262413,0.6381872861451234,0.5273163920624994,75.21303078589507,25232,terpisah_di_nol,0.0
753,0.8784524796161687,1.3747408035240019,pbcseg_final_v1\MO_12960_ccrop_mask.png,pbcseg_final_v1\MO_148895_ccrop_mask.png,,True,0.37467567532065266,0.9155451749145448,0.5408694995938921,69.07966415668217,30558,terpisah_di_nol,0.0
754,0.9538016275090784,0.8003729826984805,pbcseg_final_v1\MO_87762_ccrop_mask.png,pbcseg_final_v1\LY_647287_ccrop_mask.png,,True,0.5866513243056516,0.8277473662066026,0.24109604190095096,61.66036003787198,22497,terpisah_di_nol,0.0
755,0.726516205905527,4.048777374150276,pbcseg_final_v1\LY_714950_ccrop_mask.png,pbcseg_final_v1\MO_345398_ccrop_mask.png,,True,0.1289874122159016,0.7095441387465501,0.5805567265306485,67.0,23108,normal,0.02239991398449545
756,0.7492416813230655,5.4972858413962475,pbcseg_final_v1\MO_865250_ccrop_mask.png,pbcseg_final_v1\MO_20821_ccrop_mask.png,,True,0.24339117172688993,0.9262003914705662,0.6828092197436763,78.00640999302557,40546,terpisah_di_nol,0.0
757,0.876355862640161,3.2454195563094514,pbcseg_final_v1\LY_500880_ccrop_mask.png,pbcseg_final_v1\LY_776689_ccrop_mask.png,,True,0.5130881989400388,0.9106416928094863,0.39755349386944755,45.27692569068709,14581,terpisah_di_nol,0.0
758,0.8419161827197222,3.282647595524293,pbcseg_final_v1\LY_524303_ccrop_mask.png,pbcseg_final_v1\LY_514170_ccrop_mask.png,,True,0.30650441127076844,0.7854175538813442,0.4789131426105757,52.20153254455275,16117,normal,0.03548867204938381
759,0.9113935763821195,1.8093186069370653,pbcseg_final_v1\LY_779508_ccrop_mask.png,pbcseg_final_v1\MO_194219_ccrop_mask.png,,True,0.42272666627584,0.8036114977037083,0.38088483142786833,59.0,20064,terpisah_di_nol,0.0
776,0.9785178843431999,2.494908750624495,pbcseg_final_v1\MO_289893_ccrop_mask.png,pbcseg_final_v1\LY_374713_ccrop_mask.png,,True,0.4724802117738224,0.5886601978093896,0.11617998603556716,65.55150646628954,20728,terpisah_di_nol,0.0
777,0.8668933779786141,1.494857466418941,pbcseg_final_v1\LY_619039_ccrop_mask.png,pbcseg_final_v1\MO_12267_ccrop_mask.png,,True,0.36406055551908184,0.9905211130872971,0.6264605575682153,51.478150704935004,20927,terpisah_di_nol,0.0
778,0.967856535273536,5.2749541345806366,pbcseg_final_v1\MO_518385_ccrop_mask.png,pbcseg_final_v1\LY_170874_ccrop_mask.png,,True,0.39537575838889694,0.5574080587685426,0.16203230037964567,80.23091673413684,32332,terpisah_di_nol,0.0
779,0.925522144100954,2.2885071691580885,pbcseg_final_v1\LY_607326_ccrop_mask.png,pbcseg_final_v1\LY_121614_ccrop_mask.png,,True,0.5867986945978378,0.9125054152750685,0.3257067206772305,49.9799959983992,17322,terpisah_di_nol,0.0
780,0.7248909891621846,3.074425770660033,pbcseg_final_v1\LY_891761_ccrop_mask.png,pbcseg_final_v1\LY_74824_ccrop_mask.png,,True,0.13381602487552752,0.8740492350731327,0.7402332101976052,43.56604182158393,11222,normal,0.052468323613340445
781,0.900151364417295,2.8766465811993265,pbcseg_final_v1\LY_764506_ccrop_mask.png,pbcseg_final_v1\LY_799986_ccrop_mask.png,,True,0.6439072394514663,0.9237571636635068,0.2798499242120405,47.0,15323,normal,0.024390243902439025
782,0.8483379030774897,4.193643219804082,pbcseg_final_v1\MO_698675_ccrop_mask.png,pbcseg_final_v1\LY_929835_ccrop_mask.png,,True,0.18598759530695363,0.5847583853726318,0.39877079006567817,68.4470598345904,22214,terpisah_di_nol,0.0
783,0.8502153415344385,6.047178327603038,pbcseg_final_v1\MO_77553_ccrop_mask.png,pbcseg_final_v1\MO_352748_ccrop_mask.png,,False,0.058164563116587395,0.6522982911430903,0.5941337280265029,74.0,29284,tak_pernah_pecah,1.0
768,0.8642299248087595,3.991316293628198,pbcseg_final_v1\LY_360951_ccrop_mask.png,pbcseg_final_v1\MO_465710_ccrop_mask.png,,True,0.21030990319256695,0.5811872542476346,0.3708773510550677,72.44998274671983,24715,terpisah_di_nol,0.0
769,0.915875681821849,2.649754869388075,pbcseg_final_v1\LY_893448_ccrop_mask.png,pbcseg_final_v1\LY_600174_ccrop_mask.png,,True,0.5246462696664044,0.9517025296372985,0.42705625997089414,49.39635614091387,15752,terpisah_di_nol,0.0
770,0.8746723894627212,0.9727416536606316,pbcseg_final_v1\LY_370728_ccrop_mask.png,pbcseg_final_v1\LY_463029_ccrop_mask.png,,True,0.415689820025639,0.8976571010886093,0.4819672810629704,51.24451190127583,16950,normal,0.022863489522874057
771,0.7687456216546856,4.950649489142157,pbcseg_final_v1\MO_601397_ccrop_mask.png,pbcseg_final_v1\LY_453245_ccrop_mask.png,,True,0.21546253007113242,0.805287514736532,0.5898249846653996,62.20128616033595,20907,normal,0.02739983121755955
772,0.8767780196794873,4.352943860438518,pbcseg_final_v1\MO_692079_ccrop_mask.png,pbcseg_final_v1\LY_904542_ccrop_mask.png,,True,0.2898745733581764,0.6454204206048411,0.35554584724666466,82.0,36271,terpisah_di_nol,0.0
773,0.9758786473212386,3.911216288443471,pbcseg_final_v1\MO_258431_ccrop_mask.png,pbcseg_final_v1\LY_118333_ccrop_mask.png,,True,0.5884009618559248,0.6899355783692867,0.1015346165133619,71.02112361825881,29518,terpisah_di_nol,0.0
774,0.7175751219273092,4.377000682906025,pbcseg_final_v1\MO_619116_ccrop_mask.png,pbcseg_final_v1\LY_782430_ccrop_mask.png,,True,0.036012818186757285,0.7077820384925989,0.6717692203058416,56.0357029044876,21374,terpisah_di_nol,0.0
775,0.9086421090983035,3.2068028443006713,pbcseg_final_v1\LY_463029_ccrop_mask.png,pbcseg_final_v1\MO_153378_ccrop_mask.png,,True,0.2879803766599629,0.6941188427134105,0.4061384660534476,68.94200461257273,25289,terpisah_di_nol,0.0
760,0.9618894250791871,2.838394263851901,pbcseg_final_v1\LY_313032_ccrop_mask.png,pbcseg_final_v1\MO_30883_ccrop_mask.png,,True,0.5054988878000154,0.8720172584805853,0.3665183706805699,63.694583757176716,26848,terpisah_di_nol,0.0
761,0.8336392122230488,1.3016695331740122,pbcseg_final_v1\LY_555347_ccrop_mask.png,pbcseg_final_v1\MO_386754_ccrop_mask.png,,True,0.08455798514727438,0.5582421956735901,0.47368421052631576,76.0,32056,terpisah_di_nol,0.0
762,0.9394288693808417,1.3374199940295302,pbcseg_final_v1\MO_670614_ccrop_mask.png,pbcseg_final_v1\MO_394926_ccrop_mask.png,,True,0.3853962681857215,0.7897539744795119,0.40435770629379036,69.6419413859206,29067,terpisah_di_nol,0.0
763,0.7500439202550983,4.025071148650226,pbcseg_final_v1\LY_311010_ccrop_mask.png,pbcseg_final_v1\MO_745075_ccrop_mask.png,,True,0.23614255618939395,0.808112539291056,0.571969983101662,63.15853069855251,22701,terpisah_di_nol,0.0
764,0.8540146444511065,2.0509187256828145,pbcseg_final_v1\LY_171137_ccrop_mask.png,pbcseg_final_v1\MO_767104_ccrop_mask.png,,True,0.24067385448609654,0.6689156126790682,0.42824175819297167,68.0,26241,terpisah_di_nol,0.0
765,0.8008908929880834,6.26605150965131,pbcseg_final_v1\LY_832617_ccrop_mask.png,pbcseg_final_v1\MO_908813_ccrop_mask.png,,True,0.11008421550841013,0.7118704410108093,0.6017862255023992,69.87131027825369,27426,terpisah_di_nol,0.0
766,0.9339284710897123,3.5724841908942815,pbcseg_final_v1\MO_581079_ccrop_mask.png,pbcseg_final_v1\LY_86114_ccrop_mask.png,,False,0.0,0.0,0.0,80.61017305526642,29495,normal,0.7633986120456707
767,0.8305847501105394,3.87968847314954,pbcseg_final_v1\LY_527440_ccrop_mask.png,pbcseg_final_v1\LY_884557_ccrop_mask.png,,True,0.3190691624264819,0.8784202640098852,0.5593511015834033,50.08991914547278,15776,normal,0.02538365412834048
784,0.846363797420921,3.485362167748861,pbcseg_final_v1\MO_222197_ccrop_mask.png,pbcseg_final_v1\MO_246781_ccrop_mask.png,,True,0.40147453592480753,0.9439751632913289,0.5425006273665214,63.56099432828282,33354,terpisah_di_nol,0.0
785,0.9631335226681019,4.125056348762008,pbcseg_final_v1\LY_939287_ccrop_mask.png,pbcseg_final_v1\MO_665320_ccrop_mask.png,,False,0.08028868776519774,0.2849928071990575,0.2047041194338598,43.965895873961216,7517,tak_pernah_pecah,1.0
786,0.7841903674574217,3.5080624499649162,pbcseg_final_v1\MO_183270_ccrop_mask.png,pbcseg_final_v1\LY_445892_ccrop_mask.png,,True,0.04961241334855357,0.6186038668959595,0.5689914535474059,70.03570517957252,26700,terpisah_di_nol,0.0
787,0.8006366796785437,5.7313811204952305,pbcseg_final_v1\MO_997225_ccrop_mask.png,pbcseg_final_v1\LY_78141_ccrop_mask.png,,True,0.15254024109813138,0.7283570407292297,0.5758167996310983,82.37718130647589,39134,terpisah_di_nol,0.0
788,0.7447740415185855,3.781546789567816,pbcseg_final_v1\MO_246991_ccrop_mask.png,pbcseg_final_v1\LY_753705_ccrop_mask.png,,True,0.19588431932101394,0.7786600240192704,0.5827757046982565,62.177166226839255,26274,terpisah_di_nol,0.0
789,0.9353074447236456,2.8182538451951933,pbcseg_final_v1\LY_112097_ccrop_mask.png,pbcseg_final_v1\LY_577175_ccrop_mask.png,,True,0.687355268084591,0.9827939339981646,0.29543866591357365,47.50789408087881,17667,terpisah_di_nol,0.0
790,0.943175869990999,3.52017267343154,pbcseg_final_v1\MO_676964_ccrop_mask.png,pbcseg_final_v1\LY_618428_ccrop_mask.png,,False,0.0,0.0,0.0,79.84985911070852,31023,normal,0.5932827194229642
791,0.7226293042427676,0.7735494951784337,pbcseg_final_v1\LY_390727_ccrop_mask.png,pbcseg_final_v1\MO_803041_ccrop_mask.png,,True,0.028403393208816713,0.6608926949267964,0.6324893017179797,68.42514157822401,30234,terpisah_di_nol,0.0
792,0.7971199975884242,6.1963587869020715,pbcseg_final_v1\MO_751315_ccrop_mask.png,pbcseg_final_v1\LY_675041_ccrop_mask.png,,True,0.28731087090046575,0.7787598326644799,0.4914489617640141,71.21797525905943,30984,terpisah_di_nol,0.0
793,0.7047834842757729,5.030166492994255,pbcseg_final_v1\LY_17369_ccrop_mask.png,pbcseg_final_v1\LY_830593_ccrop_mask.png,,True,0.11711809671476887,0.7697548180339097,0.6526367213191407,45.967379738244816,12263,normal,0.02231053741265801
794,0.760806941660965,0.6928348284472426,pbcseg_final_v1\LY_665021_ccrop_mask.png,pbcseg_final_v1\MO_499033_ccrop_mask.png,,True,0.17493173435680037,0.6723525846823916,0.4974208503255912,65.39113089708727,24138,normal,0.025118017965166415
795,0.9391023108476628,3.498076815393644,pbcseg_final_v1\MO_792755_ccrop_mask.png,pbcseg_final_v1\LY_372787_ccrop_mask.png,,True,0.3064207700726102,0.5188528936303187,0.21243212355770846,71.7007670809734,22567,normal,0.02739983121755955
796,0.7409672948220887,0.9001285871426625,pbcseg_final_v1\MO_12960_ccrop_mask.png,pbcseg_final_v1\LY_858672_ccrop_mask.png,,True,0.11091512187820228,0.6376924836736997,0.5267773617954974,70.00714249274856,26088,terpisah_di_nol,0.0
797,0.8027891771179905,1.6181923696511074,pbcseg_final_v1\MO_409354_ccrop_mask.png,pbcseg_final_v1\LY_221345_ccrop_mask.png,,True,0.050829472005668716,0.5244360599222397,0.473606587916571,82.34682750416071,30019,terpisah_di_nol,0.0
798,0.9109244598363517,1.2807416357960126,pbcseg_final_v1\LY_483388_ccrop_mask.png,pbcseg_final_v1\LY_4757_ccrop_mask.png,,True,0.6187247366652385,0.8667465139333468,0.2480217772681082,51.0,18274,terpisah_di_nol,0.0
799,0.9001278213403671,5.6740282446251955,pbcseg_final_v1\MO_618817_ccrop_mask.png,pbcseg_final_v1\MO_189116_ccrop_mask.png,,True,0.5044151402609118,0.8254957897948796,0.32108064953396775,69.6419413859206,38385,terpisah_di_nol,0.0
800,0.7602291380839512,3.1495811869627386,pbcseg_final_v1\MO_894356_ccrop_mask.png,pbcseg_final_v1\MO_12267_ccrop_mask.png,,True,0.7257732197090623,0.8806092027702688,0.15483598306120638,65.86349520030045,37873,terpisah_di_nol,0.0
801,0.7964450741810496,3.358306252555636,pbcseg_final_v1\MO_884691_ccrop_mask.png,pbcseg_final_v1\LY_578344_ccrop_mask.png,,True,0.22711113355731202,0.8190914916506077,0.5919803580932956,71.449282711585,27960,terpisah_di_nol,0.0
802,0.8307703606007728,3.198560251136659,pbcseg_final_v1\LY_636684_ccrop_mask.png,pbcseg_final_v1\LY_921911_ccrop_mask.png,,True,0.3985887710941964,0.9518269458099164,0.55323817471572,45.18849411078001,15675,terpisah_di_nol,0.0
803,0.7733768543011413,5.549814180192627,pbcseg_final_v1\MO_51728_ccrop_mask.png,pbcseg_final_v1\LY_247915_ccrop_mask.png,,True,0.2481797533151039,0.7887640713994132,0.5405843180843093,55.0,22991,terpisah_di_nol,0.0
804,0.8946356929135835,2.334432163420103,pbcseg_final_v1\LY_720543_ccrop_mask.png,pbcseg_final_v1\MO_204551_ccrop_mask.png,,True,0.2376137175946974,0.6752911094494083,0.43767739185471094,72.86288492778748,28553,terpisah_di_nol,0.0
805,0.8651246401015844,3.32564993767215,pbcseg_final_v1\LY_661853_ccrop_mask.png,pbcseg_final_v1\MO_391733_ccrop_mask.png,,True,0.20885663693478249,0.6861077186950257,0.4772510817602432,55.0,15640,normal,0.13991831155211934
806,0.7188007846293016,1.951319804821882,pbcseg_final_v1\MO_328743_ccrop_mask.png,pbcseg_final_v1\MO_723941_ccrop_mask.png,,True,0.1946308510227771,0.8210362769465649,0.6264054259237879,68.94200461257273,34993,terpisah_di_nol,0.0
807,0.8644911655499122,2.1113132020046335,pbcseg_final_v1\LY_476808_ccrop_mask.png,pbcseg_final_v1\MO_278768_ccrop_mask.png,,True,0.2506985049831601,0.6539828500884027,0.4032843451052426,69.87131027825369,24020,terpisah_di_nol,0.0
808,0.7771984640505322,1.8917015209680468,pbcseg_final_v1\LY_141780_ccrop_mask.png,pbcseg_final_v1\MO_858410_ccrop_mask.png,,True,0.1407180112304413,0.6771094131382358,0.5363914019077944,70.178344238091,24038,terpisah_di_nol,0.0
809,0.7514995718450844,5.574798901873649,pbcseg_final_v1\MO_688574_ccrop_mask.png,pbcseg_final_v1\MO_873022_ccrop_mask.png,,True,0.23864167681492882,0.8066458372638315,0.5680041604489028,85.90692637965812,40788,terpisah_di_nol,0.0
810,0.8673421083513386,3.585040928755169,pbcseg_final_v1\MO_520421_ccrop_mask.png,pbcseg_final_v1\LY_612132_ccrop_mask.png,,True,0.2491231738735713,0.6937779189552485,0.4446547450816773,69.42621983083913,25154,terpisah_di_nol,0.0
811,0.9755476472097229,1.2026868456965751,pbcseg_final_v1\MO_321941_ccrop_mask.png,pbcseg_final_v1\LY_644595_ccrop_mask.png,,True,0.3177750879678313,0.5815860042031923,0.2638109162353609,64.88451279003334,20805,terpisah_di_nol,0.0
812,0.9387026617855276,5.39054661491447,pbcseg_final_v1\MO_61548_ccrop_mask.png,pbcseg_final_v1\MO_2221_ccrop_mask.png,,True,0.3315847244102873,0.7632709758549597,0.4316862514446725,77.42092740338364,43356,terpisah_di_nol,0.0
813,0.8945084531931856,4.256972908983206,pbcseg_final_v1\MO_894080_ccrop_mask.png,pbcseg_final_v1\MO_962678_ccrop_mask.png,,True,0.5775743863492121,0.9247255876715327,0.3471512013223206,67.1863081289633,32523,terpisah_di_nol,0.0
814,0.8397219770595632,6.265842349005461,pbcseg_final_v1\LY_488343_ccrop_mask.png,pbcseg_final_v1\LY_471743_ccrop_mask.png,,True,0.2949842449492087,0.8013876853447539,0.5064034403955452,47.43416490252569,12983,normal,0.05198752449100364
815,0.8679637365082463,6.058609926594001,pbcseg_final_v1\MO_264354_ccrop_mask.png,pbcseg_final_v1\LY_778240_ccrop_mask.png,,True,0.19493788839520293,0.6399126032711174,0.44497471487591445,63.28506932918696,19487,terpisah_di_nol,0.0
824,0.8367734219097883,5.1807499260700105,pbcseg_final_v1\MO_23093_ccrop_mask.png,pbcseg_final_v1\LY_199996_ccrop_mask.png,,True,0.18122396053663223,0.6111812381200659,0.4299572775834336,68.6804193347711,22243,terpisah_di_nol,0.0
825,0.7879787048791095,3.2821919080722233,pbcseg_final_v1\LY_380019_ccrop_mask.png,pbcseg_final_v1\LY_873630_ccrop_mask.png,,True,0.31284828016618416,0.9704661722926438,0.6576178921264596,43.278170016764804,14016,terpisah_di_nol,0.0
826,0.7563999249065634,6.274151811636848,pbcseg_final_v1\LY_285343_ccrop_mask.png,pbcseg_final_v1\LY_374896_ccrop_mask.png,,True,0.2916015114435676,0.995589835179122,0.7039883237355543,42.638011210655684,11879,terpisah_di_nol,0.0
827,0.8222572454403296,1.3711443412589537,pbcseg_final_v1\MO_307572_ccrop_mask.png,pbcseg_final_v1\MO_896245_ccrop_mask.png,,True,0.35156834732572745,0.9464777894061273,0.5949094420803998,69.0,29214,terpisah_di_nol,0.0
828,0.8877019640522499,4.433059423095732,pbcseg_final_v1\MO_121452_ccrop_mask.png,pbcseg_final_v1\LY_316610_ccrop_mask.png,,True,0.2317299783505698,0.8201833514080905,0.5884533730575207,58.52349955359813,28167,terpisah_di_nol,0.0
829,0.8719668535617944,4.137094132285799,pbcseg_final_v1\MO_500300_ccrop_mask.png,pbcseg_final_v1\LY_120168_ccrop_mask.png,,True,0.38571750351788514,0.7788766729290965,0.3931591694112113,64.19501538281614,22328,normal,0.024253562503633298
830,0.868966591036558,0.05747751459005347,pbcseg_final_v1\MO_52244_ccrop_mask.png,pbcseg_final_v1\LY_707436_ccrop_mask.png,,True,0.233173226889247,0.6495956606174287,0.4164224337281817,79.2464510246358,31268,terpisah_di_nol,0.0
831,0.8812602048498371,2.6058628269766073,pbcseg_final_v1\LY_703831_ccrop_mask.png,pbcseg_final_v1\MO_519764_ccrop_mask.png,,True,0.11318501208984069,0.4852561817047016,0.37207116961486086,82.96987405076617,30261,terpisah_di_nol,0.0
832,0.8416616680775967,1.201105521873817,pbcseg_final_v1\MO_399228_ccrop_mask.png,pbcseg_final_v1\LY_467984_ccrop_mask.png,,True,0.27973186968816743,0.8430303269161771,0.5632984572280096,61.5223536610881,31645,terpisah_di_nol,0.0
833,0.7326848084265357,4.3570739430191,pbcseg_final_v1\MO_526325_ccrop_mask.png,pbcseg_final_v1\LY_85630_ccrop_mask.png,,True,0.10308274009380265,0.7274897295760037,0.624406989482201,61.61168720299745,19991,normal,0.023782574707724703
834,0.7552732170038146,3.091353129162528,pbcseg_final_v1\MO_94561_ccrop_mask.png,pbcseg_final_v1\MO_205404_ccrop_mask.png,,True,0.27438663433188487,0.931929799225742,0.6575431648938571,76.4198926981712,37354,terpisah_di_nol,0.0
835,0.8494990375960775,1.5406271216689604,pbcseg_final_v1\LY_796625_ccrop_mask.png,pbcseg_final_v1\MO_55488_ccrop_mask.png,,True,0.10777464342087648,0.8158649597448324,0.7080903163239559,56.859475903318,23015,terpisah_di_nol,0.0
836,0.86563942062466,6.131815755018146,pbcseg_final_v1\LY_358883_ccrop_mask.png,pbcseg_final_v1\LY_725386_ccrop_mask.png,,True,0.32534715032041794,0.7357997512131615,0.41045260089274355,56.0357029044876,16981,terpisah_di_nol,0.0
837,0.7098177205305444,4.527133375850585,pbcseg_final_v1\LY_412051_ccrop_mask.png,pbcseg_final_v1\MO_37056_ccrop_mask.png,,True,0.05827871778523702,0.7515402604842533,0.6932615426990162,67.17886572427373,30267,terpisah_di_nol,0.0
838,0.8051708226218208,2.78245295716264,pbcseg_final_v1\MO_441309_ccrop_mask.png,pbcseg_final_v1\LY_735620_ccrop_mask.png,,True,0.07270934262566212,0.6347107626202404,0.5620014199945783,68.47627326307996,24437,terpisah_di_nol,0.0
839,0.9401671134675449,1.1019633757221627,pbcseg_final_v1\MO_898913_ccrop_mask.png,pbcseg_final_v1\LY_858672_ccrop_mask.png,,True,0.3102402078548152,0.6944179633093858,0.3841777554545705,64.28841264178172,24498,terpisah_di_nol,0.0
816,0.7732083564557294,3.342697803443685,pbcseg_final_v1\MO_794447_ccrop_mask.png,pbcseg_final_v1\MO_839536_ccrop_mask.png,,True,0.3269878591669772,0.6756901554092191,0.3487022962422418,65.52098900352466,39129,terpisah_di_nol,0.0
817,0.7432278018854894,2.35385819742267,pbcseg_final_v1\MO_539418_ccrop_mask.png,pbcseg_final_v1\MO_610112_ccrop_mask.png,,True,0.13845946362895295,0.8201435112596892,0.6816840476307362,83.21658488546619,43295,terpisah_di_nol,0.0
818,0.8818513388070247,1.1098154837475385,pbcseg_final_v1\LY_43870_ccrop_mask.png,pbcseg_final_v1\LY_154313_ccrop_mask.png,,True,0.40316827815864525,0.9471828551290021,0.5440145769703569,42.7551166528639,12579,normal,0.026707054531881675
819,0.8403603107165684,1.5694202851949353,pbcseg_final_v1\LY_744989_ccrop_mask.png,pbcseg_final_v1\MO_843881_ccrop_mask.png,,True,0.09530427628525502,0.6834133261061124,0.5881090498208573,62.93647591023825,21959,terpisah_di_nol,0.0
820,0.901560931353346,0.2755224213817903,pbcseg_final_v1\LY_915839_ccrop_mask.png,pbcseg_final_v1\MO_601397_ccrop_mask.png,,True,0.2212460304640677,0.6057825328153826,0.384536502351315,60.876925020897694,18080,terpisah_di_nol,0.0
821,0.7577769490561844,4.145194164975242,pbcseg_final_v1\MO_497408_ccrop_mask.png,pbcseg_final_v1\MO_860510_ccrop_mask.png,,True,0.230937085598483,0.8507957196707456,0.6198586340722626,79.37883848986453,36086,terpisah_di_nol,0.0
822,0.7267145793198553,3.9249349691975,pbcseg_final_v1\MO_262163_ccrop_mask.png,pbcseg_final_v1\MO_310770_ccrop_mask.png,,True,0.22146667350339214,0.9334418422816989,0.7119751687783067,69.63476143421474,33914,terpisah_di_nol,0.0
823,0.9611134381506028,4.241972860659346,pbcseg_final_v1\LY_682820_ccrop_mask.png,pbcseg_final_v1\MO_699606_ccrop_mask.png,,True,0.2210964003524837,0.7435851945951908,0.522488794242707,69.00724599634447,30717,terpisah_di_nol,0.0
840,0.7468873516008717,5.076962502247353,pbcseg_final_v1\LY_245917_ccrop_mask.png,pbcseg_final_v1\MO_688290_ccrop_mask.png,,True,0.03239706556144696,0.6218981348001998,0.5895010692387529,67.53517601961218,20801,normal,0.029235267310234306
841,0.8090797418608138,1.5234491320289356,pbcseg_final_v1\LY_206555_ccrop_mask.png,pbcseg_final_v1\LY_360293_ccrop_mask.png,,True,0.3382527336194891,0.9746954552479196,0.6364427216284305,56.586217403180434,21005,terpisah_di_nol,0.0
842,0.9493121729663181,2.6908314817067596,pbcseg_final_v1\MO_742036_ccrop_mask.png,pbcseg_final_v1\LY_930111_ccrop_mask.png,,True,0.20647112486037736,0.5039203987357177,0.29744927387534037,79.6994353806851,26304,terpisah_di_nol,0.0
843,0.8021571578303869,5.147714216375455,pbcseg_final_v1\MO_722749_ccrop_mask.png,pbcseg_final_v1\MO_846205_ccrop_mask.png,,True,0.32171907781394127,0.8982703464369206,0.5765512686229793,63.06346010171025,25121,terpisah_di_nol,0.0
844,0.9505691852290226,1.4805624838169564,pbcseg_final_v1\MO_385020_ccrop_mask.png,pbcseg_final_v1\MO_611333_ccrop_mask.png,,True,0.23359135971596762,0.637567714034226,0.40397635431825835,75.28612089887484,32732,terpisah_di_nol,0.0
845,0.7014041551151826,1.2889594926586652,pbcseg_final_v1\LY_16740_ccrop_mask.png,pbcseg_final_v1\LY_373035_ccrop_mask.png,,True,0.23854507831005692,0.9868098485547552,0.7482647702446983,49.03060268852505,14676,normal,0.02393193862059127
846,0.9340860579791954,0.5942250980824106,pbcseg_final_v1\LY_909959_ccrop_mask.png,pbcseg_final_v1\MO_23093_ccrop_mask.png,,True,0.46600527601579944,0.7905694150420948,0.3245641390262953,68.41052550594829,26726,terpisah_di_nol,0.0
847,0.927264807970007,2.774880654545922,pbcseg_final_v1\LY_300487_ccrop_mask.png,pbcseg_final_v1\MO_762290_ccrop_mask.png,,True,0.1964716069636137,0.5334243008301713,0.33695269386655763,75.66372975210778,29102,terpisah_di_nol,0.0
848,0.8186291715111491,1.8485367774019668,pbcseg_final_v1\LY_87818_ccrop_mask.png,pbcseg_final_v1\MO_679384_ccrop_mask.png,,True,0.10657523060429844,0.7035975447302919,0.5970223141259935,64.35060217278468,25512,terpisah_di_nol,0.0
849,0.724818345550313,0.8889435749195497,pbcseg_final_v1\MO_896401_ccrop_mask.png,pbcseg_final_v1\LY_372155_ccrop_mask.png,,True,0.015939585213761775,0.6628189678611878,0.646879382647426,73.24616030891995,29616,terpisah_di_nol,0.0
850,0.82683652582126,2.898703488105941,pbcseg_final_v1\LY_937401_ccrop_mask.png,pbcseg_final_v1\MO_705630_ccrop_mask.png,,True,0.38700693680021786,0.8157389391609343,0.4287320023607164,54.45181356024793,22550,terpisah_di_nol,0.0
851,0.7229884618343734,0.48340991246903997,pbcseg_final_v1\MO_231492_ccrop_mask.png,pbcseg_final_v1\MO_652800_ccrop_mask.png,,True,0.12310395693664931,0.9317701831800149,0.8086662262433656,83.0,43350,terpisah_di_nol,0.0
852,0.8298821517759281,1.8354358179028976,pbcseg_final_v1\MO_2733_ccrop_mask.png,pbcseg_final_v1\MO_385446_ccrop_mask.png,,True,0.08793811809065935,0.6894040472146753,0.601465929124016,82.68010643437755,41572,terpisah_di_nol,0.0
853,0.7117510628496861,4.119158780746888,pbcseg_final_v1\LY_672082_ccrop_mask.png,pbcseg_final_v1\MO_246145_ccrop_mask.png,,True,0.045793453483381805,0.9152815876086358,0.8694881341252539,64.4980619863884,28652,normal,0.02590638800754199
854,0.7585453762396487,4.495425666919822,pbcseg_final_v1\MO_790080_ccrop_mask.png,pbcseg_final_v1\LY_997935_ccrop_mask.png,,True,0.23394980848523522,0.9853950648363791,0.7514452563511438,51.19570294468082,21497,terpisah_di_nol,0.0
855,0.7573055935448212,0.5455526319440915,pbcseg_final_v1\LY_517156_ccrop_mask.png,pbcseg_final_v1\LY_260801_ccrop_mask.png,,True,0.26733001794697936,0.968379747877652,0.7010497299306727,46.57252408878007,14206,normal,0.024899052235614633
864,0.9723309284062598,1.5494265374192615,pbcseg_final_v1\MO_649989_ccrop_mask.png,pbcseg_final_v1\LY_677709_ccrop_mask.png,,True,0.3690885140112081,0.5948547602952443,0.22576624628403616,71.42128534267638,25243,terpisah_di_nol,0.0
865,0.8562125717638374,4.557823921204499,pbcseg_final_v1\LY_566461_ccrop_mask.png,pbcseg_final_v1\LY_17369_ccrop_mask.png,,True,0.39393273763585623,0.9147850475211742,0.5208523098853179,50.24937810560445,15623,terpisah_di_nol,0.0
866,0.8163789219463037,2.3529696448913935,pbcseg_final_v1\MO_803041_ccrop_mask.png,pbcseg_final_v1\MO_429133_ccrop_mask.png,,True,0.33168328165076694,0.9223491434734649,0.5906658618226979,75.50496672405067,42545,terpisah_di_nol,0.0
867,0.7725079292734391,3.6285079360089982,pbcseg_final_v1\MO_445991_ccrop_mask.png,pbcseg_final_v1\MO_77574_ccrop_mask.png,,True,0.06533157586781993,0.6669237620494252,0.6015921861816051,67.35725647619564,34858,normal,0.04317328917763456
868,0.814383952400726,4.550665938486205,pbcseg_final_v1\MO_685443_ccrop_mask.png,pbcseg_final_v1\LY_824813_ccrop_mask.png,,True,0.027487776436091755,0.5701234805147546,0.5426357040786628,70.02856560004639,30075,terpisah_di_nol,0.0
869,0.7789148840547763,0.2778930554274681,pbcseg_final_v1\LY_709042_ccrop_mask.png,pbcseg_final_v1\LY_786317_ccrop_mask.png,,True,0.16053533188557226,0.8170023976996796,0.6564670658141074,53.14132102234569,16516,normal,0.024625761678892605
870,0.7179696202456354,4.740659451687015,pbcseg_final_v1\LY_832225_ccrop_mask.png,pbcseg_final_v1\LY_514232_ccrop_mask.png,,True,0.2713035568865007,0.9895334892089164,0.7182299323224156,45.967379738244816,14011,terpisah_di_nol,0.0
871,0.9482742967743951,0.3573928150749674,pbcseg_final_v1\MO_628540_ccrop_mask.png,pbcseg_final_v1\MO_596314_ccrop_mask.png,,False,0.0,0.0,0.0,78.0,26585,normal,0.8721981504990169
856,0.8670993180254897,1.6618401018068105,pbcseg_final_v1\MO_12267_ccrop_mask.png,pbcseg_final_v1\MO_787343_ccrop_mask.png,,True,0.06420785623157957,0.9310139153579038,0.8668060591263242,62.297672508690084,32598,terpisah_di_nol,0.0
857,0.9381262190103563,0.7396370377067664,pbcseg_final_v1\MO_562773_ccrop_mask.png,pbcseg_final_v1\MO_617263_ccrop_mask.png,,True,0.5322971588661185,0.846087993371935,0.3137908345058165,69.8927750200262,29582,terpisah_di_nol,0.0
858,0.9594321063644642,0.4222068071788507,pbcseg_final_v1\MO_214064_ccrop_mask.png,pbcseg_final_v1\LY_43870_ccrop_mask.png,,True,0.12763832348537965,0.5320856288951897,0.40444730540981016,76.68767828015137,38191,terpisah_di_nol,0.0
859,0.7793358185006991,2.579557570253226,pbcseg_final_v1\LY_182632_ccrop_mask.png,pbcseg_final_v1\MO_484619_ccrop_mask.png,,True,0.19111527013362442,0.7394999717833615,0.5483847016497371,56.293871780150276,29133,normal,0.0256326007925508
860,0.7462206139513011,3.269612740245359,pbcseg_final_v1\LY_758422_ccrop_mask.png,pbcseg_final_v1\MO_659792_ccrop_mask.png,,True,0.04300415216740485,0.6664427007031718,0.623438548535767,72.18032973047436,26640,normal,0.02104913339870572
861,0.8917763762649196,3.53655272526653,pbcseg_final_v1\MO_348475_ccrop_mask.png,pbcseg_final_v1\MO_453943_ccrop_mask.png,,True,0.43165762217338993,0.8881303452782602,0.45647272310487025,70.0,34131,terpisah_di_nol,0.0
862,0.9426364116149254,4.510980926073356,pbcseg_final_v1\LY_319013_ccrop_mask.png,pbcseg_final_v1\LY_832225_ccrop_mask.png,,True,0.7809804724217708,0.9751036898106544,0.1941232173888836,46.647615158762406,16262,terpisah_di_nol,0.0
863,0.9158053528617917,0.5366265253278107,pbcseg_final_v1\LY_260701_ccrop_mask.png,pbcseg_final_v1\MO_187065_ccrop_mask.png,,True,0.14249434226784546,0.4510226260556029,0.3085282837877574,76.83749084919418,24881,terpisah_di_nol,0.0
880,0.952483051605429,4.572348900649446,pbcseg_final_v1\MO_634096_ccrop_mask.png,pbcseg_final_v1\MO_223296_ccrop_mask.png,,True,0.5927692861427208,0.9037183535428208,0.3109490674000999,67.53517601961218,27983,terpisah_di_nol,0.0
881,0.9339634750119264,5.902436202638887,pbcseg_final_v1\MO_412422_ccrop_mask.png,pbcseg_final_v1\MO_777817_ccrop_mask.png,,True,0.2701813088752257,0.692001842900585,0.4218205340253593,79.47955712005447,35535,terpisah_di_nol,0.0
882,0.795700677338727,0.8949036672038807,pbcseg_final_v1\LY_82173_ccrop_mask.png,pbcseg_final_v1\LY_278416_ccrop_mask.png,,True,0.3923807643758153,0.98588656464073,0.5935058002649147,53.75872022286245,19742,terpisah_di_nol,0.0
883,0.7563947879047942,0.8823305794094395,pbcseg_final_v1\LY_985583_ccrop_mask.png,pbcseg_final_v1\MO_657991_ccrop_mask.png,,True,0.13237346856577453,0.7402702209328699,0.6078967523670953,57.0087712549569,16473,normal,0.026612314770617474
884,0.8485073378033686,2.4356097875981195,pbcseg_final_v1\MO_94561_ccrop_mask.png,pbcseg_final_v1\LY_514232_ccrop_mask.png,,True,0.16242756555126106,0.6107321176011984,0.44830455204993735,75.7099729229908,26468,terpisah_di_nol,0.0
885,0.9549476271851234,0.5395071373422563,pbcseg_final_v1\MO_12267_ccrop_mask.png,pbcseg_final_v1\LY_665021_ccrop_mask.png,,True,0.39585945515581866,0.7200890585890094,0.3242296034331908,61.68468205316454,27730,terpisah_di_nol,0.0
886,0.9738011489014271,6.0333297577622895,pbcseg_final_v1\MO_235578_ccrop_mask.png,pbcseg_final_v1\LY_752671_ccrop_mask.png,,False,0.0,0.0,0.0,58.008620049092706,12622,tak_pernah_pecah,1.0
887,0.8167614601702173,1.7668593588328012,pbcseg_final_v1\LY_607451_ccrop_mask.png,pbcseg_final_v1\LY_963670_ccrop_mask.png,,True,0.29563545893694504,0.890327426753365,0.5946919678164199,55.08175741568164,17692,terpisah_di_nol,0.0
872,0.9320936069414939,1.6135012936201867,pbcseg_final_v1\MO_302654_ccrop_mask.png,pbcseg_final_v1\MO_331436_ccrop_mask.png,,True,0.3270400162529003,0.7573272332095765,0.43028721695667627,69.72087205421343,26681,terpisah_di_nol,0.0
873,0.8148738592119703,5.586397754845161,pbcseg_final_v1\LY_618017_ccrop_mask.png,pbcseg_final_v1\LY_891701_ccrop_mask.png,,True,0.3132957796180018,0.8977367774242417,0.5844409978062399,62.0,22689,terpisah_di_nol,0.0
874,0.7532505314707593,0.2800777578419591,pbcseg_final_v1\MO_503134_ccrop_mask.png,pbcseg_final_v1\LY_999045_ccrop_mask.png,,True,0.13706538075078972,0.7632720810188994,0.6262067002681097,59.665735560705194,32161,terpisah_di_nol,0.0
875,0.7811982822823766,3.122006643054177,pbcseg_final_v1\LY_945775_ccrop_mask.png,pbcseg_final_v1\MO_752387_ccrop_mask.png,,True,0.2278483125891348,0.9266806041297484,0.6988322915406135,64.89992295835181,32170,terpisah_di_nol,0.0
876,0.7639096278085266,2.526487226123251,pbcseg_final_v1\MO_413572_ccrop_mask.png,pbcseg_final_v1\LY_644595_ccrop_mask.png,,True,0.0653318274755469,0.5714285714285714,0.5060967439530245,66.03786792439622,19870,normal,0.02109122703047989
877,0.9026568290172224,5.338627553484829,pbcseg_final_v1\MO_194123_ccrop_mask.png,pbcseg_final_v1\MO_873686_ccrop_mask.png,,True,0.4480079001647491,0.9293367209586924,0.48132882079394324,67.0,35882,terpisah_di_nol,0.0
878,0.9687395803002747,4.215015327872636,pbcseg_final_v1\LY_742554_ccrop_mask.png,pbcseg_final_v1\MO_727663_ccrop_mask.png,,False,0.0,0.0,0.0,38.0,6708,tak_pernah_pecah,1.0
879,0.9740405943419539,2.922535802185112,pbcseg_final_v1\MO_659792_ccrop_mask.png,pbcseg_final_v1\LY_183839_ccrop_mask.png,,True,0.3302803465758826,0.7204178783079974,0.3901375317321148,72.18032973047436,31071,terpisah_di_nol,0.0
888,0.9353633215175774,2.523846839671041,pbcseg_final_v1\MO_642375_ccrop_mask.png,pbcseg_final_v1\LY_471743_ccrop_mask.png,,True,0.33968052045831076,0.6948766178043487,0.35519609734603796,68.73136110975832,24800,normal,0.02413319668619763
889,0.7547589839466239,0.9385931345572467,pbcseg_final_v1\LY_242718_ccrop_mask.png,pbcseg_final_v1\LY_345919_ccrop_mask.png,,True,0.28069637464823377,0.9518809526754374,0.6711845780272037,48.507731342539614,14952,terpisah_di_nol,0.0
890,0.9068754925597953,1.9529385563725346,pbcseg_final_v1\MO_503134_ccrop_mask.png,pbcseg_final_v1\LY_288132_ccrop_mask.png,,True,0.10829585435180882,0.8011927448021526,0.6928968904503439,54.91812087098393,31879,terpisah_di_nol,0.0
891,0.7224177183424866,4.82394304179515,pbcseg_final_v1\MO_139718_ccrop_mask.png,pbcseg_final_v1\LY_148377_ccrop_mask.png,,True,0.17059980018240362,0.8088711376486467,0.6382713374662431,65.80273550544841,22656,normal,0.029748205865436483
892,0.8597874124693623,3.570965938878128,pbcseg_final_v1\MO_783430_ccrop_mask.png,pbcseg_final_v1\LY_426695_ccrop_mask.png,,True,0.47614753883898625,0.8320615549233638,0.35591401608437756,64.07027391856539,26894,terpisah_di_nol,0.0
893,0.7547445353937055,3.7954199211288864,pbcseg_final_v1\MO_573622_ccrop_mask.png,pbcseg_final_v1\MO_71718_ccrop_mask.png,,True,0.13862613068682067,0.7147390516849793,0.5761129209981586,82.29823813423954,39297,terpisah_di_nol,0.0
894,0.971185675911679,1.8234026836250816,pbcseg_final_v1\LY_131763_ccrop_mask.png,pbcseg_final_v1\MO_174547_ccrop_mask.png,,True,0.434578002552738,0.7190105196177278,0.2844325170649898,61.40032573203501,21117,terpisah_di_nol,0.0
895,0.9011505979655661,5.999324249453967,pbcseg_final_v1\LY_672082_ccrop_mask.png,pbcseg_final_v1\MO_197366_ccrop_mask.png,,True,0.18967485457561611,0.5550344778524469,0.3653596232768307,72.0,25814,terpisah_di_nol,0.0
896,0.7914066997597008,0.17573855862440532,pbcseg_final_v1\LY_758422_ccrop_mask.png,pbcseg_final_v1\MO_571951_ccrop_mask.png,,True,0.28230901894352994,0.729152601358627,0.4468435824150971,65.05382386916237,24439,terpisah_di_nol,0.0
897,0.8190354294401986,3.9963670592367624,pbcseg_final_v1\LY_649814_ccrop_mask.png,pbcseg_final_v1\MO_361517_ccrop_mask.png,,True,0.31176586594788336,0.8090172054204832,0.4972513394725998,66.85057965343307,26092,terpisah_di_nol,0.0
898,0.7600743794455401,4.637376924466925,pbcseg_final_v1\MO_723738_ccrop_mask.png,pbcseg_final_v1\LY_703368_ccrop_mask.png,,True,0.25045400606090046,0.9056625856802982,0.6552085796193978,68.6804193347711,27645,terpisah_di_nol,0.0
899,0.7583791450864943,2.7883112340761613,pbcseg_final_v1\MO_571951_ccrop_mask.png,pbcseg_final_v1\LY_56612_ccrop_mask.png,,True,0.1460136197828138,0.7033130363576254,0.5572994165748116,64.8459713474939,23577,terpisah_di_nol,0.0
900,0.8529089462460422,2.4396145940381126,pbcseg_final_v1\LY_819930_ccrop_mask.png,pbcseg_final_v1\LY_28473_ccrop_mask.png,,True,0.309514990302481,0.8518411348491214,0.5423261445466404,48.25971404805462,15536,terpisah_di_nol,0.0
901,0.9355328426229179,0.9796942483735525,pbcseg_final_v1\LY_938330_ccrop_mask.png,pbcseg_final_v1\MO_516178_ccrop_mask.png,,True,0.3173230005664359,0.7438581643246052,0.42653516375816924,63.12685640834652,23187,normal,0.02480694691784169
902,0.9061174219542909,3.556914328924725,pbcseg_final_v1\MO_507386_ccrop_mask.png,pbcseg_final_v1\MO_633497_ccrop_mask.png,,True,0.33489843838997424,0.7722896750091114,0.4373912366191372,80.2807573457052,38998,terpisah_di_nol,0.0
903,0.8310756889905127,4.335010212386221,pbcseg_final_v1\LY_29343_ccrop_mask.png,pbcseg_final_v1\MO_371751_ccrop_mask.png,,True,0.04800064278244542,0.7508467185946804,0.702846075812235,65.7875368135941,26975,terpisah_di_nol,0.0
928,0.805134652501193,4.881000265763952,pbcseg_final_v1\LY_948851_ccrop_mask.png,pbcseg_final_v1\MO_983541_ccrop_mask.png,,True,0.07291832332816806,0.5736482507240844,0.5007299273959164,74.0,26114,terpisah_di_nol,0.0
929,0.8642746447632588,0.12675712357301028,pbcseg_final_v1\LY_487502_ccrop_mask.png,pbcseg_final_v1\LY_636354_ccrop_mask.png,,True,0.4422548691141814,0.9303381160840977,0.48808324696991623,38.27531841800928,9979,normal,0.02884348722688805
930,0.9051105161681552,0.8645711220295548,pbcseg_final_v1\LY_729776_ccrop_mask.png,pbcseg_final_v1\LY_819930_ccrop_mask.png,,True,0.3739837615811068,0.6433595806556924,0.26937581907458563,48.25971404805462,14942,terpisah_di_nol,0.0
931,0.7838495803881703,1.9947233173989283,pbcseg_final_v1\MO_371751_ccrop_mask.png,pbcseg_final_v1\LY_139845_ccrop_mask.png,,True,0.1864762840929896,0.7098381240093606,0.5233618399163711,63.28506932918696,30225,terpisah_di_nol,0.0
932,0.764791700258629,0.11359979403633673,pbcseg_final_v1\LY_549209_ccrop_mask.png,pbcseg_final_v1\LY_703831_ccrop_mask.png,,True,0.29556858844674994,0.9705123634094032,0.6749437749626532,41.48493702538308,10780,terpisah_di_nol,0.0
933,0.9635687333414785,2.1495515085597883,pbcseg_final_v1\LY_682820_ccrop_mask.png,pbcseg_final_v1\LY_266282_ccrop_mask.png,,True,0.6126109813821137,0.8054184532020384,0.19280747181992475,51.86520991955976,16237,terpisah_di_nol,0.0
934,0.7901798876303434,3.0505056157920465,pbcseg_final_v1\MO_250099_ccrop_mask.png,pbcseg_final_v1\LY_506225_ccrop_mask.png,,True,0.04413445245120246,0.5753196144696344,0.5311851620184319,79.1580697086532,36367,terpisah_di_nol,0.0
935,0.9498779151341017,2.5137642575991803,pbcseg_final_v1\LY_772628_ccrop_mask.png,pbcseg_final_v1\LY_599428_ccrop_mask.png,,True,0.5835412110191515,0.9052796529249952,0.3217384419058437,50.59644256269407,16200,normal,0.024042351841717248
912,0.8739316391725784,4.558804825870092,pbcseg_final_v1\LY_273921_ccrop_mask.png,pbcseg_final_v1\MO_406508_ccrop_mask.png,,True,0.136986301369863,0.684931506849315,0.547945205479452,73.0,29012,terpisah_di_nol,0.0
913,0.7186318289144747,2.415081506401168,pbcseg_final_v1\LY_408701_ccrop_mask.png,pbcseg_final_v1\LY_861914_ccrop_mask.png,,True,0.1474100796456326,0.7721291608654521,0.6247190812198196,57.0,16647,terpisah_di_nol,0.0
914,0.8813659646323865,1.7579693395900664,pbcseg_final_v1\LY_348569_ccrop_mask.png,pbcseg_final_v1\MO_405775_ccrop_mask.png,,True,0.18663746823846272,0.537867372168705,0.35122990393024217,67.67569726275453,19737,terpisah_di_nol,0.0
915,0.7165222669174027,3.337751511226638,pbcseg_final_v1\LY_920111_ccrop_mask.png,pbcseg_final_v1\LY_21798_ccrop_mask.png,,True,0.05188839186525938,0.7339337114932768,0.6820453196280174,48.38388161361178,12186,normal,0.03694844669685832
916,0.9056760867070499,5.1717089543969825,pbcseg_final_v1\MO_798368_ccrop_mask.png,pbcseg_final_v1\MO_259043_ccrop_mask.png,,True,0.357252055189916,0.810126582278481,0.452874527088565,79.0,39710,terpisah_di_nol,0.0
917,0.7240268029777567,4.334310493828348,pbcseg_final_v1\MO_162441_ccrop_mask.png,pbcseg_final_v1\LY_476808_ccrop_mask.png,,True,0.04348358591702383,0.5536682337528379,0.5101846478358141,81.59656855530139,28323,terpisah_di_nol,0.0
918,0.7945564521604205,5.638820588298783,pbcseg_final_v1\LY_449981_ccrop_mask.png,pbcseg_final_v1\MO_262114_ccrop_mask.png,,True,0.19765115499508626,0.7761861625392141,0.5785350075441279,64.32728814430156,25000,normal,0.02450715406979359
919,0.7400871074586594,4.820107942090109,pbcseg_final_v1\LY_776045_ccrop_mask.png,pbcseg_final_v1\LY_7449_ccrop_mask.png,,True,0.15251097676130954,0.8010394097958967,0.6485284330345872,57.38466694161429,18274,terpisah_di_nol,0.0
904,0.7232370010471515,3.2875853398798136,pbcseg_final_v1\MO_121190_ccrop_mask.png,pbcseg_final_v1\LY_775657_ccrop_mask.png,,True,0.06778359495164792,0.7415546067046649,0.6737710117530169,60.14149981501958,18562,terpisah_di_nol,0.0
905,0.7798610049004411,0.46031623720597686,pbcseg_final_v1\LY_693776_ccrop_mask.png,pbcseg_final_v1\MO_407150_ccrop_mask.png,,True,0.16380633140573955,0.7307465719897979,0.5669402405840583,69.77822009767804,24741,normal,0.0237758517182737
906,0.7294453798194701,3.4152192461146234,pbcseg_final_v1\MO_484619_ccrop_mask.png,pbcseg_final_v1\MO_243203_ccrop_mask.png,,True,0.32116882538154634,0.830549697070223,0.5093808716886766,67.77905281132217,49897,terpisah_di_nol,0.0
907,0.9164249479018054,2.6805689847108414,pbcseg_final_v1\MO_371740_ccrop_mask.png,pbcseg_final_v1\LY_418188_ccrop_mask.png,,True,0.621561565521411,0.9226455373194035,0.30108397179799257,59.413803110051795,23947,terpisah_di_nol,0.0
908,0.755332027543881,1.9086098884625278,pbcseg_final_v1\LY_934441_ccrop_mask.png,pbcseg_final_v1\MO_909559_ccrop_mask.png,,True,0.08804645456413292,0.6495269816828863,0.5614805271187533,77.89736837660179,29753,terpisah_di_nol,0.0
909,0.9652300002746435,4.02198994197683,pbcseg_final_v1\LY_247228_ccrop_mask.png,pbcseg_final_v1\LY_935379_ccrop_mask.png,,True,0.5611097912439484,0.7667116560613193,0.2056018648173709,55.02726596879042,16973,terpisah_di_nol,0.0
910,0.7385540200901194,3.635370954051043,pbcseg_final_v1\LY_695283_ccrop_mask.png,pbcseg_final_v1\MO_382707_ccrop_mask.png,,True,0.14751134798534976,0.7595214161679607,0.6120100681826108,73.16419889536138,29798,normal,0.022581937608857242
911,0.8499173428009406,1.2485333050338088,pbcseg_final_v1\MO_918252_ccrop_mask.png,pbcseg_final_v1\MO_574980_ccrop_mask.png,,True,0.39158872656639243,0.890761869708233,0.4991731431418406,55.00909015790027,29098,terpisah_di_nol,0.0
936,0.7913601107400342,0.8595459126525803,pbcseg_final_v1\LY_38503_ccrop_mask.png,pbcseg_final_v1\MO_775570_ccrop_mask.png,,True,0.1995160988245613,0.7835098920382266,0.5839937932136653,69.87131027825369,27136,terpisah_di_nol,0.0
937,0.8647872662416873,2.0995559297037136,pbcseg_final_v1\MO_438972_ccrop_mask.png,pbcseg_final_v1\LY_746004_ccrop_mask.png,,True,0.2606022339369898,0.7670868578238608,0.506484623886871,66.37017402418047,24725,terpisah_di_nol,0.0
938,0.7935905905791313,5.161924001594932,pbcseg_final_v1\LY_446605_ccrop_mask.png,pbcseg_final_v1\LY_845543_ccrop_mask.png,,True,0.24171120505037944,0.8773252579201106,0.6356140528697312,47.92702786528704,13264,terpisah_di_nol,0.0
939,0.910825310271841,0.8694084058710528,pbcseg_final_v1\MO_768896_ccrop_mask.png,pbcseg_final_v1\LY_842868_ccrop_mask.png,,True,0.47806556897890007,0.7579337169656096,0.2798681479867095,68.26419266350405,30669,normal,0.022863489522874057
940,0.9645333552124457,2.4707798919107695,pbcseg_final_v1\LY_562164_ccrop_mask.png,pbcseg_final_v1\LY_662988_ccrop_mask.png,,True,0.7132845553686997,0.9291113298458173,0.21582677447711762,48.373546489791295,16061,terpisah_di_nol,0.0
941,0.94013522931956,4.467322004118978,pbcseg_final_v1\MO_843881_ccrop_mask.png,pbcseg_final_v1\MO_500556_ccrop_mask.png,,True,0.3836117364628525,0.9334070869305826,0.5497953504677301,64.28063471995279,34850,terpisah_di_nol,0.0
942,0.9040030796244833,4.08197901660433,pbcseg_final_v1\LY_689894_ccrop_mask.png,pbcseg_final_v1\LY_43870_ccrop_mask.png,,True,0.44460703885499325,0.8013301393115988,0.35672310045660555,50.53711507397311,15105,terpisah_di_nol,0.0
943,0.946406817466796,3.9008977972493715,pbcseg_final_v1\LY_800603_ccrop_mask.png,pbcseg_final_v1\MO_772460_ccrop_mask.png,,True,0.28445243377147555,0.6066758241067098,0.32222339033523434,76.83749084919418,27425,terpisah_di_nol,0.0
920,0.8461903704910125,5.7220315889412285,pbcseg_final_v1\MO_696522_ccrop_mask.png,pbcseg_final_v1\MO_541337_ccrop_mask.png,,True,0.31777831330646245,0.9872669138584995,0.6694886005520371,71.40028011149536,37266,terpisah_di_nol,0.0
921,0.842545846814493,2.715684044408239,pbcseg_final_v1\MO_484619_ccrop_mask.png,pbcseg_final_v1\LY_733068_ccrop_mask.png,,True,0.09053727063375781,0.7388596195445382,0.6483223489107803,56.293871780150276,29752,terpisah_di_nol,0.0
922,0.8898838848609681,2.4361099386108935,pbcseg_final_v1\MO_259043_ccrop_mask.png,pbcseg_final_v1\LY_374713_ccrop_mask.png,,True,0.1768387054738182,0.5100586601190644,0.33321995464524623,76.68767828015137,29713,terpisah_di_nol,0.0
923,0.709588565517996,3.92146375539932,pbcseg_final_v1\LY_204996_ccrop_mask.png,pbcseg_final_v1\MO_91781_ccrop_mask.png,,True,0.03900046528500786,0.5934829725093353,0.5544825072243275,77.80102827083971,27587,terpisah_di_nol,0.0
924,0.9466022164492052,5.4306770567252185,pbcseg_final_v1\MO_716662_ccrop_mask.png,pbcseg_final_v1\LY_316610_ccrop_mask.png,,True,0.4187747279288282,0.7176635848127391,0.2988888568839109,66.24198064671678,22961,terpisah_di_nol,0.0
925,0.7694821728969028,4.499034031755476,pbcseg_final_v1\MO_578103_ccrop_mask.png,pbcseg_final_v1\MO_478654_ccrop_mask.png,,True,0.24957354845785268,0.948645489099338,0.6990719406414854,74.67261881037788,33828,terpisah_di_nol,0.0
926,0.9187681739592317,2.286039898387287,pbcseg_final_v1\LY_322720_ccrop_mask.png,pbcseg_final_v1\MO_919757_ccrop_mask.png,,True,0.2079255446260782,0.6724099904854137,0.46448444585933557,70.2922470831599,27285,terpisah_di_nol,0.0
927,0.7602958594479057,0.8429539403516942,pbcseg_final_v1\LY_351038_ccrop_mask.png,pbcseg_final_v1\LY_121614_ccrop_mask.png,,True,0.14580940554237348,0.7826173982180532,0.6368079926756798,49.9799959983992,14761,normal,0.03747658444979308
944,0.8753217390375793,0.46224581114226004,pbcseg_final_v1\MO_781541_ccrop_mask.png,pbcseg_final_v1\LY_440047_ccrop_mask.png,,True,0.3054907189935876,0.6737552442946484,0.36826452530106085,72.86288492778748,26691,terpisah_di_nol,0.0
945,0.9282356907060624,4.798737365720262,pbcseg_final_v1\LY_168926_ccrop_mask.png,pbcseg_final_v1\MO_101258_ccrop_mask.png,,True,0.13754246054650432,0.5344960635157193,0.39695360296921506,71.11961754677819,25688,terpisah_di_nol,0.0
946,0.9065915879339836,0.8637777843598776,pbcseg_final_v1\LY_468617_ccrop_mask.png,pbcseg_final_v1\MO_725703_ccrop_mask.png,,True,0.2842426438449787,0.6696076022186677,0.38536495837368895,67.468511173732,26874,terpisah_di_nol,0.0
947,0.966063576496905,1.5066637790965371,pbcseg_final_v1\LY_115774_ccrop_mask.png,pbcseg_final_v1\LY_707436_ccrop_mask.png,,True,0.7543623930717978,0.9558794818157492,0.20151708874395136,50.60632371551998,18402,terpisah_di_nol,0.0
948,0.9549537381414974,2.8385738379808223,pbcseg_final_v1\LY_118150_ccrop_mask.png,pbcseg_final_v1\LY_709473_ccrop_mask.png,,False,0.01858227482635983,0.23809523809523808,0.21951296326887826,42.0,9221,tak_pernah_pecah,1.0
949,0.70876218851631,2.212997409101038,pbcseg_final_v1\MO_764682_ccrop_mask.png,pbcseg_final_v1\LY_979614_ccrop_mask.png,,True,0.03754964628115849,0.5055542155235379,0.4680045692423794,80.00624975587844,27917,terpisah_di_nol,0.0
950,0.8481977618920409,1.2322045566819064,pbcseg_final_v1\MO_988184_ccrop_mask.png,pbcseg_final_v1\LY_849118_ccrop_mask.png,,True,0.13782129995355472,0.6838942177300773,0.5460729177765226,64.89992295835181,24496,terpisah_di_nol,0.0
951,0.9367874923890942,1.5701351411513014,pbcseg_final_v1\MO_417384_ccrop_mask.png,pbcseg_final_v1\MO_676317_ccrop_mask.png,,True,0.2711692852611131,0.554602152500187,0.2834328672390739,88.20430828479978,38883,terpisah_di_nol,0.0
952,0.7106244216898876,5.216654181415242,pbcseg_final_v1\MO_483167_ccrop_mask.png,pbcseg_final_v1\MO_168402_ccrop_mask.png,,True,0.11522495767138333,0.8463439557812343,0.731118998109851,81.25269226308751,43320,terpisah_di_nol,0.0
953,0.7593867563554361,3.6805403442045668,pbcseg_final_v1\MO_48904_ccrop_mask.png,pbcseg_final_v1\MO_589643_ccrop_mask.png,,True,0.19073568833958243,0.9195786620698222,0.7288429737302398,86.12200647918046,48386,terpisah_di_nol,0.0
954,0.8376012014250157,1.2546180734179282,pbcseg_final_v1\LY_43551_ccrop_mask.png,pbcseg_final_v1\LY_418108_ccrop_mask.png,,True,0.355539461834803,0.9113915587189502,0.5558520968841472,47.80167361086848,16152,terpisah_di_nol,0.0
955,0.7610065435170279,2.331595719362586,pbcseg_final_v1\MO_352633_ccrop_mask.png,pbcseg_final_v1\LY_820246_ccrop_mask.png,,True,0.2510353661876175,0.8664779727156643,0.6154426065280468,64.38167441127949,23314,terpisah_di_nol,0.0
956,0.7420036070172501,4.510031357694529,pbcseg_final_v1\MO_91936_ccrop_mask.png,pbcseg_final_v1\MO_457419_ccrop_mask.png,,True,0.17629339143674555,0.9895642337559941,0.8132708423192485,70.77428911688199,41450,terpisah_di_nol,0.0
957,0.7459003017723242,5.714898096458089,pbcseg_final_v1\MO_832660_ccrop_mask.png,pbcseg_final_v1\LY_764506_ccrop_mask.png,,True,0.11156212128584862,0.7278899051908365,0.6163277839049879,64.35060217278468,20450,terpisah_di_nol,0.0
958,0.7419550065927878,6.138068473839965,pbcseg_final_v1\MO_689165_ccrop_mask.png,pbcseg_final_v1\MO_143031_ccrop_mask.png,,True,0.25292846829651394,0.9185741936510801,0.6656457253545661,73.97972695272672,31012,terpisah_di_nol,0.0
959,0.9756407440485458,2.333155171890949,pbcseg_final_v1\LY_316754_ccrop_mask.png,pbcseg_final_v1\MO_110450_ccrop_mask.png,,False,0.030288508588779982,0.9953014618697191,0.9650129532809391,40.0,9317,tak_pernah_pecah,1.0
960,0.8808667578109134,2.1252589061469354,pbcseg_final_v1\LY_192796_ccrop_mask.png,pbcseg_final_v1\LY_687027_ccrop_mask.png,,True,0.46974423754892886,0.9971171910304032,0.5273729534814743,47.51841748206689,15884,terpisah_di_nol,0.0
961,0.9793463226360355,3.307377115728937,pbcseg_final_v1\LY_647109_ccrop_mask.png,pbcseg_final_v1\LY_440047_ccrop_mask.png,,True,0.557190653172341,0.8035782760491014,0.2463876228767604,49.040799340956916,14954,terpisah_di_nol,0.0
962,0.8382777843609315,1.7691171236155432,pbcseg_final_v1\MO_834548_ccrop_mask.png,pbcseg_final_v1\LY_586473_ccrop_mask.png,,True,0.1759329273766609,0.5509296356362958,0.3749967082596349,79.55501241279521,36039,terpisah_di_nol,0.0
963,0.7768210660281933,3.3900017214110667,pbcseg_final_v1\MO_189116_ccrop_mask.png,pbcseg_final_v1\LY_364702_ccrop_mask.png,,True,0.23552945413251225,0.63497331276518,0.3994438586326677,74.68600939935136,33232,terpisah_di_nol,0.0
964,0.7815970606862042,4.352880612889031,pbcseg_final_v1\MO_60562_ccrop_mask.png,pbcseg_final_v1\MO_995508_ccrop_mask.png,,True,0.10957343325413366,0.6884681832200806,0.5788947499659469,84.21995013059554,34854,terpisah_di_nol,0.0
965,0.8255461243546741,1.5759348264939284,pbcseg_final_v1\MO_159213_ccrop_mask.png,pbcseg_final_v1\LY_273042_ccrop_mask.png,,True,0.14621788595608406,0.7139902838197882,0.5677723978637043,67.06713054842886,27255,terpisah_di_nol,0.0
966,0.9296255374610792,0.18684859173151402,pbcseg_final_v1\MO_300733_ccrop_mask.png,pbcseg_final_v1\LY_359239_ccrop_mask.png,,True,0.342388129156533,0.650348934538071,0.307960805381538,74.96665925596525,26947,terpisah_di_nol,0.0
967,0.7214657181184878,0.44802763394062456,pbcseg_final_v1\LY_331610_ccrop_mask.png,pbcseg_final_v1\MO_259043_ccrop_mask.png,,True,0.05478307716948478,0.6792025490997673,0.6244194719302825,76.68767828015137,31935,terpisah_di_nol,0.0
984,0.8539608034427033,1.734568671233034,pbcseg_final_v1\MO_814069_ccrop_mask.png,pbcseg_final_v1\MO_813846_ccrop_mask.png,,True,0.30787447385067745,0.7974241914276369,0.48954971757695936,74.24284477308234,30197,terpisah_di_nol,0.0
985,0.9025723129197235,1.2849475179126855,pbcseg_final_v1\LY_310482_ccrop_mask.png,pbcseg_final_v1\MO_898913_ccrop_mask.png,,True,0.34714327514701615,0.7255638415682373,0.3784205664212212,64.35060217278468,21508,terpisah_di_nol,0.0
986,0.9363176721353235,1.4953602133185564,pbcseg_final_v1\LY_13675_ccrop_mask.png,pbcseg_final_v1\MO_998133_ccrop_mask.png,,True,0.3385183100910738,0.7071067811865476,0.36858847109547377,59.93329625508679,19002,terpisah_di_nol,0.0
987,0.8136902285077792,3.1722040676884955,pbcseg_final_v1\MO_433847_ccrop_mask.png,pbcseg_final_v1\LY_531289_ccrop_mask.png,,True,0.19353636661209042,0.6845498824962752,0.4910135158841849,71.28113354878694,24121,terpisah_di_nol,0.0
988,0.9223733406563415,1.6421000045714467,pbcseg_final_v1\MO_419144_ccrop_mask.png,pbcseg_final_v1\MO_574699_ccrop_mask.png,,True,0.3325056992572199,0.7355338000743306,0.4030281008171106,78.85429601486528,36848,terpisah_di_nol,0.0
989,0.9360273407127301,2.9310170405713434,pbcseg_final_v1\LY_264329_ccrop_mask.png,pbcseg_final_v1\MO_338834_ccrop_mask.png,,True,0.2001742328019428,0.5374838498865699,0.33730961708462714,75.0,27587,terpisah_di_nol,0.0
990,0.9338963874150984,2.890707601132053,pbcseg_final_v1\LY_138832_ccrop_mask.png,pbcseg_final_v1\MO_661482_ccrop_mask.png,,True,0.28174400192622145,0.6000363889984263,0.3182923870722048,67.67569726275453,22038,terpisah_di_nol,0.0
991,0.9239778483775456,4.850053193825216,pbcseg_final_v1\MO_991562_ccrop_mask.png,pbcseg_final_v1\LY_271938_ccrop_mask.png,,True,0.2738811241449061,0.7233989928353339,0.44951786869042776,64.51356446515724,23542,terpisah_di_nol,0.0
992,0.95685727214109,4.288297768757559,pbcseg_final_v1\LY_413165_ccrop_mask.png,pbcseg_final_v1\LY_519247_ccrop_mask.png,,True,0.47242669631491896,0.8673485908108984,0.3949218944959795,46.69047011971501,13444,terpisah_di_nol,0.0
993,0.7774229353846547,3.490446408855828,pbcseg_final_v1\MO_207089_ccrop_mask.png,pbcseg_final_v1\MO_688574_ccrop_mask.png,,True,0.0759493670886076,0.6708860759493671,0.5949367088607594,79.0,35688,terpisah_di_nol,0.0
994,0.8854076803270341,1.439305586640044,pbcseg_final_v1\MO_898317_ccrop_mask.png,pbcseg_final_v1\LY_429887_ccrop_mask.png,,True,0.21981651253569578,0.5672584756685631,0.34744196313286735,72.47068372797375,24598,terpisah_di_nol,0.0
995,0.7477983421324282,0.4288728707252096,pbcseg_final_v1\MO_866348_ccrop_mask.png,pbcseg_final_v1\MO_432101_ccrop_mask.png,,True,0.15948672497352448,0.9556998548685676,0.7962131298950431,77.47257579298626,45348,terpisah_di_nol,0.0
996,0.9700137438302242,3.2208402457139558,pbcseg_final_v1\MO_242489_ccrop_mask.png,pbcseg_final_v1\MO_607749_ccrop_mask.png,,False,0.0,0.0,0.0,67.88225099390856,21340,tak_pernah_pecah,1.0
997,0.7285644370606404,2.455848574497812,pbcseg_final_v1\MO_184578_ccrop_mask.png,pbcseg_final_v1\LY_562164_ccrop_mask.png,,True,0.08923602638142768,0.7114582486036499,0.6222222222222222,63.63961030678928,20662,terpisah_di_nol,0.0
998,0.8043662269574715,1.6621526141617888,pbcseg_final_v1\MO_330502_ccrop_mask.png,pbcseg_final_v1\LY_539406_ccrop_mask.png,,True,0.14173108641075685,0.6346903641990161,0.49295927778825926,75.16648189186454,26621,terpisah_di_nol,0.0
968,0.7161944903000035,0.7921085561452769,pbcseg_final_v1\LY_551814_ccrop_mask.png,pbcseg_final_v1\MO_619192_ccrop_mask.png,,True,0.1200886749475431,0.6633031512026543,0.5432144762551112,64.40496875241847,22950,terpisah_di_nol,0.0
969,0.9637364015575671,0.6853082846032663,pbcseg_final_v1\LY_448631_ccrop_mask.png,pbcseg_final_v1\MO_516376_ccrop_mask.png,,True,0.7381059058486965,0.8353348685936264,0.09722896274492981,58.180752831155424,21933,terpisah_di_nol,0.0
970,0.7108517004153321,2.3495206525444416,pbcseg_final_v1\MO_974342_ccrop_mask.png,pbcseg_final_v1\MO_637800_ccrop_mask.png,,True,0.1682204189056494,0.8690549568827177,0.7008345379770683,77.10382610480494,34335,normal,0.08488677524614392
971,0.782157255418106,3.6180437752232457,pbcseg_final_v1\MO_84318_ccrop_mask.png,pbcseg_final_v1\LY_254174_ccrop_mask.png,,True,0.0462240042455545,0.6279916319641944,0.5817676277186399,76.11832893594026,28643,terpisah_di_nol,0.0
972,0.7170833002940878,4.028253648411726,pbcseg_final_v1\MO_756252_ccrop_mask.png,pbcseg_final_v1\LY_744979_ccrop_mask.png,,True,0.09935888608287377,0.7929778696775486,0.6936189835946748,70.34912934784623,31149,normal,0.034401045807689073
973,0.9776529942002302,5.742994031272044,pbcseg_final_v1\MO_786122_ccrop_mask.png,pbcseg_final_v1\LY_139845_ccrop_mask.png,,True,0.34192888809975314,0.6427295936892041,0.300800705589451,69.8927750200262,38945,terpisah_di_nol,0.0
974,0.7417794645548539,2.3574798878448395,pbcseg_final_v1\LY_861914_ccrop_mask.png,pbcseg_final_v1\MO_315312_ccrop_mask.png,,True,0.05879791434745735,0.5754119908831172,0.5166140765356599,75.29276193632427,24291,terpisah_di_nol,0.0
975,0.952435721023695,1.798993957783072,pbcseg_final_v1\LY_294248_ccrop_mask.png,pbcseg_final_v1\MO_194123_ccrop_mask.png,,True,0.5495935591245112,0.842665483664059,0.29307192453954783,62.26556030423239,23869,terpisah_di_nol,0.0
976,0.7314712966551553,4.054805536622086,pbcseg_final_v1\MO_968256_ccrop_mask.png,pbcseg_final_v1\LY_266337_ccrop_mask.png,,True,0.026129451511770697,0.6110489579530793,0.5849195064413086,78.587530817554,31377,terpisah_di_nol,0.0
977,0.8371618711088518,4.370720883735378,pbcseg_final_v1\MO_927827_ccrop_mask.png,pbcseg_final_v1\MO_952670_ccrop_mask.png,,True,0.41055819527727366,0.9858621699887969,0.5753039747115233,66.18912297349165,33949,normal,0.030592342777128974
978,0.8744506867261255,5.90820955539974,pbcseg_final_v1\LY_613623_ccrop_mask.png,pbcseg_final_v1\MO_935222_ccrop_mask.png,,True,0.16001075451949337,0.6028227147878478,0.4428119602683544,70.00714249274856,27272,normal,0.022893427324781505
979,0.7514543121692544,3.0745160187755967,pbcseg_final_v1\MO_485774_ccrop_mask.png,pbcseg_final_v1\LY_241450_ccrop_mask.png,,True,0.03966659191738088,0.4986168714859002,0.4589502795685193,85.0881895447306,34030,terpisah_di_nol,0.0
980,0.9335072820526276,3.5624180507826213,pbcseg_final_v1\MO_216731_ccrop_mask.png,pbcseg_final_v1\MO_344440_ccrop_mask.png,,True,0.42945231454063026,0.8775410842543833,0.44808876971375294,63.90618123468183,31490,terpisah_di_nol,0.0
981,0.7521410506697555,3.9047164271799564,pbcseg_final_v1\MO_149989_ccrop_mask.png,pbcseg_final_v1\LY_360951_ccrop_mask.png,,True,0.11245670622583673,0.6297021823799698,0.5172454761541331,67.0,21137,terpisah_di_nol,0.0
982,0.9592423952891168,4.914586658876883,pbcseg_final_v1\MO_290397_ccrop_mask.png,pbcseg_final_v1\MO_377470_ccrop_mask.png,,True,0.39986420760377217,0.8075911745367966,0.40772696693302446,76.66159403508382,39039,terpisah_di_nol,0.0
983,0.7113618418800045,2.5285331357339285,pbcseg_final_v1\MO_326206_ccrop_mask.png,pbcseg_final_v1\LY_342545_ccrop_mask.png,,True,0.11442929313179899,0.7485324961819159,0.6341032030501169,64.19501538281614,21967,terpisah_di_nol,0.0
