img_name,idx,luas,lebar_maks,aspek,jarak_saddle
BA_32490_ccrop.jpg,1,251,8.0,3.921875,11.180339887498949
EO_9228_ccrop.jpg,1,229,10.0,2.29,3.0
BA_22197_ccrop.jpg,1,91,4.47213595499958,4.549999999999999,13.416407864998739
BA_30267_ccrop.jpg,1,85,8.246211251235321,1.25,7.0
MO_26771_ccrop.jpg,1,76,10.0,0.76,17.0
BNE_7938_ccrop.jpg,1,10,2.0,2.5,60.03332407921454
BNE_7938_ccrop.jpg,2,1,2.0,0.25,58.66856057549052
BNE_7938_ccrop.jpg,3,465,16.0,1.81640625,13.0
BNE_9071_ccrop.jpg,1,273,10.198039027185569,2.6250000000000004,21.587033144922902
BNE_17008_ccrop.jpg,1,155,10.0,1.55,12.649110640673518
BNE_17008_ccrop.jpg,2,29,2.0,7.25,37.589892258425
BNE_17008_ccrop.jpg,3,4,2.0,1.0,56.22277118748239
BNE_17008_ccrop.jpg,4,1,2.0,0.25,60.30754513325841
BNE_17008_ccrop.jpg,5,1,2.0,0.25,62.369864518050704
BA_102750_ccrop.jpg,1,172,10.198039027185569,1.653846153846154,18.027756377319946
BA_114542_ccrop.jpg,1,163,7.211102550927978,3.134615384615385,7.0710678118654755
BA_158249_ccrop.jpg,1,2,2.0,0.5,
BA_158249_ccrop.jpg,2,28,4.0,1.75,
BA_161101_ccrop.jpg,1,1,2.0,0.25,19.1049731745428
BA_119131_ccrop.jpg,1,280,15.620499351813308,1.1475409836065575,7.211102550927978
BA_120278_ccrop.jpg,1,1,2.0,0.25,20.808652046684813
BA_120278_ccrop.jpg,2,1,2.0,0.25,19.849433241279208
BA_120278_ccrop.jpg,3,2,2.0,0.5,19.1049731745428
BA_120278_ccrop.jpg,4,14,2.0,3.5,17.88854381999832
BA_120278_ccrop.jpg,5,1,2.0,0.25,20.396078054371138
BA_120278_ccrop.jpg,6,1,2.0,0.25,21.213203435596427
BA_120278_ccrop.jpg,7,1,2.0,0.25,22.090722034374522
BA_120278_ccrop.jpg,8,1,2.0,0.25,23.021728866442675
BA_120278_ccrop.jpg,9,1,2.0,0.25,24.0
BA_120278_ccrop.jpg,10,1,2.0,0.25,25.019992006393608
BA_193863_ccrop.jpg,1,4,2.0,1.0,15.556349186104045
BA_178853_ccrop.jpg,1,2,2.0,0.5,47.01063709417264
BA_215988_ccrop.jpg,1,372,11.313708498984761,2.9062499999999996,3.0
BA_215988_ccrop.jpg,2,2,2.0,0.5,51.03920062069938
BA_215988_ccrop.jpg,3,2,2.0,0.5,53.25410782277739
BA_206130_ccrop.jpg,1,1,2.0,0.25,8.0
BA_206130_ccrop.jpg,2,1,2.0,0.25,9.055385138137417
BA_223010_ccrop.jpg,1,473,16.0,1.84765625,7.0710678118654755
BA_225229_ccrop.jpg,1,13,2.8284271247461903,1.6249999999999996,20.615528128088304
BA_225540_ccrop.jpg,1,50,5.656854249492381,1.5624999999999996,
BA_229550_ccrop.jpg,1,56,6.324555320336759,1.3999999999999997,11.704699910719626
BA_237069_ccrop.jpg,1,2,2.0,0.5,11.661903789690601
BA_241392_ccrop.jpg,1,1,2.0,0.25,9.848857801796104
BA_241392_ccrop.jpg,2,15,2.8284271247461903,1.8749999999999996,7.810249675906654
BA_164170_ccrop.jpg,1,17,2.0,4.25,55.17245689653489
BA_168028_ccrop.jpg,1,12,2.0,3.0,12.806248474865697
BA_168028_ccrop.jpg,2,3,2.0,0.75,12.529964086141668
BA_168028_ccrop.jpg,3,1,2.0,0.25,13.601470508735444
BA_168028_ccrop.jpg,4,1,2.0,0.25,14.317821063276353
BA_168028_ccrop.jpg,5,2,2.0,0.5,15.033296378372908
BA_168028_ccrop.jpg,6,1,2.0,0.25,16.0
BA_168028_ccrop.jpg,7,1,2.0,0.25,17.029386365926403
BA_168028_ccrop.jpg,8,1,2.0,0.25,18.110770276274835
BA_168028_ccrop.jpg,9,1,2.0,0.25,19.235384061671343
BA_168028_ccrop.jpg,10,1,2.0,0.25,20.396078054371138
BA_168028_ccrop.jpg,11,4,2.0,1.0,21.587033144922902
BA_168028_ccrop.jpg,12,41,4.47213595499958,2.05,25.0
BA_168028_ccrop.jpg,13,3,2.0,0.75,40.311288741492746
BA_168028_ccrop.jpg,14,1,2.0,0.25,44.77722635447622
BA_250000_ccrop.jpg,1,655,24.166091947189145,1.1215753424657535,6.4031242374328485
BA_254820_ccrop.jpg,1,5,2.0,1.25,53.08483775994799
BA_254820_ccrop.jpg,2,14,2.8284271247461903,1.7499999999999996,48.373546489791295
BA_264833_ccrop.jpg,1,32,4.47213595499958,1.5999999999999996,
BA_268064_ccrop.jpg,1,149,8.48528137423857,2.0694444444444446,3.605551275463989
BA_271501_ccrop.jpg,1,224,10.770329614269007,1.931034482758621,12.041594578792296
BA_287643_ccrop.jpg,1,32,5.656854249492381,0.9999999999999998,5.0
BA_278185_ccrop.jpg,1,22,2.0,5.5,1.0
BA_278185_ccrop.jpg,2,12,2.0,3.0,17.029386365926403
BA_278185_ccrop.jpg,3,6,2.0,1.5,25.0
BA_278185_ccrop.jpg,4,5,2.0,1.25,28.231188426986208
BA_278185_ccrop.jpg,5,14,2.0,3.5,32.202484376209235
BA_278185_ccrop.jpg,6,1,2.0,0.25,43.56604182158393
BA_297732_ccrop.jpg,1,18,2.8284271247461903,2.2499999999999996,
BA_298364_ccrop.jpg,1,19,4.0,1.1875,
BA_303637_ccrop.jpg,1,83,8.246211251235321,1.2205882352941178,12.649110640673518
BA_305735_ccrop.jpg,1,64,6.0,1.7777777777777777,27.65863337187866
BA_310106_ccrop.jpg,1,247,8.246211251235321,3.6323529411764706,4.47213595499958
BA_310106_ccrop.jpg,2,1,2.0,0.25,13.601470508735444
BA_335261_ccrop.jpg,1,97,7.211102550927978,1.8653846153846156,13.601470508735444
BA_319331_ccrop.jpg,1,77,6.0,2.138888888888889,13.92838827718412
BA_324268_ccrop.jpg,1,123,7.211102550927978,2.365384615384616,10.770329614269007
BA_324268_ccrop.jpg,2,15,4.0,0.9375,17.88854381999832
BA_326722_ccrop.jpg,1,378,11.661903789690601,2.7794117647058822,8.94427190999916
BA_348602_ccrop.jpg,1,54,6.0,1.5,16.55294535724685
BA_348602_ccrop.jpg,2,30,5.656854249492381,0.9374999999999998,30.805843601498726
BA_363018_ccrop.jpg,1,91,7.211102550927978,1.7500000000000002,8.94427190999916
BA_363018_ccrop.jpg,2,2,2.0,0.5,9.433981132056603
BA_374431_ccrop.jpg,1,214,12.0,1.4861111111111112,5.0990195135927845
BA_389328_ccrop.jpg,1,90,4.0,5.625,2.0
BA_430537_ccrop.jpg,1,974,16.0,3.8046875,3.605551275463989
BA_417333_ccrop.jpg,1,33,4.0,2.0625,9.848857801796104
BA_417333_ccrop.jpg,2,20,2.8284271247461903,2.4999999999999996,31.78049716414141
BA_417832_ccrop.jpg,1,2,2.0,0.5,3.0
BA_417832_ccrop.jpg,2,1,2.0,0.25,2.23606797749979
BA_430561_ccrop.jpg,1,332,16.0,1.296875,5.830951894845301
BA_436500_ccrop.jpg,1,116,5.656854249492381,3.624999999999999,6.0
BA_438781_ccrop.jpg,1,24,4.47213595499958,1.1999999999999997,18.601075237738275
BA_438781_ccrop.jpg,2,6,2.0,1.5,25.298221281347036
BA_463171_ccrop.jpg,1,2,2.0,0.5,64.77653896280658
BA_476625_ccrop.jpg,1,112,8.48528137423857,1.5555555555555558,14.317821063276353
BA_479247_ccrop.jpg,1,3,2.0,0.75,2.23606797749979
BA_479247_ccrop.jpg,2,1,2.0,0.25,3.1622776601683795
BA_490656_ccrop.jpg,1,107,10.0,1.07,9.848857801796104
BA_466566_ccrop.jpg,1,1,2.0,0.25,39.81205847478876
BA_466566_ccrop.jpg,2,1,2.0,0.25,33.83784863137726
BA_466566_ccrop.jpg,3,1,2.0,0.25,32.31098884280702
BA_466566_ccrop.jpg,4,1,2.0,0.25,31.78049716414141
BA_466566_ccrop.jpg,5,1,2.0,0.25,30.886890422961002
BA_466566_ccrop.jpg,6,1,2.0,0.25,30.0
BA_46660_ccrop.jpg,1,2,2.0,0.5,
BA_46660_ccrop.jpg,2,25,2.8284271247461903,3.124999999999999,
BA_472351_ccrop.jpg,1,75,8.0,1.171875,2.23606797749979
BA_482919_ccrop.jpg,1,13,4.0,0.8125,21.213203435596427
BA_484573_ccrop.jpg,1,19,2.8284271247461903,2.3749999999999996,5.0
BA_486837_ccrop.jpg,1,12,2.8284271247461903,1.4999999999999998,12.36931687685298
BA_495847_ccrop.jpg,1,67,6.0,1.8611111111111112,13.601470508735444
BA_499865_ccrop.jpg,1,287,11.661903789690601,2.110294117647059,4.47213595499958
BA_499865_ccrop.jpg,2,36,4.0,2.25,11.180339887498949
BA_504098_ccrop.jpg,1,3,2.0,0.75,7.0710678118654755
BA_504098_ccrop.jpg,2,186,10.0,1.86,7.810249675906654
BA_526172_ccrop.jpg,1,53,5.656854249492381,1.6562499999999996,20.396078054371138
BA_505208_ccrop.jpg,1,1,2.0,0.25,6.4031242374328485
BA_505208_ccrop.jpg,2,2,2.0,0.5,7.810249675906654
BA_505208_ccrop.jpg,3,1,2.0,0.25,10.0
BA_505208_ccrop.jpg,4,1,2.0,0.25,11.40175425099138
BA_505208_ccrop.jpg,5,2,2.0,0.5,12.806248474865697
BA_505208_ccrop.jpg,6,1,2.0,0.25,15.0
BA_505208_ccrop.jpg,7,1,2.0,0.25,16.401219466856727
BA_509224_ccrop.jpg,1,50,6.0,1.3888888888888888,14.866068747318506
BA_515577_ccrop.jpg,1,1,2.0,0.25,9.055385138137417
BA_529706_ccrop.jpg,1,2,2.0,0.5,11.0
BA_530459_ccrop.jpg,1,365,13.416407864998739,2.0277777777777777,5.385164807134504
BA_530459_ccrop.jpg,2,200,8.94427190999916,2.4999999999999996,52.49761899362675
BA_532264_ccrop.jpg,1,110,8.0,1.71875,5.0
BA_545194_ccrop.jpg,1,21,4.0,1.3125,7.615773105863909
BA_551430_ccrop.jpg,1,46,6.0,1.2777777777777777,10.04987562112089
BA_553981_ccrop.jpg,1,127,10.0,1.27,10.770329614269007
BA_556627_ccrop.jpg,1,147,10.0,1.47,9.219544457292887
BA_556627_ccrop.jpg,2,5,2.0,1.25,9.848857801796104
BA_533987_ccrop.jpg,1,9,2.0,2.25,30.083217912982647
BA_533987_ccrop.jpg,2,32,4.47213595499958,1.5999999999999996,16.1245154965971
BA_533987_ccrop.jpg,3,6,2.0,1.5,10.198039027185569
BA_534912_ccrop.jpg,1,220,8.0,3.4375,2.23606797749979
BA_56068_ccrop.jpg,1,76,4.47213595499958,3.7999999999999994,19.79898987322333
BA_564059_ccrop.jpg,1,334,12.0,2.3194444444444446,6.708203932499369
BA_580_ccrop.jpg,1,83,6.0,2.3055555555555554,12.0
BA_58432_ccrop.jpg,1,75,5.656854249492381,2.3437499999999996,4.0
BA_585015_ccrop.jpg,1,36,4.47213595499958,1.7999999999999996,10.816653826391969
BA_589888_ccrop.jpg,1,1,2.0,0.25,9.848857801796104
BA_589888_ccrop.jpg,2,2,2.0,0.5,9.055385138137417
BA_60640_ccrop.jpg,1,127,6.0,3.5277777777777777,17.72004514666935
BA_618288_ccrop.jpg,1,309,11.661903789690601,2.2720588235294117,14.866068747318506
BA_625461_ccrop.jpg,1,104,6.0,2.888888888888889,5.0
BA_625461_ccrop.jpg,2,18,4.0,1.125,5.0
BA_629062_ccrop.jpg,1,223,8.48528137423857,3.0972222222222228,9.433981132056603
BA_633258_ccrop.jpg,1,19,4.0,1.1875,7.211102550927978
BA_634320_ccrop.jpg,1,41,4.0,2.5625,4.123105625617661
BA_636660_ccrop.jpg,1,450,16.492422502470642,1.6544117647058822,16.1245154965971
BA_636660_ccrop.jpg,2,2,2.0,0.5,44.384682042344295
BA_647570_ccrop.jpg,1,40,6.0,1.1111111111111112,6.4031242374328485
BA_647570_ccrop.jpg,2,1,2.0,0.25,3.605551275463989
BA_66887_ccrop.jpg,1,15,2.8284271247461903,1.8749999999999996,
BA_674430_ccrop.jpg,1,1,2.0,0.25,66.76076692189807
BA_674593_ccrop.jpg,1,127,7.211102550927978,2.4423076923076925,22.02271554554524
BA_676044_ccrop.jpg,1,33,4.47213595499958,1.6499999999999997,11.180339887498949
BA_676044_ccrop.jpg,2,109,10.0,1.09,36.0
BA_677937_ccrop.jpg,1,499,15.231546211727817,2.150862068965517,1.0
BA_65751_ccrop.jpg,1,176,7.211102550927978,3.384615384615385,9.486832980505138
BA_660263_ccrop.jpg,1,44,5.656854249492381,1.3749999999999998,6.708203932499369
BA_667936_ccrop.jpg,1,17,4.0,1.0625,34.48187929913333
BA_667936_ccrop.jpg,2,3,2.0,0.75,23.40939982143925
BA_691235_ccrop.jpg,1,42,6.0,1.1666666666666667,14.212670403551895
BA_708202_ccrop.jpg,1,466,13.416407864998739,2.5888888888888886,7.0
BA_712840_ccrop.jpg,1,8,2.0,2.0,1.0
BA_717119_ccrop.jpg,1,42,5.656854249492381,1.3124999999999998,13.892443989449804
BA_726199_ccrop.jpg,1,170,10.0,1.7,18.973665961010276
BA_727435_ccrop.jpg,1,111,5.656854249492381,3.468749999999999,7.810249675906654
BA_727435_ccrop.jpg,2,1,2.0,0.25,33.421549934136806
BA_73594_ccrop.jpg,1,442,18.0,1.3641975308641976,7.0710678118654755
BA_737054_ccrop.jpg,1,1,2.0,0.25,45.0111097397076
BA_737054_ccrop.jpg,2,3,2.0,0.75,41.0
BA_738477_ccrop.jpg,1,65,6.0,1.8055555555555556,23.345235059857504
BA_738477_ccrop.jpg,2,16,4.0,1.0,16.0312195418814
BA_77342_ccrop.jpg,1,63,6.0,1.75,6.4031242374328485
BA_775053_ccrop.jpg,1,43,6.324555320336759,1.0749999999999997,25.0
BA_779930_ccrop.jpg,1,50,4.47213595499958,2.4999999999999996,22.0
BA_779930_ccrop.jpg,2,51,6.0,1.4166666666666667,8.54400374531753
BA_791032_ccrop.jpg,1,194,11.661903789690601,1.4264705882352942,11.0
BA_801667_ccrop.jpg,1,647,20.0,1.6175,8.06225774829855
BA_785583_ccrop.jpg,1,325,10.0,3.25,8.06225774829855
BA_786828_ccrop.jpg,1,162,8.246211251235321,2.3823529411764706,11.0
BA_786828_ccrop.jpg,2,1,2.0,0.25,3.0
BA_786828_ccrop.jpg,3,2,2.0,0.5,7.0710678118654755
BA_74973_ccrop.jpg,1,1,2.0,0.25,8.06225774829855
BA_74973_ccrop.jpg,2,6,2.0,1.5,3.0
BA_74973_ccrop.jpg,3,1,2.0,0.25,3.1622776601683795
BA_74973_ccrop.jpg,4,1,2.0,0.25,4.47213595499958
BA_74973_ccrop.jpg,5,2,2.0,0.5,5.830951894845301
BA_74973_ccrop.jpg,6,2,2.0,0.5,7.810249675906654
BA_74973_ccrop.jpg,7,1,2.0,0.25,9.899494936611665
BA_74973_ccrop.jpg,8,17,2.8284271247461903,2.1249999999999996,11.313708498984761
BA_74973_ccrop.jpg,9,2,2.0,0.5,18.027756377319946
BA_74973_ccrop.jpg,10,1,2.0,0.25,20.12461179749811
BA_752724_ccrop.jpg,1,37,4.47213595499958,1.8499999999999996,8.48528137423857
BA_756115_ccrop.jpg,1,1,2.0,0.25,10.44030650891055
BA_756115_ccrop.jpg,2,13,2.8284271247461903,1.6249999999999996,2.0
BA_759768_ccrop.jpg,1,236,10.0,2.36,17.88854381999832
BA_816082_ccrop.jpg,1,322,11.661903789690601,2.3676470588235294,9.219544457292887
BA_816294_ccrop.jpg,1,54,4.47213595499958,2.6999999999999997,9.848857801796104
BA_817842_ccrop.jpg,1,2,2.0,0.5,
BA_819177_ccrop.jpg,1,93,8.246211251235321,1.3676470588235294,7.211102550927978
BA_820417_ccrop.jpg,1,98,8.48528137423857,1.3611111111111114,7.280109889280518
BA_820417_ccrop.jpg,2,1,2.0,0.25,24.186773244895647
BA_820417_ccrop.jpg,3,165,8.0,2.578125,60.8276253029822
BA_821772_ccrop.jpg,1,3,2.0,0.75,9.899494936611665
BA_804739_ccrop.jpg,1,386,14.142135623730951,1.9299999999999997,
BA_804739_ccrop.jpg,2,3,2.0,0.75,
BA_809385_ccrop.jpg,1,23,4.0,1.4375,54.00925846556311
BA_809385_ccrop.jpg,2,129,10.0,1.29,35.510561809129406
BA_809385_ccrop.jpg,3,14,4.0,0.875,31.0
BA_809385_ccrop.jpg,4,262,13.416407864998739,1.4555555555555553,3.605551275463989
BA_810083_ccrop.jpg,1,1,2.0,0.25,72.01388754955533
BA_810083_ccrop.jpg,2,13,2.0,3.25,65.80273550544841
BA_810083_ccrop.jpg,3,632,14.560219778561036,2.981132075471698,5.0990195135927845
BA_810083_ccrop.jpg,4,1,2.0,0.25,4.0
BA_812916_ccrop.jpg,1,1,2.0,0.25,54.56189146281496
BA_835645_ccrop.jpg,1,10,2.0,2.5,6.708203932499369
BA_864938_ccrop.jpg,1,66,6.0,1.8333333333333333,18.027756377319946
BA_864938_ccrop.jpg,2,16,2.8284271247461903,1.9999999999999996,5.830951894845301
BA_8742_ccrop.jpg,1,89,6.0,2.4722222222222223,2.0
BA_835897_ccrop.jpg,1,34,4.0,2.125,10.44030650891055
BA_844617_ccrop.jpg,1,109,7.211102550927978,2.0961538461538463,16.97056274847714
BA_847959_ccrop.jpg,1,351,14.560219778561036,1.6556603773584906,7.280109889280518
BA_849533_ccrop.jpg,1,373,16.0,1.45703125,11.704699910719626
BA_849723_ccrop.jpg,1,86,8.0,1.34375,
BA_858886_ccrop.jpg,1,356,10.0,3.56,11.313708498984761
BA_85940_ccrop.jpg,1,11,2.8284271247461903,1.3749999999999998,16.0312195418814
BA_85940_ccrop.jpg,2,2,2.0,0.5,17.0
BA_877555_ccrop.jpg,1,11,2.0,2.75,1.0
BA_877555_ccrop.jpg,2,91,4.0,5.6875,9.433981132056603
BA_877555_ccrop.jpg,3,2,2.0,0.5,36.345563690772494
BA_877555_ccrop.jpg,4,4,2.0,1.0,38.47076812334269
BA_892159_ccrop.jpg,1,4,2.0,1.0,8.54400374531753
BA_893914_ccrop.jpg,1,18,4.0,1.125,
BA_895163_ccrop.jpg,1,1,2.0,0.25,91.0823802938856
BA_899396_ccrop.jpg,1,25,5.656854249492381,0.7812499999999998,
BA_925938_ccrop.jpg,1,545,18.439088914585774,1.6029411764705883,5.0
BA_929127_ccrop.jpg,1,363,14.0,1.8520408163265305,8.94427190999916
BA_921895_ccrop.jpg,1,272,14.142135623730951,1.3599999999999999,14.422205101855956
BA_922772_ccrop.jpg,1,122,10.0,1.22,14.0
BA_911932_ccrop.jpg,1,15,2.8284271247461903,1.8749999999999996,10.198039027185569
BA_913408_ccrop.jpg,1,92,6.0,2.5555555555555554,4.0
BA_937156_ccrop.jpg,1,11,2.8284271247461903,1.3749999999999998,4.47213595499958
BA_93822_ccrop.jpg,1,40,4.0,2.5,9.433981132056603
BA_94405_ccrop.jpg,1,2,2.0,0.5,
BA_946406_ccrop.jpg,1,8,2.8284271247461903,0.9999999999999998,18.0
BA_957241_ccrop.jpg,1,94,6.324555320336759,2.3499999999999996,21.02379604162864
BA_957241_ccrop.jpg,2,14,4.0,0.875,48.83646178829912
BA_994179_ccrop.jpg,1,376,18.439088914585774,1.1058823529411765,15.620499351813308
BA_989748_ccrop.jpg,1,32,2.8284271247461903,3.999999999999999,2.0
BNE_106934_ccrop.jpg,1,488,17.204650534085253,1.6486486486486487,8.54400374531753
BA_965389_ccrop.jpg,1,9,2.0,2.25,
BA_965389_ccrop.jpg,2,1,2.0,0.25,
BA_975585_ccrop.jpg,1,17,2.8284271247461903,2.1249999999999996,
BA_980473_ccrop.jpg,1,10,2.8284271247461903,1.2499999999999998,76.92203845452875
BA_98051_ccrop.jpg,1,4,2.0,1.0,14.212670403551895
BA_98051_ccrop.jpg,2,23,2.8284271247461903,2.8749999999999996,3.605551275463989
BNE_115257_ccrop.jpg,1,122,10.0,1.22,11.40175425099138
BNE_133048_ccrop.jpg,1,623,16.97056274847714,2.163194444444445,10.770329614269007
BNE_150545_ccrop.jpg,1,269,13.416407864998739,1.4944444444444442,8.54400374531753
BNE_140522_ccrop.jpg,1,532,16.1245154965971,2.0461538461538464,13.416407864998739
BNE_125774_ccrop.jpg,1,410,11.661903789690601,3.014705882352941,9.433981132056603
BNE_125774_ccrop.jpg,2,1,2.0,0.25,37.589892258425
BNE_126596_ccrop.jpg,1,225,10.0,2.25,10.816653826391969
BNE_158179_ccrop.jpg,1,1,2.0,0.25,21.587033144922902
BNE_158179_ccrop.jpg,2,2,2.0,0.5,19.4164878389476
BNE_158179_ccrop.jpg,3,1,2.0,0.25,18.24828759089466
BNE_158179_ccrop.jpg,4,2,2.0,0.5,16.1245154965971
BNE_163974_ccrop.jpg,1,1,2.0,0.25,30.675723300355934
BNE_163974_ccrop.jpg,2,1,2.0,0.25,29.410882339705484
BNE_163974_ccrop.jpg,3,39,6.0,1.0833333333333333,9.848857801796104
BNE_163974_ccrop.jpg,4,2,2.0,0.5,27.202941017470888
BNE_163974_ccrop.jpg,5,2,2.0,0.5,25.0
BNE_163974_ccrop.jpg,6,2,2.0,0.5,22.80350850198276
BNE_169393_ccrop.jpg,1,55,5.656854249492381,1.7187499999999996,16.76305461424021
BNE_172318_ccrop.jpg,1,33,4.0,2.0625,14.560219778561036
BNE_179976_ccrop.jpg,1,1,2.0,0.25,17.029386365926403
BNE_179976_ccrop.jpg,2,1,2.0,0.25,18.027756377319946
BNE_179976_ccrop.jpg,3,1,2.0,0.25,20.396078054371138
BNE_197336_ccrop.jpg,1,20,4.0,1.25,15.652475842498529
BNE_197336_ccrop.jpg,2,3,2.0,0.75,26.419689627245813
BNE_199310_ccrop.jpg,1,949,30.463092423455635,1.0226293103448274,12.083045973594572
BNE_196260_ccrop.jpg,1,1,2.0,0.25,5.830951894845301
BNE_196260_ccrop.jpg,2,1,2.0,0.25,7.211102550927978
BNE_196924_ccrop.jpg,1,3,2.0,0.75,1.0
BNE_196924_ccrop.jpg,2,7,2.0,1.75,5.0990195135927845
BNE_208829_ccrop.jpg,1,60,8.0,0.9375,13.152946437965905
BNE_210724_ccrop.jpg,1,25,5.656854249492381,0.7812499999999998,13.45362404707371
BNE_218516_ccrop.jpg,1,28,4.47213595499958,1.3999999999999997,15.811388300841896
BNE_235785_ccrop.jpg,1,171,7.211102550927978,3.2884615384615388,11.0
BNE_239147_ccrop.jpg,1,2,2.0,0.5,
BNE_253038_ccrop.jpg,1,1,2.0,0.25,48.010415536631214
BNE_268233_ccrop.jpg,1,123,5.656854249492381,3.843749999999999,10.770329614269007
BNE_277907_ccrop.jpg,1,50,6.0,1.3888888888888888,4.47213595499958
BNE_246456_ccrop.jpg,1,19,2.8284271247461903,2.3749999999999996,6.324555320336759
BNE_246456_ccrop.jpg,2,1,2.0,0.25,14.212670403551895
BNE_246456_ccrop.jpg,3,1,2.0,0.25,15.620499351813308
BNE_246456_ccrop.jpg,4,1,2.0,0.25,17.029386365926403
BNE_246456_ccrop.jpg,5,3,2.0,0.75,18.439088914585774
BNE_246456_ccrop.jpg,6,1,2.0,0.25,20.248456731316587
BNE_246456_ccrop.jpg,7,3,2.0,0.75,21.470910553583888
BNE_246456_ccrop.jpg,8,71,8.0,1.109375,25.495097567963924
BNE_248619_ccrop.jpg,1,457,17.88854381999832,1.4281249999999996,9.433981132056603
BNE_248619_ccrop.jpg,2,1,2.0,0.25,47.51841748206689
BNE_248619_ccrop.jpg,3,2,2.0,0.5,48.662100242385755
BNE_284465_ccrop.jpg,1,214,8.246211251235321,3.1470588235294117,9.433981132056603
BNE_295613_ccrop.jpg,1,17,4.0,1.0625,14.317821063276353
BNE_296511_ccrop.jpg,1,6,2.0,1.5,17.72004514666935
BNE_313131_ccrop.jpg,1,96,4.47213595499958,4.799999999999999,5.830951894845301
BNE_313131_ccrop.jpg,2,23,4.0,1.4375,33.24154027718932
BNE_313131_ccrop.jpg,3,44,4.0,2.75,32.55764119219941
BNE_323493_ccrop.jpg,1,9,2.0,2.25,40.0
BNE_323493_ccrop.jpg,2,312,15.231546211727817,1.3448275862068964,9.848857801796104
BNE_315742_ccrop.jpg,1,760,21.540659228538015,1.637931034482759,13.92838827718412
BNE_315947_ccrop.jpg,1,101,10.0,1.01,10.0
BNE_316679_ccrop.jpg,1,516,18.439088914585774,1.5176470588235293,12.041594578792296
BNE_338982_ccrop.jpg,1,17,4.0,1.0625,15.811388300841896
BNE_362920_ccrop.jpg,1,10,2.0,2.5,2.8284271247461903
BNE_373543_ccrop.jpg,1,1,2.0,0.25,37.013511046643494
BNE_382771_ccrop.jpg,1,26,4.0,1.625,15.652475842498529
BNE_384062_ccrop.jpg,1,6,2.0,1.5,9.0
BNE_378921_ccrop.jpg,1,8,2.0,2.0,31.304951684997057
BNE_380348_ccrop.jpg,1,23,4.0,1.4375,12.083045973594572
BNE_380348_ccrop.jpg,2,2,2.0,0.5,15.132745950421556
BNE_380348_ccrop.jpg,3,5,2.0,1.25,11.0
BNE_357822_ccrop.jpg,1,25,2.8284271247461903,3.124999999999999,16.15549442140351
BNE_357822_ccrop.jpg,2,1,2.0,0.25,14.866068747318506
BNE_357822_ccrop.jpg,3,22,4.0,1.375,9.848857801796104
BNE_359949_ccrop.jpg,1,1,2.0,0.25,
BNE_359949_ccrop.jpg,2,2,2.0,0.5,
BNE_359949_ccrop.jpg,3,2,2.0,0.5,
BNE_386017_ccrop.jpg,1,60,4.0,3.75,11.0
BNE_386017_ccrop.jpg,2,3,2.0,0.75,20.808652046684813
BNE_396823_ccrop.jpg,1,9,2.0,2.25,13.038404810405298
BNE_396853_ccrop.jpg,1,135,5.656854249492381,4.218749999999999,7.0710678118654755
BNE_397228_ccrop.jpg,1,15,2.8284271247461903,1.8749999999999996,9.433981132056603
BNE_397228_ccrop.jpg,2,53,6.324555320336759,1.3249999999999997,24.331050121192877
BNE_415445_ccrop.jpg,1,486,16.1245154965971,1.8692307692307697,1.4142135623730951
BNE_426453_ccrop.jpg,1,127,5.656854249492381,3.968749999999999,12.0
BNE_430604_ccrop.jpg,1,75,7.211102550927978,1.4423076923076925,14.866068747318506
BNE_409791_ccrop.jpg,1,73,5.656854249492381,2.2812499999999996,14.317821063276353
BNE_411518_ccrop.jpg,1,183,10.770329614269007,1.5775862068965518,7.280109889280518
BNE_411518_ccrop.jpg,2,1,2.0,0.25,27.586228448267445
BNE_411518_ccrop.jpg,3,1,2.0,0.25,33.301651610693426
BNE_411518_ccrop.jpg,4,2,2.0,0.5,35.4682957019364
BNE_411518_ccrop.jpg,5,1,2.0,0.25,38.41874542459709
BNE_411518_ccrop.jpg,6,1,2.0,0.25,40.607881008493905
BNE_411518_ccrop.jpg,7,2,2.0,0.5,42.80186911806539
BNE_438952_ccrop.jpg,1,359,15.231546211727817,1.5474137931034482,7.0
BNE_44328_ccrop.jpg,1,116,7.211102550927978,2.2307692307692313,9.486832980505138
BNE_447939_ccrop.jpg,1,1,2.0,0.25,10.44030650891055
BNE_447939_ccrop.jpg,2,2,2.0,0.5,8.246211251235321
BNE_447939_ccrop.jpg,3,56,7.211102550927978,1.076923076923077,7.280109889280518
BNE_451729_ccrop.jpg,1,118,5.656854249492381,3.687499999999999,12.649110640673518
BNE_454089_ccrop.jpg,1,77,4.0,4.8125,10.295630140987
BNE_485377_ccrop.jpg,1,1,2.0,0.25,7.0
BNE_487299_ccrop.jpg,1,38,5.656854249492381,1.1874999999999998,16.0
BNE_499517_ccrop.jpg,1,38,4.47213595499958,1.8999999999999997,11.704699910719626
BNE_510336_ccrop.jpg,1,43,4.0,2.6875,8.54400374531753
BNE_510336_ccrop.jpg,2,1,2.0,0.25,19.4164878389476
BNE_510336_ccrop.jpg,3,20,2.8284271247461903,2.4999999999999996,20.808652046684813
BNE_522120_ccrop.jpg,1,1,2.0,0.25,35.4682957019364
BNE_522120_ccrop.jpg,2,52,4.0,3.25,15.524174696260024
BNE_544250_ccrop.jpg,1,102,6.0,2.8333333333333335,9.055385138137417
BNE_544250_ccrop.jpg,2,1,2.0,0.25,17.0
BNE_545407_ccrop.jpg,1,26,4.47213595499958,1.2999999999999998,10.0
BNE_548152_ccrop.jpg,1,81,5.656854249492381,2.5312499999999996,13.0
BNE_564942_ccrop.jpg,1,193,12.0,1.3402777777777777,14.035668847618199
BNE_573024_ccrop.jpg,1,61,4.47213595499958,3.0499999999999994,18.384776310850235
BNE_592960_ccrop.jpg,1,744,24.0,1.2916666666666667,7.615773105863909
BNE_582153_ccrop.jpg,1,152,10.770329614269007,1.310344827586207,13.892443989449804
BNE_59746_ccrop.jpg,1,26,2.8284271247461903,3.249999999999999,16.64331697709324
BNE_59746_ccrop.jpg,2,1,2.0,0.25,20.396078054371138
BNE_598279_ccrop.jpg,1,2,2.0,0.5,8.0
BNE_623604_ccrop.jpg,1,59,4.0,3.6875,15.231546211727817
BNE_640026_ccrop.jpg,1,4,2.0,1.0,26.832815729997478
BNE_630905_ccrop.jpg,1,241,8.246211251235321,3.5441176470588234,6.708203932499369
BNE_630905_ccrop.jpg,2,24,4.0,1.5,46.57252408878007
BNE_66389_ccrop.jpg,1,262,10.0,2.62,9.848857801796104
BNE_68390_ccrop.jpg,1,1,2.0,0.25,
BNE_68390_ccrop.jpg,2,29,2.8284271247461903,3.624999999999999,
BNE_69587_ccrop.jpg,1,196,10.770329614269007,1.6896551724137934,12.041594578792296
BNE_723261_ccrop.jpg,1,30,5.656854249492381,0.9374999999999998,4.242640687119285
BNE_734001_ccrop.jpg,1,295,17.08800749063506,1.0102739726027399,18.027756377319946
BNE_725999_ccrop.jpg,1,3,2.0,0.75,5.0
BNE_725999_ccrop.jpg,2,24,4.0,1.5,10.198039027185569
BNE_748706_ccrop.jpg,1,485,17.88854381999832,1.5156249999999998,11.40175425099138
BNE_756237_ccrop.jpg,1,228,13.416407864998739,1.2666666666666664,9.486832980505138
BNE_762064_ccrop.jpg,1,802,22.090722034374522,1.6434426229508194,9.055385138137417
BNE_741104_ccrop.jpg,1,5,2.0,1.25,8.48528137423857
BNE_741104_ccrop.jpg,2,6,2.0,1.5,12.806248474865697
BNE_741104_ccrop.jpg,3,4,2.0,1.0,17.804493814764857
BNE_742479_ccrop.jpg,1,486,20.09975124224178,1.202970297029703,9.219544457292887
BNE_772616_ccrop.jpg,1,26,2.8284271247461903,3.249999999999999,11.0
BNE_772616_ccrop.jpg,2,62,5.656854249492381,1.9374999999999996,16.97056274847714
BNE_772616_ccrop.jpg,3,2,2.0,0.5,16.15549442140351
BNE_772616_ccrop.jpg,4,3,2.0,0.75,35.608987629529715
BNE_77701_ccrop.jpg,1,250,10.0,2.5,11.045361017187261
BNE_779767_ccrop.jpg,1,83,6.324555320336759,2.0749999999999997,15.811388300841896
BNE_791436_ccrop.jpg,1,225,14.142135623730951,1.1249999999999998,11.045361017187261
BNE_792019_ccrop.jpg,1,183,10.0,1.83,7.211102550927978
BNE_79688_ccrop.jpg,1,4,2.0,1.0,15.132745950421556
BNE_800976_ccrop.jpg,1,352,12.0,2.4444444444444446,10.63014581273465
BNE_815174_ccrop.jpg,1,7,2.0,1.75,5.0990195135927845
BNE_806131_ccrop.jpg,1,36,6.0,1.0,2.23606797749979
BNE_806131_ccrop.jpg,2,1,2.0,0.25,2.23606797749979
BNE_806828_ccrop.jpg,1,171,7.211102550927978,3.2884615384615388,12.0
BNE_856696_ccrop.jpg,1,47,4.0,2.9375,13.45362404707371
BNE_856696_ccrop.jpg,2,2,2.0,0.5,25.079872407968907
BNE_856696_ccrop.jpg,3,1,2.0,0.25,28.0178514522438
BNE_83730_ccrop.jpg,1,175,11.313708498984761,1.3671874999999998,35.11409973215888
BNE_83730_ccrop.jpg,2,55,6.324555320336759,1.3749999999999998,23.706539182259394
BNE_83730_ccrop.jpg,3,31,4.0,1.9375,7.810249675906654
BNE_83730_ccrop.jpg,4,3,2.0,0.75,18.867962264113206
BNE_839288_ccrop.jpg,1,803,22.0,1.6590909090909092,8.06225774829855
BNE_868025_ccrop.jpg,1,27,5.656854249492381,0.8437499999999998,12.806248474865697
BNE_866984_ccrop.jpg,1,6,2.0,1.5,38.47076812334269
BNE_866984_ccrop.jpg,2,1,2.0,0.25,37.33630940518894
BNE_866984_ccrop.jpg,3,17,2.8284271247461903,2.1249999999999996,28.0178514522438
BNE_866984_ccrop.jpg,4,128,8.94427190999916,1.5999999999999996,7.0710678118654755
BNE_88499_ccrop.jpg,1,89,6.324555320336759,2.2249999999999996,5.0
BNE_88499_ccrop.jpg,2,21,2.8284271247461903,2.6249999999999996,27.892651361962706
BNE_898519_ccrop.jpg,1,73,4.47213595499958,3.6499999999999995,18.0
BNE_934554_ccrop.jpg,1,71,4.0,4.4375,28.635642126552707
BNE_918500_ccrop.jpg,1,1,2.0,0.25,14.866068747318506
BNE_918500_ccrop.jpg,2,2,2.0,0.5,15.0
BNE_918500_ccrop.jpg,3,1,2.0,0.25,15.652475842498529
BNE_92309_ccrop.jpg,1,95,7.211102550927978,1.826923076923077,12.529964086141668
BNE_958533_ccrop.jpg,1,2,2.0,0.5,31.04834939252005
BNE_951149_ccrop.jpg,1,1,2.0,0.25,12.165525060596439
BNE_971478_ccrop.jpg,1,214,11.661903789690601,1.5735294117647058,13.0
BNE_972679_ccrop.jpg,1,3,2.0,0.75,13.341664064126334
BNE_973117_ccrop.jpg,1,22,2.8284271247461903,2.7499999999999996,3.605551275463989
BNE_973117_ccrop.jpg,2,45,4.0,2.8125,23.769728648009426
BNE_986197_ccrop.jpg,1,56,8.0,0.875,
EO_112884_ccrop.jpg,1,367,11.661903789690601,2.698529411764706,2.23606797749979
EO_106191_ccrop.jpg,1,89,8.246211251235321,1.3088235294117647,14.7648230602334
BNE_989723_ccrop.jpg,1,20,2.8284271247461903,2.4999999999999996,12.36931687685298
BNE_990094_ccrop.jpg,1,64,4.47213595499958,3.1999999999999993,38.63935817272331
BNE_990094_ccrop.jpg,2,33,5.656854249492381,1.0312499999999998,13.152946437965905
BNE_991991_ccrop.jpg,1,1,2.0,0.25,25.632011235952593
BNE_991991_ccrop.jpg,2,65,5.656854249492381,2.0312499999999996,15.132745950421556
BNE_991991_ccrop.jpg,3,1,2.0,0.25,32.449961479175904
BNE_991991_ccrop.jpg,4,3,2.0,0.75,28.600699292150182
BNE_991991_ccrop.jpg,5,1,2.0,0.25,21.400934559032695
BNE_992159_ccrop.jpg,1,661,21.2602916254693,1.4623893805309733,11.313708498984761
EO_120534_ccrop.jpg,1,6,2.0,1.5,6.324555320336759
EO_126623_ccrop.jpg,1,1123,30.463092423455635,1.2101293103448274,5.0990195135927845
EO_128298_ccrop.jpg,1,9,2.8284271247461903,1.1249999999999998,7.0
EO_136851_ccrop.jpg,1,5,2.0,1.25,69.02897942168927
EO_139844_ccrop.jpg,1,138,10.0,1.38,20.518284528683193
EO_139844_ccrop.jpg,2,86,6.0,2.388888888888889,12.649110640673518
EO_130195_ccrop.jpg,1,1988,40.24922359499622,1.2271604938271603,6.082762530298219
EO_132515_ccrop.jpg,1,1,2.0,0.25,10.0
EO_133581_ccrop.jpg,1,397,17.88854381999832,1.2406249999999999,10.44030650891055
EO_147843_ccrop.jpg,1,43,6.0,1.1944444444444444,18.384776310850235
EO_147843_ccrop.jpg,2,107,8.246211251235321,1.5735294117647058,8.0
EO_155442_ccrop.jpg,1,28,4.0,1.75,38.58756276314948
EO_155442_ccrop.jpg,2,14,2.0,3.5,40.22437072223753
EO_155442_ccrop.jpg,3,4,2.0,1.0,40.718546143004666
EO_155442_ccrop.jpg,4,2,2.0,0.5,41.43669871020132
EO_155442_ccrop.jpg,5,1,2.0,0.25,42.05948168962618
EO_155442_ccrop.jpg,6,2,2.0,0.5,42.44997055358225
EO_158113_ccrop.jpg,1,208,10.0,2.08,8.602325267042627
EO_158113_ccrop.jpg,2,1,2.0,0.25,15.033296378372908
EO_163905_ccrop.jpg,1,2,2.0,0.5,21.95449840010015
EO_163905_ccrop.jpg,2,9,2.0,2.25,24.413111231467404
EO_16926_ccrop.jpg,1,188,8.94427190999916,2.3499999999999996,17.69180601295413
EO_170131_ccrop.jpg,1,345,12.0,2.3958333333333335,1.0
EO_172593_ccrop.jpg,1,209,10.0,2.09,9.848857801796104
EO_172593_ccrop.jpg,2,2,2.0,0.5,35.73513677041127
EO_172593_ccrop.jpg,3,1,2.0,0.25,37.33630940518894
EO_185749_ccrop.jpg,1,42,4.47213595499958,2.0999999999999996,51.61395160225576
EO_175923_ccrop.jpg,1,106,6.0,2.9444444444444446,24.331050121192877
EO_189610_ccrop.jpg,1,443,16.1245154965971,1.7038461538461542,10.0
EO_189922_ccrop.jpg,1,691,24.0,1.1996527777777777,3.0
EO_199651_ccrop.jpg,1,100,4.0,6.25,9.848857801796104
EO_199651_ccrop.jpg,2,43,6.324555320336759,1.0749999999999997,10.295630140987
EO_206279_ccrop.jpg,1,73,6.0,2.0277777777777777,25.298221281347036
EO_20991_ccrop.jpg,1,205,8.0,3.203125,2.0
EO_210368_ccrop.jpg,1,119,8.0,1.859375,9.486832980505138
EO_212511_ccrop.jpg,1,202,12.0,1.4027777777777777,2.8284271247461903
EO_212511_ccrop.jpg,2,4,2.0,1.0,51.15662224971465
EO_212511_ccrop.jpg,3,61,5.656854249492381,1.9062499999999996,33.54101966249684
EO_214664_ccrop.jpg,1,57,4.47213595499958,2.8499999999999996,12.083045973594572
EO_220964_ccrop.jpg,1,163,8.246211251235321,2.3970588235294117,5.385164807134504
EO_219068_ccrop.jpg,1,13,2.8284271247461903,1.6249999999999996,31.827660925679098
EO_220632_ccrop.jpg,1,82,7.211102550927978,1.576923076923077,10.770329614269007
EO_220632_ccrop.jpg,2,2,2.0,0.5,8.54400374531753
EO_220632_ccrop.jpg,3,1,2.0,0.25,7.280109889280518
EO_220632_ccrop.jpg,4,3,2.0,0.75,6.4031242374328485
EO_220632_ccrop.jpg,5,1,2.0,0.25,10.0
EO_220632_ccrop.jpg,6,1,2.0,0.25,14.422205101855956
EO_226872_ccrop.jpg,1,128,6.324555320336759,3.1999999999999993,7.615773105863909
EO_228035_ccrop.jpg,1,10,2.8284271247461903,1.2499999999999998,6.324555320336759
EO_233502_ccrop.jpg,1,79,8.0,1.234375,6.708203932499369
EO_229336_ccrop.jpg,1,11,2.8284271247461903,1.3749999999999998,10.770329614269007
EO_229348_ccrop.jpg,1,46,4.47213595499958,2.2999999999999994,
EO_230870_ccrop.jpg,1,12,2.0,3.0,4.242640687119285
EO_239013_ccrop.jpg,1,1,2.0,0.25,55.758407437802596
EO_236852_ccrop.jpg,1,1,2.0,0.25,
EO_237789_ccrop.jpg,1,49,5.656854249492381,1.5312499999999996,2.23606797749979
EO_245768_ccrop.jpg,1,77,5.656854249492381,2.4062499999999996,1.4142135623730951
EO_247560_ccrop.jpg,1,47,4.47213595499958,2.3499999999999996,16.1245154965971
EO_248363_ccrop.jpg,1,71,4.47213595499958,3.5499999999999994,13.92838827718412
EO_242314_ccrop.jpg,1,89,8.246211251235321,1.3088235294117647,57.38466694161429
EO_242314_ccrop.jpg,2,29,4.0,1.8125,10.0
EO_244915_ccrop.jpg,1,528,22.360679774997898,1.0559999999999998,3.0
EO_2603_ccrop.jpg,1,17,2.0,4.25,2.0
EO_261787_ccrop.jpg,1,138,6.324555320336759,3.4499999999999993,7.810249675906654
EO_249877_ccrop.jpg,1,15,2.8284271247461903,1.8749999999999996,30.0
EO_250701_ccrop.jpg,1,223,8.48528137423857,3.0972222222222228,3.0
EO_251668_ccrop.jpg,1,193,10.198039027185569,1.855769230769231,1.0
EO_252025_ccrop.jpg,1,94,7.211102550927978,1.807692307692308,
EO_252552_ccrop.jpg,1,362,10.770329614269007,3.120689655172414,4.242640687119285
EO_252552_ccrop.jpg,2,3,2.0,0.75,24.73863375370596
EO_263727_ccrop.jpg,1,49,2.8284271247461903,6.124999999999998,7.615773105863909
EO_264233_ccrop.jpg,1,2822,49.51767361255979,1.1508972267536706,1.0
EO_264654_ccrop.jpg,1,826,22.360679774997898,1.652,10.0
EO_270508_ccrop.jpg,1,1,2.0,0.25,5.0990195135927845
EO_270508_ccrop.jpg,2,1,2.0,0.25,6.324555320336759
EO_270508_ccrop.jpg,3,2,2.0,0.5,7.615773105863909
EO_276645_ccrop.jpg,1,214,12.165525060596439,1.4459459459459463,9.848857801796104
EO_284757_ccrop.jpg,1,1,2.0,0.25,18.027756377319946
EO_284757_ccrop.jpg,2,1,2.0,0.25,16.76305461424021
EO_293968_ccrop.jpg,1,284,8.0,4.4375,2.8284271247461903
EO_295726_ccrop.jpg,1,2,2.0,0.5,28.861739379323623
EO_295726_ccrop.jpg,2,8,2.0,2.0,14.142135623730951
EO_295726_ccrop.jpg,3,4,2.0,1.0,9.0
EO_29763_ccrop.jpg,1,734,19.79898987322333,1.8724489795918366,13.341664064126334
EO_303442_ccrop.jpg,1,112,8.246211251235321,1.6470588235294117,
EO_31159_ccrop.jpg,1,1,2.0,0.25,15.297058540778355
EO_3205_ccrop.jpg,1,35,5.656854249492381,1.0937499999999998,4.123105625617661
EO_323763_ccrop.jpg,1,24,4.47213595499958,1.1999999999999997,17.46424919657298
EO_330791_ccrop.jpg,1,49,4.47213595499958,2.4499999999999997,32.69556544854363
EO_342801_ccrop.jpg,1,125,8.246211251235321,1.838235294117647,12.083045973594572
EO_347529_ccrop.jpg,1,115,7.211102550927978,2.2115384615384617,9.055385138137417
EO_350584_ccrop.jpg,1,299,12.165525060596439,2.0202702702702706,2.0
EO_338378_ccrop.jpg,1,1,2.0,0.25,43.289721643826724
EO_338378_ccrop.jpg,2,1,2.0,0.25,45.39823785126467
EO_338378_ccrop.jpg,3,12,2.8284271247461903,1.4999999999999998,46.52956049652737
EO_340636_ccrop.jpg,1,294,10.0,2.94,7.280109889280518
EO_340997_ccrop.jpg,1,86,8.94427190999916,1.0749999999999997,
EO_363808_ccrop.jpg,1,29,4.47213595499958,1.4499999999999997,20.518284528683193
EO_370621_ccrop.jpg,1,2421,46.0,1.14413988657845,2.0
EO_375633_ccrop.jpg,1,37,2.8284271247461903,4.624999999999999,29.410882339705484
EO_375714_ccrop.jpg,1,163,10.0,1.63,15.231546211727817
EO_383072_ccrop.jpg,1,73,4.0,4.5625,5.0
EO_383072_ccrop.jpg,2,1,2.0,0.25,36.235341863986875
EO_383072_ccrop.jpg,3,1,2.0,0.25,37.64306044943742
EO_383400_ccrop.jpg,1,152,8.94427190999916,1.8999999999999997,6.708203932499369
EO_383654_ccrop.jpg,1,50,4.0,3.125,7.211102550927978
EO_384138_ccrop.jpg,1,47,5.656854249492381,1.4687499999999998,17.46424919657298
EO_384169_ccrop.jpg,1,971,18.867962264113206,2.727528089887641,4.123105625617661
EO_389300_ccrop.jpg,1,213,11.661903789690601,1.5661764705882353,3.0
EO_39961_ccrop.jpg,1,40,4.0,2.5,7.615773105863909
EO_39961_ccrop.jpg,2,14,2.0,3.5,31.78049716414141
EO_401030_ccrop.jpg,1,51,6.0,1.4166666666666667,5.830951894845301
EO_40758_ccrop.jpg,1,43,4.47213595499958,2.1499999999999995,5.0
EO_401149_ccrop.jpg,1,224,8.48528137423857,3.1111111111111116,13.341664064126334
EO_404154_ccrop.jpg,1,2,2.0,0.5,28.178005607210743
EO_404154_ccrop.jpg,2,2,2.0,0.5,25.942243542145693
EO_404154_ccrop.jpg,3,75,6.324555320336759,1.8749999999999998,2.23606797749979
EO_404396_ccrop.jpg,1,1385,32.55764119219941,1.3066037735849056,3.0
EO_419020_ccrop.jpg,1,16,2.8284271247461903,1.9999999999999996,3.0
EO_415124_ccrop.jpg,1,60,4.0,3.75,2.23606797749979
EO_415124_ccrop.jpg,2,8,2.0,2.0,21.095023109728988
EO_424207_ccrop.jpg,1,1,2.0,0.25,46.647615158762406
EO_424207_ccrop.jpg,2,57,2.8284271247461903,7.124999999999998,8.94427190999916
EO_424207_ccrop.jpg,3,10,2.0,2.5,1.4142135623730951
EO_426270_ccrop.jpg,1,268,13.416407864998739,1.4888888888888887,7.810249675906654
EO_433229_ccrop.jpg,1,74,7.211102550927978,1.4230769230769234,4.123105625617661
EO_435115_ccrop.jpg,1,134,10.0,1.34,20.615528128088304
EO_43692_ccrop.jpg,1,60,6.324555320336759,1.4999999999999998,
EO_43692_ccrop.jpg,2,1,2.0,0.25,
EO_438160_ccrop.jpg,1,176,10.198039027185569,1.6923076923076925,19.697715603592208
EO_452949_ccrop.jpg,1,135,7.211102550927978,2.5961538461538467,12.206555615733702
EO_447857_ccrop.jpg,1,2,2.0,0.5,24.186773244895647
EO_447857_ccrop.jpg,2,2,2.0,0.5,21.95449840010015
EO_447857_ccrop.jpg,3,6,2.0,1.5,17.0
EO_447857_ccrop.jpg,4,6,2.0,1.5,12.083045973594572
EO_447857_ccrop.jpg,5,10,2.0,2.5,3.605551275463989
EO_455100_ccrop.jpg,1,62,5.656854249492381,1.9374999999999996,9.486832980505138
EO_472619_ccrop.jpg,1,2,2.0,0.5,2.8284271247461903
EO_472619_ccrop.jpg,2,1,2.0,0.25,3.605551275463989
EO_472619_ccrop.jpg,3,279,12.165525060596439,1.8851351351351355,5.0
EO_478083_ccrop.jpg,1,221,8.0,3.453125,7.280109889280518
EO_460463_ccrop.jpg,1,580,17.88854381999832,1.8124999999999998,6.0
EO_464387_ccrop.jpg,1,72,8.246211251235321,1.0588235294117647,
EO_465089_ccrop.jpg,1,18,4.0,1.125,6.4031242374328485
EO_47420_ccrop.jpg,1,29,4.47213595499958,1.4499999999999997,41.617304093369626
EO_474938_ccrop.jpg,1,313,14.0,1.596938775510204,20.591260281974
EO_474938_ccrop.jpg,2,33,2.8284271247461903,4.124999999999999,4.47213595499958
EO_475510_ccrop.jpg,1,12,2.0,3.0,
EO_48196_ccrop.jpg,1,66,7.211102550927978,1.2692307692307694,4.242640687119285
EO_488535_ccrop.jpg,1,3,2.0,0.75,21.37755832643195
EO_491368_ccrop.jpg,1,86,6.324555320336759,2.1499999999999995,2.8284271247461903
EO_494662_ccrop.jpg,1,773,22.360679774997898,1.5459999999999998,5.0990195135927845
EO_494662_ccrop.jpg,2,4,2.0,1.0,1.0
EO_498178_ccrop.jpg,1,31,5.656854249492381,0.9687499999999998,8.94427190999916
EO_506171_ccrop.jpg,1,5,2.0,1.25,19.72308292331602
EO_507083_ccrop.jpg,1,156,8.94427190999916,1.9499999999999997,3.1622776601683795
EO_511369_ccrop.jpg,1,224,10.0,2.24,9.219544457292887
EO_516632_ccrop.jpg,1,30,4.47213595499958,1.4999999999999998,10.63014581273465
EO_516662_ccrop.jpg,1,1,2.0,0.25,3.605551275463989
EO_523268_ccrop.jpg,1,39,5.656854249492381,1.2187499999999998,46.17358552246078
EO_523268_ccrop.jpg,2,27,4.0,1.6875,15.0
EO_523473_ccrop.jpg,1,35,4.0,2.1875,8.602325267042627
EO_519769_ccrop.jpg,1,497,15.620499351813308,2.0368852459016398,40.496913462633174
EO_526573_ccrop.jpg,1,26,4.0,1.625,13.416407864998739
EO_529831_ccrop.jpg,1,106,5.656854249492381,3.312499999999999,46.010868281309364
EO_545985_ccrop.jpg,1,50,4.0,3.125,29.410882339705484
EO_545985_ccrop.jpg,2,47,4.0,2.9375,6.4031242374328485
EO_54685_ccrop.jpg,1,12,2.0,3.0,12.0
EO_548290_ccrop.jpg,1,1,2.0,0.25,5.0990195135927845
EO_548290_ccrop.jpg,2,8,2.0,2.0,6.0
EO_549367_ccrop.jpg,1,113,4.47213595499958,5.649999999999999,2.0
EO_552117_ccrop.jpg,1,71,4.0,4.4375,4.47213595499958
EO_552117_ccrop.jpg,2,10,2.0,2.5,32.202484376209235
EO_552117_ccrop.jpg,3,2,2.0,0.5,39.395431207184416
EO_553205_ccrop.jpg,1,1,2.0,0.25,22.825424421026653
EO_553758_ccrop.jpg,1,3,2.0,0.75,5.0990195135927845
EO_557445_ccrop.jpg,1,371,16.0,1.44921875,13.892443989449804
EO_559297_ccrop.jpg,1,1314,32.55764119219941,1.239622641509434,5.0
EO_570111_ccrop.jpg,1,2,2.0,0.5,20.09975124224178
EO_571184_ccrop.jpg,1,3,2.0,0.75,4.47213595499958
EO_571184_ccrop.jpg,2,1,2.0,0.25,12.36931687685298
EO_571493_ccrop.jpg,1,2,2.0,0.5,16.64331697709324
EO_571493_ccrop.jpg,2,1,2.0,0.25,18.867962264113206
EO_57183_ccrop.jpg,1,380,17.88854381999832,1.1874999999999998,5.830951894845301
EO_574965_ccrop.jpg,1,26,4.47213595499958,1.2999999999999998,3.0
EO_575935_ccrop.jpg,1,16,2.8284271247461903,1.9999999999999996,9.219544457292887
EO_587264_ccrop.jpg,1,3,2.0,0.75,36.6742416417845
EO_587264_ccrop.jpg,2,30,2.8284271247461903,3.749999999999999,20.518284528683193
EO_587264_ccrop.jpg,3,5,2.0,1.25,16.401219466856727
EO_587264_ccrop.jpg,4,6,2.0,1.5,12.083045973594572
EO_587264_ccrop.jpg,5,1,2.0,0.25,12.649110640673518
EO_589782_ccrop.jpg,1,9,2.8284271247461903,1.1249999999999998,35.38361202590826
EO_590420_ccrop.jpg,1,12,4.0,0.75,3.0
EO_590431_ccrop.jpg,1,102,8.246211251235321,1.5,20.248456731316587
EO_606051_ccrop.jpg,1,138,4.47213595499958,6.899999999999999,7.615773105863909
EO_606051_ccrop.jpg,2,1,2.0,0.25,53.45091205957107
EO_606051_ccrop.jpg,3,22,4.47213595499958,1.0999999999999999,54.70831746635972
EO_6091_ccrop.jpg,1,658,20.8806130178211,1.5091743119266052,3.0
EO_621495_ccrop.jpg,1,12,2.0,3.0,13.038404810405298
EO_621854_ccrop.jpg,1,2,2.0,0.5,5.0
EO_619367_ccrop.jpg,1,15,2.0,3.75,12.529964086141668
EO_620469_ccrop.jpg,1,1280,22.360679774997898,2.5599999999999996,2.23606797749979
EO_615642_ccrop.jpg,1,3,2.0,0.75,4.47213595499958
EO_61615_ccrop.jpg,1,202,8.0,3.15625,14.035668847618199
EO_61615_ccrop.jpg,2,88,5.656854249492381,2.7499999999999996,3.0
EO_61615_ccrop.jpg,3,1,2.0,0.25,22.67156809750927
EO_61615_ccrop.jpg,4,2,2.0,0.5,24.08318915758459
EO_61615_ccrop.jpg,5,1,2.0,0.25,26.248809496813376
EO_616795_ccrop.jpg,1,8,2.0,2.0,2.23606797749979
EO_627671_ccrop.jpg,1,157,5.656854249492381,4.906249999999999,8.0
EO_630492_ccrop.jpg,1,19,2.0,4.75,3.0
EO_630492_ccrop.jpg,2,26,4.0,1.625,24.020824298928627
EO_638125_ccrop.jpg,1,143,8.0,2.234375,19.1049731745428
EO_638828_ccrop.jpg,1,1,2.0,0.25,61.84658438426491
EO_638828_ccrop.jpg,2,237,6.324555320336759,5.924999999999999,4.123105625617661
EO_641852_ccrop.jpg,1,1,2.0,0.25,22.20360331117452
EO_641852_ccrop.jpg,2,4,2.0,1.0,18.601075237738275
EO_641852_ccrop.jpg,3,70,5.656854249492381,2.1874999999999996,3.0
EO_641852_ccrop.jpg,4,1,2.0,0.25,4.0
EO_633307_ccrop.jpg,1,307,13.416407864998739,1.7055555555555553,15.620499351813308
EO_633307_ccrop.jpg,2,5,2.0,1.25,16.401219466856727
EO_633307_ccrop.jpg,3,1,2.0,0.25,20.615528128088304
EO_633307_ccrop.jpg,4,1,2.0,0.25,22.02271554554524
EO_635751_ccrop.jpg,1,75,8.94427190999916,0.9374999999999999,14.0
EO_648206_ccrop.jpg,1,288,10.770329614269007,2.4827586206896557,5.0
EO_642798_ccrop.jpg,1,59,4.0,3.6875,1.0
EO_642798_ccrop.jpg,2,27,4.0,1.6875,22.090722034374522
EO_644374_ccrop.jpg,1,44,7.211102550927978,0.8461538461538463,39.395431207184416
EO_644374_ccrop.jpg,2,10,2.8284271247461903,1.2499999999999998,32.55764119219941
EO_64440_ccrop.jpg,1,91,4.47213595499958,4.549999999999999,16.76305461424021
EO_647876_ccrop.jpg,1,41,4.47213595499958,2.05,8.06225774829855
EO_656959_ccrop.jpg,1,65,4.0,4.0625,17.204650534085253
EO_657993_ccrop.jpg,1,51,4.47213595499958,2.5499999999999994,8.94427190999916
EO_660629_ccrop.jpg,1,1,2.0,0.25,10.295630140987
EO_667264_ccrop.jpg,1,1,2.0,0.25,2.0
EO_661159_ccrop.jpg,1,121,8.94427190999916,1.5124999999999997,11.40175425099138
EO_661771_ccrop.jpg,1,1,2.0,0.25,32.14031735997639
EO_669459_ccrop.jpg,1,2470,44.94441010848846,1.222772277227723,3.0
EO_669531_ccrop.jpg,1,2,2.0,0.5,2.0
EO_671075_ccrop.jpg,1,54,4.0,3.375,12.36931687685298
EO_671419_ccrop.jpg,1,74,7.211102550927978,1.4230769230769234,35.22782990761707
EO_671419_ccrop.jpg,2,284,15.231546211727817,1.2241379310344827,11.180339887498949
EO_674236_ccrop.jpg,1,27,2.8284271247461903,3.374999999999999,9.848857801796104
EO_675962_ccrop.jpg,1,38,4.0,2.375,9.848857801796104
EO_688063_ccrop.jpg,1,847,26.0,1.2529585798816567,12.041594578792296
EO_691055_ccrop.jpg,1,47,5.656854249492381,1.4687499999999998,3.605551275463989
EO_694065_ccrop.jpg,1,43,4.0,2.6875,45.18849411078001
EO_694065_ccrop.jpg,2,1,2.0,0.25,43.86342439892262
EO_694065_ccrop.jpg,3,137,8.94427190999916,1.7124999999999997,7.280109889280518
EO_700721_ccrop.jpg,1,226,10.0,2.26,4.0
EO_70191_ccrop.jpg,1,77,6.0,2.138888888888889,19.313207915827967
EO_711529_ccrop.jpg,1,1,2.0,0.25,45.17742799230607
EO_716717_ccrop.jpg,1,95,8.0,1.484375,6.708203932499369
EO_724059_ccrop.jpg,1,179,8.0,2.796875,11.40175425099138
EO_725029_ccrop.jpg,1,293,15.231546211727817,1.2629310344827585,9.219544457292887
EO_727803_ccrop.jpg,1,1,2.0,0.25,36.359317925395686
EO_731325_ccrop.jpg,1,76,4.47213595499958,3.7999999999999994,7.0710678118654755
EO_735067_ccrop.jpg,1,3,2.0,0.75,10.816653826391969
EO_735067_ccrop.jpg,2,62,7.211102550927978,1.1923076923076925,1.4142135623730951
EO_738385_ccrop.jpg,1,34,5.656854249492381,1.0624999999999998,16.0
EO_738385_ccrop.jpg,2,6,2.8284271247461903,0.7499999999999999,2.23606797749979
EO_738385_ccrop.jpg,3,20,4.0,1.25,7.0710678118654755
EO_741008_ccrop.jpg,1,97,8.246211251235321,1.4264705882352942,2.0
EO_741008_ccrop.jpg,2,49,4.0,3.0625,26.419689627245813
EO_744173_ccrop.jpg,1,118,4.47213595499958,5.899999999999999,9.899494936611665
EO_744173_ccrop.jpg,2,17,2.8284271247461903,2.1249999999999996,39.66106403010388
EO_748589_ccrop.jpg,1,26,4.0,1.625,28.30194339616981
EO_750695_ccrop.jpg,1,274,8.0,4.28125,8.48528137423857
EO_766398_ccrop.jpg,1,1,2.0,0.25,38.63935817272331
EO_766398_ccrop.jpg,2,16,2.8284271247461903,1.9999999999999996,44.04543109109048
EO_76723_ccrop.jpg,1,3,2.0,0.75,6.0
EO_76848_ccrop.jpg,1,832,24.73863375370596,1.3594771241830068,4.47213595499958
EO_785575_ccrop.jpg,1,1514,38.47076812334269,1.022972972972973,5.0
EO_786462_ccrop.jpg,1,206,10.0,2.06,3.0
EO_788297_ccrop.jpg,1,1,2.0,0.25,5.656854249492381
EO_788297_ccrop.jpg,2,1,2.0,0.25,7.0710678118654755
EO_788297_ccrop.jpg,3,48,4.47213595499958,2.3999999999999995,8.48528137423857
EO_793941_ccrop.jpg,1,11,2.0,2.75,29.698484809834994
EO_793941_ccrop.jpg,2,7,2.8284271247461903,0.8749999999999998,19.4164878389476
EO_810194_ccrop.jpg,1,255,12.649110640673518,1.5937499999999998,12.0
EO_821444_ccrop.jpg,1,1071,27.784887978899608,1.3873056994818656,3.605551275463989
EO_823852_ccrop.jpg,1,51,4.47213595499958,2.5499999999999994,3.605551275463989
EO_813331_ccrop.jpg,1,10,2.0,2.5,11.180339887498949
EO_817196_ccrop.jpg,1,317,14.142135623730951,1.5849999999999997,20.0
EO_817876_ccrop.jpg,1,1182,27.202941017470888,1.597297297297297,3.605551275463989
EO_81933_ccrop.jpg,1,61,5.656854249492381,1.9062499999999996,4.123105625617661
EO_81933_ccrop.jpg,2,34,5.656854249492381,1.0624999999999998,20.615528128088304
EO_824657_ccrop.jpg,1,9,2.8284271247461903,1.1249999999999998,36.40054944640259
EO_825368_ccrop.jpg,1,8,2.8284271247461903,0.9999999999999998,36.40054944640259
EO_834175_ccrop.jpg,1,126,8.94427190999916,1.5749999999999997,4.0
EO_837323_ccrop.jpg,1,14,2.8284271247461903,1.7499999999999996,11.045361017187261
EO_837323_ccrop.jpg,2,28,4.0,1.75,29.068883707497267
EO_828135_ccrop.jpg,1,12,2.8284271247461903,1.4999999999999998,
EO_829157_ccrop.jpg,1,1639,32.55764119219941,1.5462264150943397,2.0
EO_830728_ccrop.jpg,1,1,2.0,0.25,22.80350850198276
EO_830728_ccrop.jpg,2,1,2.0,0.25,21.400934559032695
EO_830728_ccrop.jpg,3,1,2.0,0.25,20.0
EO_830728_ccrop.jpg,4,1,2.0,0.25,18.601075237738275
EO_830728_ccrop.jpg,5,51,4.47213595499958,2.5499999999999994,3.0
EO_830892_ccrop.jpg,1,16,4.0,1.0,29.068883707497267
EO_848297_ccrop.jpg,1,678,18.973665961010276,1.8833333333333333,3.0
EO_848622_ccrop.jpg,1,188,11.313708498984761,1.4687499999999998,10.0
EO_851094_ccrop.jpg,1,77,7.211102550927978,1.480769230769231,6.324555320336759
EO_859399_ccrop.jpg,1,149,6.0,4.138888888888889,5.830951894845301
EO_854840_ccrop.jpg,1,57,4.0,3.5625,4.242640687119285
EO_854840_ccrop.jpg,2,1,2.0,0.25,34.40930106817051
EO_854840_ccrop.jpg,3,2,2.0,0.5,35.805027579936315
EO_854840_ccrop.jpg,4,4,2.0,1.0,37.8021163428716
EO_856061_ccrop.jpg,1,213,8.94427190999916,2.6624999999999996,2.8284271247461903
EO_863461_ccrop.jpg,1,74,7.211102550927978,1.4230769230769234,3.605551275463989
EO_863461_ccrop.jpg,2,9,2.0,2.25,13.152946437965905
EO_863461_ccrop.jpg,3,6,2.0,1.5,22.02271554554524
EO_863461_ccrop.jpg,4,5,2.0,1.25,28.071337695236398
EO_873315_ccrop.jpg,1,111,5.656854249492381,3.468749999999999,1.4142135623730951
EO_876019_ccrop.jpg,1,286,12.0,1.9861111111111112,1.0
EO_86737_ccrop.jpg,1,1,2.0,0.25,19.6468827043885
EO_86737_ccrop.jpg,2,2,2.0,0.5,17.46424919657298
EO_86737_ccrop.jpg,3,5,2.0,1.25,13.152946437965905
EO_883435_ccrop.jpg,1,9,2.0,2.25,44.04543109109048
EO_883435_ccrop.jpg,2,246,10.0,2.46,2.0
EO_892101_ccrop.jpg,1,30,4.0,1.875,
EO_897164_ccrop.jpg,1,9,2.0,2.25,1.0
EO_902051_ccrop.jpg,1,182,11.661903789690601,1.338235294117647,3.0
EO_902051_ccrop.jpg,2,2,2.0,0.5,17.08800749063506
EO_902051_ccrop.jpg,3,1,2.0,0.25,19.6468827043885
EO_902377_ccrop.jpg,1,119,7.211102550927978,2.2884615384615388,45.39823785126467
EO_902893_ccrop.jpg,1,137,8.246211251235321,2.014705882352941,2.8284271247461903
EO_910349_ccrop.jpg,1,1,2.0,0.25,7.810249675906654
EO_910349_ccrop.jpg,2,1,2.0,0.25,9.899494936611665
EO_910349_ccrop.jpg,3,1,2.0,0.25,12.041594578792296
EO_910349_ccrop.jpg,4,1,2.0,0.25,14.212670403551895
EO_913350_ccrop.jpg,1,114,6.0,3.1666666666666665,11.704699910719626
EO_918881_ccrop.jpg,1,2,2.0,0.5,10.0
EO_918881_ccrop.jpg,2,7,2.0,1.75,6.0
EO_926339_ccrop.jpg,1,1,2.0,0.25,
EO_929125_ccrop.jpg,1,25,4.0,1.5625,2.23606797749979
EO_93417_ccrop.jpg,1,89,4.0,5.5625,7.211102550927978
EO_938091_ccrop.jpg,1,1092,31.304951684997057,1.114285714285714,2.0
EO_940288_ccrop.jpg,1,53,4.0,3.3125,6.082762530298219
EO_950521_ccrop.jpg,1,501,15.620499351813308,2.0532786885245904,8.246211251235321
EO_960665_ccrop.jpg,1,122,8.246211251235321,1.7941176470588236,7.0710678118654755
EO_968484_ccrop.jpg,1,1,2.0,0.25,14.212670403551895
EO_968484_ccrop.jpg,2,1,2.0,0.25,12.806248474865697
EO_968484_ccrop.jpg,3,23,2.8284271247461903,2.8749999999999996,2.23606797749979
EO_990083_ccrop.jpg,1,180,10.198039027185569,1.730769230769231,2.8284271247461903
EO_995461_ccrop.jpg,1,1,2.0,0.25,35.84689665786984
EO_996964_ccrop.jpg,1,543,14.142135623730951,2.7149999999999994,7.615773105863909
LY_165111_ccrop.jpg,1,906,24.413111231467404,1.5201342281879198,
LY_165111_ccrop.jpg,2,1,2.0,0.25,
LY_399314_ccrop.jpg,1,1,2.0,0.25,
LY_609104_ccrop.jpg,1,77,4.0,4.8125,
LY_844729_ccrop.jpg,1,6,2.0,1.5,
LY_844729_ccrop.jpg,2,1,2.0,0.25,
LY_844729_ccrop.jpg,3,1,2.0,0.25,
LY_844729_ccrop.jpg,4,2,2.0,0.5,
LY_844729_ccrop.jpg,5,5,2.0,1.25,
LY_905003_ccrop.jpg,1,49,4.47213595499958,2.4499999999999997,
MO_100695_ccrop.jpg,1,53,7.211102550927978,1.0192307692307694,91.0
MO_114341_ccrop.jpg,1,82,10.0,0.82,28.231188426986208
MO_122877_ccrop.jpg,1,33,6.0,0.9166666666666666,26.92582403567252
MO_122877_ccrop.jpg,2,20,4.0,1.25,34.058772731852805
MO_125852_ccrop.jpg,1,416,16.0,1.625,13.0
MO_12960_ccrop.jpg,1,1,2.0,0.25,27.65863337187866
MO_12960_ccrop.jpg,2,5,2.0,1.25,29.068883707497267
MO_12960_ccrop.jpg,3,4,2.0,1.0,33.24154027718932
MO_134722_ccrop.jpg,1,36,6.0,1.0,
MO_136404_ccrop.jpg,1,218,15.231546211727817,0.939655172413793,8.0
MO_149181_ccrop.jpg,1,10,2.8284271247461903,1.2499999999999998,16.278820596099706
MO_139617_ccrop.jpg,1,350,19.697715603592208,0.9020618556701032,10.0
MO_139617_ccrop.jpg,2,119,11.313708498984761,0.9296874999999998,30.4138126514911
MO_139617_ccrop.jpg,3,278,18.439088914585774,0.8176470588235294,45.967379738244816
MO_142730_ccrop.jpg,1,1,2.0,0.25,24.166091947189145
MO_144054_ccrop.jpg,1,79,8.94427190999916,0.9874999999999998,38.47076812334269
MO_144054_ccrop.jpg,2,86,8.94427190999916,1.0749999999999997,18.601075237738275
MO_159321_ccrop.jpg,1,40,5.656854249492381,1.2499999999999998,9.219544457292887
MO_170993_ccrop.jpg,1,296,15.620499351813308,1.213114754098361,7.280109889280518
MO_172354_ccrop.jpg,1,37,7.211102550927978,0.7115384615384617,81.21576201698781
MO_172354_ccrop.jpg,2,37,7.211102550927978,0.7115384615384617,43.56604182158393
MO_194646_ccrop.jpg,1,128,7.211102550927978,2.4615384615384617,
MO_163591_ccrop.jpg,1,61,8.94427190999916,0.7624999999999998,81.41252974819048
MO_163591_ccrop.jpg,2,56,8.0,0.875,28.635642126552707
MO_168402_ccrop.jpg,1,95,10.0,0.95,78.44743462982075
MO_168402_ccrop.jpg,2,92,10.198039027185569,0.8846153846153847,26.92582403567252
MO_168402_ccrop.jpg,3,32,6.0,0.8888888888888888,41.182520563948
MO_168402_ccrop.jpg,4,27,5.656854249492381,0.8437499999999998,11.704699910719626
MO_189358_ccrop.jpg,1,37,6.324555320336759,0.9249999999999998,
MO_189358_ccrop.jpg,2,66,8.0,1.03125,
MO_216731_ccrop.jpg,1,70,5.656854249492381,2.1874999999999996,8.48528137423857
MO_212554_ccrop.jpg,1,25,5.656854249492381,0.7812499999999998,11.180339887498949
MO_212554_ccrop.jpg,2,22,5.656854249492381,0.6874999999999999,12.083045973594572
MO_212567_ccrop.jpg,1,293,13.416407864998739,1.6277777777777775,19.209372712298546
MO_209550_ccrop.jpg,1,44,7.211102550927978,0.8461538461538463,
MO_212295_ccrop.jpg,1,29,5.656854249492381,0.9062499999999998,8.54400374531753
MO_212295_ccrop.jpg,2,127,11.661903789690601,0.9338235294117647,9.219544457292887
MO_225079_ccrop.jpg,1,83,10.0,0.83,
MO_225079_ccrop.jpg,2,93,10.0,0.93,
MO_229532_ccrop.jpg,1,85,8.246211251235321,1.25,16.1245154965971
MO_250099_ccrop.jpg,1,712,28.42534080710379,0.8811881188118812,16.0
MO_254452_ccrop.jpg,1,101,10.0,1.01,
MO_262081_ccrop.jpg,1,89,10.198039027185569,0.8557692307692308,
MO_264354_ccrop.jpg,1,473,17.88854381999832,1.4781249999999997,15.620499351813308
MO_269575_ccrop.jpg,1,19,4.0,1.1875,80.06247560499239
MO_271165_ccrop.jpg,1,32,5.656854249492381,0.9999999999999998,
MO_302771_ccrop.jpg,1,161,10.770329614269007,1.387931034482759,60.207972893961475
MO_325431_ccrop.jpg,1,64,8.94427190999916,0.7999999999999998,33.54101966249684
MO_325431_ccrop.jpg,2,103,10.770329614269007,0.8879310344827587,8.06225774829855
MO_327883_ccrop.jpg,1,52,8.0,0.8125,
MO_3281_ccrop.jpg,1,6,2.0,1.5,
MO_332386_ccrop.jpg,1,404,21.2602916254693,0.8938053097345131,21.18962010041709
MO_342486_ccrop.jpg,1,17,4.47213595499958,0.8499999999999999,49.49747468305833
MO_345587_ccrop.jpg,1,3,2.0,0.75,21.540659228538015
MO_345969_ccrop.jpg,1,109,4.47213595499958,5.449999999999999,19.1049731745428
MO_350301_ccrop.jpg,1,69,8.94427190999916,0.8624999999999998,12.206555615733702
MO_351284_ccrop.jpg,1,71,8.94427190999916,0.8874999999999998,17.029386365926403
MO_351284_ccrop.jpg,2,69,8.246211251235321,1.0147058823529411,18.027756377319946
MO_355224_ccrop.jpg,1,62,8.0,0.96875,
MO_357283_ccrop.jpg,1,196,14.422205101855956,0.9423076923076924,20.248456731316587
MO_357657_ccrop.jpg,1,82,2.8284271247461903,10.249999999999998,16.0312195418814
MO_357657_ccrop.jpg,2,1,2.0,0.25,15.0
MO_357657_ccrop.jpg,3,61,8.94427190999916,0.7624999999999998,15.297058540778355
MO_362651_ccrop.jpg,1,235,16.1245154965971,0.9038461538461541,12.36931687685298
MO_363564_ccrop.jpg,1,381,20.396078054371138,0.9158653846153847,29.068883707497267
MO_372197_ccrop.jpg,1,11,2.8284271247461903,1.3749999999999998,
MO_383141_ccrop.jpg,1,1,2.0,0.25,
MO_405929_ccrop.jpg,1,1,2.0,0.25,19.209372712298546
MO_394238_ccrop.jpg,1,111,10.770329614269007,0.956896551724138,91.41115905621152
MO_394238_ccrop.jpg,2,34,5.656854249492381,1.0624999999999998,97.14422267947796
MO_394238_ccrop.jpg,3,37,5.656854249492381,1.1562499999999998,68.62215385719105
MO_412460_ccrop.jpg,1,114,10.0,1.14,18.788294228055936
MO_413052_ccrop.jpg,1,55,8.0,0.859375,51.24451190127583
MO_413052_ccrop.jpg,2,78,8.94427190999916,0.9749999999999999,17.88854381999832
MO_421759_ccrop.jpg,1,43,7.211102550927978,0.826923076923077,13.92838827718412
MO_4232_ccrop.jpg,1,197,12.649110640673518,1.2312499999999997,8.54400374531753
MO_434289_ccrop.jpg,1,406,20.8806130178211,0.9311926605504586,22.825424421026653
MO_434289_ccrop.jpg,2,88,10.0,0.88,7.0
MO_437728_ccrop.jpg,1,73,8.94427190999916,0.9124999999999999,32.7566787083184
MO_455421_ccrop.jpg,1,63,8.246211251235321,0.9264705882352942,
MO_458178_ccrop.jpg,1,53,4.0,3.3125,16.1245154965971
MO_461501_ccrop.jpg,1,39,7.211102550927978,0.7500000000000001,10.0
MO_448245_ccrop.jpg,1,38,6.0,1.0555555555555556,78.10889834071403
MO_448245_ccrop.jpg,2,58,8.0,0.90625,49.16299421312742
MO_448245_ccrop.jpg,3,36,5.656854249492381,1.1249999999999998,31.906112267087632
MO_448245_ccrop.jpg,4,81,8.0,1.265625,9.433981132056603
MO_448245_ccrop.jpg,5,58,8.246211251235321,0.8529411764705882,30.0
MO_468506_ccrop.jpg,1,3,2.0,0.75,33.015148038438355
MO_468506_ccrop.jpg,2,1,2.0,0.25,32.0
MO_482763_ccrop.jpg,1,94,10.770329614269007,0.810344827586207,19.697715603592208
MO_486293_ccrop.jpg,1,81,10.0,0.81,24.596747752497688
MO_486311_ccrop.jpg,1,69,8.0,1.078125,34.0
MO_497117_ccrop.jpg,1,166,14.0,0.8469387755102041,16.401219466856727
MO_497117_ccrop.jpg,2,83,10.0,0.83,17.0
MO_497693_ccrop.jpg,1,95,10.0,0.95,12.206555615733702
MO_497693_ccrop.jpg,2,49,7.211102550927978,0.9423076923076924,25.079872407968907
MO_52909_ccrop.jpg,1,36,5.656854249492381,1.1249999999999998,
MO_529368_ccrop.jpg,1,273,17.08800749063506,0.9349315068493153,16.15549442140351
MO_51728_ccrop.jpg,1,298,18.439088914585774,0.8764705882352941,30.805843601498726
MO_51985_ccrop.jpg,1,151,12.806248474865697,0.9207317073170732,14.866068747318506
MO_52244_ccrop.jpg,1,406,19.697715603592208,1.0463917525773196,11.045361017187261
MO_503447_ccrop.jpg,1,56,8.246211251235321,0.8235294117647058,30.0
MO_504669_ccrop.jpg,1,333,17.08800749063506,1.1404109589041098,19.924858845171276
MO_505288_ccrop.jpg,1,450,20.09975124224178,1.113861386138614,9.433981132056603
MO_506372_ccrop.jpg,1,55,8.0,0.859375,26.627053911388696
MO_507386_ccrop.jpg,1,19,4.0,1.1875,53.75872022286245
MO_509282_ccrop.jpg,1,71,8.94427190999916,0.8874999999999998,33.0
MO_509901_ccrop.jpg,1,149,12.806248474865697,0.9085365853658537,
MO_512783_ccrop.jpg,1,172,14.0,0.8775510204081632,10.44030650891055
MO_513345_ccrop.jpg,1,69,8.94427190999916,0.8624999999999998,9.0
MO_513345_ccrop.jpg,2,184,11.313708498984761,1.4374999999999998,10.0
MO_541213_ccrop.jpg,1,18,4.0,1.125,19.1049731745428
MO_541213_ccrop.jpg,2,40,6.0,1.1111111111111112,69.07966415668217
MO_547080_ccrop.jpg,1,41,7.211102550927978,0.7884615384615385,
MO_547178_ccrop.jpg,1,89,10.0,0.89,72.13875518748573
MO_547178_ccrop.jpg,2,191,13.416407864998739,1.061111111111111,12.36931687685298
MO_551759_ccrop.jpg,1,2,2.0,0.5,17.88854381999832
MO_551759_ccrop.jpg,2,1,2.0,0.25,16.15549442140351
MO_551759_ccrop.jpg,3,1,2.0,0.25,14.866068747318506
MO_551759_ccrop.jpg,4,1,2.0,0.25,13.341664064126334
MO_551759_ccrop.jpg,5,2,2.0,0.5,12.041594578792296
MO_551759_ccrop.jpg,6,2,2.0,0.5,11.0
MO_551759_ccrop.jpg,7,1,2.0,0.25,10.198039027185569
MO_551759_ccrop.jpg,8,1,2.0,0.25,13.892443989449804
MO_551759_ccrop.jpg,9,7,2.0,1.75,16.15549442140351
MO_557970_ccrop.jpg,1,1,2.0,0.25,39.698866482558415
MO_557970_ccrop.jpg,2,79,5.656854249492381,2.4687499999999996,16.278820596099706
MO_557970_ccrop.jpg,3,2,2.0,0.5,17.029386365926403
MO_558349_ccrop.jpg,1,57,8.0,0.890625,
MO_586282_ccrop.jpg,1,393,20.8806130178211,0.9013761467889907,9.848857801796104
MO_600892_ccrop.jpg,1,129,12.0,0.8958333333333334,15.524174696260024
MO_60168_ccrop.jpg,1,105,6.324555320336759,2.6249999999999996,22.80350850198276
MO_606897_ccrop.jpg,1,252,16.1245154965971,0.9692307692307695,
MO_609525_ccrop.jpg,1,43,4.47213595499958,2.1499999999999995,20.396078054371138
MO_609525_ccrop.jpg,2,1,2.0,0.25,34.52535300326414
MO_609525_ccrop.jpg,3,2,2.0,0.5,38.63935817272331
MO_625079_ccrop.jpg,1,91,10.0,0.91,
MO_612867_ccrop.jpg,1,55,5.656854249492381,1.7187499999999996,21.095023109728988
MO_613573_ccrop.jpg,1,30,5.656854249492381,0.9374999999999998,25.019992006393608
MO_613573_ccrop.jpg,2,35,5.656854249492381,1.0937499999999998,17.0
MO_61548_ccrop.jpg,1,97,10.0,0.97,90.82400563727631
MO_628540_ccrop.jpg,1,237,16.1245154965971,0.9115384615384617,48.02082881417188
MO_634096_ccrop.jpg,1,356,12.0,2.4722222222222223,10.770329614269007
MO_64499_ccrop.jpg,1,33,6.324555320336759,0.8249999999999998,53.03772242470448
MO_646983_ccrop.jpg,1,189,10.0,1.89,23.259406699226016
MO_634829_ccrop.jpg,1,146,12.165525060596439,0.9864864864864866,15.811388300841896
MO_636291_ccrop.jpg,1,955,26.30589287593181,1.380057803468208,
MO_639214_ccrop.jpg,1,612,24.331050121192877,1.033783783783784,17.4928556845359
MO_656604_ccrop.jpg,1,212,7.211102550927978,4.0769230769230775,18.384776310850235
MO_656715_ccrop.jpg,1,559,24.0,0.9704861111111112,8.06225774829855
MO_668269_ccrop.jpg,1,1,2.0,0.25,17.46424919657298
MO_668269_ccrop.jpg,2,1,2.0,0.25,16.76305461424021
MO_669132_ccrop.jpg,1,46,7.211102550927978,0.8846153846153847,13.0
MO_678255_ccrop.jpg,1,48,7.211102550927978,0.9230769230769232,43.278170016764804
MO_678255_ccrop.jpg,2,38,6.0,1.0555555555555556,16.0312195418814
MO_678255_ccrop.jpg,3,67,8.0,1.046875,21.213203435596427
MO_692135_ccrop.jpg,1,183,12.0,1.2708333333333333,10.770329614269007
MO_692135_ccrop.jpg,2,37,6.0,1.0277777777777777,30.805843601498726
MO_692135_ccrop.jpg,3,116,10.770329614269007,1.0000000000000002,23.769728648009426
MO_692135_ccrop.jpg,4,54,7.211102550927978,1.0384615384615385,10.295630140987
MO_692135_ccrop.jpg,5,62,7.211102550927978,1.1923076923076925,30.01666203960727
MO_705630_ccrop.jpg,1,27,4.0,1.6875,20.223748416156685
MO_707836_ccrop.jpg,1,201,15.231546211727817,0.8663793103448275,12.529964086141668
MO_702940_ccrop.jpg,1,129,12.0,0.8958333333333334,
MO_702940_ccrop.jpg,2,42,6.324555320336759,1.0499999999999998,
MO_705572_ccrop.jpg,1,166,12.649110640673518,1.0374999999999999,
MO_718520_ccrop.jpg,1,236,16.492422502470642,0.8676470588235294,15.0
MO_730717_ccrop.jpg,1,55,8.0,0.859375,13.0
MO_721856_ccrop.jpg,1,91,10.0,0.91,
MO_741522_ccrop.jpg,1,4,2.0,1.0,
MO_741677_ccrop.jpg,1,97,10.0,0.97,
MO_742036_ccrop.jpg,1,48,7.211102550927978,0.9230769230769232,50.53711507397311
MO_742036_ccrop.jpg,2,44,6.0,1.2222222222222223,32.31098884280702
MO_742036_ccrop.jpg,3,102,10.770329614269007,0.8793103448275863,31.76476034853718
MO_745810_ccrop.jpg,1,98,10.770329614269007,0.8448275862068967,
MO_761533_ccrop.jpg,1,115,10.198039027185569,1.1057692307692308,17.46424919657298
MO_751456_ccrop.jpg,1,225,16.1245154965971,0.8653846153846155,16.15549442140351
MO_756261_ccrop.jpg,1,18,4.0,1.125,
MO_758331_ccrop.jpg,1,90,10.0,0.9,15.811388300841896
MO_771921_ccrop.jpg,1,137,12.165525060596439,0.9256756756756759,9.219544457292887
MO_763206_ccrop.jpg,1,118,10.0,1.18,9.219544457292887
MO_763206_ccrop.jpg,2,101,10.770329614269007,0.8706896551724139,86.12200647918046
MO_763772_ccrop.jpg,1,211,11.661903789690601,1.5514705882352942,16.0
MO_765056_ccrop.jpg,1,81,10.0,0.81,
MO_766420_ccrop.jpg,1,50,7.211102550927978,0.9615384615384617,14.866068747318506
MO_775570_ccrop.jpg,1,4,2.0,1.0,
MO_778543_ccrop.jpg,1,40,6.324555320336759,0.9999999999999998,34.438350715445125
MO_778543_ccrop.jpg,2,37,7.211102550927978,0.7115384615384617,24.331050121192877
MO_781658_ccrop.jpg,1,155,12.649110640673518,0.9687499999999998,12.727922061357855
MO_784579_ccrop.jpg,1,136,11.313708498984761,1.0624999999999998,25.059928172283335
MO_784579_ccrop.jpg,2,98,8.94427190999916,1.2249999999999999,12.529964086141668
MO_784579_ccrop.jpg,3,20,4.47213595499958,0.9999999999999998,12.041594578792296
MO_788923_ccrop.jpg,1,183,14.142135623730951,0.9149999999999999,9.899494936611665
MO_788923_ccrop.jpg,2,134,11.661903789690601,0.9852941176470589,10.63014581273465
MO_788923_ccrop.jpg,3,13,4.0,0.8125,47.50789408087881
MO_797990_ccrop.jpg,1,33,5.656854249492381,1.0312499999999998,27.51363298439521
MO_817172_ccrop.jpg,1,26,5.656854249492381,0.8124999999999998,51.088159097779204
MO_799116_ccrop.jpg,1,128,8.246211251235321,1.8823529411764706,38.63935817272331
MO_799116_ccrop.jpg,2,41,4.0,2.5625,16.492422502470642
MO_818870_ccrop.jpg,1,1432,36.49657518178932,1.075075075075075,14.142135623730951
MO_821329_ccrop.jpg,1,251,7.211102550927978,4.8269230769230775,14.866068747318506
MO_839536_ccrop.jpg,1,179,14.0,0.9132653061224489,14.560219778561036
MO_852132_ccrop.jpg,1,114,10.198039027185569,1.0961538461538463,21.93171219946131
MO_85687_ccrop.jpg,1,41,6.324555320336759,1.025,
MO_857695_ccrop.jpg,1,152,8.94427190999916,1.8999999999999997,24.08318915758459
MO_88257_ccrop.jpg,1,133,10.0,1.33,24.08318915758459
MO_871027_ccrop.jpg,1,16,4.0,1.0,
MO_861803_ccrop.jpg,1,57,8.0,0.890625,96.89685237405806
MO_861803_ccrop.jpg,2,43,7.211102550927978,0.826923076923077,13.038404810405298
MO_861803_ccrop.jpg,3,72,8.246211251235321,1.0588235294117647,12.727922061357855
MO_861803_ccrop.jpg,4,40,7.211102550927978,0.7692307692307694,27.65863337187866
MO_866348_ccrop.jpg,1,26,5.656854249492381,0.8124999999999998,
MO_888390_ccrop.jpg,1,89,8.246211251235321,1.3088235294117647,
MO_891206_ccrop.jpg,1,38,2.8284271247461903,4.749999999999999,16.97056274847714
MO_903914_ccrop.jpg,1,52,7.211102550927978,1.0000000000000002,22.80350850198276
MO_90755_ccrop.jpg,1,37,7.211102550927978,0.7115384615384617,15.652475842498529
MO_90755_ccrop.jpg,2,10,2.8284271247461903,1.2499999999999998,36.87817782917155
MO_919860_ccrop.jpg,1,2,2.0,0.5,18.384776310850235
MO_93573_ccrop.jpg,1,170,14.0,0.8673469387755102,17.08800749063506
MO_928388_ccrop.jpg,1,112,11.661903789690601,0.8235294117647058,27.073972741361768
MO_945019_ccrop.jpg,1,90,10.0,0.9,
MO_949892_ccrop.jpg,1,107,11.661903789690601,0.7867647058823529,
MO_95755_ccrop.jpg,1,160,13.416407864998739,0.8888888888888887,33.0
MO_959392_ccrop.jpg,1,119,11.313708498984761,0.9296874999999998,15.033296378372908
MO_960861_ccrop.jpg,1,265,15.231546211727817,1.1422413793103448,16.492422502470642
MO_960861_ccrop.jpg,2,146,10.0,1.46,21.400934559032695
MO_960861_ccrop.jpg,3,88,10.0,0.88,15.811388300841896
NEUTROPHIL_205471_ccrop.jpg,1,425,18.0,1.3117283950617284,10.0
NEUTROPHIL_272014_ccrop.jpg,1,1,2.0,0.25,41.400483088968905
NEUTROPHIL_272014_ccrop.jpg,2,1,2.0,0.25,42.80186911806539
NEUTROPHIL_292100_ccrop.jpg,1,271,10.0,2.71,17.0
MO_975000_ccrop.jpg,1,160,13.416407864998739,0.8888888888888887,12.0
MO_965106_ccrop.jpg,1,58,8.0,0.90625,93.2148056909416
MO_965106_ccrop.jpg,2,43,7.211102550927978,0.826923076923077,74.27651041883968
MO_965106_ccrop.jpg,3,121,11.661903789690601,0.8897058823529411,25.0
MO_965106_ccrop.jpg,4,61,8.246211251235321,0.8970588235294118,21.95449840010015
MO_965106_ccrop.jpg,5,57,8.0,0.890625,9.219544457292887
MO_971723_ccrop.jpg,1,923,27.202941017470888,1.247297297297297,18.601075237738275
MO_971723_ccrop.jpg,2,1,2.0,0.25,63.0
MO_998144_ccrop.jpg,1,33,6.0,0.9166666666666666,7.0710678118654755
MO_998662_ccrop.jpg,1,326,14.422205101855956,1.5673076923076925,19.026297590440446
NEUTROPHIL_150696_ccrop.jpg,1,1,2.0,0.25,28.30194339616981
NEUTROPHIL_150696_ccrop.jpg,2,95,6.0,2.638888888888889,4.123105625617661
NEUTROPHIL_330663_ccrop.jpg,1,183,8.246211251235321,2.6911764705882355,5.830951894845301
NEUTROPHIL_330663_ccrop.jpg,2,12,2.8284271247461903,1.4999999999999998,26.40075756488817
NEUTROPHIL_389433_ccrop.jpg,1,605,18.439088914585774,1.7794117647058822,2.23606797749979
NEUTROPHIL_408557_ccrop.jpg,1,701,18.867962264113206,1.969101123595506,6.708203932499369
NEUTROPHIL_409124_ccrop.jpg,1,790,20.0,1.975,10.816653826391969
NEUTROPHIL_590611_ccrop.jpg,1,582,18.973665961010276,1.6166666666666667,5.0
NEUTROPHIL_664104_ccrop.jpg,1,31,4.0,1.9375,31.78049716414141
NEUTROPHIL_664104_ccrop.jpg,2,1,2.0,0.25,19.4164878389476
NEUTROPHIL_664104_ccrop.jpg,3,46,5.656854249492381,1.4374999999999998,6.082762530298219
SNE_101188_ccrop.jpg,1,994,26.832815729997478,1.3805555555555553,8.0
SNE_10429_ccrop.jpg,1,57,6.324555320336759,1.4249999999999998,66.94027188471824
SNE_106989_ccrop.jpg,1,185,6.324555320336759,4.624999999999999,3.605551275463989
SNE_115658_ccrop.jpg,1,5,2.0,1.25,8.246211251235321
SNE_119027_ccrop.jpg,1,354,16.1245154965971,1.3615384615384618,4.47213595499958
SNE_12043_ccrop.jpg,1,40,4.0,2.5,12.36931687685298
SNE_108061_ccrop.jpg,1,1,2.0,0.25,22.360679774997898
SNE_108061_ccrop.jpg,2,2,2.0,0.5,20.615528128088304
SNE_108061_ccrop.jpg,3,35,5.656854249492381,1.0937499999999998,11.180339887498949
SNE_108061_ccrop.jpg,4,135,10.0,1.35,10.44030650891055
SNE_112837_ccrop.jpg,1,1,2.0,0.25,25.019992006393608
SNE_113678_ccrop.jpg,1,59,5.656854249492381,1.8437499999999996,47.38143096192854
SNE_122854_ccrop.jpg,1,157,11.313708498984761,1.2265624999999998,11.0
SNE_122854_ccrop.jpg,2,59,6.324555320336759,1.4749999999999996,7.0710678118654755
SNE_130422_ccrop.jpg,1,1,2.0,0.25,59.09314681077663
SNE_143493_ccrop.jpg,1,586,14.560219778561036,2.7641509433962264,23.345235059857504
SNE_143493_ccrop.jpg,2,17,4.0,1.0625,1.4142135623730951
SNE_143493_ccrop.jpg,3,1,2.0,0.25,8.48528137423857
SNE_147263_ccrop.jpg,1,212,12.165525060596439,1.4324324324324327,17.26267650163207
SNE_14748_ccrop.jpg,1,37,5.656854249492381,1.1562499999999998,2.8284271247461903
SNE_158445_ccrop.jpg,1,39,5.656854249492381,1.2187499999999998,46.04345773288535
SNE_15997_ccrop.jpg,1,41,5.656854249492381,1.2812499999999998,3.605551275463989
SNE_162958_ccrop.jpg,1,1,2.0,0.25,2.23606797749979
SNE_168952_ccrop.jpg,1,27,2.8284271247461903,3.374999999999999,2.23606797749979
SNE_169776_ccrop.jpg,1,1,2.0,0.25,32.7566787083184
SNE_169776_ccrop.jpg,2,1,2.0,0.25,31.38470965295043
SNE_174973_ccrop.jpg,1,1,2.0,0.25,31.304951684997057
SNE_174973_ccrop.jpg,2,1,2.0,0.25,29.966648127543394
SNE_174973_ccrop.jpg,3,2,2.0,0.5,27.730849247724095
SNE_174973_ccrop.jpg,4,1,2.0,0.25,26.40075756488817
SNE_174973_ccrop.jpg,5,4,2.0,1.0,22.847319317591726
SNE_174973_ccrop.jpg,6,79,6.0,2.1944444444444446,2.8284271247461903
SNE_180966_ccrop.jpg,1,2,2.0,0.5,32.7566787083184
SNE_200252_ccrop.jpg,1,93,8.0,1.453125,10.0
SNE_182145_ccrop.jpg,1,9,2.8284271247461903,1.1249999999999998,54.45181356024793
SNE_182145_ccrop.jpg,2,38,4.0,2.375,14.866068747318506
SNE_182145_ccrop.jpg,3,1,2.0,0.25,20.223748416156685
SNE_182145_ccrop.jpg,4,1,2.0,0.25,21.37755832643195
SNE_182145_ccrop.jpg,5,1,2.0,0.25,22.561028345356956
SNE_182145_ccrop.jpg,6,1,2.0,0.25,23.769728648009426
SNE_182145_ccrop.jpg,7,1,2.0,0.25,25.0
SNE_182145_ccrop.jpg,8,1,2.0,0.25,26.248809496813376
SNE_182145_ccrop.jpg,9,1,2.0,0.25,27.51363298439521
SNE_182145_ccrop.jpg,10,1,2.0,0.25,28.792360097775937
SNE_183003_ccrop.jpg,1,7,2.0,1.75,15.0
SNE_206630_ccrop.jpg,1,9,2.8284271247461903,1.1249999999999998,43.60045871318328
SNE_206630_ccrop.jpg,2,178,10.0,1.78,52.92447448959697
SNE_209080_ccrop.jpg,1,63,6.0,1.75,10.770329614269007
SNE_215853_ccrop.jpg,1,14,2.8284271247461903,1.7499999999999996,6.4031242374328485
SNE_215853_ccrop.jpg,2,25,2.8284271247461903,3.124999999999999,5.830951894845301
SNE_219152_ccrop.jpg,1,188,10.0,1.88,8.48528137423857
SNE_219641_ccrop.jpg,1,179,11.661903789690601,1.3161764705882353,18.027756377319946
SNE_219641_ccrop.jpg,2,3,2.0,0.75,7.810249675906654
SNE_241361_ccrop.jpg,1,35,4.0,2.1875,12.206555615733702
SNE_238919_ccrop.jpg,1,1,2.0,0.25,22.47220505424423
SNE_238919_ccrop.jpg,2,1,2.0,0.25,20.12461179749811
SNE_238919_ccrop.jpg,3,1,2.0,0.25,10.04987562112089
SNE_238919_ccrop.jpg,4,176,8.246211251235321,2.588235294117647,9.219544457292887
SNE_255562_ccrop.jpg,1,222,12.0,1.5416666666666667,7.0710678118654755
SNE_257510_ccrop.jpg,1,70,4.47213595499958,3.4999999999999996,22.360679774997898
SNE_257510_ccrop.jpg,2,1,2.0,0.25,49.47726750741192
SNE_25945_ccrop.jpg,1,1,2.0,0.25,52.20153254455275
SNE_246181_ccrop.jpg,1,290,12.0,2.013888888888889,25.632011235952593
SNE_246181_ccrop.jpg,2,49,6.0,1.3611111111111112,7.211102550927978
SNE_247632_ccrop.jpg,1,555,17.08800749063506,1.9006849315068497,15.652475842498529
SNE_247632_ccrop.jpg,2,2,2.0,0.5,3.1622776601683795
SNE_247632_ccrop.jpg,3,2,2.0,0.5,9.486832980505138
SNE_247632_ccrop.jpg,4,1,2.0,0.25,11.704699910719626
SNE_250922_ccrop.jpg,1,86,4.47213595499958,4.299999999999999,12.041594578792296
SNE_251641_ccrop.jpg,1,79,8.0,1.234375,2.23606797749979
SNE_251641_ccrop.jpg,2,64,4.0,4.0,18.384776310850235
SNE_273219_ccrop.jpg,1,345,16.0,1.34765625,7.280109889280518
SNE_280533_ccrop.jpg,1,283,15.231546211727817,1.2198275862068964,3.605551275463989
SNE_271690_ccrop.jpg,1,1,2.0,0.25,71.386273190299
SNE_271690_ccrop.jpg,2,1,2.0,0.25,70.21395872616783
SNE_271690_ccrop.jpg,3,1,2.0,0.25,69.05070600652827
SNE_271690_ccrop.jpg,4,1,2.0,0.25,67.89698078707183
SNE_271690_ccrop.jpg,5,4,2.0,1.0,59.135437767890075
SNE_271690_ccrop.jpg,6,102,4.0,6.375,29.017236257093817
SNE_292418_ccrop.jpg,1,17,4.0,1.0625,48.08326112068523
SNE_282692_ccrop.jpg,1,30,4.0,1.875,21.2602916254693
SNE_282692_ccrop.jpg,2,1,2.0,0.25,36.05551275463989
SNE_282692_ccrop.jpg,3,1,2.0,0.25,42.190046219457976
SNE_282692_ccrop.jpg,4,1,2.0,0.25,43.56604182158393
SNE_282692_ccrop.jpg,5,1,2.0,0.25,44.94441010848846
SNE_303729_ccrop.jpg,1,72,4.0,4.5,2.23606797749979
SNE_308177_ccrop.jpg,1,12,2.8284271247461903,1.4999999999999998,15.652475842498529
SNE_308878_ccrop.jpg,1,1253,31.11269837220809,1.294421487603306,8.06225774829855
SNE_310624_ccrop.jpg,1,1,2.0,0.25,46.66904755831214
SNE_310624_ccrop.jpg,2,584,17.08800749063506,2.0000000000000004,8.06225774829855
SNE_314661_ccrop.jpg,1,43,4.47213595499958,2.1499999999999995,5.0990195135927845
SNE_314661_ccrop.jpg,2,46,5.656854249492381,1.4374999999999998,13.416407864998739
SNE_319081_ccrop.jpg,1,231,8.246211251235321,3.3970588235294117,7.615773105863909
SNE_329838_ccrop.jpg,1,77,7.211102550927978,1.480769230769231,10.816653826391969
SNE_330213_ccrop.jpg,1,303,15.620499351813308,1.2418032786885247,6.708203932499369
SNE_334919_ccrop.jpg,1,15,2.0,3.75,8.0
SNE_339035_ccrop.jpg,1,1668,30.528675044947494,1.7896995708154508,7.0
SNE_339572_ccrop.jpg,1,400,12.0,2.7777777777777777,6.082762530298219
SNE_344636_ccrop.jpg,1,61,6.324555320336759,1.5249999999999997,6.0
SNE_345111_ccrop.jpg,1,16,2.8284271247461903,1.9999999999999996,33.24154027718932
SNE_345629_ccrop.jpg,1,224,8.94427190999916,2.7999999999999994,7.0
SNE_363446_ccrop.jpg,1,986,16.0,3.8515625,4.0
SNE_364743_ccrop.jpg,1,85,6.324555320336759,2.1249999999999996,9.219544457292887
SNE_358136_ccrop.jpg,1,891,26.90724809414742,1.2306629834254144,9.055385138137417
SNE_358592_ccrop.jpg,1,11,2.0,2.75,3.605551275463989
SNE_350920_ccrop.jpg,1,302,10.0,3.02,2.8284271247461903
SNE_355910_ccrop.jpg,1,23,4.0,1.4375,5.656854249492381
SNE_357649_ccrop.jpg,1,99,6.0,2.75,4.0
SNE_357649_ccrop.jpg,2,3,2.0,0.75,17.029386365926403
SNE_357649_ccrop.jpg,3,2,2.0,0.5,19.79898987322333
SNE_357649_ccrop.jpg,4,1,2.0,0.25,21.93171219946131
SNE_357649_ccrop.jpg,5,318,11.313708498984761,2.4843749999999996,24.08318915758459
SNE_357649_ccrop.jpg,6,23,2.8284271247461903,2.8749999999999996,63.0
SNE_373271_ccrop.jpg,1,1,2.0,0.25,7.280109889280518
SNE_373271_ccrop.jpg,2,1,2.0,0.25,2.23606797749979
SNE_373271_ccrop.jpg,3,66,4.47213595499958,3.2999999999999994,8.54400374531753
SNE_380978_ccrop.jpg,1,61,5.656854249492381,1.9062499999999996,58.05170109479997
SNE_390822_ccrop.jpg,1,83,6.324555320336759,2.0749999999999997,2.0
SNE_40306_ccrop.jpg,1,63,5.656854249492381,1.9687499999999996,10.44030650891055
SNE_395253_ccrop.jpg,1,3,2.0,0.75,12.0
SNE_395253_ccrop.jpg,2,14,4.0,0.875,32.802438933713454
SNE_397471_ccrop.jpg,1,47,5.656854249492381,1.4687499999999998,5.0
SNE_399998_ccrop.jpg,1,5,2.0,1.25,6.4031242374328485
SNE_403956_ccrop.jpg,1,523,18.867962264113206,1.4691011235955058,5.830951894845301
SNE_403956_ccrop.jpg,2,17,2.8284271247461903,2.1249999999999996,32.202484376209235
SNE_404231_ccrop.jpg,1,8,2.8284271247461903,0.9999999999999998,35.90264614203248
SNE_404595_ccrop.jpg,1,1,2.0,0.25,34.0147027033899
SNE_406667_ccrop.jpg,1,54,7.211102550927978,1.0384615384615385,32.55764119219941
SNE_426696_ccrop.jpg,1,120,7.211102550927978,2.307692307692308,3.0
SNE_424615_ccrop.jpg,1,4,2.0,1.0,18.0
SNE_424615_ccrop.jpg,2,1,2.0,0.25,22.02271554554524
SNE_425988_ccrop.jpg,1,1,2.0,0.25,27.294688127912362
SNE_425988_ccrop.jpg,2,16,4.0,1.0,25.942243542145693
SNE_413625_ccrop.jpg,1,245,14.0,1.25,5.830951894845301
SNE_413625_ccrop.jpg,2,87,4.47213595499958,4.35,5.0
SNE_414851_ccrop.jpg,1,1,2.0,0.25,14.866068747318506
SNE_414851_ccrop.jpg,2,35,4.0,2.1875,5.0
SNE_417051_ccrop.jpg,1,23,4.0,1.4375,59.81638571495272
SNE_419085_ccrop.jpg,1,83,4.0,5.1875,7.0
SNE_420372_ccrop.jpg,1,55,7.211102550927978,1.057692307692308,23.194827009486403
SNE_420372_ccrop.jpg,2,5,2.0,1.25,35.38361202590826
SNE_439672_ccrop.jpg,1,799,17.88854381999832,2.4968749999999997,7.615773105863909
SNE_440123_ccrop.jpg,1,29,4.0,1.8125,6.4031242374328485
SNE_440901_ccrop.jpg,1,24,4.0,1.5,27.892651361962706
SNE_441224_ccrop.jpg,1,94,6.0,2.611111111111111,2.23606797749979
SNE_444255_ccrop.jpg,1,1157,26.90724809414742,1.5980662983425415,4.0
SNE_4557_ccrop.jpg,1,44,5.656854249492381,1.3749999999999998,11.180339887498949
SNE_455746_ccrop.jpg,1,938,26.30589287593181,1.3554913294797688,6.4031242374328485
SNE_464918_ccrop.jpg,1,1,2.0,0.25,57.9396237474839
SNE_464918_ccrop.jpg,2,1043,22.090722034374522,2.137295081967213,8.94427190999916
SNE_476160_ccrop.jpg,1,13,2.8284271247461903,1.6249999999999996,
SNE_467255_ccrop.jpg,1,2,2.0,0.5,7.280109889280518
SNE_468966_ccrop.jpg,1,56,5.656854249492381,1.7499999999999996,13.45362404707371
SNE_469792_ccrop.jpg,1,167,13.416407864998739,0.9277777777777776,49.20365840057018
SNE_472584_ccrop.jpg,1,463,17.08800749063506,1.5856164383561646,1.0
SNE_472584_ccrop.jpg,2,1,2.0,0.25,23.53720459187964
SNE_483027_ccrop.jpg,1,90,8.94427190999916,1.1249999999999998,30.675723300355934
SNE_4845_ccrop.jpg,1,69,4.0,4.3125,8.94427190999916
SNE_485945_ccrop.jpg,1,377,12.649110640673518,2.3562499999999997,2.8284271247461903
SNE_49598_ccrop.jpg,1,883,26.076809620810597,1.2985294117647057,7.280109889280518
SNE_504413_ccrop.jpg,1,14,4.0,0.875,39.92492955535426
SNE_509393_ccrop.jpg,1,286,14.0,1.4591836734693877,11.704699910719626
SNE_526872_ccrop.jpg,1,2,2.0,0.5,9.0
SNE_522147_ccrop.jpg,1,159,8.0,2.484375,8.246211251235321
SNE_525189_ccrop.jpg,1,453,17.88854381999832,1.4156249999999997,7.211102550927978
SNE_548602_ccrop.jpg,1,27,4.0,1.6875,4.47213595499958
SNE_551569_ccrop.jpg,1,405,10.0,4.05,2.23606797749979
SNE_533630_ccrop.jpg,1,3,2.0,0.75,19.026297590440446
SNE_533630_ccrop.jpg,2,196,14.0,1.0,4.123105625617661
SNE_534184_ccrop.jpg,1,486,15.231546211727817,2.0948275862068964,7.280109889280518
SNE_536692_ccrop.jpg,1,57,7.211102550927978,1.0961538461538463,12.806248474865697
SNE_560191_ccrop.jpg,1,247,11.313708498984761,1.9296874999999996,8.246211251235321
SNE_560191_ccrop.jpg,2,95,8.0,1.484375,52.172789842982326
SNE_565578_ccrop.jpg,1,390,16.1245154965971,1.5000000000000002,7.615773105863909
SNE_574609_ccrop.jpg,1,1,2.0,0.25,66.09841147864296
SNE_574609_ccrop.jpg,2,1,2.0,0.25,65.45991139621256
SNE_574609_ccrop.jpg,3,238,12.649110640673518,1.4874999999999998,52.354560450833695
SNE_583310_ccrop.jpg,1,382,10.770329614269007,3.2931034482758625,11.40175425099138
SNE_587128_ccrop.jpg,1,124,10.0,1.24,68.4470598345904
SNE_588705_ccrop.jpg,1,144,8.94427190999916,1.7999999999999996,33.734255586866
SNE_596188_ccrop.jpg,1,10,2.0,2.5,22.135943621178654
SNE_59745_ccrop.jpg,1,728,22.090722034374522,1.4918032786885245,5.0990195135927845
SNE_59745_ccrop.jpg,2,66,5.656854249492381,2.0624999999999996,6.082762530298219
SNE_599793_ccrop.jpg,1,89,4.47213595499958,4.449999999999999,9.848857801796104
SNE_611822_ccrop.jpg,1,296,15.231546211727817,1.2758620689655171,11.0
SNE_569771_ccrop.jpg,1,455,20.0,1.1375,7.810249675906654
SNE_570447_ccrop.jpg,1,633,16.97056274847714,2.197916666666667,2.8284271247461903
SNE_571542_ccrop.jpg,1,1,2.0,0.25,13.601470508735444
SNE_571542_ccrop.jpg,2,227,8.94427190999916,2.8374999999999995,5.0990195135927845
SNE_571542_ccrop.jpg,3,2,2.0,0.5,3.1622776601683795
SNE_571542_ccrop.jpg,4,4,2.0,1.0,7.0710678118654755
SNE_571542_ccrop.jpg,5,1,2.0,0.25,3.0
SNE_571542_ccrop.jpg,6,2,2.0,0.5,13.0
SNE_571542_ccrop.jpg,7,2,2.0,0.5,15.033296378372908
SNE_571552_ccrop.jpg,1,42,4.0,2.625,4.0
SNE_571552_ccrop.jpg,2,9,2.0,2.25,2.8284271247461903
SNE_571552_ccrop.jpg,3,2,2.0,0.5,8.06225774829855
SNE_571552_ccrop.jpg,4,1,2.0,0.25,10.295630140987
SNE_607695_ccrop.jpg,1,59,4.47213595499958,2.9499999999999993,9.899494936611665
SNE_609105_ccrop.jpg,1,739,25.059928172283335,1.1767515923566878,2.0
SNE_609105_ccrop.jpg,2,2,2.0,0.5,10.0
SNE_609105_ccrop.jpg,3,129,4.47213595499958,6.449999999999999,12.649110640673518
SNE_609714_ccrop.jpg,1,1,2.0,0.25,46.66904755831214
SNE_609714_ccrop.jpg,2,1,2.0,0.25,45.254833995939045
SNE_609714_ccrop.jpg,3,187,8.48528137423857,2.5972222222222228,2.8284271247461903
SNE_609892_ccrop.jpg,1,44,5.656854249492381,1.3749999999999998,44.181444068749045
SNE_609892_ccrop.jpg,2,657,22.80350850198276,1.2634615384615384,3.0
SNE_626183_ccrop.jpg,1,592,18.973665961010276,1.6444444444444444,3.0
SNE_633168_ccrop.jpg,1,29,4.0,1.8125,15.0
SNE_648057_ccrop.jpg,1,209,10.0,2.09,6.0
SNE_651628_ccrop.jpg,1,45,4.0,2.8125,25.495097567963924
SNE_65616_ccrop.jpg,1,92,7.211102550927978,1.7692307692307694,5.0990195135927845
SNE_65616_ccrop.jpg,2,298,10.770329614269007,2.5689655172413794,13.601470508735444
SNE_661509_ccrop.jpg,1,1,2.0,0.25,41.048751503547585
SNE_664415_ccrop.jpg,1,169,11.313708498984761,1.3203124999999998,8.06225774829855
SNE_68465_ccrop.jpg,1,4,2.0,1.0,32.0624390837628
SNE_671189_ccrop.jpg,1,335,12.165525060596439,2.263513513513514,3.605551275463989
SNE_671189_ccrop.jpg,2,1,2.0,0.25,51.62363799656123
SNE_671189_ccrop.jpg,3,1,2.0,0.25,56.08029957123981
SNE_671189_ccrop.jpg,4,1,2.0,0.25,61.05735008989499
SNE_671899_ccrop.jpg,1,830,24.0,1.4409722222222223,6.082762530298219
SNE_675028_ccrop.jpg,1,378,14.0,1.9285714285714286,7.0
SNE_703601_ccrop.jpg,1,246,10.770329614269007,2.120689655172414,10.0
SNE_704080_ccrop.jpg,1,63,7.211102550927978,1.2115384615384617,50.15974481593781
SNE_704080_ccrop.jpg,2,56,6.324555320336759,1.3999999999999997,71.11258679024411
SNE_70867_ccrop.jpg,1,79,4.0,4.9375,36.796738985948195
SNE_70867_ccrop.jpg,2,1,2.0,0.25,6.0
SNE_691541_ccrop.jpg,1,833,20.0,2.0825,7.615773105863909
SNE_698912_ccrop.jpg,1,502,18.0,1.5493827160493827,10.44030650891055
SNE_698912_ccrop.jpg,2,1,2.0,0.25,9.219544457292887
SNE_698912_ccrop.jpg,3,16,2.8284271247461903,1.9999999999999996,5.385164807134504
SNE_699042_ccrop.jpg,1,60,6.0,1.6666666666666667,25.059928172283335
SNE_736883_ccrop.jpg,1,1,2.0,0.25,35.17101079013795
SNE_737275_ccrop.jpg,1,1357,32.0,1.3251953125,6.324555320336759
SNE_746083_ccrop.jpg,1,1,2.0,0.25,10.816653826391969
SNE_751957_ccrop.jpg,1,1,2.0,0.25,30.0
SNE_751957_ccrop.jpg,2,87,5.656854249492381,2.7187499999999996,8.0
SNE_774800_ccrop.jpg,1,950,28.071337695236398,1.205583756345178,7.0
SNE_762327_ccrop.jpg,1,36,5.656854249492381,1.1249999999999998,39.35733730830886
SNE_762327_ccrop.jpg,2,115,10.0,1.15,5.0990195135927845
SNE_783159_ccrop.jpg,1,675,18.439088914585774,1.9852941176470589,8.602325267042627
SNE_784426_ccrop.jpg,1,724,16.492422502470642,2.661764705882353,8.54400374531753
SNE_785064_ccrop.jpg,1,72,6.0,2.0,28.635642126552707
SNE_790833_ccrop.jpg,1,1,2.0,0.25,19.6468827043885
SNE_81065_ccrop.jpg,1,682,22.80350850198276,1.3115384615384615,7.0
SNE_805400_ccrop.jpg,1,1692,31.622776601683793,1.692,1.4142135623730951
SNE_791810_ccrop.jpg,1,211,10.0,2.11,9.0
SNE_793789_ccrop.jpg,1,1,2.0,0.25,44.77722635447622
SNE_793789_ccrop.jpg,2,46,5.656854249492381,1.4374999999999998,44.94441010848846
SNE_796734_ccrop.jpg,1,1,2.0,0.25,36.069377593742864
SNE_798289_ccrop.jpg,1,1814,28.071337695236398,2.3020304568527923,2.8284271247461903
SNE_798289_ccrop.jpg,2,25,2.8284271247461903,3.124999999999999,59.682493245507096
SNE_8150_ccrop.jpg,1,1,2.0,0.25,22.47220505424423
SNE_815209_ccrop.jpg,1,441,16.1245154965971,1.6961538461538466,2.23606797749979
SNE_816195_ccrop.jpg,1,45,4.47213595499958,2.2499999999999996,7.615773105863909
SNE_816195_ccrop.jpg,2,1,2.0,0.25,19.697715603592208
SNE_816195_ccrop.jpg,3,1,2.0,0.25,18.973665961010276
SNE_821341_ccrop.jpg,1,1,2.0,0.25,26.92582403567252
SNE_821341_ccrop.jpg,2,1,2.0,0.25,23.40939982143925
SNE_821341_ccrop.jpg,3,2,2.0,0.5,21.18962010041709
SNE_821341_ccrop.jpg,4,1,2.0,0.25,19.924858845171276
SNE_821341_ccrop.jpg,5,25,2.8284271247461903,3.124999999999999,4.123105625617661
SNE_821872_ccrop.jpg,1,142,12.0,0.9861111111111112,7.810249675906654
SNE_824117_ccrop.jpg,1,29,4.0,1.8125,5.385164807134504
SNE_828065_ccrop.jpg,1,21,4.0,1.3125,42.01190307520001
SNE_83109_ccrop.jpg,1,1,2.0,0.25,66.88796603276258
SNE_83109_ccrop.jpg,2,20,2.8284271247461903,2.4999999999999996,68.26419266350405
SNE_840546_ccrop.jpg,1,10,2.8284271247461903,1.2499999999999998,6.082762530298219
SNE_845380_ccrop.jpg,1,249,14.422205101855956,1.1971153846153848,2.0
SNE_845581_ccrop.jpg,1,21,4.0,1.3125,1.4142135623730951
SNE_866490_ccrop.jpg,1,368,12.649110640673518,2.2999999999999994,4.0
SNE_853631_ccrop.jpg,1,492,14.560219778561036,2.3207547169811322,8.246211251235321
SNE_853631_ccrop.jpg,2,2,2.0,0.5,19.1049731745428
SNE_853631_ccrop.jpg,3,2,2.0,0.5,21.2602916254693
SNE_856667_ccrop.jpg,1,60,4.0,3.75,2.23606797749979
SNE_857210_ccrop.jpg,1,21,4.0,1.3125,2.23606797749979
SNE_877567_ccrop.jpg,1,1343,27.85677655436824,1.7306701030927836,6.0
SNE_881639_ccrop.jpg,1,658,14.142135623730951,3.2899999999999996,6.708203932499369
SNE_867897_ccrop.jpg,1,34,4.0,2.125,47.853944456021594
SNE_867897_ccrop.jpg,2,2,2.0,0.5,49.16299421312742
SNE_867897_ccrop.jpg,3,1,2.0,0.25,48.507731342539614
SNE_867897_ccrop.jpg,4,30,4.47213595499958,1.4999999999999998,43.829214001622255
SNE_871314_ccrop.jpg,1,486,17.204650534085253,1.6418918918918919,2.8284271247461903
SNE_871314_ccrop.jpg,2,2,2.0,0.5,40.311288741492746
SNE_871314_ccrop.jpg,3,1,2.0,0.25,42.5440947723653
SNE_871314_ccrop.jpg,4,2,2.0,0.5,43.9089968002003
SNE_871314_ccrop.jpg,5,2,2.0,0.5,46.14108798023731
SNE_884399_ccrop.jpg,1,40,4.47213595499958,1.9999999999999996,8.246211251235321
SNE_884399_ccrop.jpg,2,1,2.0,0.25,20.223748416156685
SNE_884399_ccrop.jpg,3,3,2.0,0.75,21.37755832643195
SNE_884399_ccrop.jpg,4,80,4.47213595499958,3.999999999999999,24.041630560342615
SNE_887894_ccrop.jpg,1,279,10.0,2.79,4.123105625617661
SNE_896317_ccrop.jpg,1,7,2.0,1.75,20.8806130178211
SNE_901811_ccrop.jpg,1,9,2.0,2.25,12.36931687685298
SNE_901811_ccrop.jpg,2,1,2.0,0.25,4.242640687119285
SNE_903623_ccrop.jpg,1,1,2.0,0.25,37.0
SNE_903623_ccrop.jpg,2,73,4.47213595499958,3.6499999999999995,8.06225774829855
SNE_903623_ccrop.jpg,3,1,2.0,0.25,6.0
SNE_904978_ccrop.jpg,1,392,16.0,1.53125,8.94427190999916
SNE_906642_ccrop.jpg,1,33,4.47213595499958,1.6499999999999997,55.072679252057455
SNE_906642_ccrop.jpg,2,22,4.0,1.375,4.123105625617661
SNE_90837_ccrop.jpg,1,68,8.0,1.0625,3.605551275463989
SNE_916750_ccrop.jpg,1,73,5.656854249492381,2.2812499999999996,34.36568055487916
SNE_927232_ccrop.jpg,1,8,2.8284271247461903,0.9999999999999998,27.16615541441225
SNE_941490_ccrop.jpg,1,14,2.0,3.5,11.704699910719626
SNE_919833_ccrop.jpg,1,231,10.0,2.31,9.0
SNE_921854_ccrop.jpg,1,380,16.1245154965971,1.461538461538462,11.180339887498949
SNE_923069_ccrop.jpg,1,89,4.47213595499958,4.449999999999999,34.92849839314596
SNE_923069_ccrop.jpg,2,1,2.0,0.25,3.605551275463989
SNE_943120_ccrop.jpg,1,572,16.1245154965971,2.2000000000000006,6.0
SNE_943223_ccrop.jpg,1,34,5.656854249492381,1.0624999999999998,10.295630140987
SNE_943223_ccrop.jpg,2,91,6.324555320336759,2.2749999999999995,5.385164807134504
SNE_943223_ccrop.jpg,3,108,8.48528137423857,1.5000000000000002,29.206163733020468
SNE_943629_ccrop.jpg,1,146,8.0,2.28125,9.055385138137417
SNE_94795_ccrop.jpg,1,1430,30.463092423455635,1.5409482758620687,5.830951894845301
SNE_948647_ccrop.jpg,1,8,2.8284271247461903,0.9999999999999998,5.656854249492381
SNE_951733_ccrop.jpg,1,728,23.323807579381203,1.338235294117647,1.4142135623730951
SNE_958281_ccrop.jpg,1,1,2.0,0.25,51.61395160225576
SNE_958281_ccrop.jpg,2,1,2.0,0.25,7.810249675906654
SNE_961724_ccrop.jpg,1,45,4.0,2.8125,9.219544457292887
SNE_973513_ccrop.jpg,1,3,2.0,0.75,
SNE_973513_ccrop.jpg,2,2,2.0,0.5,
SNE_973513_ccrop.jpg,3,95,6.324555320336759,2.3749999999999996,
SNE_975181_ccrop.jpg,1,32,4.0,2.0,40.80441152620633
SNE_977005_ccrop.jpg,1,1,2.0,0.25,60.207972893961475
SNE_988236_ccrop.jpg,1,1,2.0,0.25,44.384682042344295
SNE_988236_ccrop.jpg,2,457,15.231546211727817,1.9698275862068964,4.123105625617661
SNE_995695_ccrop.jpg,1,646,18.110770276274835,1.969512195121951,2.23606797749979
SNE_981806_ccrop.jpg,1,203,11.313708498984761,1.5859374999999996,5.385164807134504
SNE_984470_ccrop.jpg,1,96,4.47213595499958,4.799999999999999,7.0710678118654755
SNE_984470_ccrop.jpg,2,2,2.0,0.5,12.806248474865697
SNE_984470_ccrop.jpg,3,2,2.0,0.5,15.811388300841896
SNE_984470_ccrop.jpg,4,1,2.0,0.25,18.027756377319946
SNE_984470_ccrop.jpg,5,2,2.0,0.5,19.4164878389476
SNE_984470_ccrop.jpg,6,1,2.0,0.25,21.633307652783937
SNE_984470_ccrop.jpg,7,1,2.0,0.25,23.853720883753127
SNE_986861_ccrop.jpg,1,1,2.0,0.25,19.4164878389476
SNE_986861_ccrop.jpg,2,42,5.656854249492381,1.3124999999999998,25.079872407968907
SNE_56069_ccrop.jpg,1,15,2.8284271247461903,1.8749999999999996,7.615773105863909
MO_187322_ccrop.jpg,1,413,18.439088914585774,1.214705882352941,16.0312195418814
SNE_819515_ccrop.jpg,1,1,2.0,0.25,14.142135623730951
MO_913613_ccrop.jpg,1,2,2.0,0.5,31.76476034853718
BA_767164_ccrop.jpg,1,24,4.0,1.5,15.811388300841896
BA_434177_ccrop.jpg,1,49,4.47213595499958,2.4499999999999997,57.3149195236284
EO_340201_ccrop.jpg,1,357,13.416407864998739,1.983333333333333,6.324555320336759
EO_340201_ccrop.jpg,2,4,2.0,1.0,46.57252408878007
EO_739713_ccrop.jpg,1,34,5.656854249492381,1.0624999999999998,138.2931668593933
MO_113841_ccrop.jpg,1,60,8.0,0.9375,
SNE_614953_ccrop.jpg,1,111,10.0,1.11,8.0
SNE_614953_ccrop.jpg,2,27,4.47213595499958,1.3499999999999999,21.633307652783937
SNE_614953_ccrop.jpg,3,161,10.0,1.61,29.68164415931166
SNE_47527_ccrop.jpg,1,145,8.94427190999916,1.8124999999999998,7.615773105863909
EO_376623_ccrop.jpg,1,24,2.0,6.0,30.083217912982647
SNE_968296_ccrop.jpg,1,698,19.697715603592208,1.7989690721649487,8.246211251235321
SNE_26596_ccrop.jpg,1,112,7.211102550927978,2.153846153846154,8.06225774829855
MO_437529_ccrop.jpg,1,111,10.770329614269007,0.956896551724138,12.0
BNE_556405_ccrop.jpg,1,42,4.47213595499958,2.0999999999999996,10.44030650891055
EO_333712_ccrop.jpg,1,183,8.94427190999916,2.2874999999999996,6.708203932499369
SNE_487530_ccrop.jpg,1,54,4.47213595499958,2.6999999999999997,
EO_742968_ccrop.jpg,1,747,16.0,2.91796875,3.0
EO_390334_ccrop.jpg,1,17,4.0,1.0625,28.30194339616981
EO_740199_ccrop.jpg,1,1,2.0,0.25,6.4031242374328485
EO_740199_ccrop.jpg,2,147,5.656854249492381,4.593749999999999,7.810249675906654
SNE_79214_ccrop.jpg,1,163,8.48528137423857,2.2638888888888893,3.0
EO_601688_ccrop.jpg,1,1,2.0,0.25,7.280109889280518
EO_601688_ccrop.jpg,2,31,4.0,1.9375,6.4031242374328485
MO_558465_ccrop.jpg,1,77,8.94427190999916,0.9624999999999998,54.0
MO_558465_ccrop.jpg,2,23,5.656854249492381,0.7187499999999999,21.0
MO_500300_ccrop.jpg,1,23,4.0,1.4375,23.08679276123039
EO_343324_ccrop.jpg,1,90,6.324555320336759,2.2499999999999996,14.866068747318506
MO_140976_ccrop.jpg,1,25,5.656854249492381,0.7812499999999998,22.80350850198276
MO_144254_ccrop.jpg,1,731,20.591260281974,1.7240566037735847,15.652475842498529
BNE_671954_ccrop.jpg,1,187,11.313708498984761,1.4609374999999998,13.92838827718412
BA_636027_ccrop.jpg,1,12,2.8284271247461903,1.4999999999999998,16.76305461424021
BA_147981_ccrop.jpg,1,14,2.8284271247461903,1.7499999999999996,3.1622776601683795
BNE_350976_ccrop.jpg,1,139,7.211102550927978,2.6730769230769234,17.72004514666935
BA_130694_ccrop.jpg,1,522,16.1245154965971,2.007692307692308,2.0
BA_130694_ccrop.jpg,2,67,5.656854249492381,2.0937499999999996,38.8329756778952
BA_130694_ccrop.jpg,3,1,2.0,0.25,37.589892258425
BA_130694_ccrop.jpg,4,1,2.0,0.25,54.70831746635972
BA_130694_ccrop.jpg,5,1,2.0,0.25,55.97320787662612
MO_775809_ccrop.jpg,1,39,6.324555320336759,0.9749999999999999,
SNE_325145_ccrop.jpg,1,179,10.770329614269007,1.5431034482758623,3.605551275463989
EO_943855_ccrop.jpg,1,795,26.076809620810597,1.1691176470588234,9.433981132056603
MO_84318_ccrop.jpg,1,132,11.661903789690601,0.9705882352941176,
MO_888484_ccrop.jpg,1,50,7.211102550927978,0.9615384615384617,
EO_806352_ccrop.jpg,1,153,10.0,1.53,18.384776310850235
MO_440210_ccrop.jpg,1,91,10.0,0.91,30.0
BNE_976754_ccrop.jpg,1,21,2.8284271247461903,2.6249999999999996,10.63014581273465
EO_422295_ccrop.jpg,1,12,2.0,3.0,7.0710678118654755
SNE_129727_ccrop.jpg,1,84,10.0,0.84,46.09772228646444
BA_89223_ccrop.jpg,1,75,4.0,4.6875,1.4142135623730951
EO_769464_ccrop.jpg,1,170,10.770329614269007,1.4655172413793105,12.0
BNE_818755_ccrop.jpg,1,49,4.0,3.0625,1.4142135623730951
BA_266370_ccrop.jpg,1,23,4.0,1.4375,7.0710678118654755
EO_261509_ccrop.jpg,1,604,20.0,1.51,2.0
EO_261509_ccrop.jpg,2,316,14.0,1.6122448979591837,2.23606797749979
BA_399438_ccrop.jpg,1,173,8.0,2.703125,62.39390995922599
BA_399438_ccrop.jpg,2,3,2.0,0.75,16.278820596099706
SNE_358253_ccrop.jpg,1,190,7.211102550927978,3.653846153846154,11.313708498984761
MO_172654_ccrop.jpg,1,443,17.08800749063506,1.5171232876712333,19.235384061671343
EO_490207_ccrop.jpg,1,189,12.649110640673518,1.1812499999999997,17.029386365926403
MO_189116_ccrop.jpg,1,67,8.48528137423857,0.9305555555555557,51.73973328110612
SNE_399708_ccrop.jpg,1,10,2.0,2.5,20.248456731316587
SNE_399708_ccrop.jpg,2,1,2.0,0.25,21.02379604162864
MO_112202_ccrop.jpg,1,46,7.211102550927978,0.8846153846153847,
MO_834548_ccrop.jpg,1,28,5.656854249492381,0.8749999999999998,17.804493814764857
SNE_86548_ccrop.jpg,1,620,15.231546211727817,2.672413793103448,35.35533905932738
BA_588625_ccrop.jpg,1,93,6.0,2.5833333333333335,8.06225774829855
BA_588625_ccrop.jpg,2,43,5.656854249492381,1.3437499999999998,46.010868281309364
BA_588625_ccrop.jpg,3,64,6.0,1.7777777777777777,68.26419266350405
MO_617871_ccrop.jpg,1,104,10.770329614269007,0.8965517241379312,
MO_526870_ccrop.jpg,1,45,7.211102550927978,0.8653846153846155,20.0
MO_20976_ccrop.jpg,1,69,8.246211251235321,1.0147058823529411,
MO_70005_ccrop.jpg,1,201,14.560219778561036,0.9481132075471698,21.840329667841555
MO_70005_ccrop.jpg,2,43,7.211102550927978,0.826923076923077,44.0
SNE_117234_ccrop.jpg,1,25,4.0,1.5625,20.591260281974
EO_581610_ccrop.jpg,1,70,6.324555320336759,1.7499999999999998,33.83784863137726
EO_581610_ccrop.jpg,2,162,11.313708498984761,1.2656249999999998,11.661903789690601
BNE_671361_ccrop.jpg,1,85,6.324555320336759,2.1249999999999996,11.661903789690601
EO_438939_ccrop.jpg,1,1,2.0,0.25,60.00833275470999
EO_438939_ccrop.jpg,2,1,2.0,0.25,58.69412236331676
EO_438939_ccrop.jpg,3,1,2.0,0.25,57.38466694161429
EO_438939_ccrop.jpg,4,38,2.0,9.5,32.7566787083184
EO_438939_ccrop.jpg,5,2,2.0,0.5,30.59411708155671
EO_438939_ccrop.jpg,6,2,2.0,0.5,28.442925306655784
EO_438939_ccrop.jpg,7,106,7.211102550927978,2.0384615384615388,2.0
EO_438939_ccrop.jpg,8,1,2.0,0.25,16.76305461424021
EO_305691_ccrop.jpg,1,475,16.0,1.85546875,13.601470508735444
MO_950456_ccrop.jpg,1,35,6.0,0.9722222222222222,16.0
SNE_672698_ccrop.jpg,1,9,2.8284271247461903,1.1249999999999998,38.8329756778952
SNE_518391_ccrop.jpg,1,331,14.560219778561036,1.5613207547169812,4.47213595499958
SNE_848740_ccrop.jpg,1,39,4.0,2.4375,39.395431207184416
SNE_848740_ccrop.jpg,2,1,2.0,0.25,12.165525060596439
SNE_848740_ccrop.jpg,3,15,2.0,3.75,3.0
SNE_848740_ccrop.jpg,4,2,2.0,0.5,41.30375285612676
SNE_848740_ccrop.jpg,5,16,2.8284271247461903,1.9999999999999996,35.05709628591621
SNE_848740_ccrop.jpg,6,1,2.0,0.25,34.132096331752024
BA_346352_ccrop.jpg,1,147,7.211102550927978,2.826923076923077,7.211102550927978
BA_331375_ccrop.jpg,1,77,5.656854249492381,2.4062499999999996,3.605551275463989
BA_331375_ccrop.jpg,2,269,12.649110640673518,1.6812499999999997,24.839484696748443
BA_196807_ccrop.jpg,1,513,15.231546211727817,2.2112068965517238,4.47213595499958
BA_887335_ccrop.jpg,1,14,2.8284271247461903,1.7499999999999996,22.360679774997898
EO_47754_ccrop.jpg,1,1,2.0,0.25,1.0
SNE_633335_ccrop.jpg,1,29,4.0,1.8125,1.4142135623730951
MO_522395_ccrop.jpg,1,85,10.0,0.85,
EO_767118_ccrop.jpg,1,2,2.0,0.5,19.72308292331602
SNE_808855_ccrop.jpg,1,90,4.0,5.625,6.0
SNE_808855_ccrop.jpg,2,1,2.0,0.25,22.20360331117452
EO_240687_ccrop.jpg,1,1,2.0,0.25,30.01666203960727
EO_240687_ccrop.jpg,2,2,2.0,0.5,27.0
EO_240687_ccrop.jpg,3,258,8.0,4.03125,3.605551275463989
SNE_679601_ccrop.jpg,1,4,2.0,1.0,36.22154055254967
SNE_679601_ccrop.jpg,2,1,2.0,0.25,16.278820596099706
SNE_679601_ccrop.jpg,3,37,2.8284271247461903,4.624999999999999,8.06225774829855
MO_362677_ccrop.jpg,1,2,2.0,0.5,30.675723300355934
MO_362677_ccrop.jpg,2,68,5.656854249492381,2.1249999999999996,14.0
NEUTROPHIL_816359_ccrop.jpg,1,394,13.416407864998739,2.1888888888888887,9.848857801796104
EO_285298_ccrop.jpg,1,31,5.656854249492381,0.9687499999999998,
MO_595972_ccrop.jpg,1,113,11.313708498984761,0.8828124999999998,75.0
LY_644595_ccrop.jpg,1,23,4.47213595499958,1.1499999999999997,15.524174696260024
BNE_813359_ccrop.jpg,1,16,4.0,1.0,15.652475842498529
EO_812799_ccrop.jpg,1,28,4.0,1.75,3.1622776601683795
EO_812799_ccrop.jpg,2,2,2.0,0.5,16.1245154965971
EO_812799_ccrop.jpg,3,78,4.47213595499958,3.8999999999999995,18.35755975068582
EO_812799_ccrop.jpg,4,3,2.0,0.75,53.75872022286245
BNE_206551_ccrop.jpg,1,226,11.313708498984761,1.7656249999999996,9.219544457292887
BNE_206551_ccrop.jpg,2,1,2.0,0.25,46.32493928760188
BNE_206551_ccrop.jpg,3,1,2.0,0.25,47.70744176750625
BNE_206551_ccrop.jpg,4,1,2.0,0.25,49.09175083453431
EO_728292_ccrop.jpg,1,1,2.0,0.25,7.615773105863909
EO_728292_ccrop.jpg,2,78,6.0,2.1666666666666665,7.0710678118654755
EO_72747_ccrop.jpg,1,1492,35.4400902933387,1.1878980891719748,5.0
BA_93721_ccrop.jpg,1,192,10.0,1.92,15.0
EO_187031_ccrop.jpg,1,1,2.0,0.25,12.083045973594572
SNE_605370_ccrop.jpg,1,1313,30.0,1.458888888888889,4.242640687119285
SNE_893880_ccrop.jpg,1,47,4.47213595499958,2.3499999999999996,44.41846462902562
SNE_893880_ccrop.jpg,2,1,2.0,0.25,54.70831746635972
SNE_893880_ccrop.jpg,3,3,2.0,0.75,55.362442142665635
BA_845828_ccrop.jpg,1,306,10.770329614269007,2.637931034482759,19.697715603592208
SNE_304452_ccrop.jpg,1,101,10.0,1.01,34.132096331752024
EO_981447_ccrop.jpg,1,48,4.0,3.0,3.605551275463989
BA_533618_ccrop.jpg,1,55,4.0,3.4375,27.313000567495326
EO_488297_ccrop.jpg,1,19,4.47213595499958,0.9499999999999998,43.41658669218482
EO_222109_ccrop.jpg,1,1,2.0,0.25,
BNE_360932_ccrop.jpg,1,173,10.0,1.73,10.198039027185569
SNE_30327_ccrop.jpg,1,1,2.0,0.25,5.830951894845301
SNE_30327_ccrop.jpg,2,5,2.0,1.25,6.324555320336759
SNE_30327_ccrop.jpg,3,2,2.0,0.5,10.0
SNE_30327_ccrop.jpg,4,44,2.8284271247461903,5.499999999999999,12.041594578792296
SNE_30327_ccrop.jpg,5,1,2.0,0.25,35.34119409414458
BA_221648_ccrop.jpg,1,119,8.246211251235321,1.75,
SNE_775439_ccrop.jpg,1,727,21.633307652783937,1.5534188034188032,3.0
SNE_775439_ccrop.jpg,2,243,10.770329614269007,2.094827586206897,3.605551275463989
SNE_207129_ccrop.jpg,1,158,10.0,1.58,13.416407864998739
EO_662683_ccrop.jpg,1,38,5.656854249492381,1.1874999999999998,55.08175741568164
BNE_2019_ccrop.jpg,1,370,18.439088914585774,1.088235294117647,12.529964086141668
MO_812031_ccrop.jpg,1,148,12.649110640673518,0.9249999999999998,47.0
BA_237864_ccrop.jpg,1,1,2.0,0.25,19.924858845171276
BNE_920389_ccrop.jpg,1,246,13.416407864998739,1.3666666666666665,14.142135623730951
EO_459049_ccrop.jpg,1,175,8.246211251235321,2.573529411764706,12.649110640673518
EO_592257_ccrop.jpg,1,26,2.0,6.5,19.026297590440446
EO_592257_ccrop.jpg,2,8,2.0,2.0,14.317821063276353
SNE_310178_ccrop.jpg,1,23,4.0,1.4375,5.0990195135927845
SNE_310178_ccrop.jpg,2,58,5.656854249492381,1.8124999999999996,4.242640687119285
EO_390994_ccrop.jpg,1,238,13.416407864998739,1.322222222222222,2.23606797749979
BNE_494447_ccrop.jpg,1,320,12.165525060596439,2.1621621621621627,9.486832980505138
BNE_393835_ccrop.jpg,1,295,14.0,1.5051020408163265,16.278820596099706
BA_773446_ccrop.jpg,1,5,2.0,1.25,9.433981132056603
SNE_449711_ccrop.jpg,1,2,2.0,0.5,17.88854381999832
SNE_198347_ccrop.jpg,1,44,6.0,1.2222222222222223,13.152946437965905
EO_624586_ccrop.jpg,1,99,4.47213595499958,4.949999999999999,10.770329614269007
EO_97617_ccrop.jpg,1,6,2.0,1.5,49.24428900898052
EO_97617_ccrop.jpg,2,90,5.656854249492381,2.8124999999999996,17.204650534085253
EO_97617_ccrop.jpg,3,33,4.0,2.0625,8.94427190999916
BNE_357413_ccrop.jpg,1,78,8.0,1.21875,16.15549442140351
SNE_876406_ccrop.jpg,1,2,2.0,0.5,17.4928556845359
SNE_876406_ccrop.jpg,2,42,4.47213595499958,2.0999999999999996,3.605551275463989
EO_378811_ccrop.jpg,1,1498,34.058772731852805,1.2913793103448272,3.605551275463989
MO_665320_ccrop.jpg,1,119,11.661903789690601,0.875,17.72004514666935
BA_177230_ccrop.jpg,1,28,4.0,1.75,4.47213595499958
BNE_358190_ccrop.jpg,1,1,2.0,0.25,26.92582403567252
BNE_358190_ccrop.jpg,2,1,2.0,0.25,25.632011235952593
SNE_33661_ccrop.jpg,1,1,2.0,0.25,25.709920264364882
EO_445288_ccrop.jpg,1,6,2.0,1.5,26.68332812825267
BA_768965_ccrop.jpg,1,1,2.0,0.25,18.439088914585774
BNE_615813_ccrop.jpg,1,3,2.0,0.75,23.769728648009426
BNE_615813_ccrop.jpg,2,40,4.0,2.5,7.810249675906654
BA_255913_ccrop.jpg,1,760,18.973665961010276,2.111111111111111,9.848857801796104
MO_889379_ccrop.jpg,1,369,20.0,0.9225,30.0
MO_301812_ccrop.jpg,1,74,8.94427190999916,0.9249999999999998,
MO_301812_ccrop.jpg,2,33,4.47213595499958,1.6499999999999997,
MO_262114_ccrop.jpg,1,1,2.0,0.25,26.476404589747453
MO_246145_ccrop.jpg,1,36,6.324555320336759,0.8999999999999998,
MO_246145_ccrop.jpg,2,1,2.0,0.25,
SNE_533941_ccrop.jpg,1,626,10.0,6.26,2.0
MO_179303_ccrop.jpg,1,93,10.0,0.93,28.653097563788805
MO_179303_ccrop.jpg,2,81,10.0,0.81,11.661903789690601
SNE_465183_ccrop.jpg,1,46,6.0,1.2777777777777777,34.9857113690718
BA_19779_ccrop.jpg,1,60,6.0,1.6666666666666667,44.64302857109943
EO_190201_ccrop.jpg,1,454,18.439088914585774,1.3352941176470587,6.0
EO_190201_ccrop.jpg,2,6,2.0,1.5,42.2965719651132
EO_190201_ccrop.jpg,3,10,2.0,2.5,46.09772228646444
EO_190201_ccrop.jpg,4,1,2.0,0.25,52.03844732503075
EO_921575_ccrop.jpg,1,674,16.1245154965971,2.592307692307693,4.0
BA_163898_ccrop.jpg,1,317,14.142135623730951,1.5849999999999997,12.727922061357855
SNE_934241_ccrop.jpg,1,2,2.0,0.5,14.035668847618199
SNE_934241_ccrop.jpg,2,6,2.0,1.5,6.0
SNE_333218_ccrop.jpg,1,441,14.422205101855956,2.120192307692308,3.0
SNE_333218_ccrop.jpg,2,2,2.0,0.5,2.23606797749979
EO_166091_ccrop.jpg,1,49,5.656854249492381,1.5312499999999996,4.0
BA_991965_ccrop.jpg,1,46,5.656854249492381,1.4374999999999998,22.80350850198276
EO_663412_ccrop.jpg,1,4,2.0,1.0,10.770329614269007
EO_663412_ccrop.jpg,2,1,2.0,0.25,6.708203932499369
EO_663412_ccrop.jpg,3,62,4.47213595499958,3.0999999999999996,6.082762530298219
MO_659296_ccrop.jpg,1,37,7.211102550927978,0.7115384615384617,9.848857801796104
EO_2755_ccrop.jpg,1,110,6.0,3.0555555555555554,8.602325267042627
EO_2755_ccrop.jpg,2,1,2.0,0.25,6.4031242374328485
EO_2755_ccrop.jpg,3,12,2.8284271247461903,1.4999999999999998,7.0710678118654755
NEUTROPHIL_941537_ccrop.jpg,1,317,13.416407864998739,1.7611111111111108,8.06225774829855
BA_938239_ccrop.jpg,1,607,20.0,1.5175,17.46424919657298
MO_649150_ccrop.jpg,1,63,8.0,0.984375,
MO_627229_ccrop.jpg,1,26,5.656854249492381,0.8124999999999998,
BNE_681139_ccrop.jpg,1,423,12.806248474865697,2.5792682926829267,13.601470508735444
SNE_939093_ccrop.jpg,1,14,2.8284271247461903,1.7499999999999996,12.083045973594572
SNE_987130_ccrop.jpg,1,88,8.94427190999916,1.0999999999999999,38.8329756778952
SNE_610438_ccrop.jpg,1,2,2.0,0.5,26.68332812825267
BA_643553_ccrop.jpg,1,36,6.0,1.0,22.47220505424423
BA_393233_ccrop.jpg,1,1,2.0,0.25,
SNE_847178_ccrop.jpg,1,15,4.0,0.9375,9.219544457292887
SNE_404265_ccrop.jpg,1,4,2.0,1.0,17.88854381999832
SNE_843242_ccrop.jpg,1,902,16.492422502470642,3.3161764705882355,4.242640687119285
SNE_843242_ccrop.jpg,2,8,2.0,2.0,45.65084884205331
MO_115081_ccrop.jpg,1,76,8.94427190999916,0.9499999999999998,43.04648650006177
SNE_621008_ccrop.jpg,1,112,5.656854249492381,3.499999999999999,4.242640687119285
SNE_621008_ccrop.jpg,2,74,4.47213595499958,3.6999999999999993,23.345235059857504
SNE_364922_ccrop.jpg,1,1,2.0,0.25,5.0
BA_32179_ccrop.jpg,1,436,11.661903789690601,3.2058823529411766,4.47213595499958
MO_910704_ccrop.jpg,1,64,8.246211251235321,0.9411764705882353,13.92838827718412
NEUTROPHIL_517556_ccrop.jpg,1,7,2.0,1.75,7.615773105863909
NEUTROPHIL_517556_ccrop.jpg,2,41,4.47213595499958,2.05,20.09975124224178
NEUTROPHIL_517556_ccrop.jpg,3,5,2.0,1.25,13.341664064126334
SNE_199596_ccrop.jpg,1,266,12.649110640673518,1.6624999999999996,8.0
MO_470425_ccrop.jpg,1,75,8.246211251235321,1.1029411764705883,
EO_938311_ccrop.jpg,1,9,2.8284271247461903,1.1249999999999998,
MO_314647_ccrop.jpg,1,84,10.0,0.84,26.419689627245813
SNE_602361_ccrop.jpg,1,912,19.697715603592208,2.3505154639175263,5.0990195135927845
BA_340913_ccrop.jpg,1,20,2.8284271247461903,2.4999999999999996,2.8284271247461903
SNE_602927_ccrop.jpg,1,831,16.0,3.24609375,2.0
NEUTROPHIL_615770_ccrop.jpg,1,23,4.0,1.4375,39.395431207184416
SNE_461282_ccrop.jpg,1,28,4.0,1.75,41.182520563948
BA_662105_ccrop.jpg,1,848,27.85677655436824,1.092783505154639,7.0710678118654755
EO_280451_ccrop.jpg,1,68,5.656854249492381,2.1249999999999996,21.95449840010015
SNE_714873_ccrop.jpg,1,1,2.0,0.25,15.811388300841896
SNE_506855_ccrop.jpg,1,1,2.0,0.25,5.0
SNE_506855_ccrop.jpg,2,1,2.0,0.25,3.605551275463989
BA_275300_ccrop.jpg,1,91,6.324555320336759,2.2749999999999995,17.72004514666935
SNE_333737_ccrop.jpg,1,153,8.94427190999916,1.9124999999999996,7.810249675906654
EO_901011_ccrop.jpg,1,7,2.0,1.75,14.866068747318506
BNE_247190_ccrop.jpg,1,1,2.0,0.25,34.058772731852805
BNE_247190_ccrop.jpg,2,1,2.0,0.25,32.64965543462902
BNE_247190_ccrop.jpg,3,108,10.0,1.08,10.770329614269007
BNE_935780_ccrop.jpg,1,2,2.0,0.5,
MO_94197_ccrop.jpg,1,1,2.0,0.25,43.46262762420146
BNE_595137_ccrop.jpg,1,17,4.0,1.0625,14.560219778561036
BA_359743_ccrop.jpg,1,20,2.8284271247461903,2.4999999999999996,38.3275357934736
BA_359743_ccrop.jpg,2,1,2.0,0.25,37.48332962798263
BA_359743_ccrop.jpg,3,96,6.0,2.6666666666666665,13.152946437965905
BA_359743_ccrop.jpg,4,1,2.0,0.25,12.0
BA_359743_ccrop.jpg,5,80,8.0,1.25,4.123105625617661
EO_192015_ccrop.jpg,1,159,8.0,2.484375,10.63014581273465
EO_958034_ccrop.jpg,1,62,6.324555320336759,1.5499999999999998,13.038404810405298
EO_958034_ccrop.jpg,2,3,2.0,0.75,27.16615541441225
EO_776262_ccrop.jpg,1,312,16.1245154965971,1.2000000000000002,10.295630140987
BA_99338_ccrop.jpg,1,405,10.198039027185569,3.8942307692307696,2.8284271247461903
MO_652824_ccrop.jpg,1,50,7.211102550927978,0.9615384615384617,
MO_652824_ccrop.jpg,2,18,4.0,1.125,
EO_464735_ccrop.jpg,1,1,2.0,0.25,1.4142135623730951
SNE_899001_ccrop.jpg,1,2,2.0,0.5,5.830951894845301
BNE_517212_ccrop.jpg,1,428,14.422205101855956,2.057692307692308,8.0
MO_647601_ccrop.jpg,1,91,8.94427190999916,1.1374999999999997,
BNE_840814_ccrop.jpg,1,416,13.416407864998739,2.311111111111111,8.48528137423857
SNE_537361_ccrop.jpg,1,1364,21.540659228538015,2.9396551724137936,4.0
SNE_537361_ccrop.jpg,2,36,5.656854249492381,1.1249999999999998,46.238512086787566
EO_929265_ccrop.jpg,1,1,2.0,0.25,72.44308110509934
SNE_689137_ccrop.jpg,1,137,4.47213595499958,6.849999999999999,4.0
BNE_379425_ccrop.jpg,1,32,4.0,2.0,2.23606797749979
BNE_379425_ccrop.jpg,2,2,2.0,0.5,15.132745950421556
BNE_379425_ccrop.jpg,3,2,2.0,0.5,17.029386365926403
SNE_297935_ccrop.jpg,1,75,8.246211251235321,1.1029411764705883,4.123105625617661
SNE_297935_ccrop.jpg,2,11,2.8284271247461903,1.3749999999999998,2.8284271247461903
MO_721448_ccrop.jpg,1,24,4.47213595499958,1.1999999999999997,
MO_596170_ccrop.jpg,1,55,8.0,0.859375,16.55294535724685
EO_120163_ccrop.jpg,1,16,4.0,1.0,8.48528137423857
EO_842254_ccrop.jpg,1,2,2.0,0.5,
EO_842254_ccrop.jpg,2,1,2.0,0.25,
EO_487468_ccrop.jpg,1,116,8.246211251235321,1.7058823529411764,11.180339887498949
EO_76093_ccrop.jpg,1,870,28.635642126552707,1.0609756097560976,6.4031242374328485
BNE_616743_ccrop.jpg,1,2,2.0,0.5,9.848857801796104
EO_52578_ccrop.jpg,1,191,11.661903789690601,1.4044117647058822,3.1622776601683795
EO_52578_ccrop.jpg,2,4,2.0,1.0,24.186773244895647
SNE_164455_ccrop.jpg,1,328,13.416407864998739,1.822222222222222,11.180339887498949
SNE_64185_ccrop.jpg,1,89,6.324555320336759,2.2249999999999996,41.86884283091664
BA_936581_ccrop.jpg,1,100,10.0,1.0,40.496913462633174
BA_77980_ccrop.jpg,1,127,8.246211251235321,1.8676470588235294,15.0
EO_8200_ccrop.jpg,1,301,14.0,1.5357142857142858,5.656854249492381
MO_845034_ccrop.jpg,1,64,8.246211251235321,0.9411764705882353,61.35144660071187
EO_321841_ccrop.jpg,1,5,2.0,1.25,30.083217912982647
EO_321841_ccrop.jpg,2,184,10.0,1.84,2.23606797749979
SNE_415670_ccrop.jpg,1,6,2.0,1.5,25.0
SNE_415670_ccrop.jpg,2,17,2.8284271247461903,2.1249999999999996,41.012193308819754
MO_479548_ccrop.jpg,1,838,24.08318915758459,1.4448275862068964,4.47213595499958
BA_827462_ccrop.jpg,1,3,2.0,0.75,6.4031242374328485
BA_827462_ccrop.jpg,2,2,2.0,0.5,7.0710678118654755
BA_827462_ccrop.jpg,3,1,2.0,0.25,9.219544457292887
BA_827462_ccrop.jpg,4,1,2.0,0.25,10.63014581273465
BA_827462_ccrop.jpg,5,1,2.0,0.25,12.041594578792296
BA_827462_ccrop.jpg,6,10,2.0,2.5,13.45362404707371
MO_379615_ccrop.jpg,1,306,18.0,0.9444444444444444,14.317821063276353
EO_781911_ccrop.jpg,1,106,6.0,2.9444444444444446,14.866068747318506
EO_781911_ccrop.jpg,2,1,2.0,0.25,14.142135623730951
EO_641173_ccrop.jpg,1,113,4.0,7.0625,2.23606797749979
EO_641173_ccrop.jpg,2,1,2.0,0.25,57.55866572463264
SNE_193682_ccrop.jpg,1,110,8.94427190999916,1.3749999999999998,6.708203932499369
EO_473251_ccrop.jpg,1,6,2.0,1.5,17.26267650163207
EO_107416_ccrop.jpg,1,138,8.246211251235321,2.0294117647058822,2.0
SNE_874225_ccrop.jpg,1,278,10.770329614269007,2.3965517241379315,10.295630140987
BA_332707_ccrop.jpg,1,13,2.8284271247461903,1.6249999999999996,2.23606797749979
EO_650903_ccrop.jpg,1,970,24.08318915758459,1.6724137931034482,2.0
EO_650903_ccrop.jpg,2,1,2.0,0.25,53.25410782277739
EO_650903_ccrop.jpg,3,2,2.0,0.5,51.31276644267
EO_650903_ccrop.jpg,4,1,2.0,0.25,49.92995093127971
EO_60532_ccrop.jpg,1,37,4.47213595499958,1.8499999999999996,8.602325267042627
BA_348770_ccrop.jpg,1,17,4.0,1.0625,17.804493814764857
BA_348770_ccrop.jpg,2,40,5.656854249492381,1.2499999999999998,17.69180601295413
MO_970300_ccrop.jpg,1,1,2.0,0.25,50.44799302251776
MO_970300_ccrop.jpg,2,2,2.0,0.5,47.29693436154187
MO_970300_ccrop.jpg,3,87,4.47213595499958,4.35,19.6468827043885
BA_888511_ccrop.jpg,1,1,2.0,0.25,
SNE_145546_ccrop.jpg,1,96,4.47213595499958,4.799999999999999,11.0
BNE_817919_ccrop.jpg,1,14,2.8284271247461903,1.7499999999999996,50.695167422546305
BA_379312_ccrop.jpg,1,12,2.8284271247461903,1.4999999999999998,33.54101966249684
BA_379312_ccrop.jpg,2,84,5.656854249492381,2.6249999999999996,5.0
EO_522315_ccrop.jpg,1,31,4.0,1.9375,
BA_426699_ccrop.jpg,1,1,2.0,0.25,23.853720883753127
BA_426699_ccrop.jpg,2,1,2.0,0.25,22.47220505424423
BA_426699_ccrop.jpg,3,110,6.324555320336759,2.7499999999999996,3.605551275463989
BNE_269318_ccrop.jpg,1,1,2.0,0.25,48.703182647543684
BNE_269318_ccrop.jpg,2,1,2.0,0.25,27.073972741361768
BA_653817_ccrop.jpg,1,5,2.0,1.25,
BA_653817_ccrop.jpg,2,4,2.0,1.0,
BA_343929_ccrop.jpg,1,2,2.0,0.5,
BA_343929_ccrop.jpg,2,2,2.0,0.5,
BA_343929_ccrop.jpg,3,26,4.0,1.625,
BA_279676_ccrop.jpg,1,7,2.0,1.75,8.246211251235321
SNE_613779_ccrop.jpg,1,63,7.211102550927978,1.2115384615384617,42.01190307520001
EO_341403_ccrop.jpg,1,1,2.0,0.25,23.769728648009426
MO_441309_ccrop.jpg,1,58,8.0,0.90625,69.83552104767315
MO_441309_ccrop.jpg,2,350,19.79898987322333,0.8928571428571429,15.652475842498529
MO_881516_ccrop.jpg,1,64,8.94427190999916,0.7999999999999998,34.20526275297414
MO_881516_ccrop.jpg,2,324,18.439088914585774,0.9529411764705882,14.866068747318506
MO_662297_ccrop.jpg,1,170,8.48528137423857,2.3611111111111116,22.847319317591726
SNE_813985_ccrop.jpg,1,684,21.2602916254693,1.5132743362831858,10.816653826391969
SNE_621549_ccrop.jpg,1,279,10.0,2.79,7.0
SNE_621549_ccrop.jpg,2,21,4.0,1.3125,19.697715603592208
SNE_624137_ccrop.jpg,1,976,26.30589287593181,1.4104046242774566,7.0
BA_461900_ccrop.jpg,1,6,2.0,1.5,18.0
EO_467461_ccrop.jpg,1,1,2.0,0.25,4.242640687119285
EO_467461_ccrop.jpg,2,228,7.211102550927978,4.384615384615385,5.656854249492381
MO_459530_ccrop.jpg,1,245,16.97056274847714,0.8506944444444446,17.46424919657298
EO_975672_ccrop.jpg,1,248,14.422205101855956,1.1923076923076925,11.0
EO_975672_ccrop.jpg,2,1,2.0,0.25,54.230987451824994
BA_41844_ccrop.jpg,1,147,10.0,1.47,16.278820596099706
BA_41844_ccrop.jpg,2,1,2.0,0.25,15.524174696260024
SNE_915927_ccrop.jpg,1,107,8.0,1.671875,13.152946437965905
BA_912566_ccrop.jpg,1,127,8.0,1.984375,45.0
SNE_142258_ccrop.jpg,1,77,4.0,4.8125,23.194827009486403
MO_286053_ccrop.jpg,1,119,8.246211251235321,1.75,29.546573405388315
EO_916041_ccrop.jpg,1,426,15.620499351813308,1.7459016393442626,2.8284271247461903
SNE_753316_ccrop.jpg,1,354,12.165525060596439,2.3918918918918926,2.8284271247461903
SNE_753316_ccrop.jpg,2,2,2.0,0.5,52.839379254491625
BA_731764_ccrop.jpg,1,21,4.0,1.3125,6.0
SNE_459251_ccrop.jpg,1,2,2.0,0.5,26.92582403567252
EO_784638_ccrop.jpg,1,1,2.0,0.25,54.0
EO_243308_ccrop.jpg,1,13,2.0,3.25,57.982756057296896
EO_609630_ccrop.jpg,1,17,2.8284271247461903,2.1249999999999996,34.36568055487916
BA_229541_ccrop.jpg,1,193,8.0,3.015625,12.083045973594572
SNE_832642_ccrop.jpg,1,88,5.656854249492381,2.7499999999999996,7.810249675906654
SNE_832642_ccrop.jpg,2,2,2.0,0.5,23.345235059857504
SNE_832642_ccrop.jpg,3,2,2.0,0.5,31.575306807693888
MO_676706_ccrop.jpg,1,49,7.211102550927978,0.9423076923076924,27.294688127912362
MO_319445_ccrop.jpg,1,77,8.94427190999916,0.9624999999999998,
MO_993110_ccrop.jpg,1,26,5.656854249492381,0.8124999999999998,16.64331697709324
EO_370072_ccrop.jpg,1,143,8.0,2.234375,7.211102550927978
SNE_446923_ccrop.jpg,1,577,17.204650534085253,1.9493243243243243,11.0
BA_658251_ccrop.jpg,1,105,6.324555320336759,2.6249999999999996,
BNE_848315_ccrop.jpg,1,115,6.324555320336759,2.8749999999999996,5.830951894845301
BA_809286_ccrop.jpg,1,52,6.0,1.4444444444444444,3.0
EO_329897_ccrop.jpg,1,143,10.198039027185569,1.3750000000000002,7.211102550927978
SNE_842165_ccrop.jpg,1,5,2.0,1.25,3.0
SNE_847185_ccrop.jpg,1,234,11.313708498984761,1.8281249999999996,4.0
EO_269312_ccrop.jpg,1,1,2.0,0.25,12.649110640673518
EO_269312_ccrop.jpg,2,5,2.0,1.25,7.280109889280518
EO_952156_ccrop.jpg,1,1,2.0,0.25,55.226805085936306
EO_952156_ccrop.jpg,2,311,13.416407864998739,1.7277777777777774,4.242640687119285
SNE_663742_ccrop.jpg,1,1,2.0,0.25,38.118237105091836
SNE_663742_ccrop.jpg,2,2,2.0,0.5,37.21558813185679
SNE_663742_ccrop.jpg,3,1,2.0,0.25,36.49657518178932
SNE_663742_ccrop.jpg,4,1,2.0,0.25,35.90264614203248
SNE_663742_ccrop.jpg,5,2,2.0,0.5,34.539832078341085
SNE_663742_ccrop.jpg,6,1,2.0,0.25,20.615528128088304
SNE_663742_ccrop.jpg,7,1,2.0,0.25,19.209372712298546
SNE_663742_ccrop.jpg,8,1,2.0,0.25,16.401219466856727
SNE_663742_ccrop.jpg,9,1,2.0,0.25,14.212670403551895
SNE_663742_ccrop.jpg,10,1,2.0,0.25,12.806248474865697
SNE_663742_ccrop.jpg,11,1,2.0,0.25,10.63014581273465
SNE_663742_ccrop.jpg,12,1,2.0,0.25,9.219544457292887
SNE_663742_ccrop.jpg,13,1,2.0,0.25,7.810249675906654
SNE_663742_ccrop.jpg,14,1,2.0,0.25,6.4031242374328485
SNE_663742_ccrop.jpg,15,2,2.0,0.5,4.242640687119285
MO_221446_ccrop.jpg,1,148,12.0,1.0277777777777777,14.866068747318506
EO_195632_ccrop.jpg,1,1,2.0,0.25,10.0
EO_195632_ccrop.jpg,2,1,2.0,0.25,11.40175425099138
EO_195632_ccrop.jpg,3,10,2.8284271247461903,1.2499999999999998,12.806248474865697
SNE_114388_ccrop.jpg,1,140,11.661903789690601,1.0294117647058822,22.67156809750927
SNE_114388_ccrop.jpg,2,427,12.806248474865697,2.6036585365853657,5.0
EO_242182_ccrop.jpg,1,1,2.0,0.25,8.0
SNE_235627_ccrop.jpg,1,240,12.0,1.6666666666666667,25.495097567963924
SNE_235627_ccrop.jpg,2,227,10.0,2.27,2.23606797749979
SNE_235627_ccrop.jpg,3,231,11.661903789690601,1.6985294117647058,3.0
MO_679384_ccrop.jpg,1,322,16.0,1.2578125,12.727922061357855
EO_720242_ccrop.jpg,1,204,14.422205101855956,0.980769230769231,11.0
EO_470840_ccrop.jpg,1,232,12.0,1.6111111111111112,8.06225774829855
EO_359520_ccrop.jpg,1,285,14.560219778561036,1.3443396226415094,15.0
EO_118550_ccrop.jpg,1,274,14.0,1.3979591836734695,3.605551275463989
EO_118550_ccrop.jpg,2,1,2.0,0.25,26.0
EO_119559_ccrop.jpg,1,81,4.47213595499958,4.049999999999999,2.8284271247461903
EO_119559_ccrop.jpg,2,1,2.0,0.25,45.27692569068709
BA_702934_ccrop.jpg,1,1,2.0,0.25,8.602325267042627
BA_702934_ccrop.jpg,2,16,4.0,1.0,2.0
EO_74517_ccrop.jpg,1,52,4.47213595499958,2.5999999999999996,17.204650534085253
BNE_388799_ccrop.jpg,1,1,2.0,0.25,13.92838827718412
BA_828657_ccrop.jpg,1,489,14.142135623730951,2.445,2.8284271247461903
BA_72104_ccrop.jpg,1,11,4.0,0.6875,43.9089968002003
SNE_655718_ccrop.jpg,1,28,4.0,1.75,8.602325267042627
BA_214867_ccrop.jpg,1,83,4.0,5.1875,5.385164807134504
EO_276199_ccrop.jpg,1,1,2.0,0.25,12.165525060596439
BNE_380493_ccrop.jpg,1,1,2.0,0.25,7.810249675906654
BNE_380493_ccrop.jpg,2,4,2.0,1.0,4.242640687119285
BNE_380493_ccrop.jpg,3,91,5.656854249492381,2.8437499999999996,4.47213595499958
SNE_682213_ccrop.jpg,1,26,4.0,1.625,15.132745950421556
SNE_682213_ccrop.jpg,2,1,2.0,0.25,21.02379604162864
MO_634461_ccrop.jpg,1,29,5.656854249492381,0.9062499999999998,14.560219778561036
SNE_65396_ccrop.jpg,1,2,2.0,0.5,19.026297590440446
SNE_65396_ccrop.jpg,2,2,2.0,0.5,17.0
SNE_65396_ccrop.jpg,3,1,2.0,0.25,16.0312195418814
SNE_65396_ccrop.jpg,4,2,2.0,0.5,14.142135623730951
SNE_65396_ccrop.jpg,5,13,4.0,0.8125,6.4031242374328485
SNE_209297_ccrop.jpg,1,25,2.8284271247461903,3.124999999999999,55.90169943749474
SNE_209297_ccrop.jpg,2,164,8.246211251235321,2.411764705882353,5.830951894845301
SNE_403663_ccrop.jpg,1,170,8.48528137423857,2.3611111111111116,5.656854249492381
SNE_403663_ccrop.jpg,2,2,2.0,0.5,27.313000567495326
BNE_614370_ccrop.jpg,1,599,19.697715603592208,1.543814432989691,7.615773105863909
BNE_719678_ccrop.jpg,1,426,16.97056274847714,1.479166666666667,12.165525060596439
BA_475530_ccrop.jpg,1,69,8.0,1.078125,37.8021163428716
MO_466891_ccrop.jpg,1,331,19.697715603592208,0.8530927835051547,30.805843601498726
MO_466891_ccrop.jpg,2,357,15.620499351813308,1.463114754098361,5.0
BA_661119_ccrop.jpg,1,1,2.0,0.25,22.135943621178654
MO_896245_ccrop.jpg,1,30,5.656854249492381,0.9374999999999998,56.302753041036986
MO_376948_ccrop.jpg,1,12,4.0,0.75,26.92582403567252
EO_10690_ccrop.jpg,1,319,10.0,3.19,8.94427190999916
SNE_622393_ccrop.jpg,1,47,4.47213595499958,2.3499999999999996,56.639209034025185
SNE_622393_ccrop.jpg,2,15,2.0,3.75,50.24937810560445
SNE_868570_ccrop.jpg,1,87,8.0,1.359375,16.278820596099706
SNE_541286_ccrop.jpg,1,305,10.0,3.05,3.0
SNE_541286_ccrop.jpg,2,1,2.0,0.25,45.221676218380054
SNE_541286_ccrop.jpg,3,37,4.0,2.3125,46.61544808322666
SNE_541286_ccrop.jpg,4,2,2.0,0.5,61.5223536610881
SNE_541286_ccrop.jpg,5,2,2.0,0.5,63.63961030678928
SNE_541286_ccrop.jpg,6,1,2.0,0.25,65.76473218982953
BA_727591_ccrop.jpg,1,2,2.0,0.5,12.36931687685298
BA_727591_ccrop.jpg,2,12,2.0,3.0,14.142135623730951
BNE_560491_ccrop.jpg,1,57,7.211102550927978,1.0961538461538463,30.463092423455635
MO_896208_ccrop.jpg,1,489,17.88854381999832,1.5281249999999997,15.0
EO_828655_ccrop.jpg,1,867,24.0,1.5052083333333333,4.0
BA_786578_ccrop.jpg,1,17,2.8284271247461903,2.1249999999999996,
SNE_126017_ccrop.jpg,1,123,8.246211251235321,1.8088235294117647,13.892443989449804
SNE_126017_ccrop.jpg,2,17,4.0,1.0625,5.0990195135927845
SNE_126017_ccrop.jpg,3,324,10.770329614269007,2.7931034482758625,10.816653826391969
SNE_944463_ccrop.jpg,1,82,5.656854249492381,2.5624999999999996,
SNE_944463_ccrop.jpg,2,12,2.8284271247461903,1.4999999999999998,
SNE_646450_ccrop.jpg,1,238,12.806248474865697,1.451219512195122,10.0
EO_56353_ccrop.jpg,1,18,2.0,4.5,39.92492955535426
EO_56353_ccrop.jpg,2,2,2.0,0.5,37.69615364994153
EO_56353_ccrop.jpg,3,1,2.0,0.25,35.4682957019364
EO_56353_ccrop.jpg,4,2,2.0,0.5,32.31098884280702
EO_56353_ccrop.jpg,5,2,2.0,0.5,30.083217912982647
EO_56353_ccrop.jpg,6,2,2.0,0.5,27.85677655436824
EO_56353_ccrop.jpg,7,8,2.0,2.0,22.135943621178654
EO_56353_ccrop.jpg,8,2,2.0,0.5,19.924858845171276
BA_811885_ccrop.jpg,1,341,14.142135623730951,1.7049999999999998,7.0
BA_811885_ccrop.jpg,2,5,2.0,1.25,7.615773105863909
BA_811885_ccrop.jpg,3,1,2.0,0.25,12.649110640673518
BNE_35858_ccrop.jpg,1,75,8.0,1.171875,11.045361017187261
BA_74809_ccrop.jpg,1,35,4.0,2.1875,
SNE_381785_ccrop.jpg,1,43,5.656854249492381,1.3437499999999998,
EO_603827_ccrop.jpg,1,26,4.0,1.625,8.602325267042627
EO_535165_ccrop.jpg,1,17,2.8284271247461903,2.1249999999999996,5.0990195135927845
MO_645801_ccrop.jpg,1,140,12.0,0.9722222222222222,21.0
BA_391096_ccrop.jpg,1,157,10.770329614269007,1.3534482758620692,10.295630140987
SNE_870699_ccrop.jpg,1,40,4.0,2.5,30.23243291566195
SNE_175362_ccrop.jpg,1,93,6.324555320336759,2.3249999999999997,13.416407864998739
SNE_610263_ccrop.jpg,1,1,2.0,0.25,79.90619500389191
SNE_610263_ccrop.jpg,2,18,2.8284271247461903,2.2499999999999996,75.4254598925323
BA_872678_ccrop.jpg,1,7,2.0,1.75,21.540659228538015
MO_947642_ccrop.jpg,1,126,12.0,0.875,34.40930106817051
MO_947642_ccrop.jpg,2,158,12.806248474865697,0.9634146341463414,8.602325267042627
MO_947642_ccrop.jpg,3,81,10.0,0.81,71.56814934033156
BNE_133625_ccrop.jpg,1,254,14.422205101855956,1.2211538461538463,13.601470508735444
SNE_518038_ccrop.jpg,1,64,5.656854249492381,1.9999999999999996,37.16180835212409
MO_18963_ccrop.jpg,1,9,4.0,0.5625,
BA_836099_ccrop.jpg,1,1,2.0,0.25,11.704699910719626
EO_113017_ccrop.jpg,1,47,6.324555320336759,1.1749999999999998,13.038404810405298
SNE_461516_ccrop.jpg,1,556,14.422205101855956,2.6730769230769234,47.80167361086848
SNE_461516_ccrop.jpg,2,240,11.661903789690601,1.7647058823529411,5.385164807134504
EO_997916_ccrop.jpg,1,387,13.416407864998739,2.1499999999999995,8.246211251235321
BA_880798_ccrop.jpg,1,119,5.656854249492381,3.718749999999999,26.68332812825267
MO_48427_ccrop.jpg,1,29,5.656854249492381,0.9062499999999998,
SNE_296573_ccrop.jpg,1,1,2.0,0.25,54.120236510939236
SNE_296573_ccrop.jpg,2,95,4.47213595499958,4.749999999999999,22.561028345356956
EO_705791_ccrop.jpg,1,642,20.0,1.605,6.082762530298219
SNE_885644_ccrop.jpg,1,139,11.313708498984761,1.0859374999999998,10.770329614269007
BA_576591_ccrop.jpg,1,33,4.47213595499958,1.6499999999999997,6.708203932499369
EO_460941_ccrop.jpg,1,94,5.656854249492381,2.9374999999999996,6.324555320336759
EO_460941_ccrop.jpg,2,77,6.0,2.138888888888889,6.0
EO_374244_ccrop.jpg,1,51,5.656854249492381,1.5937499999999996,2.8284271247461903
SNE_881855_ccrop.jpg,1,2004,32.31098884280702,1.919540229885058,7.615773105863909
EO_346820_ccrop.jpg,1,732,18.439088914585774,2.152941176470588,4.47213595499958
EO_370179_ccrop.jpg,1,2,2.0,0.5,15.652475842498529
EO_370179_ccrop.jpg,2,12,4.0,0.75,10.770329614269007
BA_513630_ccrop.jpg,1,61,6.324555320336759,1.5249999999999997,14.422205101855956
SNE_620441_ccrop.jpg,1,452,16.492422502470642,1.661764705882353,12.206555615733702
SNE_475422_ccrop.jpg,1,95,8.94427190999916,1.1874999999999998,14.317821063276353
MO_463255_ccrop.jpg,1,97,7.211102550927978,1.8653846153846156,16.64331697709324
EO_669676_ccrop.jpg,1,1,2.0,0.25,4.242640687119285
BA_383011_ccrop.jpg,1,16,2.8284271247461903,1.9999999999999996,7.615773105863909
MO_275440_ccrop.jpg,1,64,8.246211251235321,0.9411764705882353,
SNE_850565_ccrop.jpg,1,248,13.416407864998739,1.3777777777777775,6.0
MO_826797_ccrop.jpg,1,53,8.0,0.828125,
EO_556235_ccrop.jpg,1,1172,21.540659228538015,2.5258620689655173,1.4142135623730951
BA_243554_ccrop.jpg,1,13,2.8284271247461903,1.6249999999999996,14.422205101855956
BA_243554_ccrop.jpg,2,1,2.0,0.25,13.038404810405298
SNE_166616_ccrop.jpg,1,32,2.0,8.0,4.0
BA_434512_ccrop.jpg,1,11,2.0,2.75,24.698178070456937
BA_434512_ccrop.jpg,2,236,14.0,1.2040816326530612,5.830951894845301
BA_434512_ccrop.jpg,3,16,4.0,1.0,28.861739379323623
SNE_223132_ccrop.jpg,1,25,4.0,1.5625,70.60453243241541
EO_389123_ccrop.jpg,1,235,14.0,1.1989795918367347,5.0
BA_938872_ccrop.jpg,1,617,13.416407864998739,3.427777777777777,5.385164807134504
EO_553315_ccrop.jpg,1,213,8.94427190999916,2.6624999999999996,18.35755975068582
BA_324706_ccrop.jpg,1,22,4.0,1.375,59.16924876994806
EO_563139_ccrop.jpg,1,99,6.324555320336759,2.4749999999999996,4.47213595499958
SNE_190191_ccrop.jpg,1,108,8.246211251235321,1.588235294117647,19.697715603592208
BNE_135566_ccrop.jpg,1,442,14.422205101855956,2.1250000000000004,11.0
SNE_387274_ccrop.jpg,1,99,8.94427190999916,1.2374999999999998,12.083045973594572
EO_936331_ccrop.jpg,1,65,5.656854249492381,2.0312499999999996,16.76305461424021
MO_125963_ccrop.jpg,1,38,6.0,1.0555555555555556,
MO_125963_ccrop.jpg,2,68,8.246211251235321,1.0,
MO_759794_ccrop.jpg,1,213,16.0,0.83203125,12.529964086141668
SNE_576696_ccrop.jpg,1,249,10.0,2.49,6.082762530298219
BNE_573180_ccrop.jpg,1,301,12.0,2.0902777777777777,10.770329614269007
MO_686982_ccrop.jpg,1,551,22.0,1.1384297520661157,9.219544457292887
MO_686982_ccrop.jpg,2,80,10.0,0.8,8.54400374531753
BA_786369_ccrop.jpg,1,50,5.656854249492381,1.5624999999999996,40.049968789001575
EO_104682_ccrop.jpg,1,106,8.0,1.65625,1.4142135623730951
MO_148905_ccrop.jpg,1,534,18.110770276274835,1.6280487804878045,15.297058540778355
SNE_42662_ccrop.jpg,1,177,8.246211251235321,2.6029411764705883,12.206555615733702
BNE_499158_ccrop.jpg,1,106,6.0,2.9444444444444446,18.681541692269406
EO_745249_ccrop.jpg,1,297,12.806248474865697,1.8109756097560976,6.0
MO_266899_ccrop.jpg,1,176,11.313708498984761,1.3749999999999998,7.810249675906654
EO_535035_ccrop.jpg,1,42,4.0,2.625,10.198039027185569
MO_600210_ccrop.jpg,1,71,8.246211251235321,1.0441176470588236,14.866068747318506
MO_600210_ccrop.jpg,2,76,8.48528137423857,1.0555555555555558,14.0
SNE_243234_ccrop.jpg,1,1,2.0,0.25,51.0098029794274
SNE_243234_ccrop.jpg,2,1,2.0,0.25,50.0
SNE_243234_ccrop.jpg,3,15,4.0,0.9375,42.04759208325728
SNE_243234_ccrop.jpg,4,124,6.324555320336759,3.0999999999999996,7.615773105863909
MO_198867_ccrop.jpg,1,238,16.97056274847714,0.8263888888888891,24.758836806279895
MO_317584_ccrop.jpg,1,94,10.0,0.94,
MO_248919_ccrop.jpg,1,55,4.47213595499958,2.7499999999999996,18.35755975068582
BA_345373_ccrop.jpg,1,43,4.0,2.6875,8.0
BA_995163_ccrop.jpg,1,457,20.0,1.1425,5.385164807134504
SNE_804760_ccrop.jpg,1,2,2.0,0.5,10.295630140987
SNE_804760_ccrop.jpg,2,1,2.0,0.25,9.219544457292887
SNE_804760_ccrop.jpg,3,1,2.0,0.25,9.219544457292887
SNE_804760_ccrop.jpg,4,1,2.0,0.25,9.486832980505138
SNE_804760_ccrop.jpg,5,1,2.0,0.25,10.198039027185569
SNE_804760_ccrop.jpg,6,1,2.0,0.25,11.045361017187261
BNE_533920_ccrop.jpg,1,4,2.0,1.0,49.64876634922564
EO_29874_ccrop.jpg,1,1,2.0,0.25,22.090722034374522
EO_724677_ccrop.jpg,1,176,10.0,1.76,2.23606797749979
SNE_324033_ccrop.jpg,1,28,4.47213595499958,1.3999999999999997,64.07807737440318
SNE_406702_ccrop.jpg,1,47,4.47213595499958,2.3499999999999996,
EO_704275_ccrop.jpg,1,8,2.0,2.0,2.23606797749979
EO_704275_ccrop.jpg,2,19,2.0,4.75,9.486832980505138
EO_704275_ccrop.jpg,3,7,2.0,1.75,22.825424421026653
EO_704275_ccrop.jpg,4,2,2.0,0.5,28.0178514522438
EO_808686_ccrop.jpg,1,2,2.0,0.5,36.069377593742864
EO_808686_ccrop.jpg,2,1,2.0,0.25,34.655446902326915
EO_808686_ccrop.jpg,3,58,4.47213595499958,2.8999999999999995,4.47213595499958
MO_66318_ccrop.jpg,1,370,14.422205101855956,1.7788461538461542,15.811388300841896
EO_519041_ccrop.jpg,1,1,2.0,0.25,53.31041174104736
EO_519041_ccrop.jpg,2,3,2.0,0.75,50.15974481593781
EO_992859_ccrop.jpg,1,1162,28.284271247461902,1.4525,2.0
EO_756267_ccrop.jpg,1,314,13.416407864998739,1.7444444444444442,2.23606797749979
SNE_374420_ccrop.jpg,1,4,2.0,1.0,4.47213595499958
SNE_374420_ccrop.jpg,2,6,2.0,1.5,4.0
BA_407690_ccrop.jpg,1,10,2.8284271247461903,1.2499999999999998,2.23606797749979
BA_93147_ccrop.jpg,1,190,12.165525060596439,1.283783783783784,3.1622776601683795
SNE_755678_ccrop.jpg,1,361,14.0,1.8418367346938775,11.180339887498949
MO_676964_ccrop.jpg,1,21,4.47213595499958,1.0499999999999998,23.259406699226016
EO_345534_ccrop.jpg,1,2,2.0,0.5,2.0
BNE_471627_ccrop.jpg,1,778,22.360679774997898,1.5559999999999998,8.54400374531753
BNE_158778_ccrop.jpg,1,415,18.0,1.2808641975308641,9.848857801796104
EO_19756_ccrop.jpg,1,65,5.656854249492381,2.0312499999999996,46.87216658103186
EO_19756_ccrop.jpg,2,284,11.313708498984761,2.2187499999999996,8.06225774829855
EO_302258_ccrop.jpg,1,1,2.0,0.25,31.575306807693888
EO_302258_ccrop.jpg,2,90,7.211102550927978,1.730769230769231,5.0
EO_881434_ccrop.jpg,1,1,2.0,0.25,29.832867780352597
EO_881434_ccrop.jpg,2,1,2.0,0.25,30.4138126514911
EO_881434_ccrop.jpg,3,1,2.0,0.25,31.144823004794873
EO_881434_ccrop.jpg,4,2,2.0,0.5,32.01562118716424
EO_881434_ccrop.jpg,5,48,5.656854249492381,1.4999999999999998,33.0
SNE_379742_ccrop.jpg,1,54,5.656854249492381,1.6874999999999996,14.866068747318506
EO_538813_ccrop.jpg,1,235,14.0,1.1989795918367347,12.083045973594572
EO_449753_ccrop.jpg,1,1,2.0,0.25,54.91812087098393
EO_449753_ccrop.jpg,2,1,2.0,0.25,53.53503525729669
EO_449753_ccrop.jpg,3,1,2.0,0.25,52.15361924162119
EO_449753_ccrop.jpg,4,124,5.656854249492381,3.874999999999999,12.0
EO_216577_ccrop.jpg,1,118,8.0,1.84375,5.830951894845301
EO_182160_ccrop.jpg,1,12,4.0,0.75,6.708203932499369
BNE_300032_ccrop.jpg,1,63,5.656854249492381,1.9687499999999996,14.866068747318506
SNE_111720_ccrop.jpg,1,405,16.0,1.58203125,4.47213595499958
EO_262512_ccrop.jpg,1,133,8.48528137423857,1.8472222222222225,15.297058540778355
BA_689893_ccrop.jpg,1,245,13.416407864998739,1.361111111111111,20.615528128088304
BA_305341_ccrop.jpg,1,10,2.8284271247461903,1.2499999999999998,62.76941930590086
BA_305341_ccrop.jpg,2,1,2.0,0.25,61.465437442517235
BA_305341_ccrop.jpg,3,1,2.0,0.25,60.166435825965294
BA_305341_ccrop.jpg,4,2,2.0,0.5,58.52349955359813
BA_305341_ccrop.jpg,5,48,4.0,3.0,29.068883707497267
BA_305341_ccrop.jpg,6,1,2.0,0.25,28.0178514522438
BA_305341_ccrop.jpg,7,1,2.0,0.25,4.123105625617661
BA_305341_ccrop.jpg,8,1,2.0,0.25,3.605551275463989
EO_324172_ccrop.jpg,1,90,7.211102550927978,1.730769230769231,2.8284271247461903
SNE_743249_ccrop.jpg,1,76,6.324555320336759,1.8999999999999997,27.730849247724095
MO_782660_ccrop.jpg,1,111,11.313708498984761,0.8671874999999998,
MO_245125_ccrop.jpg,1,81,8.94427190999916,1.0124999999999997,65.19202405202648
SNE_563198_ccrop.jpg,1,258,8.0,4.03125,7.211102550927978
MO_288581_ccrop.jpg,1,59,8.0,0.921875,8.0
BNE_400045_ccrop.jpg,1,20,2.8284271247461903,2.4999999999999996,32.449961479175904
SNE_543039_ccrop.jpg,1,1,2.0,0.25,10.0
SNE_543039_ccrop.jpg,2,10,2.8284271247461903,1.2499999999999998,3.605551275463989
SNE_543039_ccrop.jpg,3,1,2.0,0.25,9.055385138137417
SNE_96280_ccrop.jpg,1,635,18.439088914585774,1.8676470588235294,9.219544457292887
BNE_494612_ccrop.jpg,1,30,4.0,1.875,12.083045973594572
BNE_494612_ccrop.jpg,2,1,2.0,0.25,21.540659228538015
BNE_40894_ccrop.jpg,1,20,4.0,1.25,15.0
EO_981616_ccrop.jpg,1,420,18.867962264113206,1.1797752808988766,2.0
MO_332437_ccrop.jpg,1,46,4.47213595499958,2.2999999999999994,19.72308292331602
MO_701572_ccrop.jpg,1,116,11.661903789690601,0.8529411764705882,
SNE_972820_ccrop.jpg,1,372,14.0,1.8979591836734695,8.246211251235321
SNE_972820_ccrop.jpg,2,1,2.0,0.25,6.082762530298219
SNE_972820_ccrop.jpg,3,25,4.0,1.5625,23.706539182259394
SNE_972820_ccrop.jpg,4,35,5.656854249492381,1.0937499999999998,40.496913462633174
SNE_465051_ccrop.jpg,1,2,2.0,0.5,30.463092423455635
SNE_465051_ccrop.jpg,2,1,2.0,0.25,29.154759474226502
SNE_465051_ccrop.jpg,3,95,4.47213595499958,4.749999999999999,2.23606797749979
MO_914340_ccrop.jpg,1,722,21.633307652783937,1.5427350427350426,15.231546211727817
SNE_189642_ccrop.jpg,1,12,2.8284271247461903,1.4999999999999998,25.495097567963924
EO_967099_ccrop.jpg,1,2,2.0,0.5,
EO_703667_ccrop.jpg,1,220,12.806248474865697,1.3414634146341464,15.811388300841896
BNE_300363_ccrop.jpg,1,368,14.422205101855956,1.7692307692307694,10.198039027185569
BA_354415_ccrop.jpg,1,12,2.8284271247461903,1.4999999999999998,32.01562118716424
SNE_860061_ccrop.jpg,1,74,5.656854249492381,2.3124999999999996,50.32891812864648
SNE_860061_ccrop.jpg,2,11,2.8284271247461903,1.3749999999999998,50.774009099144415
SNE_860061_ccrop.jpg,3,5,2.0,1.25,55.00909015790027
SNE_860061_ccrop.jpg,4,10,2.0,2.5,46.61544808322666
SNE_860061_ccrop.jpg,5,1,2.0,0.25,45.31004303683677
BNE_229472_ccrop.jpg,1,103,10.0,1.03,15.524174696260024
MO_132182_ccrop.jpg,1,74,8.94427190999916,0.9249999999999998,22.360679774997898
EO_620959_ccrop.jpg,1,4,2.0,1.0,25.179356624028344
EO_253401_ccrop.jpg,1,132,7.211102550927978,2.5384615384615388,42.95346318982906
SNE_234830_ccrop.jpg,1,247,10.0,2.47,21.18962010041709
BNE_640988_ccrop.jpg,1,100,4.47213595499958,4.999999999999999,10.198039027185569
MO_546774_ccrop.jpg,1,66,8.48528137423857,0.9166666666666669,
EO_937080_ccrop.jpg,1,99,4.47213595499958,4.949999999999999,7.0710678118654755
EO_937080_ccrop.jpg,2,1,2.0,0.25,5.656854249492381
MO_318223_ccrop.jpg,1,29,2.8284271247461903,3.624999999999999,26.68332812825267
EO_276797_ccrop.jpg,1,12,2.8284271247461903,1.4999999999999998,48.75448697299562
BA_458363_ccrop.jpg,1,891,18.439088914585774,2.6205882352941177,5.830951894845301
EO_105961_ccrop.jpg,1,34,6.0,0.9444444444444444,27.65863337187866
EO_105961_ccrop.jpg,2,45,4.47213595499958,2.2499999999999996,33.06055050963308
EO_105961_ccrop.jpg,3,2,2.0,0.5,47.853944456021594
SNE_165041_ccrop.jpg,1,76,6.0,2.111111111111111,5.0
SNE_165041_ccrop.jpg,2,1,2.0,0.25,3.605551275463989
EO_312702_ccrop.jpg,1,22,2.8284271247461903,2.7499999999999996,3.1622776601683795
BA_895971_ccrop.jpg,1,1,2.0,0.25,41.97618372363071
MO_14801_ccrop.jpg,1,103,10.770329614269007,0.8879310344827587,9.219544457292887
MO_14801_ccrop.jpg,2,31,6.0,0.8611111111111112,15.811388300841896
SNE_466618_ccrop.jpg,1,44,6.0,1.2222222222222223,
MO_817666_ccrop.jpg,1,1,2.0,0.25,28.861739379323623
MO_817666_ccrop.jpg,2,1,2.0,0.25,27.65863337187866
MO_817666_ccrop.jpg,3,1,2.0,0.25,26.476404589747453
MO_817666_ccrop.jpg,4,16,2.8284271247461903,1.9999999999999996,18.027756377319946
MO_817666_ccrop.jpg,5,1,2.0,0.25,17.11724276862369
MO_817666_ccrop.jpg,6,9,2.0,2.25,13.92838827718412
MO_817666_ccrop.jpg,7,107,11.313708498984761,0.8359374999999998,14.866068747318506
EO_485347_ccrop.jpg,1,41,4.47213595499958,2.05,10.0
BA_594363_ccrop.jpg,1,534,15.620499351813308,2.1885245901639347,7.0710678118654755
EO_784034_ccrop.jpg,1,31,4.0,1.9375,10.198039027185569
SNE_898586_ccrop.jpg,1,122,8.246211251235321,1.7941176470588236,7.615773105863909
SNE_48537_ccrop.jpg,1,101,8.48528137423857,1.4027777777777781,18.027756377319946
SNE_48537_ccrop.jpg,2,96,8.0,1.5,10.0
SNE_214327_ccrop.jpg,1,322,12.806248474865697,1.9634146341463414,3.0
SNE_214327_ccrop.jpg,2,46,5.656854249492381,1.4374999999999998,56.85068161420758
SNE_209892_ccrop.jpg,1,1,2.0,0.25,9.0
SNE_559470_ccrop.jpg,1,4,2.0,1.0,7.0710678118654755
BNE_73716_ccrop.jpg,1,35,5.656854249492381,1.0937499999999998,38.897300677553446
EO_750315_ccrop.jpg,1,38,4.0,2.375,12.041594578792296
BA_910152_ccrop.jpg,1,44,5.656854249492381,1.3749999999999998,6.708203932499369
BA_910152_ccrop.jpg,2,15,4.0,0.9375,7.280109889280518
EO_68522_ccrop.jpg,1,3,2.0,0.75,37.656340767525464
EO_68522_ccrop.jpg,2,65,4.0,4.0625,3.0
EO_68522_ccrop.jpg,3,3,2.0,0.75,41.43669871020132
BA_364491_ccrop.jpg,1,26,4.0,1.625,
BNE_723408_ccrop.jpg,1,26,4.47213595499958,1.2999999999999998,7.0
BA_421331_ccrop.jpg,1,190,10.0,1.9,
BA_421331_ccrop.jpg,2,6,2.8284271247461903,0.7499999999999999,
LY_668316_ccrop.jpg,1,210,12.165525060596439,1.418918918918919,
BA_504848_ccrop.jpg,1,471,16.1245154965971,1.811538461538462,15.0
BNE_674279_ccrop.jpg,1,164,12.0,1.1388888888888888,12.206555615733702
EO_756045_ccrop.jpg,1,666,14.0,3.3979591836734695,4.47213595499958
EO_593837_ccrop.jpg,1,70,5.656854249492381,2.1874999999999996,10.198039027185569
MO_785200_ccrop.jpg,1,3,2.0,0.75,
MO_823715_ccrop.jpg,1,102,10.770329614269007,0.8793103448275863,75.13321502504735
EO_195225_ccrop.jpg,1,1,2.0,0.25,7.0
EO_195225_ccrop.jpg,2,1,2.0,0.25,8.06225774829855
BA_281662_ccrop.jpg,1,2,2.0,0.5,61.84658438426491
BA_281662_ccrop.jpg,2,12,2.0,3.0,52.55473337388365
BA_281662_ccrop.jpg,3,7,2.0,1.75,47.43416490252569
BA_281662_ccrop.jpg,4,217,7.211102550927978,4.173076923076923,5.0
MO_634117_ccrop.jpg,1,129,12.165525060596439,0.8716216216216218,24.041630560342615
MO_770459_ccrop.jpg,1,123,12.165525060596439,0.8310810810810813,27.16615541441225
SNE_266723_ccrop.jpg,1,15,2.8284271247461903,1.8749999999999996,11.180339887498949
SNE_541356_ccrop.jpg,1,52,2.8284271247461903,6.499999999999998,47.0
EO_150966_ccrop.jpg,1,1,2.0,0.25,66.61080993352356
EO_661478_ccrop.jpg,1,36,4.47213595499958,1.7999999999999996,11.180339887498949
MO_498472_ccrop.jpg,1,57,8.246211251235321,0.8382352941176471,21.095023109728988
MO_195608_ccrop.jpg,1,116,11.313708498984761,0.9062499999999998,27.892651361962706
MO_195608_ccrop.jpg,2,124,11.313708498984761,0.9687499999999998,10.0
EO_715133_ccrop.jpg,1,123,5.656854249492381,3.843749999999999,6.082762530298219
MO_12336_ccrop.jpg,1,116,10.770329614269007,1.0000000000000002,17.804493814764857
MO_12336_ccrop.jpg,2,89,8.94427190999916,1.1124999999999998,17.204650534085253
SNE_843468_ccrop.jpg,1,621,12.649110640673518,3.881249999999999,4.0
BA_23839_ccrop.jpg,1,311,8.94427190999916,3.8874999999999993,10.0
EO_513889_ccrop.jpg,1,81,4.0,5.0625,3.0
EO_513889_ccrop.jpg,2,2,2.0,0.5,42.190046219457976
BA_463847_ccrop.jpg,1,16,4.0,1.0,1.0
BNE_424919_ccrop.jpg,1,135,6.0,3.75,11.661903789690601
BNE_341561_ccrop.jpg,1,42,4.0,2.625,9.0
BNE_341561_ccrop.jpg,2,1,2.0,0.25,15.811388300841896
BNE_341561_ccrop.jpg,3,1,2.0,0.25,17.08800749063506
BNE_341561_ccrop.jpg,4,4,2.0,1.0,18.384776310850235
BNE_341561_ccrop.jpg,5,1,2.0,0.25,21.470910553583888
MO_699279_ccrop.jpg,1,144,12.649110640673518,0.8999999999999998,23.259406699226016
EO_95105_ccrop.jpg,1,26,4.47213595499958,1.2999999999999998,9.433981132056603
MO_192510_ccrop.jpg,1,128,10.0,1.28,13.892443989449804
SNE_961733_ccrop.jpg,1,1,2.0,0.25,7.615773105863909
SNE_968237_ccrop.jpg,1,96,8.0,1.5,8.602325267042627
BNE_845340_ccrop.jpg,1,112,8.0,1.75,15.132745950421556
EO_938284_ccrop.jpg,1,4,2.0,1.0,44.10215414239989
EO_938284_ccrop.jpg,2,84,4.47213595499958,4.199999999999999,5.0
EO_938284_ccrop.jpg,3,1,2.0,0.25,3.605551275463989
EO_938284_ccrop.jpg,4,1,2.0,0.25,2.23606797749979
EO_938284_ccrop.jpg,5,43,2.8284271247461903,5.374999999999999,2.8284271247461903
BA_2035_ccrop.jpg,1,15,4.0,0.9375,40.049968789001575
BA_2035_ccrop.jpg,2,127,8.246211251235321,1.8676470588235294,7.0710678118654755
BA_177799_ccrop.jpg,1,149,8.0,2.328125,9.848857801796104
SNE_443796_ccrop.jpg,1,255,12.649110640673518,1.5937499999999998,30.14962686336267
SNE_645724_ccrop.jpg,1,111,5.656854249492381,3.468749999999999,6.4031242374328485
BNE_12343_ccrop.jpg,1,24,4.0,1.5,11.704699910719626
BNE_12343_ccrop.jpg,2,1,2.0,0.25,4.47213595499958
BNE_12343_ccrop.jpg,3,33,4.47213595499958,1.6499999999999997,4.0
EO_854423_ccrop.jpg,1,283,11.661903789690601,2.0808823529411766,3.605551275463989
MO_307973_ccrop.jpg,1,143,12.649110640673518,0.8937499999999998,43.174066289845804
BNE_482975_ccrop.jpg,1,597,18.439088914585774,1.7558823529411764,3.0
BNE_482975_ccrop.jpg,2,1,2.0,0.25,35.4682957019364
BNE_482975_ccrop.jpg,3,33,4.0,2.0625,33.60059523282288
BNE_482975_ccrop.jpg,4,1,2.0,0.25,39.395431207184416
SNE_653262_ccrop.jpg,1,13,2.8284271247461903,1.6249999999999996,3.1622776601683795
BNE_481879_ccrop.jpg,1,1,2.0,0.25,47.01063709417264
MO_314702_ccrop.jpg,1,78,8.94427190999916,0.9749999999999999,
MO_228669_ccrop.jpg,1,550,26.0,0.8136094674556213,7.615773105863909
MO_228669_ccrop.jpg,2,79,10.0,0.79,40.496913462633174
BNE_917757_ccrop.jpg,1,4,2.0,1.0,8.94427190999916
BA_248930_ccrop.jpg,1,1,2.0,0.25,
EO_154985_ccrop.jpg,1,1,2.0,0.25,63.655321851358195
EO_154985_ccrop.jpg,2,1,2.0,0.25,65.06919393998976
EO_154985_ccrop.jpg,3,1,2.0,0.25,66.48308055437865
BA_655847_ccrop.jpg,1,239,8.0,3.734375,7.280109889280518
BA_655847_ccrop.jpg,2,48,6.324555320336759,1.1999999999999997,55.226805085936306
EO_270999_ccrop.jpg,1,53,4.47213595499958,2.6499999999999995,2.0
EO_270999_ccrop.jpg,2,1,2.0,0.25,19.235384061671343
EO_270999_ccrop.jpg,3,1,2.0,0.25,20.591260281974
EO_270999_ccrop.jpg,4,1,2.0,0.25,21.95449840010015
MO_475798_ccrop.jpg,1,36,6.0,1.0,31.953090617340916
MO_87762_ccrop.jpg,1,77,5.656854249492381,2.4062499999999996,23.853720883753127
MO_87762_ccrop.jpg,2,115,10.0,1.15,11.313708498984761
EO_592357_ccrop.jpg,1,288,12.0,2.0,6.708203932499369
SNE_918960_ccrop.jpg,1,172,8.0,2.6875,10.0
EO_998560_ccrop.jpg,1,8,2.0,2.0,43.01162633521314
EO_998560_ccrop.jpg,2,360,14.0,1.836734693877551,5.385164807134504
SNE_444266_ccrop.jpg,1,354,15.620499351813308,1.4508196721311477,6.324555320336759
MO_803041_ccrop.jpg,1,75,8.94427190999916,0.9374999999999999,20.518284528683193
MO_806423_ccrop.jpg,1,126,10.770329614269007,1.0862068965517242,26.40075756488817
MO_806423_ccrop.jpg,2,86,10.0,0.86,16.401219466856727
MO_145965_ccrop.jpg,1,100,5.656854249492381,3.124999999999999,24.698178070456937
MO_145965_ccrop.jpg,2,1,2.0,0.25,33.015148038438355
BNE_149081_ccrop.jpg,1,51,4.47213595499958,2.5499999999999994,14.317821063276353
BNE_522327_ccrop.jpg,1,312,12.0,2.1666666666666665,11.704699910719626
EO_406215_ccrop.jpg,1,547,16.1245154965971,2.1038461538461544,3.0
EO_839813_ccrop.jpg,1,51,6.0,1.4166666666666667,39.395431207184416
EO_322092_ccrop.jpg,1,66,8.0,1.03125,38.18376618407357
BNE_524918_ccrop.jpg,1,3,2.0,0.75,50.08991914547278
BNE_524918_ccrop.jpg,2,240,10.770329614269007,2.0689655172413794,10.770329614269007
MO_685443_ccrop.jpg,1,67,8.48528137423857,0.9305555555555557,8.48528137423857
SNE_993646_ccrop.jpg,1,2,2.0,0.5,46.75467891024384
EO_3103_ccrop.jpg,1,1,2.0,0.25,5.0
EO_720962_ccrop.jpg,1,355,10.0,3.55,10.770329614269007
BNE_283815_ccrop.jpg,1,1,2.0,0.25,24.515301344262525
EO_377140_ccrop.jpg,1,186,8.48528137423857,2.583333333333334,8.54400374531753
BA_736576_ccrop.jpg,1,27,4.0,1.6875,5.0
EO_86510_ccrop.jpg,1,656,19.79898987322333,1.6734693877551021,16.278820596099706
EO_86510_ccrop.jpg,2,1,2.0,0.25,10.04987562112089
MO_843881_ccrop.jpg,1,1354,34.058772731852805,1.1672413793103447,14.866068747318506
MO_889160_ccrop.jpg,1,342,19.697715603592208,0.8814432989690723,11.40175425099138
EO_375973_ccrop.jpg,1,59,4.47213595499958,2.9499999999999993,18.24828759089466
MO_10819_ccrop.jpg,1,20,4.47213595499958,0.9999999999999998,
EO_841216_ccrop.jpg,1,1,2.0,0.25,5.0
EO_824787_ccrop.jpg,1,213,8.0,3.328125,17.69180601295413
EO_531647_ccrop.jpg,1,1,2.0,0.25,9.055385138137417
SNE_111548_ccrop.jpg,1,1,2.0,0.25,16.1245154965971
SNE_111548_ccrop.jpg,2,12,2.8284271247461903,1.4999999999999998,6.324555320336759
BA_220744_ccrop.jpg,1,94,4.47213595499958,4.699999999999999,46.22769732530488
BNE_222611_ccrop.jpg,1,16,4.0,1.0,16.55294535724685
BA_437348_ccrop.jpg,1,60,6.0,1.6666666666666667,62.03224967708329
BA_437348_ccrop.jpg,2,121,6.0,3.361111111111111,4.47213595499958
MO_344372_ccrop.jpg,1,55,8.0,0.859375,84.17244204607586
MO_344372_ccrop.jpg,2,107,11.313708498984761,0.8359374999999998,49.24428900898052
MO_344372_ccrop.jpg,3,35,6.324555320336759,0.8749999999999999,25.0
EO_269763_ccrop.jpg,1,549,17.08800749063506,1.8801369863013702,4.123105625617661
EO_331089_ccrop.jpg,1,57,7.211102550927978,1.0961538461538463,7.0
EO_331089_ccrop.jpg,2,11,2.0,2.75,7.0710678118654755
EO_244255_ccrop.jpg,1,27,2.8284271247461903,3.374999999999999,2.0
EO_244255_ccrop.jpg,2,23,2.8284271247461903,2.8749999999999996,3.1622776601683795
EO_529391_ccrop.jpg,1,37,4.47213595499958,1.8499999999999996,38.600518131237564
MO_970840_ccrop.jpg,1,178,13.416407864998739,0.9888888888888887,11.0
BNE_288616_ccrop.jpg,1,778,22.627416997969522,1.5195312499999996,11.180339887498949
MO_481574_ccrop.jpg,1,336,19.697715603592208,0.8659793814432991,16.492422502470642
MO_165898_ccrop.jpg,1,30,4.47213595499958,1.4999999999999998,
SNE_73239_ccrop.jpg,1,8,2.0,2.0,54.0
SNE_73239_ccrop.jpg,2,1,2.0,0.25,53.009433122794285
MO_361616_ccrop.jpg,1,139,12.0,0.9652777777777778,60.876925020897694
MO_361616_ccrop.jpg,2,113,11.313708498984761,0.8828124999999998,4.0
MO_361616_ccrop.jpg,3,157,7.211102550927978,3.0192307692307696,42.04759208325728
MO_361616_ccrop.jpg,4,63,8.0,0.984375,5.0
MO_361616_ccrop.jpg,5,33,5.656854249492381,1.0312499999999998,68.65857557508748
MO_361616_ccrop.jpg,6,46,6.324555320336759,1.1499999999999997,87.80091115700337
EO_217802_ccrop.jpg,1,6,2.0,1.5,13.45362404707371
EO_217802_ccrop.jpg,2,1,2.0,0.25,16.1245154965971
EO_217802_ccrop.jpg,3,1,2.0,0.25,16.55294535724685
EO_217802_ccrop.jpg,4,25,4.0,1.5625,15.132745950421556
SNE_722650_ccrop.jpg,1,145,10.0,1.45,3.605551275463989
MO_645209_ccrop.jpg,1,51,8.0,0.796875,
SNE_826401_ccrop.jpg,1,61,5.656854249492381,1.9062499999999996,10.0
BNE_627505_ccrop.jpg,1,197,10.0,1.97,9.433981132056603
BNE_627505_ccrop.jpg,2,30,4.0,1.875,55.036351623268054
BA_695174_ccrop.jpg,1,115,10.0,1.15,35.34119409414458
SNE_316972_ccrop.jpg,1,717,19.697715603592208,1.8479381443298972,4.123105625617661
BA_852185_ccrop.jpg,1,20,4.0,1.25,13.038404810405298
SNE_149300_ccrop.jpg,1,488,16.492422502470642,1.7941176470588236,4.0
BNE_295784_ccrop.jpg,1,159,10.0,1.59,10.295630140987
MO_771012_ccrop.jpg,1,76,8.94427190999916,0.9499999999999998,
BNE_63157_ccrop.jpg,1,50,4.0,3.125,12.649110640673518
EO_959036_ccrop.jpg,1,4,2.0,1.0,20.0
EO_959036_ccrop.jpg,2,3,2.0,0.75,17.804493814764857
EO_959036_ccrop.jpg,3,15,2.0,3.75,7.810249675906654
EO_959036_ccrop.jpg,4,3,2.0,0.75,5.0
EO_959036_ccrop.jpg,5,3,2.0,0.75,2.23606797749979
EO_926272_ccrop.jpg,1,6,2.0,1.5,5.656854249492381
EO_275189_ccrop.jpg,1,566,21.540659228538015,1.2198275862068968,7.0710678118654755
MO_506752_ccrop.jpg,1,112,11.661903789690601,0.8235294117647058,
BA_277489_ccrop.jpg,1,25,4.0,1.5625,10.0
BA_208484_ccrop.jpg,1,119,8.94427190999916,1.4874999999999998,
EO_522755_ccrop.jpg,1,60,6.0,1.6666666666666667,19.924858845171276
EO_484926_ccrop.jpg,1,577,18.439088914585774,1.6970588235294117,3.605551275463989
MO_979155_ccrop.jpg,1,50,7.211102550927978,0.9615384615384617,38.600518131237564
SNE_827292_ccrop.jpg,1,7,2.0,1.75,45.60701700396552
SNE_189979_ccrop.jpg,1,13,2.8284271247461903,1.6249999999999996,10.770329614269007
SNE_341145_ccrop.jpg,1,114,8.48528137423857,1.5833333333333337,2.0
EO_828557_ccrop.jpg,1,41,6.0,1.1388888888888888,31.0
BNE_905051_ccrop.jpg,1,3,2.0,0.75,38.07886552931954
BA_897131_ccrop.jpg,1,18,4.47213595499958,0.8999999999999998,4.47213595499958
EO_89877_ccrop.jpg,1,100,8.0,1.5625,5.0
EO_89877_ccrop.jpg,2,1,2.0,0.25,17.08800749063506
EO_89877_ccrop.jpg,3,1,2.0,0.25,18.384776310850235
BNE_374932_ccrop.jpg,1,118,7.211102550927978,2.2692307692307696,12.0
SNE_221335_ccrop.jpg,1,278,11.313708498984761,2.1718749999999996,9.219544457292887
MO_787343_ccrop.jpg,1,168,12.806248474865697,1.024390243902439,15.0
BA_557453_ccrop.jpg,1,54,5.656854249492381,1.6874999999999996,
BNE_252419_ccrop.jpg,1,347,10.0,3.47,7.810249675906654
MO_89535_ccrop.jpg,1,308,18.439088914585774,0.9058823529411765,6.4031242374328485
SNE_761065_ccrop.jpg,1,9,2.0,2.25,50.0
SNE_761065_ccrop.jpg,2,7,2.0,1.75,56.142675390472796
BA_121897_ccrop.jpg,1,55,4.47213595499958,2.7499999999999996,18.439088914585774
BA_121897_ccrop.jpg,2,1,2.0,0.25,36.013886210738214
BA_214538_ccrop.jpg,1,424,10.198039027185569,4.0769230769230775,2.0
BA_214538_ccrop.jpg,2,2,2.0,0.5,33.24154027718932
BA_214538_ccrop.jpg,3,59,2.8284271247461903,7.374999999999998,2.23606797749979
BNE_369467_ccrop.jpg,1,36,2.8284271247461903,4.499999999999999,13.038404810405298
EO_202909_ccrop.jpg,1,116,7.211102550927978,2.2307692307692313,7.0710678118654755
SNE_744394_ccrop.jpg,1,24,4.0,1.5,14.0
SNE_509454_ccrop.jpg,1,108,6.0,3.0,9.848857801796104
SNE_509454_ccrop.jpg,2,10,2.0,2.5,19.313207915827967
SNE_801267_ccrop.jpg,1,52,6.0,1.4444444444444444,7.0710678118654755
BA_279501_ccrop.jpg,1,98,8.0,1.53125,12.165525060596439
EO_902440_ccrop.jpg,1,1,2.0,0.25,6.0
SNE_892623_ccrop.jpg,1,269,10.0,2.69,7.0710678118654755
MO_95719_ccrop.jpg,1,337,12.806248474865697,2.0548780487804876,13.45362404707371
EO_848307_ccrop.jpg,1,1298,29.120439557122072,1.5306603773584906,10.770329614269007
MO_368329_ccrop.jpg,1,76,8.94427190999916,0.9499999999999998,
MO_409710_ccrop.jpg,1,119,11.313708498984761,0.9296874999999998,25.0
MO_120253_ccrop.jpg,1,232,16.1245154965971,0.8923076923076925,21.2602916254693
SNE_576456_ccrop.jpg,1,106,8.246211251235321,1.5588235294117647,39.92492955535426
SNE_576456_ccrop.jpg,2,29,4.0,1.8125,42.2965719651132
SNE_576456_ccrop.jpg,3,16,4.0,1.0,3.0
SNE_576456_ccrop.jpg,4,38,2.8284271247461903,4.749999999999999,28.0
BA_265929_ccrop.jpg,1,82,7.211102550927978,1.576923076923077,3.0
BA_265929_ccrop.jpg,2,8,2.8284271247461903,0.9999999999999998,38.07886552931954
BA_265929_ccrop.jpg,3,1,2.0,0.25,40.162171256046406
BA_265929_ccrop.jpg,4,3,2.0,0.75,41.97618372363071
SNE_280149_ccrop.jpg,1,1,2.0,0.25,40.19950248448356
SNE_280149_ccrop.jpg,2,1,2.0,0.25,39.11521443121589
MO_746516_ccrop.jpg,1,46,7.211102550927978,0.8846153846153847,65.37583651472461
EO_549577_ccrop.jpg,1,19,4.0,1.1875,18.35755975068582
EO_457461_ccrop.jpg,1,108,4.47213595499958,5.3999999999999995,2.23606797749979
EO_28192_ccrop.jpg,1,186,5.656854249492381,5.812499999999999,5.0
SNE_782350_ccrop.jpg,1,15,4.0,0.9375,22.80350850198276
SNE_182336_ccrop.jpg,1,92,5.656854249492381,2.8749999999999996,14.866068747318506
MO_545848_ccrop.jpg,1,22,2.0,5.5,18.35755975068582
MO_545848_ccrop.jpg,2,27,5.656854249492381,0.8437499999999998,17.88854381999832
