img_name,kunci,prefix,path_asal,tahap
IG_101958_ccrop.jpg,IG_101958,IG,PBC_dataset_normal_DIB\ig\IG_101958.jpg,X_ig_tak_bersubtipe
IG_102433_ccrop.jpg,IG_102433,IG,PBC_dataset_normal_DIB\ig\IG_102433.jpg,X_ig_tak_bersubtipe
IG_110946_ccrop.jpg,IG_110946,IG,PBC_dataset_normal_DIB\ig\IG_110946.jpg,X_ig_tak_bersubtipe
IG_111589_ccrop.jpg,IG_111589,IG,PBC_dataset_normal_DIB\ig\IG_111589.jpg,X_ig_tak_bersubtipe
IG_115116_ccrop.jpg,IG_115116,IG,PBC_dataset_normal_DIB\ig\IG_115116.jpg,X_ig_tak_bersubtipe
IG_119514_ccrop.jpg,IG_119514,IG,PBC_dataset_normal_DIB\ig\IG_119514.jpg,X_ig_tak_bersubtipe
IG_132866_ccrop.jpg,IG_132866,IG,PBC_dataset_normal_DIB\ig\IG_132866.jpg,X_ig_tak_bersubtipe
IG_146565_ccrop.jpg,IG_146565,IG,PBC_dataset_normal_DIB\ig\IG_146565.jpg,X_ig_tak_bersubtipe
IG_150106_ccrop.jpg,IG_150106,IG,PBC_dataset_normal_DIB\ig\IG_150106.jpg,X_ig_tak_bersubtipe
IG_157249_ccrop.jpg,IG_157249,IG,PBC_dataset_normal_DIB\ig\IG_157249.jpg,X_ig_tak_bersubtipe
IG_161498_ccrop.jpg,IG_161498,IG,PBC_dataset_normal_DIB\ig\IG_161498.jpg,X_ig_tak_bersubtipe
IG_168188_ccrop.jpg,IG_168188,IG,PBC_dataset_normal_DIB\ig\IG_168188.jpg,X_ig_tak_bersubtipe
IG_184096_ccrop.jpg,IG_184096,IG,PBC_dataset_normal_DIB\ig\IG_184096.jpg,X_ig_tak_bersubtipe
IG_184276_ccrop.jpg,IG_184276,IG,PBC_dataset_normal_DIB\ig\IG_184276.jpg,X_ig_tak_bersubtipe
IG_193590_ccrop.jpg,IG_193590,IG,PBC_dataset_normal_DIB\ig\IG_193590.jpg,X_ig_tak_bersubtipe
IG_194213_ccrop.jpg,IG_194213,IG,PBC_dataset_normal_DIB\ig\IG_194213.jpg,X_ig_tak_bersubtipe
IG_198074_ccrop.jpg,IG_198074,IG,PBC_dataset_normal_DIB\ig\IG_198074.jpg,X_ig_tak_bersubtipe
IG_206674_ccrop.jpg,IG_206674,IG,PBC_dataset_normal_DIB\ig\IG_206674.jpg,X_ig_tak_bersubtipe
IG_224065_ccrop.jpg,IG_224065,IG,PBC_dataset_normal_DIB\ig\IG_224065.jpg,X_ig_tak_bersubtipe
IG_225880_ccrop.jpg,IG_225880,IG,PBC_dataset_normal_DIB\ig\IG_225880.jpg,X_ig_tak_bersubtipe
IG_227626_ccrop.jpg,IG_227626,IG,PBC_dataset_normal_DIB\ig\IG_227626.jpg,X_ig_tak_bersubtipe
IG_229795_ccrop.jpg,IG_229795,IG,PBC_dataset_normal_DIB\ig\IG_229795.jpg,X_ig_tak_bersubtipe
IG_233232_ccrop.jpg,IG_233232,IG,PBC_dataset_normal_DIB\ig\IG_233232.jpg,X_ig_tak_bersubtipe
IG_234558_ccrop.jpg,IG_234558,IG,PBC_dataset_normal_DIB\ig\IG_234558.jpg,X_ig_tak_bersubtipe
IG_236829_ccrop.jpg,IG_236829,IG,PBC_dataset_normal_DIB\ig\IG_236829.jpg,X_ig_tak_bersubtipe
IG_241642_ccrop.jpg,IG_241642,IG,PBC_dataset_normal_DIB\ig\IG_241642.jpg,X_ig_tak_bersubtipe
IG_265929_ccrop.jpg,IG_265929,IG,PBC_dataset_normal_DIB\ig\IG_265929.jpg,X_ig_tak_bersubtipe
IG_268791_ccrop.jpg,IG_268791,IG,PBC_dataset_normal_DIB\ig\IG_268791.jpg,X_ig_tak_bersubtipe
IG_284072_ccrop.jpg,IG_284072,IG,PBC_dataset_normal_DIB\ig\IG_284072.jpg,X_ig_tak_bersubtipe
IG_285360_ccrop.jpg,IG_285360,IG,PBC_dataset_normal_DIB\ig\IG_285360.jpg,X_ig_tak_bersubtipe
IG_28760_ccrop.jpg,IG_28760,IG,PBC_dataset_normal_DIB\ig\IG_28760.jpg,X_ig_tak_bersubtipe
IG_295903_ccrop.jpg,IG_295903,IG,PBC_dataset_normal_DIB\ig\IG_295903.jpg,X_ig_tak_bersubtipe
IG_325570_ccrop.jpg,IG_325570,IG,PBC_dataset_normal_DIB\ig\IG_325570.jpg,X_ig_tak_bersubtipe
IG_325849_ccrop.jpg,IG_325849,IG,PBC_dataset_normal_DIB\ig\IG_325849.jpg,X_ig_tak_bersubtipe
IG_346344_ccrop.jpg,IG_346344,IG,PBC_dataset_normal_DIB\ig\IG_346344.jpg,X_ig_tak_bersubtipe
IG_348697_ccrop.jpg,IG_348697,IG,PBC_dataset_normal_DIB\ig\IG_348697.jpg,X_ig_tak_bersubtipe
IG_363386_ccrop.jpg,IG_363386,IG,PBC_dataset_normal_DIB\ig\IG_363386.jpg,X_ig_tak_bersubtipe
IG_365796_ccrop.jpg,IG_365796,IG,PBC_dataset_normal_DIB\ig\IG_365796.jpg,X_ig_tak_bersubtipe
IG_370238_ccrop.jpg,IG_370238,IG,PBC_dataset_normal_DIB\ig\IG_370238.jpg,X_ig_tak_bersubtipe
IG_373361_ccrop.jpg,IG_373361,IG,PBC_dataset_normal_DIB\ig\IG_373361.jpg,X_ig_tak_bersubtipe
IG_378925_ccrop.jpg,IG_378925,IG,PBC_dataset_normal_DIB\ig\IG_378925.jpg,X_ig_tak_bersubtipe
IG_383512_ccrop.jpg,IG_383512,IG,PBC_dataset_normal_DIB\ig\IG_383512.jpg,X_ig_tak_bersubtipe
IG_384616_ccrop.jpg,IG_384616,IG,PBC_dataset_normal_DIB\ig\IG_384616.jpg,X_ig_tak_bersubtipe
IG_387454_ccrop.jpg,IG_387454,IG,PBC_dataset_normal_DIB\ig\IG_387454.jpg,X_ig_tak_bersubtipe
IG_392442_ccrop.jpg,IG_392442,IG,PBC_dataset_normal_DIB\ig\IG_392442.jpg,X_ig_tak_bersubtipe
IG_394276_ccrop.jpg,IG_394276,IG,PBC_dataset_normal_DIB\ig\IG_394276.jpg,X_ig_tak_bersubtipe
IG_399764_ccrop.jpg,IG_399764,IG,PBC_dataset_normal_DIB\ig\IG_399764.jpg,X_ig_tak_bersubtipe
IG_400070_ccrop.jpg,IG_400070,IG,PBC_dataset_normal_DIB\ig\IG_400070.jpg,X_ig_tak_bersubtipe
IG_403859_ccrop.jpg,IG_403859,IG,PBC_dataset_normal_DIB\ig\IG_403859.jpg,X_ig_tak_bersubtipe
IG_412200_ccrop.jpg,IG_412200,IG,PBC_dataset_normal_DIB\ig\IG_412200.jpg,X_ig_tak_bersubtipe
IG_427392_ccrop.jpg,IG_427392,IG,PBC_dataset_normal_DIB\ig\IG_427392.jpg,X_ig_tak_bersubtipe
IG_438261_ccrop.jpg,IG_438261,IG,PBC_dataset_normal_DIB\ig\IG_438261.jpg,X_ig_tak_bersubtipe
IG_442572_ccrop.jpg,IG_442572,IG,PBC_dataset_normal_DIB\ig\IG_442572.jpg,X_ig_tak_bersubtipe
IG_466905_ccrop.jpg,IG_466905,IG,PBC_dataset_normal_DIB\ig\IG_466905.jpg,X_ig_tak_bersubtipe
IG_472783_ccrop.jpg,IG_472783,IG,PBC_dataset_normal_DIB\ig\IG_472783.jpg,X_ig_tak_bersubtipe
IG_475530_ccrop.jpg,IG_475530,IG,PBC_dataset_normal_DIB\ig\IG_475530.jpg,X_ig_tak_bersubtipe
IG_481999_ccrop.jpg,IG_481999,IG,PBC_dataset_normal_DIB\ig\IG_481999.jpg,X_ig_tak_bersubtipe
IG_502626_ccrop.jpg,IG_502626,IG,PBC_dataset_normal_DIB\ig\IG_502626.jpg,X_ig_tak_bersubtipe
IG_503550_ccrop.jpg,IG_503550,IG,PBC_dataset_normal_DIB\ig\IG_503550.jpg,X_ig_tak_bersubtipe
IG_504355_ccrop.jpg,IG_504355,IG,PBC_dataset_normal_DIB\ig\IG_504355.jpg,X_ig_tak_bersubtipe
IG_505197_ccrop.jpg,IG_505197,IG,PBC_dataset_normal_DIB\ig\IG_505197.jpg,X_ig_tak_bersubtipe
IG_514852_ccrop.jpg,IG_514852,IG,PBC_dataset_normal_DIB\ig\IG_514852.jpg,X_ig_tak_bersubtipe
IG_534154_ccrop.jpg,IG_534154,IG,PBC_dataset_normal_DIB\ig\IG_534154.jpg,X_ig_tak_bersubtipe
IG_539360_ccrop.jpg,IG_539360,IG,PBC_dataset_normal_DIB\ig\IG_539360.jpg,X_ig_tak_bersubtipe
IG_545112_ccrop.jpg,IG_545112,IG,PBC_dataset_normal_DIB\ig\IG_545112.jpg,X_ig_tak_bersubtipe
IG_562106_ccrop.jpg,IG_562106,IG,PBC_dataset_normal_DIB\ig\IG_562106.jpg,X_ig_tak_bersubtipe
IG_565427_ccrop.jpg,IG_565427,IG,PBC_dataset_normal_DIB\ig\IG_565427.jpg,X_ig_tak_bersubtipe
IG_566122_ccrop.jpg,IG_566122,IG,PBC_dataset_normal_DIB\ig\IG_566122.jpg,X_ig_tak_bersubtipe
IG_57061_ccrop.jpg,IG_57061,IG,PBC_dataset_normal_DIB\ig\IG_57061.jpg,X_ig_tak_bersubtipe
IG_572806_ccrop.jpg,IG_572806,IG,PBC_dataset_normal_DIB\ig\IG_572806.jpg,X_ig_tak_bersubtipe
IG_575783_ccrop.jpg,IG_575783,IG,PBC_dataset_normal_DIB\ig\IG_575783.jpg,X_ig_tak_bersubtipe
IG_578806_ccrop.jpg,IG_578806,IG,PBC_dataset_normal_DIB\ig\IG_578806.jpg,X_ig_tak_bersubtipe
IG_584719_ccrop.jpg,IG_584719,IG,PBC_dataset_normal_DIB\ig\IG_584719.jpg,X_ig_tak_bersubtipe
IG_5887_ccrop.jpg,IG_5887,IG,PBC_dataset_normal_DIB\ig\IG_5887.jpg,X_ig_tak_bersubtipe
IG_602322_ccrop.jpg,IG_602322,IG,PBC_dataset_normal_DIB\ig\IG_602322.jpg,X_ig_tak_bersubtipe
IG_605319_ccrop.jpg,IG_605319,IG,PBC_dataset_normal_DIB\ig\IG_605319.jpg,X_ig_tak_bersubtipe
IG_606498_ccrop.jpg,IG_606498,IG,PBC_dataset_normal_DIB\ig\IG_606498.jpg,X_ig_tak_bersubtipe
IG_607424_ccrop.jpg,IG_607424,IG,PBC_dataset_normal_DIB\ig\IG_607424.jpg,X_ig_tak_bersubtipe
IG_60755_ccrop.jpg,IG_60755,IG,PBC_dataset_normal_DIB\ig\IG_60755.jpg,X_ig_tak_bersubtipe
IG_609303_ccrop.jpg,IG_609303,IG,PBC_dataset_normal_DIB\ig\IG_609303.jpg,X_ig_tak_bersubtipe
IG_619273_ccrop.jpg,IG_619273,IG,PBC_dataset_normal_DIB\ig\IG_619273.jpg,X_ig_tak_bersubtipe
IG_630972_ccrop.jpg,IG_630972,IG,PBC_dataset_normal_DIB\ig\IG_630972.jpg,X_ig_tak_bersubtipe
IG_640225_ccrop.jpg,IG_640225,IG,PBC_dataset_normal_DIB\ig\IG_640225.jpg,X_ig_tak_bersubtipe
IG_645903_ccrop.jpg,IG_645903,IG,PBC_dataset_normal_DIB\ig\IG_645903.jpg,X_ig_tak_bersubtipe
IG_654763_ccrop.jpg,IG_654763,IG,PBC_dataset_normal_DIB\ig\IG_654763.jpg,X_ig_tak_bersubtipe
IG_660628_ccrop.jpg,IG_660628,IG,PBC_dataset_normal_DIB\ig\IG_660628.jpg,X_ig_tak_bersubtipe
IG_663576_ccrop.jpg,IG_663576,IG,PBC_dataset_normal_DIB\ig\IG_663576.jpg,X_ig_tak_bersubtipe
IG_67523_ccrop.jpg,IG_67523,IG,PBC_dataset_normal_DIB\ig\IG_67523.jpg,X_ig_tak_bersubtipe
IG_682554_ccrop.jpg,IG_682554,IG,PBC_dataset_normal_DIB\ig\IG_682554.jpg,X_ig_tak_bersubtipe
IG_683125_ccrop.jpg,IG_683125,IG,PBC_dataset_normal_DIB\ig\IG_683125.jpg,X_ig_tak_bersubtipe
IG_684175_ccrop.jpg,IG_684175,IG,PBC_dataset_normal_DIB\ig\IG_684175.jpg,X_ig_tak_bersubtipe
IG_719838_ccrop.jpg,IG_719838,IG,PBC_dataset_normal_DIB\ig\IG_719838.jpg,X_ig_tak_bersubtipe
IG_729010_ccrop.jpg,IG_729010,IG,PBC_dataset_normal_DIB\ig\IG_729010.jpg,X_ig_tak_bersubtipe
IG_729293_ccrop.jpg,IG_729293,IG,PBC_dataset_normal_DIB\ig\IG_729293.jpg,X_ig_tak_bersubtipe
IG_730991_ccrop.jpg,IG_730991,IG,PBC_dataset_normal_DIB\ig\IG_730991.jpg,X_ig_tak_bersubtipe
IG_739990_ccrop.jpg,IG_739990,IG,PBC_dataset_normal_DIB\ig\IG_739990.jpg,X_ig_tak_bersubtipe
IG_742024_ccrop.jpg,IG_742024,IG,PBC_dataset_normal_DIB\ig\IG_742024.jpg,X_ig_tak_bersubtipe
IG_746245_ccrop.jpg,IG_746245,IG,PBC_dataset_normal_DIB\ig\IG_746245.jpg,X_ig_tak_bersubtipe
IG_760770_ccrop.jpg,IG_760770,IG,PBC_dataset_normal_DIB\ig\IG_760770.jpg,X_ig_tak_bersubtipe
IG_760898_ccrop.jpg,IG_760898,IG,PBC_dataset_normal_DIB\ig\IG_760898.jpg,X_ig_tak_bersubtipe
IG_761306_ccrop.jpg,IG_761306,IG,PBC_dataset_normal_DIB\ig\IG_761306.jpg,X_ig_tak_bersubtipe
IG_761488_ccrop.jpg,IG_761488,IG,PBC_dataset_normal_DIB\ig\IG_761488.jpg,X_ig_tak_bersubtipe
IG_771333_ccrop.jpg,IG_771333,IG,PBC_dataset_normal_DIB\ig\IG_771333.jpg,X_ig_tak_bersubtipe
IG_783313_ccrop.jpg,IG_783313,IG,PBC_dataset_normal_DIB\ig\IG_783313.jpg,X_ig_tak_bersubtipe
IG_78575_ccrop.jpg,IG_78575,IG,PBC_dataset_normal_DIB\ig\IG_78575.jpg,X_ig_tak_bersubtipe
IG_786095_ccrop.jpg,IG_786095,IG,PBC_dataset_normal_DIB\ig\IG_786095.jpg,X_ig_tak_bersubtipe
IG_79498_ccrop.jpg,IG_79498,IG,PBC_dataset_normal_DIB\ig\IG_79498.jpg,X_ig_tak_bersubtipe
IG_79542_ccrop.jpg,IG_79542,IG,PBC_dataset_normal_DIB\ig\IG_79542.jpg,X_ig_tak_bersubtipe
IG_797701_ccrop.jpg,IG_797701,IG,PBC_dataset_normal_DIB\ig\IG_797701.jpg,X_ig_tak_bersubtipe
IG_808154_ccrop.jpg,IG_808154,IG,PBC_dataset_normal_DIB\ig\IG_808154.jpg,X_ig_tak_bersubtipe
IG_815162_ccrop.jpg,IG_815162,IG,PBC_dataset_normal_DIB\ig\IG_815162.jpg,X_ig_tak_bersubtipe
IG_825562_ccrop.jpg,IG_825562,IG,PBC_dataset_normal_DIB\ig\IG_825562.jpg,X_ig_tak_bersubtipe
IG_831559_ccrop.jpg,IG_831559,IG,PBC_dataset_normal_DIB\ig\IG_831559.jpg,X_ig_tak_bersubtipe
IG_842624_ccrop.jpg,IG_842624,IG,PBC_dataset_normal_DIB\ig\IG_842624.jpg,X_ig_tak_bersubtipe
IG_847216_ccrop.jpg,IG_847216,IG,PBC_dataset_normal_DIB\ig\IG_847216.jpg,X_ig_tak_bersubtipe
IG_853087_ccrop.jpg,IG_853087,IG,PBC_dataset_normal_DIB\ig\IG_853087.jpg,X_ig_tak_bersubtipe
IG_854967_ccrop.jpg,IG_854967,IG,PBC_dataset_normal_DIB\ig\IG_854967.jpg,X_ig_tak_bersubtipe
IG_855229_ccrop.jpg,IG_855229,IG,PBC_dataset_normal_DIB\ig\IG_855229.jpg,X_ig_tak_bersubtipe
IG_864662_ccrop.jpg,IG_864662,IG,PBC_dataset_normal_DIB\ig\IG_864662.jpg,X_ig_tak_bersubtipe
IG_874736_ccrop.jpg,IG_874736,IG,PBC_dataset_normal_DIB\ig\IG_874736.jpg,X_ig_tak_bersubtipe
IG_876560_ccrop.jpg,IG_876560,IG,PBC_dataset_normal_DIB\ig\IG_876560.jpg,X_ig_tak_bersubtipe
IG_88166_ccrop.jpg,IG_88166,IG,PBC_dataset_normal_DIB\ig\IG_88166.jpg,X_ig_tak_bersubtipe
IG_882777_ccrop.jpg,IG_882777,IG,PBC_dataset_normal_DIB\ig\IG_882777.jpg,X_ig_tak_bersubtipe
IG_885360_ccrop.jpg,IG_885360,IG,PBC_dataset_normal_DIB\ig\IG_885360.jpg,X_ig_tak_bersubtipe
IG_886201_ccrop.jpg,IG_886201,IG,PBC_dataset_normal_DIB\ig\IG_886201.jpg,X_ig_tak_bersubtipe
IG_88630_ccrop.jpg,IG_88630,IG,PBC_dataset_normal_DIB\ig\IG_88630.jpg,X_ig_tak_bersubtipe
IG_899043_ccrop.jpg,IG_899043,IG,PBC_dataset_normal_DIB\ig\IG_899043.jpg,X_ig_tak_bersubtipe
IG_901001_ccrop.jpg,IG_901001,IG,PBC_dataset_normal_DIB\ig\IG_901001.jpg,X_ig_tak_bersubtipe
IG_904038_ccrop.jpg,IG_904038,IG,PBC_dataset_normal_DIB\ig\IG_904038.jpg,X_ig_tak_bersubtipe
IG_908999_ccrop.jpg,IG_908999,IG,PBC_dataset_normal_DIB\ig\IG_908999.jpg,X_ig_tak_bersubtipe
IG_911630_ccrop.jpg,IG_911630,IG,PBC_dataset_normal_DIB\ig\IG_911630.jpg,X_ig_tak_bersubtipe
IG_921911_ccrop.jpg,IG_921911,IG,PBC_dataset_normal_DIB\ig\IG_921911.jpg,X_ig_tak_bersubtipe
IG_923361_ccrop.jpg,IG_923361,IG,PBC_dataset_normal_DIB\ig\IG_923361.jpg,X_ig_tak_bersubtipe
IG_925681_ccrop.jpg,IG_925681,IG,PBC_dataset_normal_DIB\ig\IG_925681.jpg,X_ig_tak_bersubtipe
IG_928643_ccrop.jpg,IG_928643,IG,PBC_dataset_normal_DIB\ig\IG_928643.jpg,X_ig_tak_bersubtipe
IG_934454_ccrop.jpg,IG_934454,IG,PBC_dataset_normal_DIB\ig\IG_934454.jpg,X_ig_tak_bersubtipe
IG_940250_ccrop.jpg,IG_940250,IG,PBC_dataset_normal_DIB\ig\IG_940250.jpg,X_ig_tak_bersubtipe
IG_940598_ccrop.jpg,IG_940598,IG,PBC_dataset_normal_DIB\ig\IG_940598.jpg,X_ig_tak_bersubtipe
IG_946200_ccrop.jpg,IG_946200,IG,PBC_dataset_normal_DIB\ig\IG_946200.jpg,X_ig_tak_bersubtipe
IG_94788_ccrop.jpg,IG_94788,IG,PBC_dataset_normal_DIB\ig\IG_94788.jpg,X_ig_tak_bersubtipe
IG_953190_ccrop.jpg,IG_953190,IG,PBC_dataset_normal_DIB\ig\IG_953190.jpg,X_ig_tak_bersubtipe
IG_95385_ccrop.jpg,IG_95385,IG,PBC_dataset_normal_DIB\ig\IG_95385.jpg,X_ig_tak_bersubtipe
IG_957559_ccrop.jpg,IG_957559,IG,PBC_dataset_normal_DIB\ig\IG_957559.jpg,X_ig_tak_bersubtipe
IG_965044_ccrop.jpg,IG_965044,IG,PBC_dataset_normal_DIB\ig\IG_965044.jpg,X_ig_tak_bersubtipe
IG_966787_ccrop.jpg,IG_966787,IG,PBC_dataset_normal_DIB\ig\IG_966787.jpg,X_ig_tak_bersubtipe
IG_970372_ccrop.jpg,IG_970372,IG,PBC_dataset_normal_DIB\ig\IG_970372.jpg,X_ig_tak_bersubtipe
IG_976246_ccrop.jpg,IG_976246,IG,PBC_dataset_normal_DIB\ig\IG_976246.jpg,X_ig_tak_bersubtipe
IG_980904_ccrop.jpg,IG_980904,IG,PBC_dataset_normal_DIB\ig\IG_980904.jpg,X_ig_tak_bersubtipe
IG_987395_ccrop.jpg,IG_987395,IG,PBC_dataset_normal_DIB\ig\IG_987395.jpg,X_ig_tak_bersubtipe
IG_993496_ccrop.jpg,IG_993496,IG,PBC_dataset_normal_DIB\ig\IG_993496.jpg,X_ig_tak_bersubtipe
IG_994931_ccrop.jpg,IG_994931,IG,PBC_dataset_normal_DIB\ig\IG_994931.jpg,X_ig_tak_bersubtipe
MMY_100949_ccrop.jpg,MMY_100949,MMY,PBC_dataset_normal_DIB\ig\MMY_100949.jpg,3_metamielosit
MMY_103772_ccrop.jpg,MMY_103772,MMY,PBC_dataset_normal_DIB\ig\MMY_103772.jpg,3_metamielosit
MMY_103779_ccrop.jpg,MMY_103779,MMY,PBC_dataset_normal_DIB\ig\MMY_103779.jpg,3_metamielosit
MMY_103805_ccrop.jpg,MMY_103805,MMY,PBC_dataset_normal_DIB\ig\MMY_103805.jpg,3_metamielosit
MMY_104374_ccrop.jpg,MMY_104374,MMY,PBC_dataset_normal_DIB\ig\MMY_104374.jpg,3_metamielosit
MMY_104412_ccrop.jpg,MMY_104412,MMY,PBC_dataset_normal_DIB\ig\MMY_104412.jpg,3_metamielosit
MMY_104597_ccrop.jpg,MMY_104597,MMY,PBC_dataset_normal_DIB\ig\MMY_104597.jpg,3_metamielosit
MMY_105576_ccrop.jpg,MMY_105576,MMY,PBC_dataset_normal_DIB\ig\MMY_105576.jpg,3_metamielosit
MMY_10563_ccrop.jpg,MMY_10563,MMY,PBC_dataset_normal_DIB\ig\MMY_10563.jpg,3_metamielosit
MMY_10688_ccrop.jpg,MMY_10688,MMY,PBC_dataset_normal_DIB\ig\MMY_10688.jpg,3_metamielosit
MMY_107387_ccrop.jpg,MMY_107387,MMY,PBC_dataset_normal_DIB\ig\MMY_107387.jpg,3_metamielosit
MMY_108626_ccrop.jpg,MMY_108626,MMY,PBC_dataset_normal_DIB\ig\MMY_108626.jpg,3_metamielosit
MMY_108823_ccrop.jpg,MMY_108823,MMY,PBC_dataset_normal_DIB\ig\MMY_108823.jpg,3_metamielosit
MMY_110115_ccrop.jpg,MMY_110115,MMY,PBC_dataset_normal_DIB\ig\MMY_110115.jpg,3_metamielosit
MMY_110819_ccrop.jpg,MMY_110819,MMY,PBC_dataset_normal_DIB\ig\MMY_110819.jpg,3_metamielosit
MMY_112717_ccrop.jpg,MMY_112717,MMY,PBC_dataset_normal_DIB\ig\MMY_112717.jpg,3_metamielosit
MMY_113359_ccrop.jpg,MMY_113359,MMY,PBC_dataset_normal_DIB\ig\MMY_113359.jpg,3_metamielosit
MMY_113819_ccrop.jpg,MMY_113819,MMY,PBC_dataset_normal_DIB\ig\MMY_113819.jpg,3_metamielosit
MMY_114305_ccrop.jpg,MMY_114305,MMY,PBC_dataset_normal_DIB\ig\MMY_114305.jpg,3_metamielosit
MMY_1144_ccrop.jpg,MMY_1144,MMY,PBC_dataset_normal_DIB\ig\MMY_1144.jpg,3_metamielosit
MMY_115039_ccrop.jpg,MMY_115039,MMY,PBC_dataset_normal_DIB\ig\MMY_115039.jpg,3_metamielosit
MMY_115829_ccrop.jpg,MMY_115829,MMY,PBC_dataset_normal_DIB\ig\MMY_115829.jpg,3_metamielosit
MMY_117476_ccrop.jpg,MMY_117476,MMY,PBC_dataset_normal_DIB\ig\MMY_117476.jpg,3_metamielosit
MMY_117680_ccrop.jpg,MMY_117680,MMY,PBC_dataset_normal_DIB\ig\MMY_117680.jpg,3_metamielosit
MMY_117870_ccrop.jpg,MMY_117870,MMY,PBC_dataset_normal_DIB\ig\MMY_117870.jpg,3_metamielosit
MMY_11810_ccrop.jpg,MMY_11810,MMY,PBC_dataset_normal_DIB\ig\MMY_11810.jpg,3_metamielosit
MMY_119030_ccrop.jpg,MMY_119030,MMY,PBC_dataset_normal_DIB\ig\MMY_119030.jpg,3_metamielosit
MMY_119577_ccrop.jpg,MMY_119577,MMY,PBC_dataset_normal_DIB\ig\MMY_119577.jpg,3_metamielosit
MMY_121568_ccrop.jpg,MMY_121568,MMY,PBC_dataset_normal_DIB\ig\MMY_121568.jpg,3_metamielosit
MMY_122535_ccrop.jpg,MMY_122535,MMY,PBC_dataset_normal_DIB\ig\MMY_122535.jpg,3_metamielosit
MMY_123590_ccrop.jpg,MMY_123590,MMY,PBC_dataset_normal_DIB\ig\MMY_123590.jpg,3_metamielosit
MMY_125104_ccrop.jpg,MMY_125104,MMY,PBC_dataset_normal_DIB\ig\MMY_125104.jpg,3_metamielosit
MMY_125565_ccrop.jpg,MMY_125565,MMY,PBC_dataset_normal_DIB\ig\MMY_125565.jpg,3_metamielosit
MMY_128344_ccrop.jpg,MMY_128344,MMY,PBC_dataset_normal_DIB\ig\MMY_128344.jpg,3_metamielosit
MMY_128937_ccrop.jpg,MMY_128937,MMY,PBC_dataset_normal_DIB\ig\MMY_128937.jpg,3_metamielosit
MMY_130533_ccrop.jpg,MMY_130533,MMY,PBC_dataset_normal_DIB\ig\MMY_130533.jpg,3_metamielosit
MMY_133392_ccrop.jpg,MMY_133392,MMY,PBC_dataset_normal_DIB\ig\MMY_133392.jpg,3_metamielosit
MMY_135306_ccrop.jpg,MMY_135306,MMY,PBC_dataset_normal_DIB\ig\MMY_135306.jpg,3_metamielosit
MMY_135318_ccrop.jpg,MMY_135318,MMY,PBC_dataset_normal_DIB\ig\MMY_135318.jpg,3_metamielosit
MMY_135484_ccrop.jpg,MMY_135484,MMY,PBC_dataset_normal_DIB\ig\MMY_135484.jpg,3_metamielosit
MMY_136680_ccrop.jpg,MMY_136680,MMY,PBC_dataset_normal_DIB\ig\MMY_136680.jpg,3_metamielosit
MMY_137621_ccrop.jpg,MMY_137621,MMY,PBC_dataset_normal_DIB\ig\MMY_137621.jpg,3_metamielosit
MMY_139399_ccrop.jpg,MMY_139399,MMY,PBC_dataset_normal_DIB\ig\MMY_139399.jpg,3_metamielosit
MMY_139679_ccrop.jpg,MMY_139679,MMY,PBC_dataset_normal_DIB\ig\MMY_139679.jpg,3_metamielosit
MMY_139829_ccrop.jpg,MMY_139829,MMY,PBC_dataset_normal_DIB\ig\MMY_139829.jpg,3_metamielosit
MMY_140045_ccrop.jpg,MMY_140045,MMY,PBC_dataset_normal_DIB\ig\MMY_140045.jpg,3_metamielosit
MMY_14092_ccrop.jpg,MMY_14092,MMY,PBC_dataset_normal_DIB\ig\MMY_14092.jpg,3_metamielosit
MMY_141697_ccrop.jpg,MMY_141697,MMY,PBC_dataset_normal_DIB\ig\MMY_141697.jpg,3_metamielosit
MMY_142249_ccrop.jpg,MMY_142249,MMY,PBC_dataset_normal_DIB\ig\MMY_142249.jpg,3_metamielosit
MMY_143275_ccrop.jpg,MMY_143275,MMY,PBC_dataset_normal_DIB\ig\MMY_143275.jpg,3_metamielosit
MMY_143892_ccrop.jpg,MMY_143892,MMY,PBC_dataset_normal_DIB\ig\MMY_143892.jpg,3_metamielosit
MMY_144883_ccrop.jpg,MMY_144883,MMY,PBC_dataset_normal_DIB\ig\MMY_144883.jpg,3_metamielosit
MMY_145204_ccrop.jpg,MMY_145204,MMY,PBC_dataset_normal_DIB\ig\MMY_145204.jpg,3_metamielosit
MMY_146142_ccrop.jpg,MMY_146142,MMY,PBC_dataset_normal_DIB\ig\MMY_146142.jpg,3_metamielosit
MMY_147081_ccrop.jpg,MMY_147081,MMY,PBC_dataset_normal_DIB\ig\MMY_147081.jpg,3_metamielosit
MMY_148039_ccrop.jpg,MMY_148039,MMY,PBC_dataset_normal_DIB\ig\MMY_148039.jpg,3_metamielosit
MMY_152680_ccrop.jpg,MMY_152680,MMY,PBC_dataset_normal_DIB\ig\MMY_152680.jpg,3_metamielosit
MMY_154081_ccrop.jpg,MMY_154081,MMY,PBC_dataset_normal_DIB\ig\MMY_154081.jpg,3_metamielosit
MMY_154649_ccrop.jpg,MMY_154649,MMY,PBC_dataset_normal_DIB\ig\MMY_154649.jpg,3_metamielosit
MMY_154872_ccrop.jpg,MMY_154872,MMY,PBC_dataset_normal_DIB\ig\MMY_154872.jpg,3_metamielosit
MMY_157566_ccrop.jpg,MMY_157566,MMY,PBC_dataset_normal_DIB\ig\MMY_157566.jpg,3_metamielosit
MMY_160867_ccrop.jpg,MMY_160867,MMY,PBC_dataset_normal_DIB\ig\MMY_160867.jpg,3_metamielosit
MMY_16175_ccrop.jpg,MMY_16175,MMY,PBC_dataset_normal_DIB\ig\MMY_16175.jpg,3_metamielosit
MMY_161887_ccrop.jpg,MMY_161887,MMY,PBC_dataset_normal_DIB\ig\MMY_161887.jpg,3_metamielosit
MMY_16200579_ccrop.jpg,MMY_16200579,MMY,PBC_dataset_normal_DIB\ig\MMY_16200579.jpg,3_metamielosit
MMY_162710_ccrop.jpg,MMY_162710,MMY,PBC_dataset_normal_DIB\ig\MMY_162710.jpg,3_metamielosit
MMY_163947_ccrop.jpg,MMY_163947,MMY,PBC_dataset_normal_DIB\ig\MMY_163947.jpg,3_metamielosit
MMY_164736_ccrop.jpg,MMY_164736,MMY,PBC_dataset_normal_DIB\ig\MMY_164736.jpg,3_metamielosit
MMY_165260_ccrop.jpg,MMY_165260,MMY,PBC_dataset_normal_DIB\ig\MMY_165260.jpg,3_metamielosit
MMY_165892_ccrop.jpg,MMY_165892,MMY,PBC_dataset_normal_DIB\ig\MMY_165892.jpg,3_metamielosit
MMY_166174_ccrop.jpg,MMY_166174,MMY,PBC_dataset_normal_DIB\ig\MMY_166174.jpg,3_metamielosit
MMY_166902_ccrop.jpg,MMY_166902,MMY,PBC_dataset_normal_DIB\ig\MMY_166902.jpg,3_metamielosit
MMY_167107_ccrop.jpg,MMY_167107,MMY,PBC_dataset_normal_DIB\ig\MMY_167107.jpg,3_metamielosit
MMY_167192_ccrop.jpg,MMY_167192,MMY,PBC_dataset_normal_DIB\ig\MMY_167192.jpg,3_metamielosit
MMY_167415_ccrop.jpg,MMY_167415,MMY,PBC_dataset_normal_DIB\ig\MMY_167415.jpg,3_metamielosit
MMY_167558_ccrop.jpg,MMY_167558,MMY,PBC_dataset_normal_DIB\ig\MMY_167558.jpg,3_metamielosit
MMY_167793_ccrop.jpg,MMY_167793,MMY,PBC_dataset_normal_DIB\ig\MMY_167793.jpg,3_metamielosit
MMY_167835_ccrop.jpg,MMY_167835,MMY,PBC_dataset_normal_DIB\ig\MMY_167835.jpg,3_metamielosit
MMY_16788_ccrop.jpg,MMY_16788,MMY,PBC_dataset_normal_DIB\ig\MMY_16788.jpg,3_metamielosit
MMY_169568_ccrop.jpg,MMY_169568,MMY,PBC_dataset_normal_DIB\ig\MMY_169568.jpg,3_metamielosit
MMY_170138_ccrop.jpg,MMY_170138,MMY,PBC_dataset_normal_DIB\ig\MMY_170138.jpg,3_metamielosit
MMY_170547_ccrop.jpg,MMY_170547,MMY,PBC_dataset_normal_DIB\ig\MMY_170547.jpg,3_metamielosit
MMY_170830_ccrop.jpg,MMY_170830,MMY,PBC_dataset_normal_DIB\ig\MMY_170830.jpg,3_metamielosit
MMY_170949_ccrop.jpg,MMY_170949,MMY,PBC_dataset_normal_DIB\ig\MMY_170949.jpg,3_metamielosit
MMY_172101_ccrop.jpg,MMY_172101,MMY,PBC_dataset_normal_DIB\ig\MMY_172101.jpg,3_metamielosit
MMY_17227_ccrop.jpg,MMY_17227,MMY,PBC_dataset_normal_DIB\ig\MMY_17227.jpg,3_metamielosit
MMY_17278_ccrop.jpg,MMY_17278,MMY,PBC_dataset_normal_DIB\ig\MMY_17278.jpg,3_metamielosit
MMY_172814_ccrop.jpg,MMY_172814,MMY,PBC_dataset_normal_DIB\ig\MMY_172814.jpg,3_metamielosit
MMY_176479_ccrop.jpg,MMY_176479,MMY,PBC_dataset_normal_DIB\ig\MMY_176479.jpg,3_metamielosit
MMY_177464_ccrop.jpg,MMY_177464,MMY,PBC_dataset_normal_DIB\ig\MMY_177464.jpg,3_metamielosit
MMY_177949_ccrop.jpg,MMY_177949,MMY,PBC_dataset_normal_DIB\ig\MMY_177949.jpg,3_metamielosit
MMY_178278_ccrop.jpg,MMY_178278,MMY,PBC_dataset_normal_DIB\ig\MMY_178278.jpg,3_metamielosit
MMY_178873_ccrop.jpg,MMY_178873,MMY,PBC_dataset_normal_DIB\ig\MMY_178873.jpg,3_metamielosit
MMY_179421_ccrop.jpg,MMY_179421,MMY,PBC_dataset_normal_DIB\ig\MMY_179421.jpg,3_metamielosit
MMY_179765_ccrop.jpg,MMY_179765,MMY,PBC_dataset_normal_DIB\ig\MMY_179765.jpg,3_metamielosit
MMY_179858_ccrop.jpg,MMY_179858,MMY,PBC_dataset_normal_DIB\ig\MMY_179858.jpg,3_metamielosit
MMY_180088_ccrop.jpg,MMY_180088,MMY,PBC_dataset_normal_DIB\ig\MMY_180088.jpg,3_metamielosit
MMY_182778_ccrop.jpg,MMY_182778,MMY,PBC_dataset_normal_DIB\ig\MMY_182778.jpg,3_metamielosit
MMY_182939_ccrop.jpg,MMY_182939,MMY,PBC_dataset_normal_DIB\ig\MMY_182939.jpg,3_metamielosit
MMY_184137_ccrop.jpg,MMY_184137,MMY,PBC_dataset_normal_DIB\ig\MMY_184137.jpg,3_metamielosit
MMY_184824_ccrop.jpg,MMY_184824,MMY,PBC_dataset_normal_DIB\ig\MMY_184824.jpg,3_metamielosit
MMY_185197_ccrop.jpg,MMY_185197,MMY,PBC_dataset_normal_DIB\ig\MMY_185197.jpg,3_metamielosit
MMY_185792_ccrop.jpg,MMY_185792,MMY,PBC_dataset_normal_DIB\ig\MMY_185792.jpg,3_metamielosit
MMY_186859_ccrop.jpg,MMY_186859,MMY,PBC_dataset_normal_DIB\ig\MMY_186859.jpg,3_metamielosit
MMY_19074_ccrop.jpg,MMY_19074,MMY,PBC_dataset_normal_DIB\ig\MMY_19074.jpg,3_metamielosit
MMY_195041_ccrop.jpg,MMY_195041,MMY,PBC_dataset_normal_DIB\ig\MMY_195041.jpg,3_metamielosit
MMY_196342_ccrop.jpg,MMY_196342,MMY,PBC_dataset_normal_DIB\ig\MMY_196342.jpg,3_metamielosit
MMY_19793_ccrop.jpg,MMY_19793,MMY,PBC_dataset_normal_DIB\ig\MMY_19793.jpg,3_metamielosit
MMY_19855_ccrop.jpg,MMY_19855,MMY,PBC_dataset_normal_DIB\ig\MMY_19855.jpg,3_metamielosit
MMY_198575_ccrop.jpg,MMY_198575,MMY,PBC_dataset_normal_DIB\ig\MMY_198575.jpg,3_metamielosit
MMY_199021_ccrop.jpg,MMY_199021,MMY,PBC_dataset_normal_DIB\ig\MMY_199021.jpg,3_metamielosit
MMY_19975_ccrop.jpg,MMY_19975,MMY,PBC_dataset_normal_DIB\ig\MMY_19975.jpg,3_metamielosit
MMY_200817_ccrop.jpg,MMY_200817,MMY,PBC_dataset_normal_DIB\ig\MMY_200817.jpg,3_metamielosit
MMY_201220_ccrop.jpg,MMY_201220,MMY,PBC_dataset_normal_DIB\ig\MMY_201220.jpg,3_metamielosit
MMY_202423_ccrop.jpg,MMY_202423,MMY,PBC_dataset_normal_DIB\ig\MMY_202423.jpg,3_metamielosit
MMY_204058_ccrop.jpg,MMY_204058,MMY,PBC_dataset_normal_DIB\ig\MMY_204058.jpg,3_metamielosit
MMY_204546_ccrop.jpg,MMY_204546,MMY,PBC_dataset_normal_DIB\ig\MMY_204546.jpg,3_metamielosit
MMY_205123_ccrop.jpg,MMY_205123,MMY,PBC_dataset_normal_DIB\ig\MMY_205123.jpg,3_metamielosit
MMY_205870_ccrop.jpg,MMY_205870,MMY,PBC_dataset_normal_DIB\ig\MMY_205870.jpg,3_metamielosit
MMY_206684_ccrop.jpg,MMY_206684,MMY,PBC_dataset_normal_DIB\ig\MMY_206684.jpg,3_metamielosit
MMY_208188_ccrop.jpg,MMY_208188,MMY,PBC_dataset_normal_DIB\ig\MMY_208188.jpg,3_metamielosit
MMY_209242_ccrop.jpg,MMY_209242,MMY,PBC_dataset_normal_DIB\ig\MMY_209242.jpg,3_metamielosit
MMY_209484_ccrop.jpg,MMY_209484,MMY,PBC_dataset_normal_DIB\ig\MMY_209484.jpg,3_metamielosit
MMY_209666_ccrop.jpg,MMY_209666,MMY,PBC_dataset_normal_DIB\ig\MMY_209666.jpg,3_metamielosit
MMY_210993_ccrop.jpg,MMY_210993,MMY,PBC_dataset_normal_DIB\ig\MMY_210993.jpg,3_metamielosit
MMY_2114_ccrop.jpg,MMY_2114,MMY,PBC_dataset_normal_DIB\ig\MMY_2114.jpg,3_metamielosit
MMY_211548_ccrop.jpg,MMY_211548,MMY,PBC_dataset_normal_DIB\ig\MMY_211548.jpg,3_metamielosit
MMY_21284_ccrop.jpg,MMY_21284,MMY,PBC_dataset_normal_DIB\ig\MMY_21284.jpg,3_metamielosit
MMY_21330_ccrop.jpg,MMY_21330,MMY,PBC_dataset_normal_DIB\ig\MMY_21330.jpg,3_metamielosit
MMY_214490_ccrop.jpg,MMY_214490,MMY,PBC_dataset_normal_DIB\ig\MMY_214490.jpg,3_metamielosit
MMY_21572_ccrop.jpg,MMY_21572,MMY,PBC_dataset_normal_DIB\ig\MMY_21572.jpg,3_metamielosit
MMY_218039_ccrop.jpg,MMY_218039,MMY,PBC_dataset_normal_DIB\ig\MMY_218039.jpg,3_metamielosit
MMY_218155_ccrop.jpg,MMY_218155,MMY,PBC_dataset_normal_DIB\ig\MMY_218155.jpg,3_metamielosit
MMY_219573_ccrop.jpg,MMY_219573,MMY,PBC_dataset_normal_DIB\ig\MMY_219573.jpg,3_metamielosit
MMY_220307_ccrop.jpg,MMY_220307,MMY,PBC_dataset_normal_DIB\ig\MMY_220307.jpg,3_metamielosit
MMY_220918_ccrop.jpg,MMY_220918,MMY,PBC_dataset_normal_DIB\ig\MMY_220918.jpg,3_metamielosit
MMY_221248_ccrop.jpg,MMY_221248,MMY,PBC_dataset_normal_DIB\ig\MMY_221248.jpg,3_metamielosit
MMY_222445_ccrop.jpg,MMY_222445,MMY,PBC_dataset_normal_DIB\ig\MMY_222445.jpg,3_metamielosit
MMY_222561_ccrop.jpg,MMY_222561,MMY,PBC_dataset_normal_DIB\ig\MMY_222561.jpg,3_metamielosit
MMY_224352_ccrop.jpg,MMY_224352,MMY,PBC_dataset_normal_DIB\ig\MMY_224352.jpg,3_metamielosit
MMY_224492_ccrop.jpg,MMY_224492,MMY,PBC_dataset_normal_DIB\ig\MMY_224492.jpg,3_metamielosit
MMY_224657_ccrop.jpg,MMY_224657,MMY,PBC_dataset_normal_DIB\ig\MMY_224657.jpg,3_metamielosit
MMY_225888_ccrop.jpg,MMY_225888,MMY,PBC_dataset_normal_DIB\ig\MMY_225888.jpg,3_metamielosit
MMY_229029_ccrop.jpg,MMY_229029,MMY,PBC_dataset_normal_DIB\ig\MMY_229029.jpg,3_metamielosit
MMY_230059_ccrop.jpg,MMY_230059,MMY,PBC_dataset_normal_DIB\ig\MMY_230059.jpg,3_metamielosit
MMY_231102_ccrop.jpg,MMY_231102,MMY,PBC_dataset_normal_DIB\ig\MMY_231102.jpg,3_metamielosit
MMY_23164_ccrop.jpg,MMY_23164,MMY,PBC_dataset_normal_DIB\ig\MMY_23164.jpg,3_metamielosit
MMY_232363_ccrop.jpg,MMY_232363,MMY,PBC_dataset_normal_DIB\ig\MMY_232363.jpg,3_metamielosit
MMY_233181_ccrop.jpg,MMY_233181,MMY,PBC_dataset_normal_DIB\ig\MMY_233181.jpg,3_metamielosit
MMY_233428_ccrop.jpg,MMY_233428,MMY,PBC_dataset_normal_DIB\ig\MMY_233428.jpg,3_metamielosit
MMY_233641_ccrop.jpg,MMY_233641,MMY,PBC_dataset_normal_DIB\ig\MMY_233641.jpg,3_metamielosit
MMY_233743_ccrop.jpg,MMY_233743,MMY,PBC_dataset_normal_DIB\ig\MMY_233743.jpg,3_metamielosit
MMY_234317_ccrop.jpg,MMY_234317,MMY,PBC_dataset_normal_DIB\ig\MMY_234317.jpg,3_metamielosit
MMY_235029_ccrop.jpg,MMY_235029,MMY,PBC_dataset_normal_DIB\ig\MMY_235029.jpg,3_metamielosit
MMY_236128_ccrop.jpg,MMY_236128,MMY,PBC_dataset_normal_DIB\ig\MMY_236128.jpg,3_metamielosit
MMY_236380_ccrop.jpg,MMY_236380,MMY,PBC_dataset_normal_DIB\ig\MMY_236380.jpg,3_metamielosit
MMY_236459_ccrop.jpg,MMY_236459,MMY,PBC_dataset_normal_DIB\ig\MMY_236459.jpg,3_metamielosit
MMY_236632_ccrop.jpg,MMY_236632,MMY,PBC_dataset_normal_DIB\ig\MMY_236632.jpg,3_metamielosit
MMY_237270_ccrop.jpg,MMY_237270,MMY,PBC_dataset_normal_DIB\ig\MMY_237270.jpg,3_metamielosit
MMY_237339_ccrop.jpg,MMY_237339,MMY,PBC_dataset_normal_DIB\ig\MMY_237339.jpg,3_metamielosit
MMY_237595_ccrop.jpg,MMY_237595,MMY,PBC_dataset_normal_DIB\ig\MMY_237595.jpg,3_metamielosit
MMY_237696_ccrop.jpg,MMY_237696,MMY,PBC_dataset_normal_DIB\ig\MMY_237696.jpg,3_metamielosit
MMY_241098_ccrop.jpg,MMY_241098,MMY,PBC_dataset_normal_DIB\ig\MMY_241098.jpg,3_metamielosit
MMY_24205_ccrop.jpg,MMY_24205,MMY,PBC_dataset_normal_DIB\ig\MMY_24205.jpg,3_metamielosit
MMY_242499_ccrop.jpg,MMY_242499,MMY,PBC_dataset_normal_DIB\ig\MMY_242499.jpg,3_metamielosit
MMY_242821_ccrop.jpg,MMY_242821,MMY,PBC_dataset_normal_DIB\ig\MMY_242821.jpg,3_metamielosit
MMY_242890_ccrop.jpg,MMY_242890,MMY,PBC_dataset_normal_DIB\ig\MMY_242890.jpg,3_metamielosit
MMY_244097_ccrop.jpg,MMY_244097,MMY,PBC_dataset_normal_DIB\ig\MMY_244097.jpg,3_metamielosit
MMY_244121_ccrop.jpg,MMY_244121,MMY,PBC_dataset_normal_DIB\ig\MMY_244121.jpg,3_metamielosit
MMY_244224_ccrop.jpg,MMY_244224,MMY,PBC_dataset_normal_DIB\ig\MMY_244224.jpg,3_metamielosit
MMY_244619_ccrop.jpg,MMY_244619,MMY,PBC_dataset_normal_DIB\ig\MMY_244619.jpg,3_metamielosit
MMY_245549_ccrop.jpg,MMY_245549,MMY,PBC_dataset_normal_DIB\ig\MMY_245549.jpg,3_metamielosit
MMY_245632_ccrop.jpg,MMY_245632,MMY,PBC_dataset_normal_DIB\ig\MMY_245632.jpg,3_metamielosit
MMY_245815_ccrop.jpg,MMY_245815,MMY,PBC_dataset_normal_DIB\ig\MMY_245815.jpg,3_metamielosit
MMY_246445_ccrop.jpg,MMY_246445,MMY,PBC_dataset_normal_DIB\ig\MMY_246445.jpg,3_metamielosit
MMY_24751_ccrop.jpg,MMY_24751,MMY,PBC_dataset_normal_DIB\ig\MMY_24751.jpg,3_metamielosit
MMY_248679_ccrop.jpg,MMY_248679,MMY,PBC_dataset_normal_DIB\ig\MMY_248679.jpg,3_metamielosit
MMY_249253_ccrop.jpg,MMY_249253,MMY,PBC_dataset_normal_DIB\ig\MMY_249253.jpg,3_metamielosit
MMY_252348_ccrop.jpg,MMY_252348,MMY,PBC_dataset_normal_DIB\ig\MMY_252348.jpg,3_metamielosit
MMY_252383_ccrop.jpg,MMY_252383,MMY,PBC_dataset_normal_DIB\ig\MMY_252383.jpg,3_metamielosit
MMY_253126_ccrop.jpg,MMY_253126,MMY,PBC_dataset_normal_DIB\ig\MMY_253126.jpg,3_metamielosit
MMY_253876_ccrop.jpg,MMY_253876,MMY,PBC_dataset_normal_DIB\ig\MMY_253876.jpg,3_metamielosit
MMY_255540_ccrop.jpg,MMY_255540,MMY,PBC_dataset_normal_DIB\ig\MMY_255540.jpg,3_metamielosit
MMY_255698_ccrop.jpg,MMY_255698,MMY,PBC_dataset_normal_DIB\ig\MMY_255698.jpg,3_metamielosit
MMY_256065_ccrop.jpg,MMY_256065,MMY,PBC_dataset_normal_DIB\ig\MMY_256065.jpg,3_metamielosit
MMY_256585_ccrop.jpg,MMY_256585,MMY,PBC_dataset_normal_DIB\ig\MMY_256585.jpg,3_metamielosit
MMY_256700_ccrop.jpg,MMY_256700,MMY,PBC_dataset_normal_DIB\ig\MMY_256700.jpg,3_metamielosit
MMY_257369_ccrop.jpg,MMY_257369,MMY,PBC_dataset_normal_DIB\ig\MMY_257369.jpg,3_metamielosit
MMY_257385_ccrop.jpg,MMY_257385,MMY,PBC_dataset_normal_DIB\ig\MMY_257385.jpg,3_metamielosit
MMY_258392_ccrop.jpg,MMY_258392,MMY,PBC_dataset_normal_DIB\ig\MMY_258392.jpg,3_metamielosit
MMY_258491_ccrop.jpg,MMY_258491,MMY,PBC_dataset_normal_DIB\ig\MMY_258491.jpg,3_metamielosit
MMY_259372_ccrop.jpg,MMY_259372,MMY,PBC_dataset_normal_DIB\ig\MMY_259372.jpg,3_metamielosit
MMY_259996_ccrop.jpg,MMY_259996,MMY,PBC_dataset_normal_DIB\ig\MMY_259996.jpg,3_metamielosit
MMY_261923_ccrop.jpg,MMY_261923,MMY,PBC_dataset_normal_DIB\ig\MMY_261923.jpg,3_metamielosit
MMY_263304_ccrop.jpg,MMY_263304,MMY,PBC_dataset_normal_DIB\ig\MMY_263304.jpg,3_metamielosit
MMY_263380_ccrop.jpg,MMY_263380,MMY,PBC_dataset_normal_DIB\ig\MMY_263380.jpg,3_metamielosit
MMY_263520_ccrop.jpg,MMY_263520,MMY,PBC_dataset_normal_DIB\ig\MMY_263520.jpg,3_metamielosit
MMY_264264_ccrop.jpg,MMY_264264,MMY,PBC_dataset_normal_DIB\ig\MMY_264264.jpg,3_metamielosit
MMY_265290_ccrop.jpg,MMY_265290,MMY,PBC_dataset_normal_DIB\ig\MMY_265290.jpg,3_metamielosit
MMY_267459_ccrop.jpg,MMY_267459,MMY,PBC_dataset_normal_DIB\ig\MMY_267459.jpg,3_metamielosit
MMY_267640_ccrop.jpg,MMY_267640,MMY,PBC_dataset_normal_DIB\ig\MMY_267640.jpg,3_metamielosit
MMY_267682_ccrop.jpg,MMY_267682,MMY,PBC_dataset_normal_DIB\ig\MMY_267682.jpg,3_metamielosit
MMY_269156_ccrop.jpg,MMY_269156,MMY,PBC_dataset_normal_DIB\ig\MMY_269156.jpg,3_metamielosit
MMY_270313_ccrop.jpg,MMY_270313,MMY,PBC_dataset_normal_DIB\ig\MMY_270313.jpg,3_metamielosit
MMY_270358_ccrop.jpg,MMY_270358,MMY,PBC_dataset_normal_DIB\ig\MMY_270358.jpg,3_metamielosit
MMY_270784_ccrop.jpg,MMY_270784,MMY,PBC_dataset_normal_DIB\ig\MMY_270784.jpg,3_metamielosit
MMY_272238_ccrop.jpg,MMY_272238,MMY,PBC_dataset_normal_DIB\ig\MMY_272238.jpg,3_metamielosit
MMY_272543_ccrop.jpg,MMY_272543,MMY,PBC_dataset_normal_DIB\ig\MMY_272543.jpg,3_metamielosit
MMY_273587_ccrop.jpg,MMY_273587,MMY,PBC_dataset_normal_DIB\ig\MMY_273587.jpg,3_metamielosit
MMY_275124_ccrop.jpg,MMY_275124,MMY,PBC_dataset_normal_DIB\ig\MMY_275124.jpg,3_metamielosit
MMY_275256_ccrop.jpg,MMY_275256,MMY,PBC_dataset_normal_DIB\ig\MMY_275256.jpg,3_metamielosit
MMY_276156_ccrop.jpg,MMY_276156,MMY,PBC_dataset_normal_DIB\ig\MMY_276156.jpg,3_metamielosit
MMY_27618_ccrop.jpg,MMY_27618,MMY,PBC_dataset_normal_DIB\ig\MMY_27618.jpg,3_metamielosit
MMY_276441_ccrop.jpg,MMY_276441,MMY,PBC_dataset_normal_DIB\ig\MMY_276441.jpg,3_metamielosit
MMY_276556_ccrop.jpg,MMY_276556,MMY,PBC_dataset_normal_DIB\ig\MMY_276556.jpg,3_metamielosit
MMY_277017_ccrop.jpg,MMY_277017,MMY,PBC_dataset_normal_DIB\ig\MMY_277017.jpg,3_metamielosit
MMY_27706_ccrop.jpg,MMY_27706,MMY,PBC_dataset_normal_DIB\ig\MMY_27706.jpg,3_metamielosit
MMY_277157_ccrop.jpg,MMY_277157,MMY,PBC_dataset_normal_DIB\ig\MMY_277157.jpg,3_metamielosit
MMY_277520_ccrop.jpg,MMY_277520,MMY,PBC_dataset_normal_DIB\ig\MMY_277520.jpg,3_metamielosit
MMY_279784_ccrop.jpg,MMY_279784,MMY,PBC_dataset_normal_DIB\ig\MMY_279784.jpg,3_metamielosit
MMY_280082_ccrop.jpg,MMY_280082,MMY,PBC_dataset_normal_DIB\ig\MMY_280082.jpg,3_metamielosit
MMY_281368_ccrop.jpg,MMY_281368,MMY,PBC_dataset_normal_DIB\ig\MMY_281368.jpg,3_metamielosit
MMY_281556_ccrop.jpg,MMY_281556,MMY,PBC_dataset_normal_DIB\ig\MMY_281556.jpg,3_metamielosit
MMY_28223_ccrop.jpg,MMY_28223,MMY,PBC_dataset_normal_DIB\ig\MMY_28223.jpg,3_metamielosit
MMY_283663_ccrop.jpg,MMY_283663,MMY,PBC_dataset_normal_DIB\ig\MMY_283663.jpg,3_metamielosit
MMY_287887_ccrop.jpg,MMY_287887,MMY,PBC_dataset_normal_DIB\ig\MMY_287887.jpg,3_metamielosit
MMY_288113_ccrop.jpg,MMY_288113,MMY,PBC_dataset_normal_DIB\ig\MMY_288113.jpg,3_metamielosit
MMY_288958_ccrop.jpg,MMY_288958,MMY,PBC_dataset_normal_DIB\ig\MMY_288958.jpg,3_metamielosit
MMY_289350_ccrop.jpg,MMY_289350,MMY,PBC_dataset_normal_DIB\ig\MMY_289350.jpg,3_metamielosit
MMY_290219_ccrop.jpg,MMY_290219,MMY,PBC_dataset_normal_DIB\ig\MMY_290219.jpg,3_metamielosit
MMY_291069_ccrop.jpg,MMY_291069,MMY,PBC_dataset_normal_DIB\ig\MMY_291069.jpg,3_metamielosit
MMY_291261_ccrop.jpg,MMY_291261,MMY,PBC_dataset_normal_DIB\ig\MMY_291261.jpg,3_metamielosit
MMY_291481_ccrop.jpg,MMY_291481,MMY,PBC_dataset_normal_DIB\ig\MMY_291481.jpg,3_metamielosit
MMY_292230_ccrop.jpg,MMY_292230,MMY,PBC_dataset_normal_DIB\ig\MMY_292230.jpg,3_metamielosit
MMY_292730_ccrop.jpg,MMY_292730,MMY,PBC_dataset_normal_DIB\ig\MMY_292730.jpg,3_metamielosit
MMY_293513_ccrop.jpg,MMY_293513,MMY,PBC_dataset_normal_DIB\ig\MMY_293513.jpg,3_metamielosit
MMY_293917_ccrop.jpg,MMY_293917,MMY,PBC_dataset_normal_DIB\ig\MMY_293917.jpg,3_metamielosit
MMY_293932_ccrop.jpg,MMY_293932,MMY,PBC_dataset_normal_DIB\ig\MMY_293932.jpg,3_metamielosit
MMY_293959_ccrop.jpg,MMY_293959,MMY,PBC_dataset_normal_DIB\ig\MMY_293959.jpg,3_metamielosit
MMY_295393_ccrop.jpg,MMY_295393,MMY,PBC_dataset_normal_DIB\ig\MMY_295393.jpg,3_metamielosit
MMY_29561_ccrop.jpg,MMY_29561,MMY,PBC_dataset_normal_DIB\ig\MMY_29561.jpg,3_metamielosit
MMY_295743_ccrop.jpg,MMY_295743,MMY,PBC_dataset_normal_DIB\ig\MMY_295743.jpg,3_metamielosit
MMY_29576_ccrop.jpg,MMY_29576,MMY,PBC_dataset_normal_DIB\ig\MMY_29576.jpg,3_metamielosit
MMY_295950_ccrop.jpg,MMY_295950,MMY,PBC_dataset_normal_DIB\ig\MMY_295950.jpg,3_metamielosit
MMY_296593_ccrop.jpg,MMY_296593,MMY,PBC_dataset_normal_DIB\ig\MMY_296593.jpg,3_metamielosit
MMY_297253_ccrop.jpg,MMY_297253,MMY,PBC_dataset_normal_DIB\ig\MMY_297253.jpg,3_metamielosit
MMY_297755_ccrop.jpg,MMY_297755,MMY,PBC_dataset_normal_DIB\ig\MMY_297755.jpg,3_metamielosit
MMY_298333_ccrop.jpg,MMY_298333,MMY,PBC_dataset_normal_DIB\ig\MMY_298333.jpg,3_metamielosit
MMY_299434_ccrop.jpg,MMY_299434,MMY,PBC_dataset_normal_DIB\ig\MMY_299434.jpg,3_metamielosit
MMY_300719_ccrop.jpg,MMY_300719,MMY,PBC_dataset_normal_DIB\ig\MMY_300719.jpg,3_metamielosit
MMY_302278_ccrop.jpg,MMY_302278,MMY,PBC_dataset_normal_DIB\ig\MMY_302278.jpg,3_metamielosit
MMY_302428_ccrop.jpg,MMY_302428,MMY,PBC_dataset_normal_DIB\ig\MMY_302428.jpg,3_metamielosit
MMY_303175_ccrop.jpg,MMY_303175,MMY,PBC_dataset_normal_DIB\ig\MMY_303175.jpg,3_metamielosit
MMY_303594_ccrop.jpg,MMY_303594,MMY,PBC_dataset_normal_DIB\ig\MMY_303594.jpg,3_metamielosit
MMY_303957_ccrop.jpg,MMY_303957,MMY,PBC_dataset_normal_DIB\ig\MMY_303957.jpg,3_metamielosit
MMY_304331_ccrop.jpg,MMY_304331,MMY,PBC_dataset_normal_DIB\ig\MMY_304331.jpg,3_metamielosit
MMY_304741_ccrop.jpg,MMY_304741,MMY,PBC_dataset_normal_DIB\ig\MMY_304741.jpg,3_metamielosit
MMY_305508_ccrop.jpg,MMY_305508,MMY,PBC_dataset_normal_DIB\ig\MMY_305508.jpg,3_metamielosit
MMY_30572_ccrop.jpg,MMY_30572,MMY,PBC_dataset_normal_DIB\ig\MMY_30572.jpg,3_metamielosit
MMY_306096_ccrop.jpg,MMY_306096,MMY,PBC_dataset_normal_DIB\ig\MMY_306096.jpg,3_metamielosit
MMY_307258_ccrop.jpg,MMY_307258,MMY,PBC_dataset_normal_DIB\ig\MMY_307258.jpg,3_metamielosit
MMY_307397_ccrop.jpg,MMY_307397,MMY,PBC_dataset_normal_DIB\ig\MMY_307397.jpg,3_metamielosit
MMY_307426_ccrop.jpg,MMY_307426,MMY,PBC_dataset_normal_DIB\ig\MMY_307426.jpg,3_metamielosit
MMY_307429_ccrop.jpg,MMY_307429,MMY,PBC_dataset_normal_DIB\ig\MMY_307429.jpg,3_metamielosit
MMY_308024_ccrop.jpg,MMY_308024,MMY,PBC_dataset_normal_DIB\ig\MMY_308024.jpg,3_metamielosit
MMY_310312_ccrop.jpg,MMY_310312,MMY,PBC_dataset_normal_DIB\ig\MMY_310312.jpg,3_metamielosit
MMY_310921_ccrop.jpg,MMY_310921,MMY,PBC_dataset_normal_DIB\ig\MMY_310921.jpg,3_metamielosit
MMY_31201_ccrop.jpg,MMY_31201,MMY,PBC_dataset_normal_DIB\ig\MMY_31201.jpg,3_metamielosit
MMY_312193_ccrop.jpg,MMY_312193,MMY,PBC_dataset_normal_DIB\ig\MMY_312193.jpg,3_metamielosit
MMY_313056_ccrop.jpg,MMY_313056,MMY,PBC_dataset_normal_DIB\ig\MMY_313056.jpg,3_metamielosit
MMY_316884_ccrop.jpg,MMY_316884,MMY,PBC_dataset_normal_DIB\ig\MMY_316884.jpg,3_metamielosit
MMY_317328_ccrop.jpg,MMY_317328,MMY,PBC_dataset_normal_DIB\ig\MMY_317328.jpg,3_metamielosit
MMY_318052_ccrop.jpg,MMY_318052,MMY,PBC_dataset_normal_DIB\ig\MMY_318052.jpg,3_metamielosit
MMY_318604_ccrop.jpg,MMY_318604,MMY,PBC_dataset_normal_DIB\ig\MMY_318604.jpg,3_metamielosit
MMY_320872_ccrop.jpg,MMY_320872,MMY,PBC_dataset_normal_DIB\ig\MMY_320872.jpg,3_metamielosit
MMY_322081_ccrop.jpg,MMY_322081,MMY,PBC_dataset_normal_DIB\ig\MMY_322081.jpg,3_metamielosit
MMY_323757_ccrop.jpg,MMY_323757,MMY,PBC_dataset_normal_DIB\ig\MMY_323757.jpg,3_metamielosit
MMY_325379_ccrop.jpg,MMY_325379,MMY,PBC_dataset_normal_DIB\ig\MMY_325379.jpg,3_metamielosit
MMY_325455_ccrop.jpg,MMY_325455,MMY,PBC_dataset_normal_DIB\ig\MMY_325455.jpg,3_metamielosit
MMY_325829_ccrop.jpg,MMY_325829,MMY,PBC_dataset_normal_DIB\ig\MMY_325829.jpg,3_metamielosit
MMY_327148_ccrop.jpg,MMY_327148,MMY,PBC_dataset_normal_DIB\ig\MMY_327148.jpg,3_metamielosit
MMY_327312_ccrop.jpg,MMY_327312,MMY,PBC_dataset_normal_DIB\ig\MMY_327312.jpg,3_metamielosit
MMY_327817_ccrop.jpg,MMY_327817,MMY,PBC_dataset_normal_DIB\ig\MMY_327817.jpg,3_metamielosit
MMY_32855_ccrop.jpg,MMY_32855,MMY,PBC_dataset_normal_DIB\ig\MMY_32855.jpg,3_metamielosit
MMY_328872_ccrop.jpg,MMY_328872,MMY,PBC_dataset_normal_DIB\ig\MMY_328872.jpg,3_metamielosit
MMY_329366_ccrop.jpg,MMY_329366,MMY,PBC_dataset_normal_DIB\ig\MMY_329366.jpg,3_metamielosit
MMY_330437_ccrop.jpg,MMY_330437,MMY,PBC_dataset_normal_DIB\ig\MMY_330437.jpg,3_metamielosit
MMY_331927_ccrop.jpg,MMY_331927,MMY,PBC_dataset_normal_DIB\ig\MMY_331927.jpg,3_metamielosit
MMY_332653_ccrop.jpg,MMY_332653,MMY,PBC_dataset_normal_DIB\ig\MMY_332653.jpg,3_metamielosit
MMY_332692_ccrop.jpg,MMY_332692,MMY,PBC_dataset_normal_DIB\ig\MMY_332692.jpg,3_metamielosit
MMY_333393_ccrop.jpg,MMY_333393,MMY,PBC_dataset_normal_DIB\ig\MMY_333393.jpg,3_metamielosit
MMY_33383_ccrop.jpg,MMY_33383,MMY,PBC_dataset_normal_DIB\ig\MMY_33383.jpg,3_metamielosit
MMY_335422_ccrop.jpg,MMY_335422,MMY,PBC_dataset_normal_DIB\ig\MMY_335422.jpg,3_metamielosit
MMY_336363_ccrop.jpg,MMY_336363,MMY,PBC_dataset_normal_DIB\ig\MMY_336363.jpg,3_metamielosit
MMY_33695_ccrop.jpg,MMY_33695,MMY,PBC_dataset_normal_DIB\ig\MMY_33695.jpg,3_metamielosit
MMY_3376_ccrop.jpg,MMY_3376,MMY,PBC_dataset_normal_DIB\ig\MMY_3376.jpg,3_metamielosit
MMY_337668_ccrop.jpg,MMY_337668,MMY,PBC_dataset_normal_DIB\ig\MMY_337668.jpg,3_metamielosit
MMY_337786_ccrop.jpg,MMY_337786,MMY,PBC_dataset_normal_DIB\ig\MMY_337786.jpg,3_metamielosit
MMY_33879_ccrop.jpg,MMY_33879,MMY,PBC_dataset_normal_DIB\ig\MMY_33879.jpg,3_metamielosit
MMY_339735_ccrop.jpg,MMY_339735,MMY,PBC_dataset_normal_DIB\ig\MMY_339735.jpg,3_metamielosit
MMY_340578_ccrop.jpg,MMY_340578,MMY,PBC_dataset_normal_DIB\ig\MMY_340578.jpg,3_metamielosit
MMY_341185_ccrop.jpg,MMY_341185,MMY,PBC_dataset_normal_DIB\ig\MMY_341185.jpg,3_metamielosit
MMY_342177_ccrop.jpg,MMY_342177,MMY,PBC_dataset_normal_DIB\ig\MMY_342177.jpg,3_metamielosit
MMY_342324_ccrop.jpg,MMY_342324,MMY,PBC_dataset_normal_DIB\ig\MMY_342324.jpg,3_metamielosit
MMY_342596_ccrop.jpg,MMY_342596,MMY,PBC_dataset_normal_DIB\ig\MMY_342596.jpg,3_metamielosit
MMY_344807_ccrop.jpg,MMY_344807,MMY,PBC_dataset_normal_DIB\ig\MMY_344807.jpg,3_metamielosit
MMY_345736_ccrop.jpg,MMY_345736,MMY,PBC_dataset_normal_DIB\ig\MMY_345736.jpg,3_metamielosit
MMY_346115_ccrop.jpg,MMY_346115,MMY,PBC_dataset_normal_DIB\ig\MMY_346115.jpg,3_metamielosit
MMY_346275_ccrop.jpg,MMY_346275,MMY,PBC_dataset_normal_DIB\ig\MMY_346275.jpg,3_metamielosit
MMY_346332_ccrop.jpg,MMY_346332,MMY,PBC_dataset_normal_DIB\ig\MMY_346332.jpg,3_metamielosit
MMY_346881_ccrop.jpg,MMY_346881,MMY,PBC_dataset_normal_DIB\ig\MMY_346881.jpg,3_metamielosit
MMY_347827_ccrop.jpg,MMY_347827,MMY,PBC_dataset_normal_DIB\ig\MMY_347827.jpg,3_metamielosit
MMY_348342_ccrop.jpg,MMY_348342,MMY,PBC_dataset_normal_DIB\ig\MMY_348342.jpg,3_metamielosit
MMY_348463_ccrop.jpg,MMY_348463,MMY,PBC_dataset_normal_DIB\ig\MMY_348463.jpg,3_metamielosit
MMY_348530_ccrop.jpg,MMY_348530,MMY,PBC_dataset_normal_DIB\ig\MMY_348530.jpg,3_metamielosit
MMY_350213_ccrop.jpg,MMY_350213,MMY,PBC_dataset_normal_DIB\ig\MMY_350213.jpg,3_metamielosit
MMY_351863_ccrop.jpg,MMY_351863,MMY,PBC_dataset_normal_DIB\ig\MMY_351863.jpg,3_metamielosit
MMY_353001_ccrop.jpg,MMY_353001,MMY,PBC_dataset_normal_DIB\ig\MMY_353001.jpg,3_metamielosit
MMY_353176_ccrop.jpg,MMY_353176,MMY,PBC_dataset_normal_DIB\ig\MMY_353176.jpg,3_metamielosit
MMY_353224_ccrop.jpg,MMY_353224,MMY,PBC_dataset_normal_DIB\ig\MMY_353224.jpg,3_metamielosit
MMY_353938_ccrop.jpg,MMY_353938,MMY,PBC_dataset_normal_DIB\ig\MMY_353938.jpg,3_metamielosit
MMY_354780_ccrop.jpg,MMY_354780,MMY,PBC_dataset_normal_DIB\ig\MMY_354780.jpg,3_metamielosit
MMY_357063_ccrop.jpg,MMY_357063,MMY,PBC_dataset_normal_DIB\ig\MMY_357063.jpg,3_metamielosit
MMY_35768_ccrop.jpg,MMY_35768,MMY,PBC_dataset_normal_DIB\ig\MMY_35768.jpg,3_metamielosit
MMY_357704_ccrop.jpg,MMY_357704,MMY,PBC_dataset_normal_DIB\ig\MMY_357704.jpg,3_metamielosit
MMY_358673_ccrop.jpg,MMY_358673,MMY,PBC_dataset_normal_DIB\ig\MMY_358673.jpg,3_metamielosit
MMY_358812_ccrop.jpg,MMY_358812,MMY,PBC_dataset_normal_DIB\ig\MMY_358812.jpg,3_metamielosit
MMY_359355_ccrop.jpg,MMY_359355,MMY,PBC_dataset_normal_DIB\ig\MMY_359355.jpg,3_metamielosit
MMY_359756_ccrop.jpg,MMY_359756,MMY,PBC_dataset_normal_DIB\ig\MMY_359756.jpg,3_metamielosit
MMY_361679_ccrop.jpg,MMY_361679,MMY,PBC_dataset_normal_DIB\ig\MMY_361679.jpg,3_metamielosit
MMY_362039_ccrop.jpg,MMY_362039,MMY,PBC_dataset_normal_DIB\ig\MMY_362039.jpg,3_metamielosit
MMY_363545_ccrop.jpg,MMY_363545,MMY,PBC_dataset_normal_DIB\ig\MMY_363545.jpg,3_metamielosit
MMY_363905_ccrop.jpg,MMY_363905,MMY,PBC_dataset_normal_DIB\ig\MMY_363905.jpg,3_metamielosit
MMY_365527_ccrop.jpg,MMY_365527,MMY,PBC_dataset_normal_DIB\ig\MMY_365527.jpg,3_metamielosit
MMY_366825_ccrop.jpg,MMY_366825,MMY,PBC_dataset_normal_DIB\ig\MMY_366825.jpg,3_metamielosit
MMY_367941_ccrop.jpg,MMY_367941,MMY,PBC_dataset_normal_DIB\ig\MMY_367941.jpg,3_metamielosit
MMY_368200_ccrop.jpg,MMY_368200,MMY,PBC_dataset_normal_DIB\ig\MMY_368200.jpg,3_metamielosit
MMY_369215_ccrop.jpg,MMY_369215,MMY,PBC_dataset_normal_DIB\ig\MMY_369215.jpg,3_metamielosit
MMY_372812_ccrop.jpg,MMY_372812,MMY,PBC_dataset_normal_DIB\ig\MMY_372812.jpg,3_metamielosit
MMY_373245_ccrop.jpg,MMY_373245,MMY,PBC_dataset_normal_DIB\ig\MMY_373245.jpg,3_metamielosit
MMY_374919_ccrop.jpg,MMY_374919,MMY,PBC_dataset_normal_DIB\ig\MMY_374919.jpg,3_metamielosit
MMY_37557_ccrop.jpg,MMY_37557,MMY,PBC_dataset_normal_DIB\ig\MMY_37557.jpg,3_metamielosit
MMY_375571_ccrop.jpg,MMY_375571,MMY,PBC_dataset_normal_DIB\ig\MMY_375571.jpg,3_metamielosit
MMY_375749_ccrop.jpg,MMY_375749,MMY,PBC_dataset_normal_DIB\ig\MMY_375749.jpg,3_metamielosit
MMY_376991_ccrop.jpg,MMY_376991,MMY,PBC_dataset_normal_DIB\ig\MMY_376991.jpg,3_metamielosit
MMY_378237_ccrop.jpg,MMY_378237,MMY,PBC_dataset_normal_DIB\ig\MMY_378237.jpg,3_metamielosit
MMY_37882_ccrop.jpg,MMY_37882,MMY,PBC_dataset_normal_DIB\ig\MMY_37882.jpg,3_metamielosit
MMY_38186_ccrop.jpg,MMY_38186,MMY,PBC_dataset_normal_DIB\ig\MMY_38186.jpg,3_metamielosit
MMY_382543_ccrop.jpg,MMY_382543,MMY,PBC_dataset_normal_DIB\ig\MMY_382543.jpg,3_metamielosit
MMY_383041_ccrop.jpg,MMY_383041,MMY,PBC_dataset_normal_DIB\ig\MMY_383041.jpg,3_metamielosit
MMY_383110_ccrop.jpg,MMY_383110,MMY,PBC_dataset_normal_DIB\ig\MMY_383110.jpg,3_metamielosit
MMY_38379_ccrop.jpg,MMY_38379,MMY,PBC_dataset_normal_DIB\ig\MMY_38379.jpg,3_metamielosit
MMY_383935_ccrop.jpg,MMY_383935,MMY,PBC_dataset_normal_DIB\ig\MMY_383935.jpg,3_metamielosit
MMY_385541_ccrop.jpg,MMY_385541,MMY,PBC_dataset_normal_DIB\ig\MMY_385541.jpg,3_metamielosit
MMY_386552_ccrop.jpg,MMY_386552,MMY,PBC_dataset_normal_DIB\ig\MMY_386552.jpg,3_metamielosit
MMY_388092_ccrop.jpg,MMY_388092,MMY,PBC_dataset_normal_DIB\ig\MMY_388092.jpg,3_metamielosit
MMY_388536_ccrop.jpg,MMY_388536,MMY,PBC_dataset_normal_DIB\ig\MMY_388536.jpg,3_metamielosit
MMY_388876_ccrop.jpg,MMY_388876,MMY,PBC_dataset_normal_DIB\ig\MMY_388876.jpg,3_metamielosit
MMY_388896_ccrop.jpg,MMY_388896,MMY,PBC_dataset_normal_DIB\ig\MMY_388896.jpg,3_metamielosit
MMY_389066_ccrop.jpg,MMY_389066,MMY,PBC_dataset_normal_DIB\ig\MMY_389066.jpg,3_metamielosit
MMY_389983_ccrop.jpg,MMY_389983,MMY,PBC_dataset_normal_DIB\ig\MMY_389983.jpg,3_metamielosit
MMY_39101_ccrop.jpg,MMY_39101,MMY,PBC_dataset_normal_DIB\ig\MMY_39101.jpg,3_metamielosit
MMY_392543_ccrop.jpg,MMY_392543,MMY,PBC_dataset_normal_DIB\ig\MMY_392543.jpg,3_metamielosit
MMY_393281_ccrop.jpg,MMY_393281,MMY,PBC_dataset_normal_DIB\ig\MMY_393281.jpg,3_metamielosit
MMY_395164_ccrop.jpg,MMY_395164,MMY,PBC_dataset_normal_DIB\ig\MMY_395164.jpg,3_metamielosit
MMY_395245_ccrop.jpg,MMY_395245,MMY,PBC_dataset_normal_DIB\ig\MMY_395245.jpg,3_metamielosit
MMY_395923_ccrop.jpg,MMY_395923,MMY,PBC_dataset_normal_DIB\ig\MMY_395923.jpg,3_metamielosit
MMY_39693_ccrop.jpg,MMY_39693,MMY,PBC_dataset_normal_DIB\ig\MMY_39693.jpg,3_metamielosit
MMY_398297_ccrop.jpg,MMY_398297,MMY,PBC_dataset_normal_DIB\ig\MMY_398297.jpg,3_metamielosit
MMY_39838_ccrop.jpg,MMY_39838,MMY,PBC_dataset_normal_DIB\ig\MMY_39838.jpg,3_metamielosit
MMY_398672_ccrop.jpg,MMY_398672,MMY,PBC_dataset_normal_DIB\ig\MMY_398672.jpg,3_metamielosit
MMY_398764_ccrop.jpg,MMY_398764,MMY,PBC_dataset_normal_DIB\ig\MMY_398764.jpg,3_metamielosit
MMY_39970_ccrop.jpg,MMY_39970,MMY,PBC_dataset_normal_DIB\ig\MMY_39970.jpg,3_metamielosit
MMY_399802_ccrop.jpg,MMY_399802,MMY,PBC_dataset_normal_DIB\ig\MMY_399802.jpg,3_metamielosit
MMY_400392_ccrop.jpg,MMY_400392,MMY,PBC_dataset_normal_DIB\ig\MMY_400392.jpg,3_metamielosit
MMY_400491_ccrop.jpg,MMY_400491,MMY,PBC_dataset_normal_DIB\ig\MMY_400491.jpg,3_metamielosit
MMY_400904_ccrop.jpg,MMY_400904,MMY,PBC_dataset_normal_DIB\ig\MMY_400904.jpg,3_metamielosit
MMY_401038_ccrop.jpg,MMY_401038,MMY,PBC_dataset_normal_DIB\ig\MMY_401038.jpg,3_metamielosit
MMY_401376_ccrop.jpg,MMY_401376,MMY,PBC_dataset_normal_DIB\ig\MMY_401376.jpg,3_metamielosit
MMY_404145_ccrop.jpg,MMY_404145,MMY,PBC_dataset_normal_DIB\ig\MMY_404145.jpg,3_metamielosit
MMY_405465_ccrop.jpg,MMY_405465,MMY,PBC_dataset_normal_DIB\ig\MMY_405465.jpg,3_metamielosit
MMY_406224_ccrop.jpg,MMY_406224,MMY,PBC_dataset_normal_DIB\ig\MMY_406224.jpg,3_metamielosit
MMY_406233_ccrop.jpg,MMY_406233,MMY,PBC_dataset_normal_DIB\ig\MMY_406233.jpg,3_metamielosit
MMY_408357_ccrop.jpg,MMY_408357,MMY,PBC_dataset_normal_DIB\ig\MMY_408357.jpg,3_metamielosit
MMY_408761_ccrop.jpg,MMY_408761,MMY,PBC_dataset_normal_DIB\ig\MMY_408761.jpg,3_metamielosit
MMY_408810_ccrop.jpg,MMY_408810,MMY,PBC_dataset_normal_DIB\ig\MMY_408810.jpg,3_metamielosit
MMY_409221_ccrop.jpg,MMY_409221,MMY,PBC_dataset_normal_DIB\ig\MMY_409221.jpg,3_metamielosit
MMY_410624_ccrop.jpg,MMY_410624,MMY,PBC_dataset_normal_DIB\ig\MMY_410624.jpg,3_metamielosit
MMY_411014_ccrop.jpg,MMY_411014,MMY,PBC_dataset_normal_DIB\ig\MMY_411014.jpg,3_metamielosit
MMY_411321_ccrop.jpg,MMY_411321,MMY,PBC_dataset_normal_DIB\ig\MMY_411321.jpg,3_metamielosit
MMY_411414_ccrop.jpg,MMY_411414,MMY,PBC_dataset_normal_DIB\ig\MMY_411414.jpg,3_metamielosit
MMY_411724_ccrop.jpg,MMY_411724,MMY,PBC_dataset_normal_DIB\ig\MMY_411724.jpg,3_metamielosit
MMY_413899_ccrop.jpg,MMY_413899,MMY,PBC_dataset_normal_DIB\ig\MMY_413899.jpg,3_metamielosit
MMY_414012_ccrop.jpg,MMY_414012,MMY,PBC_dataset_normal_DIB\ig\MMY_414012.jpg,3_metamielosit
MMY_414787_ccrop.jpg,MMY_414787,MMY,PBC_dataset_normal_DIB\ig\MMY_414787.jpg,3_metamielosit
MMY_416832_ccrop.jpg,MMY_416832,MMY,PBC_dataset_normal_DIB\ig\MMY_416832.jpg,3_metamielosit
MMY_417399_ccrop.jpg,MMY_417399,MMY,PBC_dataset_normal_DIB\ig\MMY_417399.jpg,3_metamielosit
MMY_419196_ccrop.jpg,MMY_419196,MMY,PBC_dataset_normal_DIB\ig\MMY_419196.jpg,3_metamielosit
MMY_421931_ccrop.jpg,MMY_421931,MMY,PBC_dataset_normal_DIB\ig\MMY_421931.jpg,3_metamielosit
MMY_421960_ccrop.jpg,MMY_421960,MMY,PBC_dataset_normal_DIB\ig\MMY_421960.jpg,3_metamielosit
MMY_422457_ccrop.jpg,MMY_422457,MMY,PBC_dataset_normal_DIB\ig\MMY_422457.jpg,3_metamielosit
MMY_422788_ccrop.jpg,MMY_422788,MMY,PBC_dataset_normal_DIB\ig\MMY_422788.jpg,3_metamielosit
MMY_423512_ccrop.jpg,MMY_423512,MMY,PBC_dataset_normal_DIB\ig\MMY_423512.jpg,3_metamielosit
MMY_423889_ccrop.jpg,MMY_423889,MMY,PBC_dataset_normal_DIB\ig\MMY_423889.jpg,3_metamielosit
MMY_426110_ccrop.jpg,MMY_426110,MMY,PBC_dataset_normal_DIB\ig\MMY_426110.jpg,3_metamielosit
MMY_426263_ccrop.jpg,MMY_426263,MMY,PBC_dataset_normal_DIB\ig\MMY_426263.jpg,3_metamielosit
MMY_427480_ccrop.jpg,MMY_427480,MMY,PBC_dataset_normal_DIB\ig\MMY_427480.jpg,3_metamielosit
MMY_429452_ccrop.jpg,MMY_429452,MMY,PBC_dataset_normal_DIB\ig\MMY_429452.jpg,3_metamielosit
MMY_430586_ccrop.jpg,MMY_430586,MMY,PBC_dataset_normal_DIB\ig\MMY_430586.jpg,3_metamielosit
MMY_431496_ccrop.jpg,MMY_431496,MMY,PBC_dataset_normal_DIB\ig\MMY_431496.jpg,3_metamielosit
MMY_433507_ccrop.jpg,MMY_433507,MMY,PBC_dataset_normal_DIB\ig\MMY_433507.jpg,3_metamielosit
MMY_433979_ccrop.jpg,MMY_433979,MMY,PBC_dataset_normal_DIB\ig\MMY_433979.jpg,3_metamielosit
MMY_434117_ccrop.jpg,MMY_434117,MMY,PBC_dataset_normal_DIB\ig\MMY_434117.jpg,3_metamielosit
MMY_434222_ccrop.jpg,MMY_434222,MMY,PBC_dataset_normal_DIB\ig\MMY_434222.jpg,3_metamielosit
MMY_434530_ccrop.jpg,MMY_434530,MMY,PBC_dataset_normal_DIB\ig\MMY_434530.jpg,3_metamielosit
MMY_434567_ccrop.jpg,MMY_434567,MMY,PBC_dataset_normal_DIB\ig\MMY_434567.jpg,3_metamielosit
MMY_43496_ccrop.jpg,MMY_43496,MMY,PBC_dataset_normal_DIB\ig\MMY_43496.jpg,3_metamielosit
MMY_43498_ccrop.jpg,MMY_43498,MMY,PBC_dataset_normal_DIB\ig\MMY_43498.jpg,3_metamielosit
MMY_435313_ccrop.jpg,MMY_435313,MMY,PBC_dataset_normal_DIB\ig\MMY_435313.jpg,3_metamielosit
MMY_435662_ccrop.jpg,MMY_435662,MMY,PBC_dataset_normal_DIB\ig\MMY_435662.jpg,3_metamielosit
MMY_435680_ccrop.jpg,MMY_435680,MMY,PBC_dataset_normal_DIB\ig\MMY_435680.jpg,3_metamielosit
MMY_43640_ccrop.jpg,MMY_43640,MMY,PBC_dataset_normal_DIB\ig\MMY_43640.jpg,3_metamielosit
MMY_437070_ccrop.jpg,MMY_437070,MMY,PBC_dataset_normal_DIB\ig\MMY_437070.jpg,3_metamielosit
MMY_437974_ccrop.jpg,MMY_437974,MMY,PBC_dataset_normal_DIB\ig\MMY_437974.jpg,3_metamielosit
MMY_438349_ccrop.jpg,MMY_438349,MMY,PBC_dataset_normal_DIB\ig\MMY_438349.jpg,3_metamielosit
MMY_438586_ccrop.jpg,MMY_438586,MMY,PBC_dataset_normal_DIB\ig\MMY_438586.jpg,3_metamielosit
MMY_439431_ccrop.jpg,MMY_439431,MMY,PBC_dataset_normal_DIB\ig\MMY_439431.jpg,3_metamielosit
MMY_441459_ccrop.jpg,MMY_441459,MMY,PBC_dataset_normal_DIB\ig\MMY_441459.jpg,3_metamielosit
MMY_441759_ccrop.jpg,MMY_441759,MMY,PBC_dataset_normal_DIB\ig\MMY_441759.jpg,3_metamielosit
MMY_445592_ccrop.jpg,MMY_445592,MMY,PBC_dataset_normal_DIB\ig\MMY_445592.jpg,3_metamielosit
MMY_447393_ccrop.jpg,MMY_447393,MMY,PBC_dataset_normal_DIB\ig\MMY_447393.jpg,3_metamielosit
MMY_447518_ccrop.jpg,MMY_447518,MMY,PBC_dataset_normal_DIB\ig\MMY_447518.jpg,3_metamielosit
MMY_448120_ccrop.jpg,MMY_448120,MMY,PBC_dataset_normal_DIB\ig\MMY_448120.jpg,3_metamielosit
MMY_450209_ccrop.jpg,MMY_450209,MMY,PBC_dataset_normal_DIB\ig\MMY_450209.jpg,3_metamielosit
MMY_451221_ccrop.jpg,MMY_451221,MMY,PBC_dataset_normal_DIB\ig\MMY_451221.jpg,3_metamielosit
MMY_451570_ccrop.jpg,MMY_451570,MMY,PBC_dataset_normal_DIB\ig\MMY_451570.jpg,3_metamielosit
MMY_452599_ccrop.jpg,MMY_452599,MMY,PBC_dataset_normal_DIB\ig\MMY_452599.jpg,3_metamielosit
MMY_456339_ccrop.jpg,MMY_456339,MMY,PBC_dataset_normal_DIB\ig\MMY_456339.jpg,3_metamielosit
MMY_457259_ccrop.jpg,MMY_457259,MMY,PBC_dataset_normal_DIB\ig\MMY_457259.jpg,3_metamielosit
MMY_457494_ccrop.jpg,MMY_457494,MMY,PBC_dataset_normal_DIB\ig\MMY_457494.jpg,3_metamielosit
MMY_458715_ccrop.jpg,MMY_458715,MMY,PBC_dataset_normal_DIB\ig\MMY_458715.jpg,3_metamielosit
MMY_4594_ccrop.jpg,MMY_4594,MMY,PBC_dataset_normal_DIB\ig\MMY_4594.jpg,3_metamielosit
MMY_461304_ccrop.jpg,MMY_461304,MMY,PBC_dataset_normal_DIB\ig\MMY_461304.jpg,3_metamielosit
MMY_461920_ccrop.jpg,MMY_461920,MMY,PBC_dataset_normal_DIB\ig\MMY_461920.jpg,3_metamielosit
MMY_462828_ccrop.jpg,MMY_462828,MMY,PBC_dataset_normal_DIB\ig\MMY_462828.jpg,3_metamielosit
MMY_464019_ccrop.jpg,MMY_464019,MMY,PBC_dataset_normal_DIB\ig\MMY_464019.jpg,3_metamielosit
MMY_464829_ccrop.jpg,MMY_464829,MMY,PBC_dataset_normal_DIB\ig\MMY_464829.jpg,3_metamielosit
MMY_470624_ccrop.jpg,MMY_470624,MMY,PBC_dataset_normal_DIB\ig\MMY_470624.jpg,3_metamielosit
MMY_471585_ccrop.jpg,MMY_471585,MMY,PBC_dataset_normal_DIB\ig\MMY_471585.jpg,3_metamielosit
MMY_472273_ccrop.jpg,MMY_472273,MMY,PBC_dataset_normal_DIB\ig\MMY_472273.jpg,3_metamielosit
MMY_472660_ccrop.jpg,MMY_472660,MMY,PBC_dataset_normal_DIB\ig\MMY_472660.jpg,3_metamielosit
MMY_473164_ccrop.jpg,MMY_473164,MMY,PBC_dataset_normal_DIB\ig\MMY_473164.jpg,3_metamielosit
MMY_473242_ccrop.jpg,MMY_473242,MMY,PBC_dataset_normal_DIB\ig\MMY_473242.jpg,3_metamielosit
MMY_473519_ccrop.jpg,MMY_473519,MMY,PBC_dataset_normal_DIB\ig\MMY_473519.jpg,3_metamielosit
MMY_475621_ccrop.jpg,MMY_475621,MMY,PBC_dataset_normal_DIB\ig\MMY_475621.jpg,3_metamielosit
MMY_477904_ccrop.jpg,MMY_477904,MMY,PBC_dataset_normal_DIB\ig\MMY_477904.jpg,3_metamielosit
MMY_479018_ccrop.jpg,MMY_479018,MMY,PBC_dataset_normal_DIB\ig\MMY_479018.jpg,3_metamielosit
MMY_479868_ccrop.jpg,MMY_479868,MMY,PBC_dataset_normal_DIB\ig\MMY_479868.jpg,3_metamielosit
MMY_481706_ccrop.jpg,MMY_481706,MMY,PBC_dataset_normal_DIB\ig\MMY_481706.jpg,3_metamielosit
MMY_482591_ccrop.jpg,MMY_482591,MMY,PBC_dataset_normal_DIB\ig\MMY_482591.jpg,3_metamielosit
MMY_482816_ccrop.jpg,MMY_482816,MMY,PBC_dataset_normal_DIB\ig\MMY_482816.jpg,3_metamielosit
MMY_483770_ccrop.jpg,MMY_483770,MMY,PBC_dataset_normal_DIB\ig\MMY_483770.jpg,3_metamielosit
MMY_483809_ccrop.jpg,MMY_483809,MMY,PBC_dataset_normal_DIB\ig\MMY_483809.jpg,3_metamielosit
MMY_4856_ccrop.jpg,MMY_4856,MMY,PBC_dataset_normal_DIB\ig\MMY_4856.jpg,3_metamielosit
MMY_48577_ccrop.jpg,MMY_48577,MMY,PBC_dataset_normal_DIB\ig\MMY_48577.jpg,3_metamielosit
MMY_485982_ccrop.jpg,MMY_485982,MMY,PBC_dataset_normal_DIB\ig\MMY_485982.jpg,3_metamielosit
MMY_486237_ccrop.jpg,MMY_486237,MMY,PBC_dataset_normal_DIB\ig\MMY_486237.jpg,3_metamielosit
MMY_486384_ccrop.jpg,MMY_486384,MMY,PBC_dataset_normal_DIB\ig\MMY_486384.jpg,3_metamielosit
MMY_486684_ccrop.jpg,MMY_486684,MMY,PBC_dataset_normal_DIB\ig\MMY_486684.jpg,3_metamielosit
MMY_488204_ccrop.jpg,MMY_488204,MMY,PBC_dataset_normal_DIB\ig\MMY_488204.jpg,3_metamielosit
MMY_48921_ccrop.jpg,MMY_48921,MMY,PBC_dataset_normal_DIB\ig\MMY_48921.jpg,3_metamielosit
MMY_490168_ccrop.jpg,MMY_490168,MMY,PBC_dataset_normal_DIB\ig\MMY_490168.jpg,3_metamielosit
MMY_49018_ccrop.jpg,MMY_49018,MMY,PBC_dataset_normal_DIB\ig\MMY_49018.jpg,3_metamielosit
MMY_493309_ccrop.jpg,MMY_493309,MMY,PBC_dataset_normal_DIB\ig\MMY_493309.jpg,3_metamielosit
MMY_493321_ccrop.jpg,MMY_493321,MMY,PBC_dataset_normal_DIB\ig\MMY_493321.jpg,3_metamielosit
MMY_493957_ccrop.jpg,MMY_493957,MMY,PBC_dataset_normal_DIB\ig\MMY_493957.jpg,3_metamielosit
MMY_494835_ccrop.jpg,MMY_494835,MMY,PBC_dataset_normal_DIB\ig\MMY_494835.jpg,3_metamielosit
MMY_495324_ccrop.jpg,MMY_495324,MMY,PBC_dataset_normal_DIB\ig\MMY_495324.jpg,3_metamielosit
MMY_496221_ccrop.jpg,MMY_496221,MMY,PBC_dataset_normal_DIB\ig\MMY_496221.jpg,3_metamielosit
MMY_498839_ccrop.jpg,MMY_498839,MMY,PBC_dataset_normal_DIB\ig\MMY_498839.jpg,3_metamielosit
MMY_498908_ccrop.jpg,MMY_498908,MMY,PBC_dataset_normal_DIB\ig\MMY_498908.jpg,3_metamielosit
MMY_499590_ccrop.jpg,MMY_499590,MMY,PBC_dataset_normal_DIB\ig\MMY_499590.jpg,3_metamielosit
MMY_500110_ccrop.jpg,MMY_500110,MMY,PBC_dataset_normal_DIB\ig\MMY_500110.jpg,3_metamielosit
MMY_500548_ccrop.jpg,MMY_500548,MMY,PBC_dataset_normal_DIB\ig\MMY_500548.jpg,3_metamielosit
MMY_501195_ccrop.jpg,MMY_501195,MMY,PBC_dataset_normal_DIB\ig\MMY_501195.jpg,3_metamielosit
MMY_501847_ccrop.jpg,MMY_501847,MMY,PBC_dataset_normal_DIB\ig\MMY_501847.jpg,3_metamielosit
MMY_504572_ccrop.jpg,MMY_504572,MMY,PBC_dataset_normal_DIB\ig\MMY_504572.jpg,3_metamielosit
MMY_505203_ccrop.jpg,MMY_505203,MMY,PBC_dataset_normal_DIB\ig\MMY_505203.jpg,3_metamielosit
MMY_505287_ccrop.jpg,MMY_505287,MMY,PBC_dataset_normal_DIB\ig\MMY_505287.jpg,3_metamielosit
MMY_505537_ccrop.jpg,MMY_505537,MMY,PBC_dataset_normal_DIB\ig\MMY_505537.jpg,3_metamielosit
MMY_509632_ccrop.jpg,MMY_509632,MMY,PBC_dataset_normal_DIB\ig\MMY_509632.jpg,3_metamielosit
MMY_509781_ccrop.jpg,MMY_509781,MMY,PBC_dataset_normal_DIB\ig\MMY_509781.jpg,3_metamielosit
MMY_510160_ccrop.jpg,MMY_510160,MMY,PBC_dataset_normal_DIB\ig\MMY_510160.jpg,3_metamielosit
MMY_510579_ccrop.jpg,MMY_510579,MMY,PBC_dataset_normal_DIB\ig\MMY_510579.jpg,3_metamielosit
MMY_510665_ccrop.jpg,MMY_510665,MMY,PBC_dataset_normal_DIB\ig\MMY_510665.jpg,3_metamielosit
MMY_512208_ccrop.jpg,MMY_512208,MMY,PBC_dataset_normal_DIB\ig\MMY_512208.jpg,3_metamielosit
MMY_512568_ccrop.jpg,MMY_512568,MMY,PBC_dataset_normal_DIB\ig\MMY_512568.jpg,3_metamielosit
MMY_513394_ccrop.jpg,MMY_513394,MMY,PBC_dataset_normal_DIB\ig\MMY_513394.jpg,3_metamielosit
MMY_514048_ccrop.jpg,MMY_514048,MMY,PBC_dataset_normal_DIB\ig\MMY_514048.jpg,3_metamielosit
MMY_514496_ccrop.jpg,MMY_514496,MMY,PBC_dataset_normal_DIB\ig\MMY_514496.jpg,3_metamielosit
MMY_515058_ccrop.jpg,MMY_515058,MMY,PBC_dataset_normal_DIB\ig\MMY_515058.jpg,3_metamielosit
MMY_516316_ccrop.jpg,MMY_516316,MMY,PBC_dataset_normal_DIB\ig\MMY_516316.jpg,3_metamielosit
MMY_516686_ccrop.jpg,MMY_516686,MMY,PBC_dataset_normal_DIB\ig\MMY_516686.jpg,3_metamielosit
MMY_517905_ccrop.jpg,MMY_517905,MMY,PBC_dataset_normal_DIB\ig\MMY_517905.jpg,3_metamielosit
MMY_523094_ccrop.jpg,MMY_523094,MMY,PBC_dataset_normal_DIB\ig\MMY_523094.jpg,3_metamielosit
MMY_523610_ccrop.jpg,MMY_523610,MMY,PBC_dataset_normal_DIB\ig\MMY_523610.jpg,3_metamielosit
MMY_525728_ccrop.jpg,MMY_525728,MMY,PBC_dataset_normal_DIB\ig\MMY_525728.jpg,3_metamielosit
MMY_526039_ccrop.jpg,MMY_526039,MMY,PBC_dataset_normal_DIB\ig\MMY_526039.jpg,3_metamielosit
MMY_527103_ccrop.jpg,MMY_527103,MMY,PBC_dataset_normal_DIB\ig\MMY_527103.jpg,3_metamielosit
MMY_527267_ccrop.jpg,MMY_527267,MMY,PBC_dataset_normal_DIB\ig\MMY_527267.jpg,3_metamielosit
MMY_528360_ccrop.jpg,MMY_528360,MMY,PBC_dataset_normal_DIB\ig\MMY_528360.jpg,3_metamielosit
MMY_528920_ccrop.jpg,MMY_528920,MMY,PBC_dataset_normal_DIB\ig\MMY_528920.jpg,3_metamielosit
MMY_529830_ccrop.jpg,MMY_529830,MMY,PBC_dataset_normal_DIB\ig\MMY_529830.jpg,3_metamielosit
MMY_530007_ccrop.jpg,MMY_530007,MMY,PBC_dataset_normal_DIB\ig\MMY_530007.jpg,3_metamielosit
MMY_532614_ccrop.jpg,MMY_532614,MMY,PBC_dataset_normal_DIB\ig\MMY_532614.jpg,3_metamielosit
MMY_533676_ccrop.jpg,MMY_533676,MMY,PBC_dataset_normal_DIB\ig\MMY_533676.jpg,3_metamielosit
MMY_533782_ccrop.jpg,MMY_533782,MMY,PBC_dataset_normal_DIB\ig\MMY_533782.jpg,3_metamielosit
MMY_534803_ccrop.jpg,MMY_534803,MMY,PBC_dataset_normal_DIB\ig\MMY_534803.jpg,3_metamielosit
MMY_537620_ccrop.jpg,MMY_537620,MMY,PBC_dataset_normal_DIB\ig\MMY_537620.jpg,3_metamielosit
MMY_537813_ccrop.jpg,MMY_537813,MMY,PBC_dataset_normal_DIB\ig\MMY_537813.jpg,3_metamielosit
MMY_539510_ccrop.jpg,MMY_539510,MMY,PBC_dataset_normal_DIB\ig\MMY_539510.jpg,3_metamielosit
MMY_539783_ccrop.jpg,MMY_539783,MMY,PBC_dataset_normal_DIB\ig\MMY_539783.jpg,3_metamielosit
MMY_539990_ccrop.jpg,MMY_539990,MMY,PBC_dataset_normal_DIB\ig\MMY_539990.jpg,3_metamielosit
MMY_540609_ccrop.jpg,MMY_540609,MMY,PBC_dataset_normal_DIB\ig\MMY_540609.jpg,3_metamielosit
MMY_542689_ccrop.jpg,MMY_542689,MMY,PBC_dataset_normal_DIB\ig\MMY_542689.jpg,3_metamielosit
MMY_543820_ccrop.jpg,MMY_543820,MMY,PBC_dataset_normal_DIB\ig\MMY_543820.jpg,3_metamielosit
MMY_544124_ccrop.jpg,MMY_544124,MMY,PBC_dataset_normal_DIB\ig\MMY_544124.jpg,3_metamielosit
MMY_544571_ccrop.jpg,MMY_544571,MMY,PBC_dataset_normal_DIB\ig\MMY_544571.jpg,3_metamielosit
MMY_54670_ccrop.jpg,MMY_54670,MMY,PBC_dataset_normal_DIB\ig\MMY_54670.jpg,3_metamielosit
MMY_548007_ccrop.jpg,MMY_548007,MMY,PBC_dataset_normal_DIB\ig\MMY_548007.jpg,3_metamielosit
MMY_548286_ccrop.jpg,MMY_548286,MMY,PBC_dataset_normal_DIB\ig\MMY_548286.jpg,3_metamielosit
MMY_548476_ccrop.jpg,MMY_548476,MMY,PBC_dataset_normal_DIB\ig\MMY_548476.jpg,3_metamielosit
MMY_54894_ccrop.jpg,MMY_54894,MMY,PBC_dataset_normal_DIB\ig\MMY_54894.jpg,3_metamielosit
MMY_551149_ccrop.jpg,MMY_551149,MMY,PBC_dataset_normal_DIB\ig\MMY_551149.jpg,3_metamielosit
MMY_551307_ccrop.jpg,MMY_551307,MMY,PBC_dataset_normal_DIB\ig\MMY_551307.jpg,3_metamielosit
MMY_55138_ccrop.jpg,MMY_55138,MMY,PBC_dataset_normal_DIB\ig\MMY_55138.jpg,3_metamielosit
MMY_556440_ccrop.jpg,MMY_556440,MMY,PBC_dataset_normal_DIB\ig\MMY_556440.jpg,3_metamielosit
MMY_556551_ccrop.jpg,MMY_556551,MMY,PBC_dataset_normal_DIB\ig\MMY_556551.jpg,3_metamielosit
MMY_557434_ccrop.jpg,MMY_557434,MMY,PBC_dataset_normal_DIB\ig\MMY_557434.jpg,3_metamielosit
MMY_559956_ccrop.jpg,MMY_559956,MMY,PBC_dataset_normal_DIB\ig\MMY_559956.jpg,3_metamielosit
MMY_56149_ccrop.jpg,MMY_56149,MMY,PBC_dataset_normal_DIB\ig\MMY_56149.jpg,3_metamielosit
MMY_563741_ccrop.jpg,MMY_563741,MMY,PBC_dataset_normal_DIB\ig\MMY_563741.jpg,3_metamielosit
MMY_563946_ccrop.jpg,MMY_563946,MMY,PBC_dataset_normal_DIB\ig\MMY_563946.jpg,3_metamielosit
MMY_564743_ccrop.jpg,MMY_564743,MMY,PBC_dataset_normal_DIB\ig\MMY_564743.jpg,3_metamielosit
MMY_566153_ccrop.jpg,MMY_566153,MMY,PBC_dataset_normal_DIB\ig\MMY_566153.jpg,3_metamielosit
MMY_566199_ccrop.jpg,MMY_566199,MMY,PBC_dataset_normal_DIB\ig\MMY_566199.jpg,3_metamielosit
MMY_566526_ccrop.jpg,MMY_566526,MMY,PBC_dataset_normal_DIB\ig\MMY_566526.jpg,3_metamielosit
MMY_566743_ccrop.jpg,MMY_566743,MMY,PBC_dataset_normal_DIB\ig\MMY_566743.jpg,3_metamielosit
MMY_567014_ccrop.jpg,MMY_567014,MMY,PBC_dataset_normal_DIB\ig\MMY_567014.jpg,3_metamielosit
MMY_567721_ccrop.jpg,MMY_567721,MMY,PBC_dataset_normal_DIB\ig\MMY_567721.jpg,3_metamielosit
MMY_568774_ccrop.jpg,MMY_568774,MMY,PBC_dataset_normal_DIB\ig\MMY_568774.jpg,3_metamielosit
MMY_569099_ccrop.jpg,MMY_569099,MMY,PBC_dataset_normal_DIB\ig\MMY_569099.jpg,3_metamielosit
MMY_570600_ccrop.jpg,MMY_570600,MMY,PBC_dataset_normal_DIB\ig\MMY_570600.jpg,3_metamielosit
MMY_572488_ccrop.jpg,MMY_572488,MMY,PBC_dataset_normal_DIB\ig\MMY_572488.jpg,3_metamielosit
MMY_572952_ccrop.jpg,MMY_572952,MMY,PBC_dataset_normal_DIB\ig\MMY_572952.jpg,3_metamielosit
MMY_574581_ccrop.jpg,MMY_574581,MMY,PBC_dataset_normal_DIB\ig\MMY_574581.jpg,3_metamielosit
MMY_578488_ccrop.jpg,MMY_578488,MMY,PBC_dataset_normal_DIB\ig\MMY_578488.jpg,3_metamielosit
MMY_579603_ccrop.jpg,MMY_579603,MMY,PBC_dataset_normal_DIB\ig\MMY_579603.jpg,3_metamielosit
MMY_579750_ccrop.jpg,MMY_579750,MMY,PBC_dataset_normal_DIB\ig\MMY_579750.jpg,3_metamielosit
MMY_580056_ccrop.jpg,MMY_580056,MMY,PBC_dataset_normal_DIB\ig\MMY_580056.jpg,3_metamielosit
MMY_580358_ccrop.jpg,MMY_580358,MMY,PBC_dataset_normal_DIB\ig\MMY_580358.jpg,3_metamielosit
MMY_582109_ccrop.jpg,MMY_582109,MMY,PBC_dataset_normal_DIB\ig\MMY_582109.jpg,3_metamielosit
MMY_583780_ccrop.jpg,MMY_583780,MMY,PBC_dataset_normal_DIB\ig\MMY_583780.jpg,3_metamielosit
MMY_585182_ccrop.jpg,MMY_585182,MMY,PBC_dataset_normal_DIB\ig\MMY_585182.jpg,3_metamielosit
MMY_586361_ccrop.jpg,MMY_586361,MMY,PBC_dataset_normal_DIB\ig\MMY_586361.jpg,3_metamielosit
MMY_586398_ccrop.jpg,MMY_586398,MMY,PBC_dataset_normal_DIB\ig\MMY_586398.jpg,3_metamielosit
MMY_586942_ccrop.jpg,MMY_586942,MMY,PBC_dataset_normal_DIB\ig\MMY_586942.jpg,3_metamielosit
MMY_58781_ccrop.jpg,MMY_58781,MMY,PBC_dataset_normal_DIB\ig\MMY_58781.jpg,3_metamielosit
MMY_589252_ccrop.jpg,MMY_589252,MMY,PBC_dataset_normal_DIB\ig\MMY_589252.jpg,3_metamielosit
MMY_59134_ccrop.jpg,MMY_59134,MMY,PBC_dataset_normal_DIB\ig\MMY_59134.jpg,3_metamielosit
MMY_59156_ccrop.jpg,MMY_59156,MMY,PBC_dataset_normal_DIB\ig\MMY_59156.jpg,3_metamielosit
MMY_591946_ccrop.jpg,MMY_591946,MMY,PBC_dataset_normal_DIB\ig\MMY_591946.jpg,3_metamielosit
MMY_592368_ccrop.jpg,MMY_592368,MMY,PBC_dataset_normal_DIB\ig\MMY_592368.jpg,3_metamielosit
MMY_593667_ccrop.jpg,MMY_593667,MMY,PBC_dataset_normal_DIB\ig\MMY_593667.jpg,3_metamielosit
MMY_59412_ccrop.jpg,MMY_59412,MMY,PBC_dataset_normal_DIB\ig\MMY_59412.jpg,3_metamielosit
MMY_594409_ccrop.jpg,MMY_594409,MMY,PBC_dataset_normal_DIB\ig\MMY_594409.jpg,3_metamielosit
MMY_594467_ccrop.jpg,MMY_594467,MMY,PBC_dataset_normal_DIB\ig\MMY_594467.jpg,3_metamielosit
MMY_59525_ccrop.jpg,MMY_59525,MMY,PBC_dataset_normal_DIB\ig\MMY_59525.jpg,3_metamielosit
MMY_599498_ccrop.jpg,MMY_599498,MMY,PBC_dataset_normal_DIB\ig\MMY_599498.jpg,3_metamielosit
MMY_600869_ccrop.jpg,MMY_600869,MMY,PBC_dataset_normal_DIB\ig\MMY_600869.jpg,3_metamielosit
MMY_600895_ccrop.jpg,MMY_600895,MMY,PBC_dataset_normal_DIB\ig\MMY_600895.jpg,3_metamielosit
MMY_601267_ccrop.jpg,MMY_601267,MMY,PBC_dataset_normal_DIB\ig\MMY_601267.jpg,3_metamielosit
MMY_601505_ccrop.jpg,MMY_601505,MMY,PBC_dataset_normal_DIB\ig\MMY_601505.jpg,3_metamielosit
MMY_601767_ccrop.jpg,MMY_601767,MMY,PBC_dataset_normal_DIB\ig\MMY_601767.jpg,3_metamielosit
MMY_602218_ccrop.jpg,MMY_602218,MMY,PBC_dataset_normal_DIB\ig\MMY_602218.jpg,3_metamielosit
MMY_603433_ccrop.jpg,MMY_603433,MMY,PBC_dataset_normal_DIB\ig\MMY_603433.jpg,3_metamielosit
MMY_603469_ccrop.jpg,MMY_603469,MMY,PBC_dataset_normal_DIB\ig\MMY_603469.jpg,3_metamielosit
MMY_604486_ccrop.jpg,MMY_604486,MMY,PBC_dataset_normal_DIB\ig\MMY_604486.jpg,3_metamielosit
MMY_604514_ccrop.jpg,MMY_604514,MMY,PBC_dataset_normal_DIB\ig\MMY_604514.jpg,3_metamielosit
MMY_606779_ccrop.jpg,MMY_606779,MMY,PBC_dataset_normal_DIB\ig\MMY_606779.jpg,3_metamielosit
MMY_607212_ccrop.jpg,MMY_607212,MMY,PBC_dataset_normal_DIB\ig\MMY_607212.jpg,3_metamielosit
MMY_60767_ccrop.jpg,MMY_60767,MMY,PBC_dataset_normal_DIB\ig\MMY_60767.jpg,3_metamielosit
MMY_608981_ccrop.jpg,MMY_608981,MMY,PBC_dataset_normal_DIB\ig\MMY_608981.jpg,3_metamielosit
MMY_609050_ccrop.jpg,MMY_609050,MMY,PBC_dataset_normal_DIB\ig\MMY_609050.jpg,3_metamielosit
MMY_609988_ccrop.jpg,MMY_609988,MMY,PBC_dataset_normal_DIB\ig\MMY_609988.jpg,3_metamielosit
MMY_610298_ccrop.jpg,MMY_610298,MMY,PBC_dataset_normal_DIB\ig\MMY_610298.jpg,3_metamielosit
MMY_610510_ccrop.jpg,MMY_610510,MMY,PBC_dataset_normal_DIB\ig\MMY_610510.jpg,3_metamielosit
MMY_611784_ccrop.jpg,MMY_611784,MMY,PBC_dataset_normal_DIB\ig\MMY_611784.jpg,3_metamielosit
MMY_613176_ccrop.jpg,MMY_613176,MMY,PBC_dataset_normal_DIB\ig\MMY_613176.jpg,3_metamielosit
MMY_613947_ccrop.jpg,MMY_613947,MMY,PBC_dataset_normal_DIB\ig\MMY_613947.jpg,3_metamielosit
MMY_614099_ccrop.jpg,MMY_614099,MMY,PBC_dataset_normal_DIB\ig\MMY_614099.jpg,3_metamielosit
MMY_615067_ccrop.jpg,MMY_615067,MMY,PBC_dataset_normal_DIB\ig\MMY_615067.jpg,3_metamielosit
MMY_616190_ccrop.jpg,MMY_616190,MMY,PBC_dataset_normal_DIB\ig\MMY_616190.jpg,3_metamielosit
MMY_616831_ccrop.jpg,MMY_616831,MMY,PBC_dataset_normal_DIB\ig\MMY_616831.jpg,3_metamielosit
MMY_617059_ccrop.jpg,MMY_617059,MMY,PBC_dataset_normal_DIB\ig\MMY_617059.jpg,3_metamielosit
MMY_617376_ccrop.jpg,MMY_617376,MMY,PBC_dataset_normal_DIB\ig\MMY_617376.jpg,3_metamielosit
MMY_619292_ccrop.jpg,MMY_619292,MMY,PBC_dataset_normal_DIB\ig\MMY_619292.jpg,3_metamielosit
MMY_621867_ccrop.jpg,MMY_621867,MMY,PBC_dataset_normal_DIB\ig\MMY_621867.jpg,3_metamielosit
MMY_622675_ccrop.jpg,MMY_622675,MMY,PBC_dataset_normal_DIB\ig\MMY_622675.jpg,3_metamielosit
MMY_624969_ccrop.jpg,MMY_624969,MMY,PBC_dataset_normal_DIB\ig\MMY_624969.jpg,3_metamielosit
MMY_625474_ccrop.jpg,MMY_625474,MMY,PBC_dataset_normal_DIB\ig\MMY_625474.jpg,3_metamielosit
MMY_630078_ccrop.jpg,MMY_630078,MMY,PBC_dataset_normal_DIB\ig\MMY_630078.jpg,3_metamielosit
MMY_630601_ccrop.jpg,MMY_630601,MMY,PBC_dataset_normal_DIB\ig\MMY_630601.jpg,3_metamielosit
MMY_63114_ccrop.jpg,MMY_63114,MMY,PBC_dataset_normal_DIB\ig\MMY_63114.jpg,3_metamielosit
MMY_631766_ccrop.jpg,MMY_631766,MMY,PBC_dataset_normal_DIB\ig\MMY_631766.jpg,3_metamielosit
MMY_632196_ccrop.jpg,MMY_632196,MMY,PBC_dataset_normal_DIB\ig\MMY_632196.jpg,3_metamielosit
MMY_634492_ccrop.jpg,MMY_634492,MMY,PBC_dataset_normal_DIB\ig\MMY_634492.jpg,3_metamielosit
MMY_63566_ccrop.jpg,MMY_63566,MMY,PBC_dataset_normal_DIB\ig\MMY_63566.jpg,3_metamielosit
MMY_636029_ccrop.jpg,MMY_636029,MMY,PBC_dataset_normal_DIB\ig\MMY_636029.jpg,3_metamielosit
MMY_63678_ccrop.jpg,MMY_63678,MMY,PBC_dataset_normal_DIB\ig\MMY_63678.jpg,3_metamielosit
MMY_639899_ccrop.jpg,MMY_639899,MMY,PBC_dataset_normal_DIB\ig\MMY_639899.jpg,3_metamielosit
MMY_640070_ccrop.jpg,MMY_640070,MMY,PBC_dataset_normal_DIB\ig\MMY_640070.jpg,3_metamielosit
MMY_641300_ccrop.jpg,MMY_641300,MMY,PBC_dataset_normal_DIB\ig\MMY_641300.jpg,3_metamielosit
MMY_642093_ccrop.jpg,MMY_642093,MMY,PBC_dataset_normal_DIB\ig\MMY_642093.jpg,3_metamielosit
MMY_642404_ccrop.jpg,MMY_642404,MMY,PBC_dataset_normal_DIB\ig\MMY_642404.jpg,3_metamielosit
MMY_645219_ccrop.jpg,MMY_645219,MMY,PBC_dataset_normal_DIB\ig\MMY_645219.jpg,3_metamielosit
MMY_64547_ccrop.jpg,MMY_64547,MMY,PBC_dataset_normal_DIB\ig\MMY_64547.jpg,3_metamielosit
MMY_647211_ccrop.jpg,MMY_647211,MMY,PBC_dataset_normal_DIB\ig\MMY_647211.jpg,3_metamielosit
MMY_647342_ccrop.jpg,MMY_647342,MMY,PBC_dataset_normal_DIB\ig\MMY_647342.jpg,3_metamielosit
MMY_650033_ccrop.jpg,MMY_650033,MMY,PBC_dataset_normal_DIB\ig\MMY_650033.jpg,3_metamielosit
MMY_650708_ccrop.jpg,MMY_650708,MMY,PBC_dataset_normal_DIB\ig\MMY_650708.jpg,3_metamielosit
MMY_650933_ccrop.jpg,MMY_650933,MMY,PBC_dataset_normal_DIB\ig\MMY_650933.jpg,3_metamielosit
MMY_651916_ccrop.jpg,MMY_651916,MMY,PBC_dataset_normal_DIB\ig\MMY_651916.jpg,3_metamielosit
MMY_652880_ccrop.jpg,MMY_652880,MMY,PBC_dataset_normal_DIB\ig\MMY_652880.jpg,3_metamielosit
MMY_653295_ccrop.jpg,MMY_653295,MMY,PBC_dataset_normal_DIB\ig\MMY_653295.jpg,3_metamielosit
MMY_653686_ccrop.jpg,MMY_653686,MMY,PBC_dataset_normal_DIB\ig\MMY_653686.jpg,3_metamielosit
MMY_653818_ccrop.jpg,MMY_653818,MMY,PBC_dataset_normal_DIB\ig\MMY_653818.jpg,3_metamielosit
MMY_654116_ccrop.jpg,MMY_654116,MMY,PBC_dataset_normal_DIB\ig\MMY_654116.jpg,3_metamielosit
MMY_656575_ccrop.jpg,MMY_656575,MMY,PBC_dataset_normal_DIB\ig\MMY_656575.jpg,3_metamielosit
MMY_656824_ccrop.jpg,MMY_656824,MMY,PBC_dataset_normal_DIB\ig\MMY_656824.jpg,3_metamielosit
MMY_658445_ccrop.jpg,MMY_658445,MMY,PBC_dataset_normal_DIB\ig\MMY_658445.jpg,3_metamielosit
MMY_658487_ccrop.jpg,MMY_658487,MMY,PBC_dataset_normal_DIB\ig\MMY_658487.jpg,3_metamielosit
MMY_66041_ccrop.jpg,MMY_66041,MMY,PBC_dataset_normal_DIB\ig\MMY_66041.jpg,3_metamielosit
MMY_661553_ccrop.jpg,MMY_661553,MMY,PBC_dataset_normal_DIB\ig\MMY_661553.jpg,3_metamielosit
MMY_663334_ccrop.jpg,MMY_663334,MMY,PBC_dataset_normal_DIB\ig\MMY_663334.jpg,3_metamielosit
MMY_663453_ccrop.jpg,MMY_663453,MMY,PBC_dataset_normal_DIB\ig\MMY_663453.jpg,3_metamielosit
MMY_665931_ccrop.jpg,MMY_665931,MMY,PBC_dataset_normal_DIB\ig\MMY_665931.jpg,3_metamielosit
MMY_666432_ccrop.jpg,MMY_666432,MMY,PBC_dataset_normal_DIB\ig\MMY_666432.jpg,3_metamielosit
MMY_667843_ccrop.jpg,MMY_667843,MMY,PBC_dataset_normal_DIB\ig\MMY_667843.jpg,3_metamielosit
MMY_669472_ccrop.jpg,MMY_669472,MMY,PBC_dataset_normal_DIB\ig\MMY_669472.jpg,3_metamielosit
MMY_670491_ccrop.jpg,MMY_670491,MMY,PBC_dataset_normal_DIB\ig\MMY_670491.jpg,3_metamielosit
MMY_670737_ccrop.jpg,MMY_670737,MMY,PBC_dataset_normal_DIB\ig\MMY_670737.jpg,3_metamielosit
MMY_672616_ccrop.jpg,MMY_672616,MMY,PBC_dataset_normal_DIB\ig\MMY_672616.jpg,3_metamielosit
MMY_67264_ccrop.jpg,MMY_67264,MMY,PBC_dataset_normal_DIB\ig\MMY_67264.jpg,3_metamielosit
MMY_673739_ccrop.jpg,MMY_673739,MMY,PBC_dataset_normal_DIB\ig\MMY_673739.jpg,3_metamielosit
MMY_674793_ccrop.jpg,MMY_674793,MMY,PBC_dataset_normal_DIB\ig\MMY_674793.jpg,3_metamielosit
MMY_675108_ccrop.jpg,MMY_675108,MMY,PBC_dataset_normal_DIB\ig\MMY_675108.jpg,3_metamielosit
MMY_675168_ccrop.jpg,MMY_675168,MMY,PBC_dataset_normal_DIB\ig\MMY_675168.jpg,3_metamielosit
MMY_675867_ccrop.jpg,MMY_675867,MMY,PBC_dataset_normal_DIB\ig\MMY_675867.jpg,3_metamielosit
MMY_676138_ccrop.jpg,MMY_676138,MMY,PBC_dataset_normal_DIB\ig\MMY_676138.jpg,3_metamielosit
MMY_676553_ccrop.jpg,MMY_676553,MMY,PBC_dataset_normal_DIB\ig\MMY_676553.jpg,3_metamielosit
MMY_677451_ccrop.jpg,MMY_677451,MMY,PBC_dataset_normal_DIB\ig\MMY_677451.jpg,3_metamielosit
MMY_678316_ccrop.jpg,MMY_678316,MMY,PBC_dataset_normal_DIB\ig\MMY_678316.jpg,3_metamielosit
MMY_678680_ccrop.jpg,MMY_678680,MMY,PBC_dataset_normal_DIB\ig\MMY_678680.jpg,3_metamielosit
MMY_678698_ccrop.jpg,MMY_678698,MMY,PBC_dataset_normal_DIB\ig\MMY_678698.jpg,3_metamielosit
MMY_678834_ccrop.jpg,MMY_678834,MMY,PBC_dataset_normal_DIB\ig\MMY_678834.jpg,3_metamielosit
MMY_679232_ccrop.jpg,MMY_679232,MMY,PBC_dataset_normal_DIB\ig\MMY_679232.jpg,3_metamielosit
MMY_679334_ccrop.jpg,MMY_679334,MMY,PBC_dataset_normal_DIB\ig\MMY_679334.jpg,3_metamielosit
MMY_67970_ccrop.jpg,MMY_67970,MMY,PBC_dataset_normal_DIB\ig\MMY_67970.jpg,3_metamielosit
MMY_68077_ccrop.jpg,MMY_68077,MMY,PBC_dataset_normal_DIB\ig\MMY_68077.jpg,3_metamielosit
MMY_680963_ccrop.jpg,MMY_680963,MMY,PBC_dataset_normal_DIB\ig\MMY_680963.jpg,3_metamielosit
MMY_681203_ccrop.jpg,MMY_681203,MMY,PBC_dataset_normal_DIB\ig\MMY_681203.jpg,3_metamielosit
MMY_681358_ccrop.jpg,MMY_681358,MMY,PBC_dataset_normal_DIB\ig\MMY_681358.jpg,3_metamielosit
MMY_685315_ccrop.jpg,MMY_685315,MMY,PBC_dataset_normal_DIB\ig\MMY_685315.jpg,3_metamielosit
MMY_686451_ccrop.jpg,MMY_686451,MMY,PBC_dataset_normal_DIB\ig\MMY_686451.jpg,3_metamielosit
MMY_686821_ccrop.jpg,MMY_686821,MMY,PBC_dataset_normal_DIB\ig\MMY_686821.jpg,3_metamielosit
MMY_68684_ccrop.jpg,MMY_68684,MMY,PBC_dataset_normal_DIB\ig\MMY_68684.jpg,3_metamielosit
MMY_689341_ccrop.jpg,MMY_689341,MMY,PBC_dataset_normal_DIB\ig\MMY_689341.jpg,3_metamielosit
MMY_689595_ccrop.jpg,MMY_689595,MMY,PBC_dataset_normal_DIB\ig\MMY_689595.jpg,3_metamielosit
MMY_69091_ccrop.jpg,MMY_69091,MMY,PBC_dataset_normal_DIB\ig\MMY_69091.jpg,3_metamielosit
MMY_693245_ccrop.jpg,MMY_693245,MMY,PBC_dataset_normal_DIB\ig\MMY_693245.jpg,3_metamielosit
MMY_694442_ccrop.jpg,MMY_694442,MMY,PBC_dataset_normal_DIB\ig\MMY_694442.jpg,3_metamielosit
MMY_694459_ccrop.jpg,MMY_694459,MMY,PBC_dataset_normal_DIB\ig\MMY_694459.jpg,3_metamielosit
MMY_694656_ccrop.jpg,MMY_694656,MMY,PBC_dataset_normal_DIB\ig\MMY_694656.jpg,3_metamielosit
MMY_695007_ccrop.jpg,MMY_695007,MMY,PBC_dataset_normal_DIB\ig\MMY_695007.jpg,3_metamielosit
MMY_695743_ccrop.jpg,MMY_695743,MMY,PBC_dataset_normal_DIB\ig\MMY_695743.jpg,3_metamielosit
MMY_695964_ccrop.jpg,MMY_695964,MMY,PBC_dataset_normal_DIB\ig\MMY_695964.jpg,3_metamielosit
MMY_696538_ccrop.jpg,MMY_696538,MMY,PBC_dataset_normal_DIB\ig\MMY_696538.jpg,3_metamielosit
MMY_69761_ccrop.jpg,MMY_69761,MMY,PBC_dataset_normal_DIB\ig\MMY_69761.jpg,3_metamielosit
MMY_700228_ccrop.jpg,MMY_700228,MMY,PBC_dataset_normal_DIB\ig\MMY_700228.jpg,3_metamielosit
MMY_702771_ccrop.jpg,MMY_702771,MMY,PBC_dataset_normal_DIB\ig\MMY_702771.jpg,3_metamielosit
MMY_703140_ccrop.jpg,MMY_703140,MMY,PBC_dataset_normal_DIB\ig\MMY_703140.jpg,3_metamielosit
MMY_704276_ccrop.jpg,MMY_704276,MMY,PBC_dataset_normal_DIB\ig\MMY_704276.jpg,3_metamielosit
MMY_704524_ccrop.jpg,MMY_704524,MMY,PBC_dataset_normal_DIB\ig\MMY_704524.jpg,3_metamielosit
MMY_70789_ccrop.jpg,MMY_70789,MMY,PBC_dataset_normal_DIB\ig\MMY_70789.jpg,3_metamielosit
MMY_71180_ccrop.jpg,MMY_71180,MMY,PBC_dataset_normal_DIB\ig\MMY_71180.jpg,3_metamielosit
MMY_712340_ccrop.jpg,MMY_712340,MMY,PBC_dataset_normal_DIB\ig\MMY_712340.jpg,3_metamielosit
MMY_71272_ccrop.jpg,MMY_71272,MMY,PBC_dataset_normal_DIB\ig\MMY_71272.jpg,3_metamielosit
MMY_713600_ccrop.jpg,MMY_713600,MMY,PBC_dataset_normal_DIB\ig\MMY_713600.jpg,3_metamielosit
MMY_71704_ccrop.jpg,MMY_71704,MMY,PBC_dataset_normal_DIB\ig\MMY_71704.jpg,3_metamielosit
MMY_717836_ccrop.jpg,MMY_717836,MMY,PBC_dataset_normal_DIB\ig\MMY_717836.jpg,3_metamielosit
MMY_718083_ccrop.jpg,MMY_718083,MMY,PBC_dataset_normal_DIB\ig\MMY_718083.jpg,3_metamielosit
MMY_719515_ccrop.jpg,MMY_719515,MMY,PBC_dataset_normal_DIB\ig\MMY_719515.jpg,3_metamielosit
MMY_719838_ccrop.jpg,MMY_719838,MMY,PBC_dataset_normal_DIB\ig\MMY_719838.jpg,3_metamielosit
MMY_720207_ccrop.jpg,MMY_720207,MMY,PBC_dataset_normal_DIB\ig\MMY_720207.jpg,3_metamielosit
MMY_721640_ccrop.jpg,MMY_721640,MMY,PBC_dataset_normal_DIB\ig\MMY_721640.jpg,3_metamielosit
MMY_723163_ccrop.jpg,MMY_723163,MMY,PBC_dataset_normal_DIB\ig\MMY_723163.jpg,3_metamielosit
MMY_723798_ccrop.jpg,MMY_723798,MMY,PBC_dataset_normal_DIB\ig\MMY_723798.jpg,3_metamielosit
MMY_723979_ccrop.jpg,MMY_723979,MMY,PBC_dataset_normal_DIB\ig\MMY_723979.jpg,3_metamielosit
MMY_724249_ccrop.jpg,MMY_724249,MMY,PBC_dataset_normal_DIB\ig\MMY_724249.jpg,3_metamielosit
MMY_72605_ccrop.jpg,MMY_72605,MMY,PBC_dataset_normal_DIB\ig\MMY_72605.jpg,3_metamielosit
MMY_728649_ccrop.jpg,MMY_728649,MMY,PBC_dataset_normal_DIB\ig\MMY_728649.jpg,3_metamielosit
MMY_728765_ccrop.jpg,MMY_728765,MMY,PBC_dataset_normal_DIB\ig\MMY_728765.jpg,3_metamielosit
MMY_728989_ccrop.jpg,MMY_728989,MMY,PBC_dataset_normal_DIB\ig\MMY_728989.jpg,3_metamielosit
MMY_729525_ccrop.jpg,MMY_729525,MMY,PBC_dataset_normal_DIB\ig\MMY_729525.jpg,3_metamielosit
MMY_7296_ccrop.jpg,MMY_7296,MMY,PBC_dataset_normal_DIB\ig\MMY_7296.jpg,3_metamielosit
MMY_729766_ccrop.jpg,MMY_729766,MMY,PBC_dataset_normal_DIB\ig\MMY_729766.jpg,3_metamielosit
MMY_7303_ccrop.jpg,MMY_7303,MMY,PBC_dataset_normal_DIB\ig\MMY_7303.jpg,3_metamielosit
MMY_731207_ccrop.jpg,MMY_731207,MMY,PBC_dataset_normal_DIB\ig\MMY_731207.jpg,3_metamielosit
MMY_73213_ccrop.jpg,MMY_73213,MMY,PBC_dataset_normal_DIB\ig\MMY_73213.jpg,3_metamielosit
MMY_732303_ccrop.jpg,MMY_732303,MMY,PBC_dataset_normal_DIB\ig\MMY_732303.jpg,3_metamielosit
MMY_732453_ccrop.jpg,MMY_732453,MMY,PBC_dataset_normal_DIB\ig\MMY_732453.jpg,3_metamielosit
MMY_733494_ccrop.jpg,MMY_733494,MMY,PBC_dataset_normal_DIB\ig\MMY_733494.jpg,3_metamielosit
MMY_73482_ccrop.jpg,MMY_73482,MMY,PBC_dataset_normal_DIB\ig\MMY_73482.jpg,3_metamielosit
MMY_735079_ccrop.jpg,MMY_735079,MMY,PBC_dataset_normal_DIB\ig\MMY_735079.jpg,3_metamielosit
MMY_736422_ccrop.jpg,MMY_736422,MMY,PBC_dataset_normal_DIB\ig\MMY_736422.jpg,3_metamielosit
MMY_739126_ccrop.jpg,MMY_739126,MMY,PBC_dataset_normal_DIB\ig\MMY_739126.jpg,3_metamielosit
MMY_739162_ccrop.jpg,MMY_739162,MMY,PBC_dataset_normal_DIB\ig\MMY_739162.jpg,3_metamielosit
MMY_739257_ccrop.jpg,MMY_739257,MMY,PBC_dataset_normal_DIB\ig\MMY_739257.jpg,3_metamielosit
MMY_739324_ccrop.jpg,MMY_739324,MMY,PBC_dataset_normal_DIB\ig\MMY_739324.jpg,3_metamielosit
MMY_739420_ccrop.jpg,MMY_739420,MMY,PBC_dataset_normal_DIB\ig\MMY_739420.jpg,3_metamielosit
MMY_74215_ccrop.jpg,MMY_74215,MMY,PBC_dataset_normal_DIB\ig\MMY_74215.jpg,3_metamielosit
MMY_742490_ccrop.jpg,MMY_742490,MMY,PBC_dataset_normal_DIB\ig\MMY_742490.jpg,3_metamielosit
MMY_743708_ccrop.jpg,MMY_743708,MMY,PBC_dataset_normal_DIB\ig\MMY_743708.jpg,3_metamielosit
MMY_744823_ccrop.jpg,MMY_744823,MMY,PBC_dataset_normal_DIB\ig\MMY_744823.jpg,3_metamielosit
MMY_745290_ccrop.jpg,MMY_745290,MMY,PBC_dataset_normal_DIB\ig\MMY_745290.jpg,3_metamielosit
MMY_745580_ccrop.jpg,MMY_745580,MMY,PBC_dataset_normal_DIB\ig\MMY_745580.jpg,3_metamielosit
MMY_745800_ccrop.jpg,MMY_745800,MMY,PBC_dataset_normal_DIB\ig\MMY_745800.jpg,3_metamielosit
MMY_746405_ccrop.jpg,MMY_746405,MMY,PBC_dataset_normal_DIB\ig\MMY_746405.jpg,3_metamielosit
MMY_748001_ccrop.jpg,MMY_748001,MMY,PBC_dataset_normal_DIB\ig\MMY_748001.jpg,3_metamielosit
MMY_749101_ccrop.jpg,MMY_749101,MMY,PBC_dataset_normal_DIB\ig\MMY_749101.jpg,3_metamielosit
MMY_749343_ccrop.jpg,MMY_749343,MMY,PBC_dataset_normal_DIB\ig\MMY_749343.jpg,3_metamielosit
MMY_749423_ccrop.jpg,MMY_749423,MMY,PBC_dataset_normal_DIB\ig\MMY_749423.jpg,3_metamielosit
MMY_749723_ccrop.jpg,MMY_749723,MMY,PBC_dataset_normal_DIB\ig\MMY_749723.jpg,3_metamielosit
MMY_752335_ccrop.jpg,MMY_752335,MMY,PBC_dataset_normal_DIB\ig\MMY_752335.jpg,3_metamielosit
MMY_75301_ccrop.jpg,MMY_75301,MMY,PBC_dataset_normal_DIB\ig\MMY_75301.jpg,3_metamielosit
MMY_753204_ccrop.jpg,MMY_753204,MMY,PBC_dataset_normal_DIB\ig\MMY_753204.jpg,3_metamielosit
MMY_753405_ccrop.jpg,MMY_753405,MMY,PBC_dataset_normal_DIB\ig\MMY_753405.jpg,3_metamielosit
MMY_754079_ccrop.jpg,MMY_754079,MMY,PBC_dataset_normal_DIB\ig\MMY_754079.jpg,3_metamielosit
MMY_755487_ccrop.jpg,MMY_755487,MMY,PBC_dataset_normal_DIB\ig\MMY_755487.jpg,3_metamielosit
MMY_755709_ccrop.jpg,MMY_755709,MMY,PBC_dataset_normal_DIB\ig\MMY_755709.jpg,3_metamielosit
MMY_755795_ccrop.jpg,MMY_755795,MMY,PBC_dataset_normal_DIB\ig\MMY_755795.jpg,3_metamielosit
MMY_75636_ccrop.jpg,MMY_75636,MMY,PBC_dataset_normal_DIB\ig\MMY_75636.jpg,3_metamielosit
MMY_756971_ccrop.jpg,MMY_756971,MMY,PBC_dataset_normal_DIB\ig\MMY_756971.jpg,3_metamielosit
MMY_7585_ccrop.jpg,MMY_7585,MMY,PBC_dataset_normal_DIB\ig\MMY_7585.jpg,3_metamielosit
MMY_760275_ccrop.jpg,MMY_760275,MMY,PBC_dataset_normal_DIB\ig\MMY_760275.jpg,3_metamielosit
MMY_76278_ccrop.jpg,MMY_76278,MMY,PBC_dataset_normal_DIB\ig\MMY_76278.jpg,3_metamielosit
MMY_76349_ccrop.jpg,MMY_76349,MMY,PBC_dataset_normal_DIB\ig\MMY_76349.jpg,3_metamielosit
MMY_763787_ccrop.jpg,MMY_763787,MMY,PBC_dataset_normal_DIB\ig\MMY_763787.jpg,3_metamielosit
MMY_76467_ccrop.jpg,MMY_76467,MMY,PBC_dataset_normal_DIB\ig\MMY_76467.jpg,3_metamielosit
MMY_765624_ccrop.jpg,MMY_765624,MMY,PBC_dataset_normal_DIB\ig\MMY_765624.jpg,3_metamielosit
MMY_765938_ccrop.jpg,MMY_765938,MMY,PBC_dataset_normal_DIB\ig\MMY_765938.jpg,3_metamielosit
MMY_767790_ccrop.jpg,MMY_767790,MMY,PBC_dataset_normal_DIB\ig\MMY_767790.jpg,3_metamielosit
MMY_767879_ccrop.jpg,MMY_767879,MMY,PBC_dataset_normal_DIB\ig\MMY_767879.jpg,3_metamielosit
MMY_768755_ccrop.jpg,MMY_768755,MMY,PBC_dataset_normal_DIB\ig\MMY_768755.jpg,3_metamielosit
MMY_769142_ccrop.jpg,MMY_769142,MMY,PBC_dataset_normal_DIB\ig\MMY_769142.jpg,3_metamielosit
MMY_771196_ccrop.jpg,MMY_771196,MMY,PBC_dataset_normal_DIB\ig\MMY_771196.jpg,3_metamielosit
MMY_771253_ccrop.jpg,MMY_771253,MMY,PBC_dataset_normal_DIB\ig\MMY_771253.jpg,3_metamielosit
MMY_771502_ccrop.jpg,MMY_771502,MMY,PBC_dataset_normal_DIB\ig\MMY_771502.jpg,3_metamielosit
MMY_772687_ccrop.jpg,MMY_772687,MMY,PBC_dataset_normal_DIB\ig\MMY_772687.jpg,3_metamielosit
MMY_77389_ccrop.jpg,MMY_77389,MMY,PBC_dataset_normal_DIB\ig\MMY_77389.jpg,3_metamielosit
MMY_773939_ccrop.jpg,MMY_773939,MMY,PBC_dataset_normal_DIB\ig\MMY_773939.jpg,3_metamielosit
MMY_775343_ccrop.jpg,MMY_775343,MMY,PBC_dataset_normal_DIB\ig\MMY_775343.jpg,3_metamielosit
MMY_777961_ccrop.jpg,MMY_777961,MMY,PBC_dataset_normal_DIB\ig\MMY_777961.jpg,3_metamielosit
MMY_779035_ccrop.jpg,MMY_779035,MMY,PBC_dataset_normal_DIB\ig\MMY_779035.jpg,3_metamielosit
MMY_779101_ccrop.jpg,MMY_779101,MMY,PBC_dataset_normal_DIB\ig\MMY_779101.jpg,3_metamielosit
MMY_779565_ccrop.jpg,MMY_779565,MMY,PBC_dataset_normal_DIB\ig\MMY_779565.jpg,3_metamielosit
MMY_782649_ccrop.jpg,MMY_782649,MMY,PBC_dataset_normal_DIB\ig\MMY_782649.jpg,3_metamielosit
MMY_782857_ccrop.jpg,MMY_782857,MMY,PBC_dataset_normal_DIB\ig\MMY_782857.jpg,3_metamielosit
MMY_782989_ccrop.jpg,MMY_782989,MMY,PBC_dataset_normal_DIB\ig\MMY_782989.jpg,3_metamielosit
MMY_785007_ccrop.jpg,MMY_785007,MMY,PBC_dataset_normal_DIB\ig\MMY_785007.jpg,3_metamielosit
MMY_787176_ccrop.jpg,MMY_787176,MMY,PBC_dataset_normal_DIB\ig\MMY_787176.jpg,3_metamielosit
MMY_787613_ccrop.jpg,MMY_787613,MMY,PBC_dataset_normal_DIB\ig\MMY_787613.jpg,3_metamielosit
MMY_787978_ccrop.jpg,MMY_787978,MMY,PBC_dataset_normal_DIB\ig\MMY_787978.jpg,3_metamielosit
MMY_788701_ccrop.jpg,MMY_788701,MMY,PBC_dataset_normal_DIB\ig\MMY_788701.jpg,3_metamielosit
MMY_789243_ccrop.jpg,MMY_789243,MMY,PBC_dataset_normal_DIB\ig\MMY_789243.jpg,3_metamielosit
MMY_790179_ccrop.jpg,MMY_790179,MMY,PBC_dataset_normal_DIB\ig\MMY_790179.jpg,3_metamielosit
MMY_790406_ccrop.jpg,MMY_790406,MMY,PBC_dataset_normal_DIB\ig\MMY_790406.jpg,3_metamielosit
MMY_790480_ccrop.jpg,MMY_790480,MMY,PBC_dataset_normal_DIB\ig\MMY_790480.jpg,3_metamielosit
MMY_791618_ccrop.jpg,MMY_791618,MMY,PBC_dataset_normal_DIB\ig\MMY_791618.jpg,3_metamielosit
MMY_793007_ccrop.jpg,MMY_793007,MMY,PBC_dataset_normal_DIB\ig\MMY_793007.jpg,3_metamielosit
MMY_794921_ccrop.jpg,MMY_794921,MMY,PBC_dataset_normal_DIB\ig\MMY_794921.jpg,3_metamielosit
MMY_796348_ccrop.jpg,MMY_796348,MMY,PBC_dataset_normal_DIB\ig\MMY_796348.jpg,3_metamielosit
MMY_797020_ccrop.jpg,MMY_797020,MMY,PBC_dataset_normal_DIB\ig\MMY_797020.jpg,3_metamielosit
MMY_797425_ccrop.jpg,MMY_797425,MMY,PBC_dataset_normal_DIB\ig\MMY_797425.jpg,3_metamielosit
MMY_797468_ccrop.jpg,MMY_797468,MMY,PBC_dataset_normal_DIB\ig\MMY_797468.jpg,3_metamielosit
MMY_798322_ccrop.jpg,MMY_798322,MMY,PBC_dataset_normal_DIB\ig\MMY_798322.jpg,3_metamielosit
MMY_798688_ccrop.jpg,MMY_798688,MMY,PBC_dataset_normal_DIB\ig\MMY_798688.jpg,3_metamielosit
MMY_80002_ccrop.jpg,MMY_80002,MMY,PBC_dataset_normal_DIB\ig\MMY_80002.jpg,3_metamielosit
MMY_800672_ccrop.jpg,MMY_800672,MMY,PBC_dataset_normal_DIB\ig\MMY_800672.jpg,3_metamielosit
MMY_801832_ccrop.jpg,MMY_801832,MMY,PBC_dataset_normal_DIB\ig\MMY_801832.jpg,3_metamielosit
MMY_803454_ccrop.jpg,MMY_803454,MMY,PBC_dataset_normal_DIB\ig\MMY_803454.jpg,3_metamielosit
MMY_803720_ccrop.jpg,MMY_803720,MMY,PBC_dataset_normal_DIB\ig\MMY_803720.jpg,3_metamielosit
MMY_803821_ccrop.jpg,MMY_803821,MMY,PBC_dataset_normal_DIB\ig\MMY_803821.jpg,3_metamielosit
MMY_805463_ccrop.jpg,MMY_805463,MMY,PBC_dataset_normal_DIB\ig\MMY_805463.jpg,3_metamielosit
MMY_806369_ccrop.jpg,MMY_806369,MMY,PBC_dataset_normal_DIB\ig\MMY_806369.jpg,3_metamielosit
MMY_806431_ccrop.jpg,MMY_806431,MMY,PBC_dataset_normal_DIB\ig\MMY_806431.jpg,3_metamielosit
MMY_80740_ccrop.jpg,MMY_80740,MMY,PBC_dataset_normal_DIB\ig\MMY_80740.jpg,3_metamielosit
MMY_807618_ccrop.jpg,MMY_807618,MMY,PBC_dataset_normal_DIB\ig\MMY_807618.jpg,3_metamielosit
MMY_808166_ccrop.jpg,MMY_808166,MMY,PBC_dataset_normal_DIB\ig\MMY_808166.jpg,3_metamielosit
MMY_810345_ccrop.jpg,MMY_810345,MMY,PBC_dataset_normal_DIB\ig\MMY_810345.jpg,3_metamielosit
MMY_81114_ccrop.jpg,MMY_81114,MMY,PBC_dataset_normal_DIB\ig\MMY_81114.jpg,3_metamielosit
MMY_811293_ccrop.jpg,MMY_811293,MMY,PBC_dataset_normal_DIB\ig\MMY_811293.jpg,3_metamielosit
MMY_812169_ccrop.jpg,MMY_812169,MMY,PBC_dataset_normal_DIB\ig\MMY_812169.jpg,3_metamielosit
MMY_813028_ccrop.jpg,MMY_813028,MMY,PBC_dataset_normal_DIB\ig\MMY_813028.jpg,3_metamielosit
MMY_813477_ccrop.jpg,MMY_813477,MMY,PBC_dataset_normal_DIB\ig\MMY_813477.jpg,3_metamielosit
MMY_814012_ccrop.jpg,MMY_814012,MMY,PBC_dataset_normal_DIB\ig\MMY_814012.jpg,3_metamielosit
MMY_814740_ccrop.jpg,MMY_814740,MMY,PBC_dataset_normal_DIB\ig\MMY_814740.jpg,3_metamielosit
MMY_815808_ccrop.jpg,MMY_815808,MMY,PBC_dataset_normal_DIB\ig\MMY_815808.jpg,3_metamielosit
MMY_815977_ccrop.jpg,MMY_815977,MMY,PBC_dataset_normal_DIB\ig\MMY_815977.jpg,3_metamielosit
MMY_816738_ccrop.jpg,MMY_816738,MMY,PBC_dataset_normal_DIB\ig\MMY_816738.jpg,3_metamielosit
MMY_81744_ccrop.jpg,MMY_81744,MMY,PBC_dataset_normal_DIB\ig\MMY_81744.jpg,3_metamielosit
MMY_81901_ccrop.jpg,MMY_81901,MMY,PBC_dataset_normal_DIB\ig\MMY_81901.jpg,3_metamielosit
MMY_821120_ccrop.jpg,MMY_821120,MMY,PBC_dataset_normal_DIB\ig\MMY_821120.jpg,3_metamielosit
MMY_821218_ccrop.jpg,MMY_821218,MMY,PBC_dataset_normal_DIB\ig\MMY_821218.jpg,3_metamielosit
MMY_821672_ccrop.jpg,MMY_821672,MMY,PBC_dataset_normal_DIB\ig\MMY_821672.jpg,3_metamielosit
MMY_821915_ccrop.jpg,MMY_821915,MMY,PBC_dataset_normal_DIB\ig\MMY_821915.jpg,3_metamielosit
MMY_822688_ccrop.jpg,MMY_822688,MMY,PBC_dataset_normal_DIB\ig\MMY_822688.jpg,3_metamielosit
MMY_823721_ccrop.jpg,MMY_823721,MMY,PBC_dataset_normal_DIB\ig\MMY_823721.jpg,3_metamielosit
MMY_824749_ccrop.jpg,MMY_824749,MMY,PBC_dataset_normal_DIB\ig\MMY_824749.jpg,3_metamielosit
MMY_824785_ccrop.jpg,MMY_824785,MMY,PBC_dataset_normal_DIB\ig\MMY_824785.jpg,3_metamielosit
MMY_824858_ccrop.jpg,MMY_824858,MMY,PBC_dataset_normal_DIB\ig\MMY_824858.jpg,3_metamielosit
MMY_825811_ccrop.jpg,MMY_825811,MMY,PBC_dataset_normal_DIB\ig\MMY_825811.jpg,3_metamielosit
MMY_826421_ccrop.jpg,MMY_826421,MMY,PBC_dataset_normal_DIB\ig\MMY_826421.jpg,3_metamielosit
MMY_826617_ccrop.jpg,MMY_826617,MMY,PBC_dataset_normal_DIB\ig\MMY_826617.jpg,3_metamielosit
MMY_826679_ccrop.jpg,MMY_826679,MMY,PBC_dataset_normal_DIB\ig\MMY_826679.jpg,3_metamielosit
MMY_828326_ccrop.jpg,MMY_828326,MMY,PBC_dataset_normal_DIB\ig\MMY_828326.jpg,3_metamielosit
MMY_828384_ccrop.jpg,MMY_828384,MMY,PBC_dataset_normal_DIB\ig\MMY_828384.jpg,3_metamielosit
MMY_829523_ccrop.jpg,MMY_829523,MMY,PBC_dataset_normal_DIB\ig\MMY_829523.jpg,3_metamielosit
MMY_829920_ccrop.jpg,MMY_829920,MMY,PBC_dataset_normal_DIB\ig\MMY_829920.jpg,3_metamielosit
MMY_830457_ccrop.jpg,MMY_830457,MMY,PBC_dataset_normal_DIB\ig\MMY_830457.jpg,3_metamielosit
MMY_83088_ccrop.jpg,MMY_83088,MMY,PBC_dataset_normal_DIB\ig\MMY_83088.jpg,3_metamielosit
MMY_831347_ccrop.jpg,MMY_831347,MMY,PBC_dataset_normal_DIB\ig\MMY_831347.jpg,3_metamielosit
MMY_833392_ccrop.jpg,MMY_833392,MMY,PBC_dataset_normal_DIB\ig\MMY_833392.jpg,3_metamielosit
MMY_834449_ccrop.jpg,MMY_834449,MMY,PBC_dataset_normal_DIB\ig\MMY_834449.jpg,3_metamielosit
MMY_834867_ccrop.jpg,MMY_834867,MMY,PBC_dataset_normal_DIB\ig\MMY_834867.jpg,3_metamielosit
MMY_838664_ccrop.jpg,MMY_838664,MMY,PBC_dataset_normal_DIB\ig\MMY_838664.jpg,3_metamielosit
MMY_841275_ccrop.jpg,MMY_841275,MMY,PBC_dataset_normal_DIB\ig\MMY_841275.jpg,3_metamielosit
MMY_846459_ccrop.jpg,MMY_846459,MMY,PBC_dataset_normal_DIB\ig\MMY_846459.jpg,3_metamielosit
MMY_848835_ccrop.jpg,MMY_848835,MMY,PBC_dataset_normal_DIB\ig\MMY_848835.jpg,3_metamielosit
MMY_848868_ccrop.jpg,MMY_848868,MMY,PBC_dataset_normal_DIB\ig\MMY_848868.jpg,3_metamielosit
MMY_849191_ccrop.jpg,MMY_849191,MMY,PBC_dataset_normal_DIB\ig\MMY_849191.jpg,3_metamielosit
MMY_849324_ccrop.jpg,MMY_849324,MMY,PBC_dataset_normal_DIB\ig\MMY_849324.jpg,3_metamielosit
MMY_851013_ccrop.jpg,MMY_851013,MMY,PBC_dataset_normal_DIB\ig\MMY_851013.jpg,3_metamielosit
MMY_851886_ccrop.jpg,MMY_851886,MMY,PBC_dataset_normal_DIB\ig\MMY_851886.jpg,3_metamielosit
MMY_852331_ccrop.jpg,MMY_852331,MMY,PBC_dataset_normal_DIB\ig\MMY_852331.jpg,3_metamielosit
MMY_852541_ccrop.jpg,MMY_852541,MMY,PBC_dataset_normal_DIB\ig\MMY_852541.jpg,3_metamielosit
MMY_85292_ccrop.jpg,MMY_85292,MMY,PBC_dataset_normal_DIB\ig\MMY_85292.jpg,3_metamielosit
MMY_854618_ccrop.jpg,MMY_854618,MMY,PBC_dataset_normal_DIB\ig\MMY_854618.jpg,3_metamielosit
MMY_855485_ccrop.jpg,MMY_855485,MMY,PBC_dataset_normal_DIB\ig\MMY_855485.jpg,3_metamielosit
MMY_856218_ccrop.jpg,MMY_856218,MMY,PBC_dataset_normal_DIB\ig\MMY_856218.jpg,3_metamielosit
MMY_856710_ccrop.jpg,MMY_856710,MMY,PBC_dataset_normal_DIB\ig\MMY_856710.jpg,3_metamielosit
MMY_857453_ccrop.jpg,MMY_857453,MMY,PBC_dataset_normal_DIB\ig\MMY_857453.jpg,3_metamielosit
MMY_858503_ccrop.jpg,MMY_858503,MMY,PBC_dataset_normal_DIB\ig\MMY_858503.jpg,3_metamielosit
MMY_859004_ccrop.jpg,MMY_859004,MMY,PBC_dataset_normal_DIB\ig\MMY_859004.jpg,3_metamielosit
MMY_860532_ccrop.jpg,MMY_860532,MMY,PBC_dataset_normal_DIB\ig\MMY_860532.jpg,3_metamielosit
MMY_860828_ccrop.jpg,MMY_860828,MMY,PBC_dataset_normal_DIB\ig\MMY_860828.jpg,3_metamielosit
MMY_860919_ccrop.jpg,MMY_860919,MMY,PBC_dataset_normal_DIB\ig\MMY_860919.jpg,3_metamielosit
MMY_861946_ccrop.jpg,MMY_861946,MMY,PBC_dataset_normal_DIB\ig\MMY_861946.jpg,3_metamielosit
MMY_862804_ccrop.jpg,MMY_862804,MMY,PBC_dataset_normal_DIB\ig\MMY_862804.jpg,3_metamielosit
MMY_863598_ccrop.jpg,MMY_863598,MMY,PBC_dataset_normal_DIB\ig\MMY_863598.jpg,3_metamielosit
MMY_86501_ccrop.jpg,MMY_86501,MMY,PBC_dataset_normal_DIB\ig\MMY_86501.jpg,3_metamielosit
MMY_866214_ccrop.jpg,MMY_866214,MMY,PBC_dataset_normal_DIB\ig\MMY_866214.jpg,3_metamielosit
MMY_866464_ccrop.jpg,MMY_866464,MMY,PBC_dataset_normal_DIB\ig\MMY_866464.jpg,3_metamielosit
MMY_868024_ccrop.jpg,MMY_868024,MMY,PBC_dataset_normal_DIB\ig\MMY_868024.jpg,3_metamielosit
MMY_869524_ccrop.jpg,MMY_869524,MMY,PBC_dataset_normal_DIB\ig\MMY_869524.jpg,3_metamielosit
MMY_870377_ccrop.jpg,MMY_870377,MMY,PBC_dataset_normal_DIB\ig\MMY_870377.jpg,3_metamielosit
MMY_871312_ccrop.jpg,MMY_871312,MMY,PBC_dataset_normal_DIB\ig\MMY_871312.jpg,3_metamielosit
MMY_871983_ccrop.jpg,MMY_871983,MMY,PBC_dataset_normal_DIB\ig\MMY_871983.jpg,3_metamielosit
MMY_872306_ccrop.jpg,MMY_872306,MMY,PBC_dataset_normal_DIB\ig\MMY_872306.jpg,3_metamielosit
MMY_872545_ccrop.jpg,MMY_872545,MMY,PBC_dataset_normal_DIB\ig\MMY_872545.jpg,3_metamielosit
MMY_873409_ccrop.jpg,MMY_873409,MMY,PBC_dataset_normal_DIB\ig\MMY_873409.jpg,3_metamielosit
MMY_873744_ccrop.jpg,MMY_873744,MMY,PBC_dataset_normal_DIB\ig\MMY_873744.jpg,3_metamielosit
MMY_87407_ccrop.jpg,MMY_87407,MMY,PBC_dataset_normal_DIB\ig\MMY_87407.jpg,3_metamielosit
MMY_875868_ccrop.jpg,MMY_875868,MMY,PBC_dataset_normal_DIB\ig\MMY_875868.jpg,3_metamielosit
MMY_875897_ccrop.jpg,MMY_875897,MMY,PBC_dataset_normal_DIB\ig\MMY_875897.jpg,3_metamielosit
MMY_876904_ccrop.jpg,MMY_876904,MMY,PBC_dataset_normal_DIB\ig\MMY_876904.jpg,3_metamielosit
MMY_87809_ccrop.jpg,MMY_87809,MMY,PBC_dataset_normal_DIB\ig\MMY_87809.jpg,3_metamielosit
MMY_879255_ccrop.jpg,MMY_879255,MMY,PBC_dataset_normal_DIB\ig\MMY_879255.jpg,3_metamielosit
MMY_879615_ccrop.jpg,MMY_879615,MMY,PBC_dataset_normal_DIB\ig\MMY_879615.jpg,3_metamielosit
MMY_884566_ccrop.jpg,MMY_884566,MMY,PBC_dataset_normal_DIB\ig\MMY_884566.jpg,3_metamielosit
MMY_885038_ccrop.jpg,MMY_885038,MMY,PBC_dataset_normal_DIB\ig\MMY_885038.jpg,3_metamielosit
MMY_886656_ccrop.jpg,MMY_886656,MMY,PBC_dataset_normal_DIB\ig\MMY_886656.jpg,3_metamielosit
MMY_887092_ccrop.jpg,MMY_887092,MMY,PBC_dataset_normal_DIB\ig\MMY_887092.jpg,3_metamielosit
MMY_887303_ccrop.jpg,MMY_887303,MMY,PBC_dataset_normal_DIB\ig\MMY_887303.jpg,3_metamielosit
MMY_887819_ccrop.jpg,MMY_887819,MMY,PBC_dataset_normal_DIB\ig\MMY_887819.jpg,3_metamielosit
MMY_88826_ccrop.jpg,MMY_88826,MMY,PBC_dataset_normal_DIB\ig\MMY_88826.jpg,3_metamielosit
MMY_888371_ccrop.jpg,MMY_888371,MMY,PBC_dataset_normal_DIB\ig\MMY_888371.jpg,3_metamielosit
MMY_888377_ccrop.jpg,MMY_888377,MMY,PBC_dataset_normal_DIB\ig\MMY_888377.jpg,3_metamielosit
MMY_888389_ccrop.jpg,MMY_888389,MMY,PBC_dataset_normal_DIB\ig\MMY_888389.jpg,3_metamielosit
MMY_890575_ccrop.jpg,MMY_890575,MMY,PBC_dataset_normal_DIB\ig\MMY_890575.jpg,3_metamielosit
MMY_891309_ccrop.jpg,MMY_891309,MMY,PBC_dataset_normal_DIB\ig\MMY_891309.jpg,3_metamielosit
MMY_891630_ccrop.jpg,MMY_891630,MMY,PBC_dataset_normal_DIB\ig\MMY_891630.jpg,3_metamielosit
MMY_891988_ccrop.jpg,MMY_891988,MMY,PBC_dataset_normal_DIB\ig\MMY_891988.jpg,3_metamielosit
MMY_892911_ccrop.jpg,MMY_892911,MMY,PBC_dataset_normal_DIB\ig\MMY_892911.jpg,3_metamielosit
MMY_89515_ccrop.jpg,MMY_89515,MMY,PBC_dataset_normal_DIB\ig\MMY_89515.jpg,3_metamielosit
MMY_895440_ccrop.jpg,MMY_895440,MMY,PBC_dataset_normal_DIB\ig\MMY_895440.jpg,3_metamielosit
MMY_896503_ccrop.jpg,MMY_896503,MMY,PBC_dataset_normal_DIB\ig\MMY_896503.jpg,3_metamielosit
MMY_897369_ccrop.jpg,MMY_897369,MMY,PBC_dataset_normal_DIB\ig\MMY_897369.jpg,3_metamielosit
MMY_897835_ccrop.jpg,MMY_897835,MMY,PBC_dataset_normal_DIB\ig\MMY_897835.jpg,3_metamielosit
MMY_898617_ccrop.jpg,MMY_898617,MMY,PBC_dataset_normal_DIB\ig\MMY_898617.jpg,3_metamielosit
MMY_9004_ccrop.jpg,MMY_9004,MMY,PBC_dataset_normal_DIB\ig\MMY_9004.jpg,3_metamielosit
MMY_900690_ccrop.jpg,MMY_900690,MMY,PBC_dataset_normal_DIB\ig\MMY_900690.jpg,3_metamielosit
MMY_901031_ccrop.jpg,MMY_901031,MMY,PBC_dataset_normal_DIB\ig\MMY_901031.jpg,3_metamielosit
MMY_901454_ccrop.jpg,MMY_901454,MMY,PBC_dataset_normal_DIB\ig\MMY_901454.jpg,3_metamielosit
MMY_90174_ccrop.jpg,MMY_90174,MMY,PBC_dataset_normal_DIB\ig\MMY_90174.jpg,3_metamielosit
MMY_901894_ccrop.jpg,MMY_901894,MMY,PBC_dataset_normal_DIB\ig\MMY_901894.jpg,3_metamielosit
MMY_902262_ccrop.jpg,MMY_902262,MMY,PBC_dataset_normal_DIB\ig\MMY_902262.jpg,3_metamielosit
MMY_902637_ccrop.jpg,MMY_902637,MMY,PBC_dataset_normal_DIB\ig\MMY_902637.jpg,3_metamielosit
MMY_903097_ccrop.jpg,MMY_903097,MMY,PBC_dataset_normal_DIB\ig\MMY_903097.jpg,3_metamielosit
MMY_903620_ccrop.jpg,MMY_903620,MMY,PBC_dataset_normal_DIB\ig\MMY_903620.jpg,3_metamielosit
MMY_905983_ccrop.jpg,MMY_905983,MMY,PBC_dataset_normal_DIB\ig\MMY_905983.jpg,3_metamielosit
MMY_907900_ccrop.jpg,MMY_907900,MMY,PBC_dataset_normal_DIB\ig\MMY_907900.jpg,3_metamielosit
MMY_908774_ccrop.jpg,MMY_908774,MMY,PBC_dataset_normal_DIB\ig\MMY_908774.jpg,3_metamielosit
MMY_909453_ccrop.jpg,MMY_909453,MMY,PBC_dataset_normal_DIB\ig\MMY_909453.jpg,3_metamielosit
MMY_911187_ccrop.jpg,MMY_911187,MMY,PBC_dataset_normal_DIB\ig\MMY_911187.jpg,3_metamielosit
MMY_911484_ccrop.jpg,MMY_911484,MMY,PBC_dataset_normal_DIB\ig\MMY_911484.jpg,3_metamielosit
MMY_912108_ccrop.jpg,MMY_912108,MMY,PBC_dataset_normal_DIB\ig\MMY_912108.jpg,3_metamielosit
MMY_91250_ccrop.jpg,MMY_91250,MMY,PBC_dataset_normal_DIB\ig\MMY_91250.jpg,3_metamielosit
MMY_913911_ccrop.jpg,MMY_913911,MMY,PBC_dataset_normal_DIB\ig\MMY_913911.jpg,3_metamielosit
MMY_913992_ccrop.jpg,MMY_913992,MMY,PBC_dataset_normal_DIB\ig\MMY_913992.jpg,3_metamielosit
MMY_917920_ccrop.jpg,MMY_917920,MMY,PBC_dataset_normal_DIB\ig\MMY_917920.jpg,3_metamielosit
MMY_917973_ccrop.jpg,MMY_917973,MMY,PBC_dataset_normal_DIB\ig\MMY_917973.jpg,3_metamielosit
MMY_9183_ccrop.jpg,MMY_9183,MMY,PBC_dataset_normal_DIB\ig\MMY_9183.jpg,3_metamielosit
MMY_924027_ccrop.jpg,MMY_924027,MMY,PBC_dataset_normal_DIB\ig\MMY_924027.jpg,3_metamielosit
MMY_924108_ccrop.jpg,MMY_924108,MMY,PBC_dataset_normal_DIB\ig\MMY_924108.jpg,3_metamielosit
MMY_92430_ccrop.jpg,MMY_92430,MMY,PBC_dataset_normal_DIB\ig\MMY_92430.jpg,3_metamielosit
MMY_925344_ccrop.jpg,MMY_925344,MMY,PBC_dataset_normal_DIB\ig\MMY_925344.jpg,3_metamielosit
MMY_925416_ccrop.jpg,MMY_925416,MMY,PBC_dataset_normal_DIB\ig\MMY_925416.jpg,3_metamielosit
MMY_925956_ccrop.jpg,MMY_925956,MMY,PBC_dataset_normal_DIB\ig\MMY_925956.jpg,3_metamielosit
MMY_926571_ccrop.jpg,MMY_926571,MMY,PBC_dataset_normal_DIB\ig\MMY_926571.jpg,3_metamielosit
MMY_927242_ccrop.jpg,MMY_927242,MMY,PBC_dataset_normal_DIB\ig\MMY_927242.jpg,3_metamielosit
MMY_927974_ccrop.jpg,MMY_927974,MMY,PBC_dataset_normal_DIB\ig\MMY_927974.jpg,3_metamielosit
MMY_928004_ccrop.jpg,MMY_928004,MMY,PBC_dataset_normal_DIB\ig\MMY_928004.jpg,3_metamielosit
MMY_928795_ccrop.jpg,MMY_928795,MMY,PBC_dataset_normal_DIB\ig\MMY_928795.jpg,3_metamielosit
MMY_928813_ccrop.jpg,MMY_928813,MMY,PBC_dataset_normal_DIB\ig\MMY_928813.jpg,3_metamielosit
MMY_929109_ccrop.jpg,MMY_929109,MMY,PBC_dataset_normal_DIB\ig\MMY_929109.jpg,3_metamielosit
MMY_929178_ccrop.jpg,MMY_929178,MMY,PBC_dataset_normal_DIB\ig\MMY_929178.jpg,3_metamielosit
MMY_930116_ccrop.jpg,MMY_930116,MMY,PBC_dataset_normal_DIB\ig\MMY_930116.jpg,3_metamielosit
MMY_931130_ccrop.jpg,MMY_931130,MMY,PBC_dataset_normal_DIB\ig\MMY_931130.jpg,3_metamielosit
MMY_933828_ccrop.jpg,MMY_933828,MMY,PBC_dataset_normal_DIB\ig\MMY_933828.jpg,3_metamielosit
MMY_937339_ccrop.jpg,MMY_937339,MMY,PBC_dataset_normal_DIB\ig\MMY_937339.jpg,3_metamielosit
MMY_938408_ccrop.jpg,MMY_938408,MMY,PBC_dataset_normal_DIB\ig\MMY_938408.jpg,3_metamielosit
MMY_939449_ccrop.jpg,MMY_939449,MMY,PBC_dataset_normal_DIB\ig\MMY_939449.jpg,3_metamielosit
MMY_942518_ccrop.jpg,MMY_942518,MMY,PBC_dataset_normal_DIB\ig\MMY_942518.jpg,3_metamielosit
MMY_94277_ccrop.jpg,MMY_94277,MMY,PBC_dataset_normal_DIB\ig\MMY_94277.jpg,3_metamielosit
MMY_943233_ccrop.jpg,MMY_943233,MMY,PBC_dataset_normal_DIB\ig\MMY_943233.jpg,3_metamielosit
MMY_944482_ccrop.jpg,MMY_944482,MMY,PBC_dataset_normal_DIB\ig\MMY_944482.jpg,3_metamielosit
MMY_945633_ccrop.jpg,MMY_945633,MMY,PBC_dataset_normal_DIB\ig\MMY_945633.jpg,3_metamielosit
MMY_945725_ccrop.jpg,MMY_945725,MMY,PBC_dataset_normal_DIB\ig\MMY_945725.jpg,3_metamielosit
MMY_945875_ccrop.jpg,MMY_945875,MMY,PBC_dataset_normal_DIB\ig\MMY_945875.jpg,3_metamielosit
MMY_948773_ccrop.jpg,MMY_948773,MMY,PBC_dataset_normal_DIB\ig\MMY_948773.jpg,3_metamielosit
MMY_951949_ccrop.jpg,MMY_951949,MMY,PBC_dataset_normal_DIB\ig\MMY_951949.jpg,3_metamielosit
MMY_952825_ccrop.jpg,MMY_952825,MMY,PBC_dataset_normal_DIB\ig\MMY_952825.jpg,3_metamielosit
MMY_952919_ccrop.jpg,MMY_952919,MMY,PBC_dataset_normal_DIB\ig\MMY_952919.jpg,3_metamielosit
MMY_953045_ccrop.jpg,MMY_953045,MMY,PBC_dataset_normal_DIB\ig\MMY_953045.jpg,3_metamielosit
MMY_954583_ccrop.jpg,MMY_954583,MMY,PBC_dataset_normal_DIB\ig\MMY_954583.jpg,3_metamielosit
MMY_955333_ccrop.jpg,MMY_955333,MMY,PBC_dataset_normal_DIB\ig\MMY_955333.jpg,3_metamielosit
MMY_957261_ccrop.jpg,MMY_957261,MMY,PBC_dataset_normal_DIB\ig\MMY_957261.jpg,3_metamielosit
MMY_958575_ccrop.jpg,MMY_958575,MMY,PBC_dataset_normal_DIB\ig\MMY_958575.jpg,3_metamielosit
MMY_959094_ccrop.jpg,MMY_959094,MMY,PBC_dataset_normal_DIB\ig\MMY_959094.jpg,3_metamielosit
MMY_961606_ccrop.jpg,MMY_961606,MMY,PBC_dataset_normal_DIB\ig\MMY_961606.jpg,3_metamielosit
MMY_964504_ccrop.jpg,MMY_964504,MMY,PBC_dataset_normal_DIB\ig\MMY_964504.jpg,3_metamielosit
MMY_9660_ccrop.jpg,MMY_9660,MMY,PBC_dataset_normal_DIB\ig\MMY_9660.jpg,3_metamielosit
MMY_96735_ccrop.jpg,MMY_96735,MMY,PBC_dataset_normal_DIB\ig\MMY_96735.jpg,3_metamielosit
MMY_967908_ccrop.jpg,MMY_967908,MMY,PBC_dataset_normal_DIB\ig\MMY_967908.jpg,3_metamielosit
MMY_96795_ccrop.jpg,MMY_96795,MMY,PBC_dataset_normal_DIB\ig\MMY_96795.jpg,3_metamielosit
MMY_969735_ccrop.jpg,MMY_969735,MMY,PBC_dataset_normal_DIB\ig\MMY_969735.jpg,3_metamielosit
MMY_970412_ccrop.jpg,MMY_970412,MMY,PBC_dataset_normal_DIB\ig\MMY_970412.jpg,3_metamielosit
MMY_971359_ccrop.jpg,MMY_971359,MMY,PBC_dataset_normal_DIB\ig\MMY_971359.jpg,3_metamielosit
MMY_971601_ccrop.jpg,MMY_971601,MMY,PBC_dataset_normal_DIB\ig\MMY_971601.jpg,3_metamielosit
MMY_97190_ccrop.jpg,MMY_97190,MMY,PBC_dataset_normal_DIB\ig\MMY_97190.jpg,3_metamielosit
MMY_973184_ccrop.jpg,MMY_973184,MMY,PBC_dataset_normal_DIB\ig\MMY_973184.jpg,3_metamielosit
MMY_9735_ccrop.jpg,MMY_9735,MMY,PBC_dataset_normal_DIB\ig\MMY_9735.jpg,3_metamielosit
MMY_975100_ccrop.jpg,MMY_975100,MMY,PBC_dataset_normal_DIB\ig\MMY_975100.jpg,3_metamielosit
MMY_975584_ccrop.jpg,MMY_975584,MMY,PBC_dataset_normal_DIB\ig\MMY_975584.jpg,3_metamielosit
MMY_975800_ccrop.jpg,MMY_975800,MMY,PBC_dataset_normal_DIB\ig\MMY_975800.jpg,3_metamielosit
MMY_976917_ccrop.jpg,MMY_976917,MMY,PBC_dataset_normal_DIB\ig\MMY_976917.jpg,3_metamielosit
MMY_977169_ccrop.jpg,MMY_977169,MMY,PBC_dataset_normal_DIB\ig\MMY_977169.jpg,3_metamielosit
MMY_97856_ccrop.jpg,MMY_97856,MMY,PBC_dataset_normal_DIB\ig\MMY_97856.jpg,3_metamielosit
MMY_978810_ccrop.jpg,MMY_978810,MMY,PBC_dataset_normal_DIB\ig\MMY_978810.jpg,3_metamielosit
MMY_978925_ccrop.jpg,MMY_978925,MMY,PBC_dataset_normal_DIB\ig\MMY_978925.jpg,3_metamielosit
MMY_979126_ccrop.jpg,MMY_979126,MMY,PBC_dataset_normal_DIB\ig\MMY_979126.jpg,3_metamielosit
MMY_979454_ccrop.jpg,MMY_979454,MMY,PBC_dataset_normal_DIB\ig\MMY_979454.jpg,3_metamielosit
MMY_979899_ccrop.jpg,MMY_979899,MMY,PBC_dataset_normal_DIB\ig\MMY_979899.jpg,3_metamielosit
MMY_98056_ccrop.jpg,MMY_98056,MMY,PBC_dataset_normal_DIB\ig\MMY_98056.jpg,3_metamielosit
MMY_981851_ccrop.jpg,MMY_981851,MMY,PBC_dataset_normal_DIB\ig\MMY_981851.jpg,3_metamielosit
MMY_983043_ccrop.jpg,MMY_983043,MMY,PBC_dataset_normal_DIB\ig\MMY_983043.jpg,3_metamielosit
MMY_985408_ccrop.jpg,MMY_985408,MMY,PBC_dataset_normal_DIB\ig\MMY_985408.jpg,3_metamielosit
MMY_986095_ccrop.jpg,MMY_986095,MMY,PBC_dataset_normal_DIB\ig\MMY_986095.jpg,3_metamielosit
MMY_987195_ccrop.jpg,MMY_987195,MMY,PBC_dataset_normal_DIB\ig\MMY_987195.jpg,3_metamielosit
MMY_987213_ccrop.jpg,MMY_987213,MMY,PBC_dataset_normal_DIB\ig\MMY_987213.jpg,3_metamielosit
MMY_988718_ccrop.jpg,MMY_988718,MMY,PBC_dataset_normal_DIB\ig\MMY_988718.jpg,3_metamielosit
MMY_989500_ccrop.jpg,MMY_989500,MMY,PBC_dataset_normal_DIB\ig\MMY_989500.jpg,3_metamielosit
MMY_989985_ccrop.jpg,MMY_989985,MMY,PBC_dataset_normal_DIB\ig\MMY_989985.jpg,3_metamielosit
MMY_990391_ccrop.jpg,MMY_990391,MMY,PBC_dataset_normal_DIB\ig\MMY_990391.jpg,3_metamielosit
MMY_992233_ccrop.jpg,MMY_992233,MMY,PBC_dataset_normal_DIB\ig\MMY_992233.jpg,3_metamielosit
MMY_993230_ccrop.jpg,MMY_993230,MMY,PBC_dataset_normal_DIB\ig\MMY_993230.jpg,3_metamielosit
MMY_994983_ccrop.jpg,MMY_994983,MMY,PBC_dataset_normal_DIB\ig\MMY_994983.jpg,3_metamielosit
MMY_995264_ccrop.jpg,MMY_995264,MMY,PBC_dataset_normal_DIB\ig\MMY_995264.jpg,3_metamielosit
MMY_996776_ccrop.jpg,MMY_996776,MMY,PBC_dataset_normal_DIB\ig\MMY_996776.jpg,3_metamielosit
MMY_997977_ccrop.jpg,MMY_997977,MMY,PBC_dataset_normal_DIB\ig\MMY_997977.jpg,3_metamielosit
MMY_998145_ccrop.jpg,MMY_998145,MMY,PBC_dataset_normal_DIB\ig\MMY_998145.jpg,3_metamielosit
MMY_998970_ccrop.jpg,MMY_998970,MMY,PBC_dataset_normal_DIB\ig\MMY_998970.jpg,3_metamielosit
MMY_999309_ccrop.jpg,MMY_999309,MMY,PBC_dataset_normal_DIB\ig\MMY_999309.jpg,3_metamielosit
MY_100038_ccrop.jpg,MY_100038,MY,PBC_dataset_normal_DIB\ig\MY_100038.jpg,2_mielosit
MY_100463_ccrop.jpg,MY_100463,MY,PBC_dataset_normal_DIB\ig\MY_100463.jpg,2_mielosit
MY_100945_ccrop.jpg,MY_100945,MY,PBC_dataset_normal_DIB\ig\MY_100945.jpg,2_mielosit
MY_101046_ccrop.jpg,MY_101046,MY,PBC_dataset_normal_DIB\ig\MY_101046.jpg,2_mielosit
MY_102008_ccrop.jpg,MY_102008,MY,PBC_dataset_normal_DIB\ig\MY_102008.jpg,2_mielosit
MY_102281_ccrop.jpg,MY_102281,MY,PBC_dataset_normal_DIB\ig\MY_102281.jpg,2_mielosit
MY_102304_ccrop.jpg,MY_102304,MY,PBC_dataset_normal_DIB\ig\MY_102304.jpg,2_mielosit
MY_102822_ccrop.jpg,MY_102822,MY,PBC_dataset_normal_DIB\ig\MY_102822.jpg,2_mielosit
MY_102887_ccrop.jpg,MY_102887,MY,PBC_dataset_normal_DIB\ig\MY_102887.jpg,2_mielosit
MY_103619_ccrop.jpg,MY_103619,MY,PBC_dataset_normal_DIB\ig\MY_103619.jpg,2_mielosit
MY_105216_ccrop.jpg,MY_105216,MY,PBC_dataset_normal_DIB\ig\MY_105216.jpg,2_mielosit
MY_105400_ccrop.jpg,MY_105400,MY,PBC_dataset_normal_DIB\ig\MY_105400.jpg,2_mielosit
MY_10845_ccrop.jpg,MY_10845,MY,PBC_dataset_normal_DIB\ig\MY_10845.jpg,2_mielosit
MY_110292_ccrop.jpg,MY_110292,MY,PBC_dataset_normal_DIB\ig\MY_110292.jpg,2_mielosit
MY_111930_ccrop.jpg,MY_111930,MY,PBC_dataset_normal_DIB\ig\MY_111930.jpg,2_mielosit
MY_113644_ccrop.jpg,MY_113644,MY,PBC_dataset_normal_DIB\ig\MY_113644.jpg,2_mielosit
MY_115981_ccrop.jpg,MY_115981,MY,PBC_dataset_normal_DIB\ig\MY_115981.jpg,2_mielosit
MY_11615_ccrop.jpg,MY_11615,MY,PBC_dataset_normal_DIB\ig\MY_11615.jpg,2_mielosit
MY_116737_ccrop.jpg,MY_116737,MY,PBC_dataset_normal_DIB\ig\MY_116737.jpg,2_mielosit
MY_119173_ccrop.jpg,MY_119173,MY,PBC_dataset_normal_DIB\ig\MY_119173.jpg,2_mielosit
MY_119619_ccrop.jpg,MY_119619,MY,PBC_dataset_normal_DIB\ig\MY_119619.jpg,2_mielosit
MY_119999_ccrop.jpg,MY_119999,MY,PBC_dataset_normal_DIB\ig\MY_119999.jpg,2_mielosit
MY_120338_ccrop.jpg,MY_120338,MY,PBC_dataset_normal_DIB\ig\MY_120338.jpg,2_mielosit
MY_121051_ccrop.jpg,MY_121051,MY,PBC_dataset_normal_DIB\ig\MY_121051.jpg,2_mielosit
MY_121208_ccrop.jpg,MY_121208,MY,PBC_dataset_normal_DIB\ig\MY_121208.jpg,2_mielosit
MY_121211_ccrop.jpg,MY_121211,MY,PBC_dataset_normal_DIB\ig\MY_121211.jpg,2_mielosit
MY_122208_ccrop.jpg,MY_122208,MY,PBC_dataset_normal_DIB\ig\MY_122208.jpg,2_mielosit
MY_12301_ccrop.jpg,MY_12301,MY,PBC_dataset_normal_DIB\ig\MY_12301.jpg,2_mielosit
MY_124515_ccrop.jpg,MY_124515,MY,PBC_dataset_normal_DIB\ig\MY_124515.jpg,2_mielosit
MY_125978_ccrop.jpg,MY_125978,MY,PBC_dataset_normal_DIB\ig\MY_125978.jpg,2_mielosit
MY_126278_ccrop.jpg,MY_126278,MY,PBC_dataset_normal_DIB\ig\MY_126278.jpg,2_mielosit
MY_126435_ccrop.jpg,MY_126435,MY,PBC_dataset_normal_DIB\ig\MY_126435.jpg,2_mielosit
MY_129353_ccrop.jpg,MY_129353,MY,PBC_dataset_normal_DIB\ig\MY_129353.jpg,2_mielosit
MY_129949_ccrop.jpg,MY_129949,MY,PBC_dataset_normal_DIB\ig\MY_129949.jpg,2_mielosit
MY_12999_ccrop.jpg,MY_12999,MY,PBC_dataset_normal_DIB\ig\MY_12999.jpg,2_mielosit
MY_130749_ccrop.jpg,MY_130749,MY,PBC_dataset_normal_DIB\ig\MY_130749.jpg,2_mielosit
MY_13222_ccrop.jpg,MY_13222,MY,PBC_dataset_normal_DIB\ig\MY_13222.jpg,2_mielosit
MY_132265_ccrop.jpg,MY_132265,MY,PBC_dataset_normal_DIB\ig\MY_132265.jpg,2_mielosit
MY_133660_ccrop.jpg,MY_133660,MY,PBC_dataset_normal_DIB\ig\MY_133660.jpg,2_mielosit
MY_13396_ccrop.jpg,MY_13396,MY,PBC_dataset_normal_DIB\ig\MY_13396.jpg,2_mielosit
MY_134565_ccrop.jpg,MY_134565,MY,PBC_dataset_normal_DIB\ig\MY_134565.jpg,2_mielosit
MY_13579_ccrop.jpg,MY_13579,MY,PBC_dataset_normal_DIB\ig\MY_13579.jpg,2_mielosit
MY_136754_ccrop.jpg,MY_136754,MY,PBC_dataset_normal_DIB\ig\MY_136754.jpg,2_mielosit
MY_137100_ccrop.jpg,MY_137100,MY,PBC_dataset_normal_DIB\ig\MY_137100.jpg,2_mielosit
MY_137874_ccrop.jpg,MY_137874,MY,PBC_dataset_normal_DIB\ig\MY_137874.jpg,2_mielosit
MY_138902_ccrop.jpg,MY_138902,MY,PBC_dataset_normal_DIB\ig\MY_138902.jpg,2_mielosit
MY_139124_ccrop.jpg,MY_139124,MY,PBC_dataset_normal_DIB\ig\MY_139124.jpg,2_mielosit
MY_139492_ccrop.jpg,MY_139492,MY,PBC_dataset_normal_DIB\ig\MY_139492.jpg,2_mielosit
MY_139496_ccrop.jpg,MY_139496,MY,PBC_dataset_normal_DIB\ig\MY_139496.jpg,2_mielosit
MY_141437_ccrop.jpg,MY_141437,MY,PBC_dataset_normal_DIB\ig\MY_141437.jpg,2_mielosit
MY_141610_ccrop.jpg,MY_141610,MY,PBC_dataset_normal_DIB\ig\MY_141610.jpg,2_mielosit
MY_141919_ccrop.jpg,MY_141919,MY,PBC_dataset_normal_DIB\ig\MY_141919.jpg,2_mielosit
MY_142994_ccrop.jpg,MY_142994,MY,PBC_dataset_normal_DIB\ig\MY_142994.jpg,2_mielosit
MY_143171_ccrop.jpg,MY_143171,MY,PBC_dataset_normal_DIB\ig\MY_143171.jpg,2_mielosit
MY_143806_ccrop.jpg,MY_143806,MY,PBC_dataset_normal_DIB\ig\MY_143806.jpg,2_mielosit
MY_14468_ccrop.jpg,MY_14468,MY,PBC_dataset_normal_DIB\ig\MY_14468.jpg,2_mielosit
MY_147920_ccrop.jpg,MY_147920,MY,PBC_dataset_normal_DIB\ig\MY_147920.jpg,2_mielosit
MY_151810_ccrop.jpg,MY_151810,MY,PBC_dataset_normal_DIB\ig\MY_151810.jpg,2_mielosit
MY_152520_ccrop.jpg,MY_152520,MY,PBC_dataset_normal_DIB\ig\MY_152520.jpg,2_mielosit
MY_154518_ccrop.jpg,MY_154518,MY,PBC_dataset_normal_DIB\ig\MY_154518.jpg,2_mielosit
MY_155817_ccrop.jpg,MY_155817,MY,PBC_dataset_normal_DIB\ig\MY_155817.jpg,2_mielosit
MY_157291_ccrop.jpg,MY_157291,MY,PBC_dataset_normal_DIB\ig\MY_157291.jpg,2_mielosit
MY_157828_ccrop.jpg,MY_157828,MY,PBC_dataset_normal_DIB\ig\MY_157828.jpg,2_mielosit
MY_157915_ccrop.jpg,MY_157915,MY,PBC_dataset_normal_DIB\ig\MY_157915.jpg,2_mielosit
MY_15896_ccrop.jpg,MY_15896,MY,PBC_dataset_normal_DIB\ig\MY_15896.jpg,2_mielosit
MY_161_ccrop.jpg,MY_161,MY,PBC_dataset_normal_DIB\ig\MY_161.jpg,2_mielosit
MY_161790_ccrop.jpg,MY_161790,MY,PBC_dataset_normal_DIB\ig\MY_161790.jpg,2_mielosit
MY_162415_ccrop.jpg,MY_162415,MY,PBC_dataset_normal_DIB\ig\MY_162415.jpg,2_mielosit
MY_163137_ccrop.jpg,MY_163137,MY,PBC_dataset_normal_DIB\ig\MY_163137.jpg,2_mielosit
MY_163444_ccrop.jpg,MY_163444,MY,PBC_dataset_normal_DIB\ig\MY_163444.jpg,2_mielosit
MY_164404_ccrop.jpg,MY_164404,MY,PBC_dataset_normal_DIB\ig\MY_164404.jpg,2_mielosit
MY_164630_ccrop.jpg,MY_164630,MY,PBC_dataset_normal_DIB\ig\MY_164630.jpg,2_mielosit
MY_165850_ccrop.jpg,MY_165850,MY,PBC_dataset_normal_DIB\ig\MY_165850.jpg,2_mielosit
MY_16620_ccrop.jpg,MY_16620,MY,PBC_dataset_normal_DIB\ig\MY_16620.jpg,2_mielosit
MY_166340_ccrop.jpg,MY_166340,MY,PBC_dataset_normal_DIB\ig\MY_166340.jpg,2_mielosit
MY_167589_ccrop.jpg,MY_167589,MY,PBC_dataset_normal_DIB\ig\MY_167589.jpg,2_mielosit
MY_168501_ccrop.jpg,MY_168501,MY,PBC_dataset_normal_DIB\ig\MY_168501.jpg,2_mielosit
MY_169043_ccrop.jpg,MY_169043,MY,PBC_dataset_normal_DIB\ig\MY_169043.jpg,2_mielosit
MY_16924_ccrop.jpg,MY_16924,MY,PBC_dataset_normal_DIB\ig\MY_16924.jpg,2_mielosit
MY_169425_ccrop.jpg,MY_169425,MY,PBC_dataset_normal_DIB\ig\MY_169425.jpg,2_mielosit
MY_169658_ccrop.jpg,MY_169658,MY,PBC_dataset_normal_DIB\ig\MY_169658.jpg,2_mielosit
MY_171293_ccrop.jpg,MY_171293,MY,PBC_dataset_normal_DIB\ig\MY_171293.jpg,2_mielosit
MY_172164_ccrop.jpg,MY_172164,MY,PBC_dataset_normal_DIB\ig\MY_172164.jpg,2_mielosit
MY_175369_ccrop.jpg,MY_175369,MY,PBC_dataset_normal_DIB\ig\MY_175369.jpg,2_mielosit
MY_175725_ccrop.jpg,MY_175725,MY,PBC_dataset_normal_DIB\ig\MY_175725.jpg,2_mielosit
MY_177168_ccrop.jpg,MY_177168,MY,PBC_dataset_normal_DIB\ig\MY_177168.jpg,2_mielosit
MY_177233_ccrop.jpg,MY_177233,MY,PBC_dataset_normal_DIB\ig\MY_177233.jpg,2_mielosit
MY_177249_ccrop.jpg,MY_177249,MY,PBC_dataset_normal_DIB\ig\MY_177249.jpg,2_mielosit
MY_178548_ccrop.jpg,MY_178548,MY,PBC_dataset_normal_DIB\ig\MY_178548.jpg,2_mielosit
MY_179886_ccrop.jpg,MY_179886,MY,PBC_dataset_normal_DIB\ig\MY_179886.jpg,2_mielosit
MY_18_ccrop.jpg,MY_18,MY,PBC_dataset_normal_DIB\ig\MY_18.jpg,2_mielosit
MY_180161_ccrop.jpg,MY_180161,MY,PBC_dataset_normal_DIB\ig\MY_180161.jpg,2_mielosit
MY_180887_ccrop.jpg,MY_180887,MY,PBC_dataset_normal_DIB\ig\MY_180887.jpg,2_mielosit
MY_181122_ccrop.jpg,MY_181122,MY,PBC_dataset_normal_DIB\ig\MY_181122.jpg,2_mielosit
MY_181379_ccrop.jpg,MY_181379,MY,PBC_dataset_normal_DIB\ig\MY_181379.jpg,2_mielosit
MY_181485_ccrop.jpg,MY_181485,MY,PBC_dataset_normal_DIB\ig\MY_181485.jpg,2_mielosit
MY_181873_ccrop.jpg,MY_181873,MY,PBC_dataset_normal_DIB\ig\MY_181873.jpg,2_mielosit
MY_182553_ccrop.jpg,MY_182553,MY,PBC_dataset_normal_DIB\ig\MY_182553.jpg,2_mielosit
MY_182600_ccrop.jpg,MY_182600,MY,PBC_dataset_normal_DIB\ig\MY_182600.jpg,2_mielosit
MY_182811_ccrop.jpg,MY_182811,MY,PBC_dataset_normal_DIB\ig\MY_182811.jpg,2_mielosit
MY_184763_ccrop.jpg,MY_184763,MY,PBC_dataset_normal_DIB\ig\MY_184763.jpg,2_mielosit
MY_184990_ccrop.jpg,MY_184990,MY,PBC_dataset_normal_DIB\ig\MY_184990.jpg,2_mielosit
MY_1855_ccrop.jpg,MY_1855,MY,PBC_dataset_normal_DIB\ig\MY_1855.jpg,2_mielosit
MY_18670_ccrop.jpg,MY_18670,MY,PBC_dataset_normal_DIB\ig\MY_18670.jpg,2_mielosit
MY_186930_ccrop.jpg,MY_186930,MY,PBC_dataset_normal_DIB\ig\MY_186930.jpg,2_mielosit
MY_18763_ccrop.jpg,MY_18763,MY,PBC_dataset_normal_DIB\ig\MY_18763.jpg,2_mielosit
MY_188460_ccrop.jpg,MY_188460,MY,PBC_dataset_normal_DIB\ig\MY_188460.jpg,2_mielosit
MY_188945_ccrop.jpg,MY_188945,MY,PBC_dataset_normal_DIB\ig\MY_188945.jpg,2_mielosit
MY_189641_ccrop.jpg,MY_189641,MY,PBC_dataset_normal_DIB\ig\MY_189641.jpg,2_mielosit
MY_19011_ccrop.jpg,MY_19011,MY,PBC_dataset_normal_DIB\ig\MY_19011.jpg,2_mielosit
MY_191132_ccrop.jpg,MY_191132,MY,PBC_dataset_normal_DIB\ig\MY_191132.jpg,2_mielosit
MY_191876_ccrop.jpg,MY_191876,MY,PBC_dataset_normal_DIB\ig\MY_191876.jpg,2_mielosit
MY_192056_ccrop.jpg,MY_192056,MY,PBC_dataset_normal_DIB\ig\MY_192056.jpg,2_mielosit
MY_19278_ccrop.jpg,MY_19278,MY,PBC_dataset_normal_DIB\ig\MY_19278.jpg,2_mielosit
MY_194705_ccrop.jpg,MY_194705,MY,PBC_dataset_normal_DIB\ig\MY_194705.jpg,2_mielosit
MY_195529_ccrop.jpg,MY_195529,MY,PBC_dataset_normal_DIB\ig\MY_195529.jpg,2_mielosit
MY_195677_ccrop.jpg,MY_195677,MY,PBC_dataset_normal_DIB\ig\MY_195677.jpg,2_mielosit
MY_196925_ccrop.jpg,MY_196925,MY,PBC_dataset_normal_DIB\ig\MY_196925.jpg,2_mielosit
MY_197088_ccrop.jpg,MY_197088,MY,PBC_dataset_normal_DIB\ig\MY_197088.jpg,2_mielosit
MY_198565_ccrop.jpg,MY_198565,MY,PBC_dataset_normal_DIB\ig\MY_198565.jpg,2_mielosit
MY_198785_ccrop.jpg,MY_198785,MY,PBC_dataset_normal_DIB\ig\MY_198785.jpg,2_mielosit
MY_203983_ccrop.jpg,MY_203983,MY,PBC_dataset_normal_DIB\ig\MY_203983.jpg,2_mielosit
MY_204082_ccrop.jpg,MY_204082,MY,PBC_dataset_normal_DIB\ig\MY_204082.jpg,2_mielosit
MY_204645_ccrop.jpg,MY_204645,MY,PBC_dataset_normal_DIB\ig\MY_204645.jpg,2_mielosit
MY_204968_ccrop.jpg,MY_204968,MY,PBC_dataset_normal_DIB\ig\MY_204968.jpg,2_mielosit
MY_205043_ccrop.jpg,MY_205043,MY,PBC_dataset_normal_DIB\ig\MY_205043.jpg,2_mielosit
MY_205210_ccrop.jpg,MY_205210,MY,PBC_dataset_normal_DIB\ig\MY_205210.jpg,2_mielosit
MY_205837_ccrop.jpg,MY_205837,MY,PBC_dataset_normal_DIB\ig\MY_205837.jpg,2_mielosit
MY_206657_ccrop.jpg,MY_206657,MY,PBC_dataset_normal_DIB\ig\MY_206657.jpg,2_mielosit
MY_206724_ccrop.jpg,MY_206724,MY,PBC_dataset_normal_DIB\ig\MY_206724.jpg,2_mielosit
MY_207774_ccrop.jpg,MY_207774,MY,PBC_dataset_normal_DIB\ig\MY_207774.jpg,2_mielosit
MY_210359_ccrop.jpg,MY_210359,MY,PBC_dataset_normal_DIB\ig\MY_210359.jpg,2_mielosit
MY_210437_ccrop.jpg,MY_210437,MY,PBC_dataset_normal_DIB\ig\MY_210437.jpg,2_mielosit
MY_210999_ccrop.jpg,MY_210999,MY,PBC_dataset_normal_DIB\ig\MY_210999.jpg,2_mielosit
MY_211325_ccrop.jpg,MY_211325,MY,PBC_dataset_normal_DIB\ig\MY_211325.jpg,2_mielosit
MY_212165_ccrop.jpg,MY_212165,MY,PBC_dataset_normal_DIB\ig\MY_212165.jpg,2_mielosit
MY_212992_ccrop.jpg,MY_212992,MY,PBC_dataset_normal_DIB\ig\MY_212992.jpg,2_mielosit
MY_213171_ccrop.jpg,MY_213171,MY,PBC_dataset_normal_DIB\ig\MY_213171.jpg,2_mielosit
MY_21389_ccrop.jpg,MY_21389,MY,PBC_dataset_normal_DIB\ig\MY_21389.jpg,2_mielosit
MY_214806_ccrop.jpg,MY_214806,MY,PBC_dataset_normal_DIB\ig\MY_214806.jpg,2_mielosit
MY_215223_ccrop.jpg,MY_215223,MY,PBC_dataset_normal_DIB\ig\MY_215223.jpg,2_mielosit
MY_215493_ccrop.jpg,MY_215493,MY,PBC_dataset_normal_DIB\ig\MY_215493.jpg,2_mielosit
MY_215494_ccrop.jpg,MY_215494,MY,PBC_dataset_normal_DIB\ig\MY_215494.jpg,2_mielosit
MY_218573_ccrop.jpg,MY_218573,MY,PBC_dataset_normal_DIB\ig\MY_218573.jpg,2_mielosit
MY_218947_ccrop.jpg,MY_218947,MY,PBC_dataset_normal_DIB\ig\MY_218947.jpg,2_mielosit
MY_219555_ccrop.jpg,MY_219555,MY,PBC_dataset_normal_DIB\ig\MY_219555.jpg,2_mielosit
MY_219641_ccrop.jpg,MY_219641,MY,PBC_dataset_normal_DIB\ig\MY_219641.jpg,2_mielosit
MY_22017_ccrop.jpg,MY_22017,MY,PBC_dataset_normal_DIB\ig\MY_22017.jpg,2_mielosit
MY_220331_ccrop.jpg,MY_220331,MY,PBC_dataset_normal_DIB\ig\MY_220331.jpg,2_mielosit
MY_221285_ccrop.jpg,MY_221285,MY,PBC_dataset_normal_DIB\ig\MY_221285.jpg,2_mielosit
MY_221607_ccrop.jpg,MY_221607,MY,PBC_dataset_normal_DIB\ig\MY_221607.jpg,2_mielosit
MY_221685_ccrop.jpg,MY_221685,MY,PBC_dataset_normal_DIB\ig\MY_221685.jpg,2_mielosit
MY_22182_ccrop.jpg,MY_22182,MY,PBC_dataset_normal_DIB\ig\MY_22182.jpg,2_mielosit
MY_222884_ccrop.jpg,MY_222884,MY,PBC_dataset_normal_DIB\ig\MY_222884.jpg,2_mielosit
MY_222988_ccrop.jpg,MY_222988,MY,PBC_dataset_normal_DIB\ig\MY_222988.jpg,2_mielosit
MY_223749_ccrop.jpg,MY_223749,MY,PBC_dataset_normal_DIB\ig\MY_223749.jpg,2_mielosit
MY_225007_ccrop.jpg,MY_225007,MY,PBC_dataset_normal_DIB\ig\MY_225007.jpg,2_mielosit
MY_22578_ccrop.jpg,MY_22578,MY,PBC_dataset_normal_DIB\ig\MY_22578.jpg,2_mielosit
MY_225980_ccrop.jpg,MY_225980,MY,PBC_dataset_normal_DIB\ig\MY_225980.jpg,2_mielosit
MY_226006_ccrop.jpg,MY_226006,MY,PBC_dataset_normal_DIB\ig\MY_226006.jpg,2_mielosit
MY_226775_ccrop.jpg,MY_226775,MY,PBC_dataset_normal_DIB\ig\MY_226775.jpg,2_mielosit
MY_227269_ccrop.jpg,MY_227269,MY,PBC_dataset_normal_DIB\ig\MY_227269.jpg,2_mielosit
MY_229351_ccrop.jpg,MY_229351,MY,PBC_dataset_normal_DIB\ig\MY_229351.jpg,2_mielosit
MY_232933_ccrop.jpg,MY_232933,MY,PBC_dataset_normal_DIB\ig\MY_232933.jpg,2_mielosit
MY_234070_ccrop.jpg,MY_234070,MY,PBC_dataset_normal_DIB\ig\MY_234070.jpg,2_mielosit
MY_23614905_ccrop.jpg,MY_23614905,MY,PBC_dataset_normal_DIB\ig\MY_23614905.jpg,2_mielosit
MY_236401_ccrop.jpg,MY_236401,MY,PBC_dataset_normal_DIB\ig\MY_236401.jpg,2_mielosit
MY_236757_ccrop.jpg,MY_236757,MY,PBC_dataset_normal_DIB\ig\MY_236757.jpg,2_mielosit
MY_238306_ccrop.jpg,MY_238306,MY,PBC_dataset_normal_DIB\ig\MY_238306.jpg,2_mielosit
MY_238375_ccrop.jpg,MY_238375,MY,PBC_dataset_normal_DIB\ig\MY_238375.jpg,2_mielosit
MY_239299_ccrop.jpg,MY_239299,MY,PBC_dataset_normal_DIB\ig\MY_239299.jpg,2_mielosit
MY_240796_ccrop.jpg,MY_240796,MY,PBC_dataset_normal_DIB\ig\MY_240796.jpg,2_mielosit
MY_24200_ccrop.jpg,MY_24200,MY,PBC_dataset_normal_DIB\ig\MY_24200.jpg,2_mielosit
MY_242857_ccrop.jpg,MY_242857,MY,PBC_dataset_normal_DIB\ig\MY_242857.jpg,2_mielosit
MY_245827_ccrop.jpg,MY_245827,MY,PBC_dataset_normal_DIB\ig\MY_245827.jpg,2_mielosit
MY_246767_ccrop.jpg,MY_246767,MY,PBC_dataset_normal_DIB\ig\MY_246767.jpg,2_mielosit
MY_246938_ccrop.jpg,MY_246938,MY,PBC_dataset_normal_DIB\ig\MY_246938.jpg,2_mielosit
MY_247442_ccrop.jpg,MY_247442,MY,PBC_dataset_normal_DIB\ig\MY_247442.jpg,2_mielosit
MY_247717_ccrop.jpg,MY_247717,MY,PBC_dataset_normal_DIB\ig\MY_247717.jpg,2_mielosit
MY_248301_ccrop.jpg,MY_248301,MY,PBC_dataset_normal_DIB\ig\MY_248301.jpg,2_mielosit
MY_249139_ccrop.jpg,MY_249139,MY,PBC_dataset_normal_DIB\ig\MY_249139.jpg,2_mielosit
MY_249346_ccrop.jpg,MY_249346,MY,PBC_dataset_normal_DIB\ig\MY_249346.jpg,2_mielosit
MY_251361_ccrop.jpg,MY_251361,MY,PBC_dataset_normal_DIB\ig\MY_251361.jpg,2_mielosit
MY_252718_ccrop.jpg,MY_252718,MY,PBC_dataset_normal_DIB\ig\MY_252718.jpg,2_mielosit
MY_253087_ccrop.jpg,MY_253087,MY,PBC_dataset_normal_DIB\ig\MY_253087.jpg,2_mielosit
MY_254967_ccrop.jpg,MY_254967,MY,PBC_dataset_normal_DIB\ig\MY_254967.jpg,2_mielosit
MY_256477_ccrop.jpg,MY_256477,MY,PBC_dataset_normal_DIB\ig\MY_256477.jpg,2_mielosit
MY_258962_ccrop.jpg,MY_258962,MY,PBC_dataset_normal_DIB\ig\MY_258962.jpg,2_mielosit
MY_260774_ccrop.jpg,MY_260774,MY,PBC_dataset_normal_DIB\ig\MY_260774.jpg,2_mielosit
MY_261349_ccrop.jpg,MY_261349,MY,PBC_dataset_normal_DIB\ig\MY_261349.jpg,2_mielosit
MY_261543_ccrop.jpg,MY_261543,MY,PBC_dataset_normal_DIB\ig\MY_261543.jpg,2_mielosit
MY_262313_ccrop.jpg,MY_262313,MY,PBC_dataset_normal_DIB\ig\MY_262313.jpg,2_mielosit
MY_26643_ccrop.jpg,MY_26643,MY,PBC_dataset_normal_DIB\ig\MY_26643.jpg,2_mielosit
MY_26663_ccrop.jpg,MY_26663,MY,PBC_dataset_normal_DIB\ig\MY_26663.jpg,2_mielosit
MY_267711_ccrop.jpg,MY_267711,MY,PBC_dataset_normal_DIB\ig\MY_267711.jpg,2_mielosit
MY_269757_ccrop.jpg,MY_269757,MY,PBC_dataset_normal_DIB\ig\MY_269757.jpg,2_mielosit
MY_272559_ccrop.jpg,MY_272559,MY,PBC_dataset_normal_DIB\ig\MY_272559.jpg,2_mielosit
MY_272659_ccrop.jpg,MY_272659,MY,PBC_dataset_normal_DIB\ig\MY_272659.jpg,2_mielosit
MY_272861_ccrop.jpg,MY_272861,MY,PBC_dataset_normal_DIB\ig\MY_272861.jpg,2_mielosit
MY_273036_ccrop.jpg,MY_273036,MY,PBC_dataset_normal_DIB\ig\MY_273036.jpg,2_mielosit
MY_277351_ccrop.jpg,MY_277351,MY,PBC_dataset_normal_DIB\ig\MY_277351.jpg,2_mielosit
MY_278236_ccrop.jpg,MY_278236,MY,PBC_dataset_normal_DIB\ig\MY_278236.jpg,2_mielosit
MY_278832_ccrop.jpg,MY_278832,MY,PBC_dataset_normal_DIB\ig\MY_278832.jpg,2_mielosit
MY_279543_ccrop.jpg,MY_279543,MY,PBC_dataset_normal_DIB\ig\MY_279543.jpg,2_mielosit
MY_279665_ccrop.jpg,MY_279665,MY,PBC_dataset_normal_DIB\ig\MY_279665.jpg,2_mielosit
MY_280980_ccrop.jpg,MY_280980,MY,PBC_dataset_normal_DIB\ig\MY_280980.jpg,2_mielosit
MY_281051_ccrop.jpg,MY_281051,MY,PBC_dataset_normal_DIB\ig\MY_281051.jpg,2_mielosit
MY_281089_ccrop.jpg,MY_281089,MY,PBC_dataset_normal_DIB\ig\MY_281089.jpg,2_mielosit
MY_281673_ccrop.jpg,MY_281673,MY,PBC_dataset_normal_DIB\ig\MY_281673.jpg,2_mielosit
MY_281819_ccrop.jpg,MY_281819,MY,PBC_dataset_normal_DIB\ig\MY_281819.jpg,2_mielosit
MY_282919_ccrop.jpg,MY_282919,MY,PBC_dataset_normal_DIB\ig\MY_282919.jpg,2_mielosit
MY_284581_ccrop.jpg,MY_284581,MY,PBC_dataset_normal_DIB\ig\MY_284581.jpg,2_mielosit
MY_284921_ccrop.jpg,MY_284921,MY,PBC_dataset_normal_DIB\ig\MY_284921.jpg,2_mielosit
MY_285737_ccrop.jpg,MY_285737,MY,PBC_dataset_normal_DIB\ig\MY_285737.jpg,2_mielosit
MY_286014_ccrop.jpg,MY_286014,MY,PBC_dataset_normal_DIB\ig\MY_286014.jpg,2_mielosit
MY_286474_ccrop.jpg,MY_286474,MY,PBC_dataset_normal_DIB\ig\MY_286474.jpg,2_mielosit
MY_286698_ccrop.jpg,MY_286698,MY,PBC_dataset_normal_DIB\ig\MY_286698.jpg,2_mielosit
MY_286730_ccrop.jpg,MY_286730,MY,PBC_dataset_normal_DIB\ig\MY_286730.jpg,2_mielosit
MY_288231_ccrop.jpg,MY_288231,MY,PBC_dataset_normal_DIB\ig\MY_288231.jpg,2_mielosit
MY_28857_ccrop.jpg,MY_28857,MY,PBC_dataset_normal_DIB\ig\MY_28857.jpg,2_mielosit
MY_288699_ccrop.jpg,MY_288699,MY,PBC_dataset_normal_DIB\ig\MY_288699.jpg,2_mielosit
MY_289202_ccrop.jpg,MY_289202,MY,PBC_dataset_normal_DIB\ig\MY_289202.jpg,2_mielosit
MY_291389_ccrop.jpg,MY_291389,MY,PBC_dataset_normal_DIB\ig\MY_291389.jpg,2_mielosit
MY_293829_ccrop.jpg,MY_293829,MY,PBC_dataset_normal_DIB\ig\MY_293829.jpg,2_mielosit
MY_294860_ccrop.jpg,MY_294860,MY,PBC_dataset_normal_DIB\ig\MY_294860.jpg,2_mielosit
MY_295696_ccrop.jpg,MY_295696,MY,PBC_dataset_normal_DIB\ig\MY_295696.jpg,2_mielosit
MY_296143_ccrop.jpg,MY_296143,MY,PBC_dataset_normal_DIB\ig\MY_296143.jpg,2_mielosit
MY_29646_ccrop.jpg,MY_29646,MY,PBC_dataset_normal_DIB\ig\MY_29646.jpg,2_mielosit
MY_296522_ccrop.jpg,MY_296522,MY,PBC_dataset_normal_DIB\ig\MY_296522.jpg,2_mielosit
MY_296620_ccrop.jpg,MY_296620,MY,PBC_dataset_normal_DIB\ig\MY_296620.jpg,2_mielosit
MY_297345_ccrop.jpg,MY_297345,MY,PBC_dataset_normal_DIB\ig\MY_297345.jpg,2_mielosit
MY_299417_ccrop.jpg,MY_299417,MY,PBC_dataset_normal_DIB\ig\MY_299417.jpg,2_mielosit
MY_30015_ccrop.jpg,MY_30015,MY,PBC_dataset_normal_DIB\ig\MY_30015.jpg,2_mielosit
MY_300502_ccrop.jpg,MY_300502,MY,PBC_dataset_normal_DIB\ig\MY_300502.jpg,2_mielosit
MY_300933_ccrop.jpg,MY_300933,MY,PBC_dataset_normal_DIB\ig\MY_300933.jpg,2_mielosit
MY_301141_ccrop.jpg,MY_301141,MY,PBC_dataset_normal_DIB\ig\MY_301141.jpg,2_mielosit
MY_301540_ccrop.jpg,MY_301540,MY,PBC_dataset_normal_DIB\ig\MY_301540.jpg,2_mielosit
MY_301678_ccrop.jpg,MY_301678,MY,PBC_dataset_normal_DIB\ig\MY_301678.jpg,2_mielosit
MY_302235_ccrop.jpg,MY_302235,MY,PBC_dataset_normal_DIB\ig\MY_302235.jpg,2_mielosit
MY_302593_ccrop.jpg,MY_302593,MY,PBC_dataset_normal_DIB\ig\MY_302593.jpg,2_mielosit
MY_302781_ccrop.jpg,MY_302781,MY,PBC_dataset_normal_DIB\ig\MY_302781.jpg,2_mielosit
MY_303539_ccrop.jpg,MY_303539,MY,PBC_dataset_normal_DIB\ig\MY_303539.jpg,2_mielosit
MY_303940_ccrop.jpg,MY_303940,MY,PBC_dataset_normal_DIB\ig\MY_303940.jpg,2_mielosit
MY_304105_ccrop.jpg,MY_304105,MY,PBC_dataset_normal_DIB\ig\MY_304105.jpg,2_mielosit
MY_305490_ccrop.jpg,MY_305490,MY,PBC_dataset_normal_DIB\ig\MY_305490.jpg,2_mielosit
MY_306303_ccrop.jpg,MY_306303,MY,PBC_dataset_normal_DIB\ig\MY_306303.jpg,2_mielosit
MY_308116_ccrop.jpg,MY_308116,MY,PBC_dataset_normal_DIB\ig\MY_308116.jpg,2_mielosit
MY_309193_ccrop.jpg,MY_309193,MY,PBC_dataset_normal_DIB\ig\MY_309193.jpg,2_mielosit
MY_30958_ccrop.jpg,MY_30958,MY,PBC_dataset_normal_DIB\ig\MY_30958.jpg,2_mielosit
MY_309631_ccrop.jpg,MY_309631,MY,PBC_dataset_normal_DIB\ig\MY_309631.jpg,2_mielosit
MY_312431_ccrop.jpg,MY_312431,MY,PBC_dataset_normal_DIB\ig\MY_312431.jpg,2_mielosit
MY_312659_ccrop.jpg,MY_312659,MY,PBC_dataset_normal_DIB\ig\MY_312659.jpg,2_mielosit
MY_313667_ccrop.jpg,MY_313667,MY,PBC_dataset_normal_DIB\ig\MY_313667.jpg,2_mielosit
MY_31504_ccrop.jpg,MY_31504,MY,PBC_dataset_normal_DIB\ig\MY_31504.jpg,2_mielosit
MY_316040_ccrop.jpg,MY_316040,MY,PBC_dataset_normal_DIB\ig\MY_316040.jpg,2_mielosit
MY_316357_ccrop.jpg,MY_316357,MY,PBC_dataset_normal_DIB\ig\MY_316357.jpg,2_mielosit
MY_316445_ccrop.jpg,MY_316445,MY,PBC_dataset_normal_DIB\ig\MY_316445.jpg,2_mielosit
MY_317113_ccrop.jpg,MY_317113,MY,PBC_dataset_normal_DIB\ig\MY_317113.jpg,2_mielosit
MY_317306_ccrop.jpg,MY_317306,MY,PBC_dataset_normal_DIB\ig\MY_317306.jpg,2_mielosit
MY_317446_ccrop.jpg,MY_317446,MY,PBC_dataset_normal_DIB\ig\MY_317446.jpg,2_mielosit
MY_317678_ccrop.jpg,MY_317678,MY,PBC_dataset_normal_DIB\ig\MY_317678.jpg,2_mielosit
MY_318075_ccrop.jpg,MY_318075,MY,PBC_dataset_normal_DIB\ig\MY_318075.jpg,2_mielosit
MY_318125_ccrop.jpg,MY_318125,MY,PBC_dataset_normal_DIB\ig\MY_318125.jpg,2_mielosit
MY_319599_ccrop.jpg,MY_319599,MY,PBC_dataset_normal_DIB\ig\MY_319599.jpg,2_mielosit
MY_320467_ccrop.jpg,MY_320467,MY,PBC_dataset_normal_DIB\ig\MY_320467.jpg,2_mielosit
MY_320705_ccrop.jpg,MY_320705,MY,PBC_dataset_normal_DIB\ig\MY_320705.jpg,2_mielosit
MY_320981_ccrop.jpg,MY_320981,MY,PBC_dataset_normal_DIB\ig\MY_320981.jpg,2_mielosit
MY_321048_ccrop.jpg,MY_321048,MY,PBC_dataset_normal_DIB\ig\MY_321048.jpg,2_mielosit
MY_32121_ccrop.jpg,MY_32121,MY,PBC_dataset_normal_DIB\ig\MY_32121.jpg,2_mielosit
MY_321696_ccrop.jpg,MY_321696,MY,PBC_dataset_normal_DIB\ig\MY_321696.jpg,2_mielosit
MY_324087_ccrop.jpg,MY_324087,MY,PBC_dataset_normal_DIB\ig\MY_324087.jpg,2_mielosit
MY_324260_ccrop.jpg,MY_324260,MY,PBC_dataset_normal_DIB\ig\MY_324260.jpg,2_mielosit
MY_32518_ccrop.jpg,MY_32518,MY,PBC_dataset_normal_DIB\ig\MY_32518.jpg,2_mielosit
MY_325489_ccrop.jpg,MY_325489,MY,PBC_dataset_normal_DIB\ig\MY_325489.jpg,2_mielosit
MY_326196_ccrop.jpg,MY_326196,MY,PBC_dataset_normal_DIB\ig\MY_326196.jpg,2_mielosit
MY_32784_ccrop.jpg,MY_32784,MY,PBC_dataset_normal_DIB\ig\MY_32784.jpg,2_mielosit
MY_328953_ccrop.jpg,MY_328953,MY,PBC_dataset_normal_DIB\ig\MY_328953.jpg,2_mielosit
MY_329365_ccrop.jpg,MY_329365,MY,PBC_dataset_normal_DIB\ig\MY_329365.jpg,2_mielosit
MY_329554_ccrop.jpg,MY_329554,MY,PBC_dataset_normal_DIB\ig\MY_329554.jpg,2_mielosit
MY_330390_ccrop.jpg,MY_330390,MY,PBC_dataset_normal_DIB\ig\MY_330390.jpg,2_mielosit
MY_330735_ccrop.jpg,MY_330735,MY,PBC_dataset_normal_DIB\ig\MY_330735.jpg,2_mielosit
MY_332451_ccrop.jpg,MY_332451,MY,PBC_dataset_normal_DIB\ig\MY_332451.jpg,2_mielosit
MY_332914_ccrop.jpg,MY_332914,MY,PBC_dataset_normal_DIB\ig\MY_332914.jpg,2_mielosit
MY_333798_ccrop.jpg,MY_333798,MY,PBC_dataset_normal_DIB\ig\MY_333798.jpg,2_mielosit
MY_334793_ccrop.jpg,MY_334793,MY,PBC_dataset_normal_DIB\ig\MY_334793.jpg,2_mielosit
MY_335063_ccrop.jpg,MY_335063,MY,PBC_dataset_normal_DIB\ig\MY_335063.jpg,2_mielosit
MY_336558_ccrop.jpg,MY_336558,MY,PBC_dataset_normal_DIB\ig\MY_336558.jpg,2_mielosit
MY_337168_ccrop.jpg,MY_337168,MY,PBC_dataset_normal_DIB\ig\MY_337168.jpg,2_mielosit
MY_337572_ccrop.jpg,MY_337572,MY,PBC_dataset_normal_DIB\ig\MY_337572.jpg,2_mielosit
MY_337697_ccrop.jpg,MY_337697,MY,PBC_dataset_normal_DIB\ig\MY_337697.jpg,2_mielosit
MY_340209_ccrop.jpg,MY_340209,MY,PBC_dataset_normal_DIB\ig\MY_340209.jpg,2_mielosit
MY_341417_ccrop.jpg,MY_341417,MY,PBC_dataset_normal_DIB\ig\MY_341417.jpg,2_mielosit
MY_341785_ccrop.jpg,MY_341785,MY,PBC_dataset_normal_DIB\ig\MY_341785.jpg,2_mielosit
MY_342473_ccrop.jpg,MY_342473,MY,PBC_dataset_normal_DIB\ig\MY_342473.jpg,2_mielosit
MY_344234_ccrop.jpg,MY_344234,MY,PBC_dataset_normal_DIB\ig\MY_344234.jpg,2_mielosit
MY_347254_ccrop.jpg,MY_347254,MY,PBC_dataset_normal_DIB\ig\MY_347254.jpg,2_mielosit
MY_347599_ccrop.jpg,MY_347599,MY,PBC_dataset_normal_DIB\ig\MY_347599.jpg,2_mielosit
MY_348102_ccrop.jpg,MY_348102,MY,PBC_dataset_normal_DIB\ig\MY_348102.jpg,2_mielosit
MY_348237_ccrop.jpg,MY_348237,MY,PBC_dataset_normal_DIB\ig\MY_348237.jpg,2_mielosit
MY_34839_ccrop.jpg,MY_34839,MY,PBC_dataset_normal_DIB\ig\MY_34839.jpg,2_mielosit
MY_34902_ccrop.jpg,MY_34902,MY,PBC_dataset_normal_DIB\ig\MY_34902.jpg,2_mielosit
MY_349045_ccrop.jpg,MY_349045,MY,PBC_dataset_normal_DIB\ig\MY_349045.jpg,2_mielosit
MY_35139_ccrop.jpg,MY_35139,MY,PBC_dataset_normal_DIB\ig\MY_35139.jpg,2_mielosit
MY_351627_ccrop.jpg,MY_351627,MY,PBC_dataset_normal_DIB\ig\MY_351627.jpg,2_mielosit
MY_352151_ccrop.jpg,MY_352151,MY,PBC_dataset_normal_DIB\ig\MY_352151.jpg,2_mielosit
MY_354736_ccrop.jpg,MY_354736,MY,PBC_dataset_normal_DIB\ig\MY_354736.jpg,2_mielosit
MY_355269_ccrop.jpg,MY_355269,MY,PBC_dataset_normal_DIB\ig\MY_355269.jpg,2_mielosit
MY_356970_ccrop.jpg,MY_356970,MY,PBC_dataset_normal_DIB\ig\MY_356970.jpg,2_mielosit
MY_357096_ccrop.jpg,MY_357096,MY,PBC_dataset_normal_DIB\ig\MY_357096.jpg,2_mielosit
MY_357655_ccrop.jpg,MY_357655,MY,PBC_dataset_normal_DIB\ig\MY_357655.jpg,2_mielosit
MY_35929_ccrop.jpg,MY_35929,MY,PBC_dataset_normal_DIB\ig\MY_35929.jpg,2_mielosit
MY_360170_ccrop.jpg,MY_360170,MY,PBC_dataset_normal_DIB\ig\MY_360170.jpg,2_mielosit
MY_36108_ccrop.jpg,MY_36108,MY,PBC_dataset_normal_DIB\ig\MY_36108.jpg,2_mielosit
MY_361524_ccrop.jpg,MY_361524,MY,PBC_dataset_normal_DIB\ig\MY_361524.jpg,2_mielosit
MY_36253_ccrop.jpg,MY_36253,MY,PBC_dataset_normal_DIB\ig\MY_36253.jpg,2_mielosit
MY_36263_ccrop.jpg,MY_36263,MY,PBC_dataset_normal_DIB\ig\MY_36263.jpg,2_mielosit
MY_364905_ccrop.jpg,MY_364905,MY,PBC_dataset_normal_DIB\ig\MY_364905.jpg,2_mielosit
MY_365260_ccrop.jpg,MY_365260,MY,PBC_dataset_normal_DIB\ig\MY_365260.jpg,2_mielosit
MY_365367_ccrop.jpg,MY_365367,MY,PBC_dataset_normal_DIB\ig\MY_365367.jpg,2_mielosit
MY_365478_ccrop.jpg,MY_365478,MY,PBC_dataset_normal_DIB\ig\MY_365478.jpg,2_mielosit
MY_365894_ccrop.jpg,MY_365894,MY,PBC_dataset_normal_DIB\ig\MY_365894.jpg,2_mielosit
MY_366074_ccrop.jpg,MY_366074,MY,PBC_dataset_normal_DIB\ig\MY_366074.jpg,2_mielosit
MY_366198_ccrop.jpg,MY_366198,MY,PBC_dataset_normal_DIB\ig\MY_366198.jpg,2_mielosit
MY_366660_ccrop.jpg,MY_366660,MY,PBC_dataset_normal_DIB\ig\MY_366660.jpg,2_mielosit
MY_366760_ccrop.jpg,MY_366760,MY,PBC_dataset_normal_DIB\ig\MY_366760.jpg,2_mielosit
MY_367960_ccrop.jpg,MY_367960,MY,PBC_dataset_normal_DIB\ig\MY_367960.jpg,2_mielosit
MY_368726_ccrop.jpg,MY_368726,MY,PBC_dataset_normal_DIB\ig\MY_368726.jpg,2_mielosit
MY_36939_ccrop.jpg,MY_36939,MY,PBC_dataset_normal_DIB\ig\MY_36939.jpg,2_mielosit
MY_370244_ccrop.jpg,MY_370244,MY,PBC_dataset_normal_DIB\ig\MY_370244.jpg,2_mielosit
MY_370716_ccrop.jpg,MY_370716,MY,PBC_dataset_normal_DIB\ig\MY_370716.jpg,2_mielosit
MY_37089_ccrop.jpg,MY_37089,MY,PBC_dataset_normal_DIB\ig\MY_37089.jpg,2_mielosit
MY_373768_ccrop.jpg,MY_373768,MY,PBC_dataset_normal_DIB\ig\MY_373768.jpg,2_mielosit
MY_374353_ccrop.jpg,MY_374353,MY,PBC_dataset_normal_DIB\ig\MY_374353.jpg,2_mielosit
MY_375825_ccrop.jpg,MY_375825,MY,PBC_dataset_normal_DIB\ig\MY_375825.jpg,2_mielosit
MY_37729_ccrop.jpg,MY_37729,MY,PBC_dataset_normal_DIB\ig\MY_37729.jpg,2_mielosit
MY_377665_ccrop.jpg,MY_377665,MY,PBC_dataset_normal_DIB\ig\MY_377665.jpg,2_mielosit
MY_378165_ccrop.jpg,MY_378165,MY,PBC_dataset_normal_DIB\ig\MY_378165.jpg,2_mielosit
MY_378388_ccrop.jpg,MY_378388,MY,PBC_dataset_normal_DIB\ig\MY_378388.jpg,2_mielosit
MY_378707_ccrop.jpg,MY_378707,MY,PBC_dataset_normal_DIB\ig\MY_378707.jpg,2_mielosit
MY_379326_ccrop.jpg,MY_379326,MY,PBC_dataset_normal_DIB\ig\MY_379326.jpg,2_mielosit
MY_380050_ccrop.jpg,MY_380050,MY,PBC_dataset_normal_DIB\ig\MY_380050.jpg,2_mielosit
MY_380564_ccrop.jpg,MY_380564,MY,PBC_dataset_normal_DIB\ig\MY_380564.jpg,2_mielosit
MY_380682_ccrop.jpg,MY_380682,MY,PBC_dataset_normal_DIB\ig\MY_380682.jpg,2_mielosit
MY_382427_ccrop.jpg,MY_382427,MY,PBC_dataset_normal_DIB\ig\MY_382427.jpg,2_mielosit
MY_382714_ccrop.jpg,MY_382714,MY,PBC_dataset_normal_DIB\ig\MY_382714.jpg,2_mielosit
MY_382855_ccrop.jpg,MY_382855,MY,PBC_dataset_normal_DIB\ig\MY_382855.jpg,2_mielosit
MY_382967_ccrop.jpg,MY_382967,MY,PBC_dataset_normal_DIB\ig\MY_382967.jpg,2_mielosit
MY_383620_ccrop.jpg,MY_383620,MY,PBC_dataset_normal_DIB\ig\MY_383620.jpg,2_mielosit
MY_384587_ccrop.jpg,MY_384587,MY,PBC_dataset_normal_DIB\ig\MY_384587.jpg,2_mielosit
MY_384910_ccrop.jpg,MY_384910,MY,PBC_dataset_normal_DIB\ig\MY_384910.jpg,2_mielosit
MY_384984_ccrop.jpg,MY_384984,MY,PBC_dataset_normal_DIB\ig\MY_384984.jpg,2_mielosit
MY_386684_ccrop.jpg,MY_386684,MY,PBC_dataset_normal_DIB\ig\MY_386684.jpg,2_mielosit
MY_38787_ccrop.jpg,MY_38787,MY,PBC_dataset_normal_DIB\ig\MY_38787.jpg,2_mielosit
MY_391121_ccrop.jpg,MY_391121,MY,PBC_dataset_normal_DIB\ig\MY_391121.jpg,2_mielosit
MY_391175_ccrop.jpg,MY_391175,MY,PBC_dataset_normal_DIB\ig\MY_391175.jpg,2_mielosit
MY_395179_ccrop.jpg,MY_395179,MY,PBC_dataset_normal_DIB\ig\MY_395179.jpg,2_mielosit
MY_395492_ccrop.jpg,MY_395492,MY,PBC_dataset_normal_DIB\ig\MY_395492.jpg,2_mielosit
MY_396014_ccrop.jpg,MY_396014,MY,PBC_dataset_normal_DIB\ig\MY_396014.jpg,2_mielosit
MY_396433_ccrop.jpg,MY_396433,MY,PBC_dataset_normal_DIB\ig\MY_396433.jpg,2_mielosit
MY_397206_ccrop.jpg,MY_397206,MY,PBC_dataset_normal_DIB\ig\MY_397206.jpg,2_mielosit
MY_397449_ccrop.jpg,MY_397449,MY,PBC_dataset_normal_DIB\ig\MY_397449.jpg,2_mielosit
MY_397699_ccrop.jpg,MY_397699,MY,PBC_dataset_normal_DIB\ig\MY_397699.jpg,2_mielosit
MY_39791_ccrop.jpg,MY_39791,MY,PBC_dataset_normal_DIB\ig\MY_39791.jpg,2_mielosit
MY_398878_ccrop.jpg,MY_398878,MY,PBC_dataset_normal_DIB\ig\MY_398878.jpg,2_mielosit
MY_399205_ccrop.jpg,MY_399205,MY,PBC_dataset_normal_DIB\ig\MY_399205.jpg,2_mielosit
MY_400712_ccrop.jpg,MY_400712,MY,PBC_dataset_normal_DIB\ig\MY_400712.jpg,2_mielosit
MY_401595_ccrop.jpg,MY_401595,MY,PBC_dataset_normal_DIB\ig\MY_401595.jpg,2_mielosit
MY_402499_ccrop.jpg,MY_402499,MY,PBC_dataset_normal_DIB\ig\MY_402499.jpg,2_mielosit
MY_403116_ccrop.jpg,MY_403116,MY,PBC_dataset_normal_DIB\ig\MY_403116.jpg,2_mielosit
MY_403208_ccrop.jpg,MY_403208,MY,PBC_dataset_normal_DIB\ig\MY_403208.jpg,2_mielosit
MY_403450_ccrop.jpg,MY_403450,MY,PBC_dataset_normal_DIB\ig\MY_403450.jpg,2_mielosit
MY_403991_ccrop.jpg,MY_403991,MY,PBC_dataset_normal_DIB\ig\MY_403991.jpg,2_mielosit
MY_405059_ccrop.jpg,MY_405059,MY,PBC_dataset_normal_DIB\ig\MY_405059.jpg,2_mielosit
MY_405189_ccrop.jpg,MY_405189,MY,PBC_dataset_normal_DIB\ig\MY_405189.jpg,2_mielosit
MY_405493_ccrop.jpg,MY_405493,MY,PBC_dataset_normal_DIB\ig\MY_405493.jpg,2_mielosit
MY_406153_ccrop.jpg,MY_406153,MY,PBC_dataset_normal_DIB\ig\MY_406153.jpg,2_mielosit
MY_406693_ccrop.jpg,MY_406693,MY,PBC_dataset_normal_DIB\ig\MY_406693.jpg,2_mielosit
MY_407015_ccrop.jpg,MY_407015,MY,PBC_dataset_normal_DIB\ig\MY_407015.jpg,2_mielosit
MY_407951_ccrop.jpg,MY_407951,MY,PBC_dataset_normal_DIB\ig\MY_407951.jpg,2_mielosit
MY_408149_ccrop.jpg,MY_408149,MY,PBC_dataset_normal_DIB\ig\MY_408149.jpg,2_mielosit
MY_408830_ccrop.jpg,MY_408830,MY,PBC_dataset_normal_DIB\ig\MY_408830.jpg,2_mielosit
MY_409798_ccrop.jpg,MY_409798,MY,PBC_dataset_normal_DIB\ig\MY_409798.jpg,2_mielosit
MY_411258_ccrop.jpg,MY_411258,MY,PBC_dataset_normal_DIB\ig\MY_411258.jpg,2_mielosit
MY_41163_ccrop.jpg,MY_41163,MY,PBC_dataset_normal_DIB\ig\MY_41163.jpg,2_mielosit
MY_412950_ccrop.jpg,MY_412950,MY,PBC_dataset_normal_DIB\ig\MY_412950.jpg,2_mielosit
MY_413709_ccrop.jpg,MY_413709,MY,PBC_dataset_normal_DIB\ig\MY_413709.jpg,2_mielosit
MY_41429_ccrop.jpg,MY_41429,MY,PBC_dataset_normal_DIB\ig\MY_41429.jpg,2_mielosit
MY_415231_ccrop.jpg,MY_415231,MY,PBC_dataset_normal_DIB\ig\MY_415231.jpg,2_mielosit
MY_415539_ccrop.jpg,MY_415539,MY,PBC_dataset_normal_DIB\ig\MY_415539.jpg,2_mielosit
MY_418673_ccrop.jpg,MY_418673,MY,PBC_dataset_normal_DIB\ig\MY_418673.jpg,2_mielosit
MY_419294_ccrop.jpg,MY_419294,MY,PBC_dataset_normal_DIB\ig\MY_419294.jpg,2_mielosit
MY_420074_ccrop.jpg,MY_420074,MY,PBC_dataset_normal_DIB\ig\MY_420074.jpg,2_mielosit
MY_420171_ccrop.jpg,MY_420171,MY,PBC_dataset_normal_DIB\ig\MY_420171.jpg,2_mielosit
MY_420638_ccrop.jpg,MY_420638,MY,PBC_dataset_normal_DIB\ig\MY_420638.jpg,2_mielosit
MY_420714_ccrop.jpg,MY_420714,MY,PBC_dataset_normal_DIB\ig\MY_420714.jpg,2_mielosit
MY_421128_ccrop.jpg,MY_421128,MY,PBC_dataset_normal_DIB\ig\MY_421128.jpg,2_mielosit
MY_422387_ccrop.jpg,MY_422387,MY,PBC_dataset_normal_DIB\ig\MY_422387.jpg,2_mielosit
MY_42264_ccrop.jpg,MY_42264,MY,PBC_dataset_normal_DIB\ig\MY_42264.jpg,2_mielosit
MY_423491_ccrop.jpg,MY_423491,MY,PBC_dataset_normal_DIB\ig\MY_423491.jpg,2_mielosit
MY_423502_ccrop.jpg,MY_423502,MY,PBC_dataset_normal_DIB\ig\MY_423502.jpg,2_mielosit
MY_423958_ccrop.jpg,MY_423958,MY,PBC_dataset_normal_DIB\ig\MY_423958.jpg,2_mielosit
MY_424239_ccrop.jpg,MY_424239,MY,PBC_dataset_normal_DIB\ig\MY_424239.jpg,2_mielosit
MY_426001_ccrop.jpg,MY_426001,MY,PBC_dataset_normal_DIB\ig\MY_426001.jpg,2_mielosit
MY_42829_ccrop.jpg,MY_42829,MY,PBC_dataset_normal_DIB\ig\MY_42829.jpg,2_mielosit
MY_428595_ccrop.jpg,MY_428595,MY,PBC_dataset_normal_DIB\ig\MY_428595.jpg,2_mielosit
MY_429336_ccrop.jpg,MY_429336,MY,PBC_dataset_normal_DIB\ig\MY_429336.jpg,2_mielosit
MY_430911_ccrop.jpg,MY_430911,MY,PBC_dataset_normal_DIB\ig\MY_430911.jpg,2_mielosit
MY_431915_ccrop.jpg,MY_431915,MY,PBC_dataset_normal_DIB\ig\MY_431915.jpg,2_mielosit
MY_432444_ccrop.jpg,MY_432444,MY,PBC_dataset_normal_DIB\ig\MY_432444.jpg,2_mielosit
MY_433031_ccrop.jpg,MY_433031,MY,PBC_dataset_normal_DIB\ig\MY_433031.jpg,2_mielosit
MY_433445_ccrop.jpg,MY_433445,MY,PBC_dataset_normal_DIB\ig\MY_433445.jpg,2_mielosit
MY_434851_ccrop.jpg,MY_434851,MY,PBC_dataset_normal_DIB\ig\MY_434851.jpg,2_mielosit
MY_435058_ccrop.jpg,MY_435058,MY,PBC_dataset_normal_DIB\ig\MY_435058.jpg,2_mielosit
MY_436403_ccrop.jpg,MY_436403,MY,PBC_dataset_normal_DIB\ig\MY_436403.jpg,2_mielosit
MY_436928_ccrop.jpg,MY_436928,MY,PBC_dataset_normal_DIB\ig\MY_436928.jpg,2_mielosit
MY_436981_ccrop.jpg,MY_436981,MY,PBC_dataset_normal_DIB\ig\MY_436981.jpg,2_mielosit
MY_437099_ccrop.jpg,MY_437099,MY,PBC_dataset_normal_DIB\ig\MY_437099.jpg,2_mielosit
MY_437694_ccrop.jpg,MY_437694,MY,PBC_dataset_normal_DIB\ig\MY_437694.jpg,2_mielosit
MY_438326_ccrop.jpg,MY_438326,MY,PBC_dataset_normal_DIB\ig\MY_438326.jpg,2_mielosit
MY_438704_ccrop.jpg,MY_438704,MY,PBC_dataset_normal_DIB\ig\MY_438704.jpg,2_mielosit
MY_439142_ccrop.jpg,MY_439142,MY,PBC_dataset_normal_DIB\ig\MY_439142.jpg,2_mielosit
MY_441275_ccrop.jpg,MY_441275,MY,PBC_dataset_normal_DIB\ig\MY_441275.jpg,2_mielosit
MY_44187_ccrop.jpg,MY_44187,MY,PBC_dataset_normal_DIB\ig\MY_44187.jpg,2_mielosit
MY_442608_ccrop.jpg,MY_442608,MY,PBC_dataset_normal_DIB\ig\MY_442608.jpg,2_mielosit
MY_443706_ccrop.jpg,MY_443706,MY,PBC_dataset_normal_DIB\ig\MY_443706.jpg,2_mielosit
MY_444422_ccrop.jpg,MY_444422,MY,PBC_dataset_normal_DIB\ig\MY_444422.jpg,2_mielosit
MY_444564_ccrop.jpg,MY_444564,MY,PBC_dataset_normal_DIB\ig\MY_444564.jpg,2_mielosit
MY_447830_ccrop.jpg,MY_447830,MY,PBC_dataset_normal_DIB\ig\MY_447830.jpg,2_mielosit
MY_448011_ccrop.jpg,MY_448011,MY,PBC_dataset_normal_DIB\ig\MY_448011.jpg,2_mielosit
MY_449150_ccrop.jpg,MY_449150,MY,PBC_dataset_normal_DIB\ig\MY_449150.jpg,2_mielosit
MY_44959_ccrop.jpg,MY_44959,MY,PBC_dataset_normal_DIB\ig\MY_44959.jpg,2_mielosit
MY_449858_ccrop.jpg,MY_449858,MY,PBC_dataset_normal_DIB\ig\MY_449858.jpg,2_mielosit
MY_451389_ccrop.jpg,MY_451389,MY,PBC_dataset_normal_DIB\ig\MY_451389.jpg,2_mielosit
MY_454723_ccrop.jpg,MY_454723,MY,PBC_dataset_normal_DIB\ig\MY_454723.jpg,2_mielosit
MY_455915_ccrop.jpg,MY_455915,MY,PBC_dataset_normal_DIB\ig\MY_455915.jpg,2_mielosit
MY_45860_ccrop.jpg,MY_45860,MY,PBC_dataset_normal_DIB\ig\MY_45860.jpg,2_mielosit
MY_45895_ccrop.jpg,MY_45895,MY,PBC_dataset_normal_DIB\ig\MY_45895.jpg,2_mielosit
MY_460940_ccrop.jpg,MY_460940,MY,PBC_dataset_normal_DIB\ig\MY_460940.jpg,2_mielosit
MY_461295_ccrop.jpg,MY_461295,MY,PBC_dataset_normal_DIB\ig\MY_461295.jpg,2_mielosit
MY_46138_ccrop.jpg,MY_46138,MY,PBC_dataset_normal_DIB\ig\MY_46138.jpg,2_mielosit
MY_462446_ccrop.jpg,MY_462446,MY,PBC_dataset_normal_DIB\ig\MY_462446.jpg,2_mielosit
MY_463215_ccrop.jpg,MY_463215,MY,PBC_dataset_normal_DIB\ig\MY_463215.jpg,2_mielosit
MY_46606_ccrop.jpg,MY_46606,MY,PBC_dataset_normal_DIB\ig\MY_46606.jpg,2_mielosit
MY_466230_ccrop.jpg,MY_466230,MY,PBC_dataset_normal_DIB\ig\MY_466230.jpg,2_mielosit
MY_466965_ccrop.jpg,MY_466965,MY,PBC_dataset_normal_DIB\ig\MY_466965.jpg,2_mielosit
MY_4691_ccrop.jpg,MY_4691,MY,PBC_dataset_normal_DIB\ig\MY_4691.jpg,2_mielosit
MY_469252_ccrop.jpg,MY_469252,MY,PBC_dataset_normal_DIB\ig\MY_469252.jpg,2_mielosit
MY_470101_ccrop.jpg,MY_470101,MY,PBC_dataset_normal_DIB\ig\MY_470101.jpg,2_mielosit
MY_470228_ccrop.jpg,MY_470228,MY,PBC_dataset_normal_DIB\ig\MY_470228.jpg,2_mielosit
MY_470356_ccrop.jpg,MY_470356,MY,PBC_dataset_normal_DIB\ig\MY_470356.jpg,2_mielosit
MY_471394_ccrop.jpg,MY_471394,MY,PBC_dataset_normal_DIB\ig\MY_471394.jpg,2_mielosit
MY_471812_ccrop.jpg,MY_471812,MY,PBC_dataset_normal_DIB\ig\MY_471812.jpg,2_mielosit
MY_472410_ccrop.jpg,MY_472410,MY,PBC_dataset_normal_DIB\ig\MY_472410.jpg,2_mielosit
MY_47265_ccrop.jpg,MY_47265,MY,PBC_dataset_normal_DIB\ig\MY_47265.jpg,2_mielosit
MY_473712_ccrop.jpg,MY_473712,MY,PBC_dataset_normal_DIB\ig\MY_473712.jpg,2_mielosit
MY_475970_ccrop.jpg,MY_475970,MY,PBC_dataset_normal_DIB\ig\MY_475970.jpg,2_mielosit
MY_476208_ccrop.jpg,MY_476208,MY,PBC_dataset_normal_DIB\ig\MY_476208.jpg,2_mielosit
MY_476921_ccrop.jpg,MY_476921,MY,PBC_dataset_normal_DIB\ig\MY_476921.jpg,2_mielosit
MY_47749_ccrop.jpg,MY_47749,MY,PBC_dataset_normal_DIB\ig\MY_47749.jpg,2_mielosit
MY_478123_ccrop.jpg,MY_478123,MY,PBC_dataset_normal_DIB\ig\MY_478123.jpg,2_mielosit
MY_479047_ccrop.jpg,MY_479047,MY,PBC_dataset_normal_DIB\ig\MY_479047.jpg,2_mielosit
MY_479364_ccrop.jpg,MY_479364,MY,PBC_dataset_normal_DIB\ig\MY_479364.jpg,2_mielosit
MY_480081_ccrop.jpg,MY_480081,MY,PBC_dataset_normal_DIB\ig\MY_480081.jpg,2_mielosit
MY_481076_ccrop.jpg,MY_481076,MY,PBC_dataset_normal_DIB\ig\MY_481076.jpg,2_mielosit
MY_481411_ccrop.jpg,MY_481411,MY,PBC_dataset_normal_DIB\ig\MY_481411.jpg,2_mielosit
MY_481948_ccrop.jpg,MY_481948,MY,PBC_dataset_normal_DIB\ig\MY_481948.jpg,2_mielosit
MY_482158_ccrop.jpg,MY_482158,MY,PBC_dataset_normal_DIB\ig\MY_482158.jpg,2_mielosit
MY_482727_ccrop.jpg,MY_482727,MY,PBC_dataset_normal_DIB\ig\MY_482727.jpg,2_mielosit
MY_482967_ccrop.jpg,MY_482967,MY,PBC_dataset_normal_DIB\ig\MY_482967.jpg,2_mielosit
MY_485534_ccrop.jpg,MY_485534,MY,PBC_dataset_normal_DIB\ig\MY_485534.jpg,2_mielosit
MY_486264_ccrop.jpg,MY_486264,MY,PBC_dataset_normal_DIB\ig\MY_486264.jpg,2_mielosit
MY_486536_ccrop.jpg,MY_486536,MY,PBC_dataset_normal_DIB\ig\MY_486536.jpg,2_mielosit
MY_489538_ccrop.jpg,MY_489538,MY,PBC_dataset_normal_DIB\ig\MY_489538.jpg,2_mielosit
MY_489753_ccrop.jpg,MY_489753,MY,PBC_dataset_normal_DIB\ig\MY_489753.jpg,2_mielosit
MY_492576_ccrop.jpg,MY_492576,MY,PBC_dataset_normal_DIB\ig\MY_492576.jpg,2_mielosit
MY_493670_ccrop.jpg,MY_493670,MY,PBC_dataset_normal_DIB\ig\MY_493670.jpg,2_mielosit
MY_493717_ccrop.jpg,MY_493717,MY,PBC_dataset_normal_DIB\ig\MY_493717.jpg,2_mielosit
MY_494276_ccrop.jpg,MY_494276,MY,PBC_dataset_normal_DIB\ig\MY_494276.jpg,2_mielosit
MY_494502_ccrop.jpg,MY_494502,MY,PBC_dataset_normal_DIB\ig\MY_494502.jpg,2_mielosit
MY_495898_ccrop.jpg,MY_495898,MY,PBC_dataset_normal_DIB\ig\MY_495898.jpg,2_mielosit
MY_497800_ccrop.jpg,MY_497800,MY,PBC_dataset_normal_DIB\ig\MY_497800.jpg,2_mielosit
MY_498198_ccrop.jpg,MY_498198,MY,PBC_dataset_normal_DIB\ig\MY_498198.jpg,2_mielosit
MY_498640_ccrop.jpg,MY_498640,MY,PBC_dataset_normal_DIB\ig\MY_498640.jpg,2_mielosit
MY_498997_ccrop.jpg,MY_498997,MY,PBC_dataset_normal_DIB\ig\MY_498997.jpg,2_mielosit
MY_499027_ccrop.jpg,MY_499027,MY,PBC_dataset_normal_DIB\ig\MY_499027.jpg,2_mielosit
MY_499127_ccrop.jpg,MY_499127,MY,PBC_dataset_normal_DIB\ig\MY_499127.jpg,2_mielosit
MY_500259_ccrop.jpg,MY_500259,MY,PBC_dataset_normal_DIB\ig\MY_500259.jpg,2_mielosit
MY_500315_ccrop.jpg,MY_500315,MY,PBC_dataset_normal_DIB\ig\MY_500315.jpg,2_mielosit
MY_501416_ccrop.jpg,MY_501416,MY,PBC_dataset_normal_DIB\ig\MY_501416.jpg,2_mielosit
MY_501558_ccrop.jpg,MY_501558,MY,PBC_dataset_normal_DIB\ig\MY_501558.jpg,2_mielosit
MY_50402_ccrop.jpg,MY_50402,MY,PBC_dataset_normal_DIB\ig\MY_50402.jpg,2_mielosit
MY_504047_ccrop.jpg,MY_504047,MY,PBC_dataset_normal_DIB\ig\MY_504047.jpg,2_mielosit
MY_50428_ccrop.jpg,MY_50428,MY,PBC_dataset_normal_DIB\ig\MY_50428.jpg,2_mielosit
MY_5047_ccrop.jpg,MY_5047,MY,PBC_dataset_normal_DIB\ig\MY_5047.jpg,2_mielosit
MY_505011_ccrop.jpg,MY_505011,MY,PBC_dataset_normal_DIB\ig\MY_505011.jpg,2_mielosit
MY_505118_ccrop.jpg,MY_505118,MY,PBC_dataset_normal_DIB\ig\MY_505118.jpg,2_mielosit
MY_505449_ccrop.jpg,MY_505449,MY,PBC_dataset_normal_DIB\ig\MY_505449.jpg,2_mielosit
MY_50604_ccrop.jpg,MY_50604,MY,PBC_dataset_normal_DIB\ig\MY_50604.jpg,2_mielosit
MY_506594_ccrop.jpg,MY_506594,MY,PBC_dataset_normal_DIB\ig\MY_506594.jpg,2_mielosit
MY_507166_ccrop.jpg,MY_507166,MY,PBC_dataset_normal_DIB\ig\MY_507166.jpg,2_mielosit
MY_507649_ccrop.jpg,MY_507649,MY,PBC_dataset_normal_DIB\ig\MY_507649.jpg,2_mielosit
MY_508074_ccrop.jpg,MY_508074,MY,PBC_dataset_normal_DIB\ig\MY_508074.jpg,2_mielosit
MY_509611_ccrop.jpg,MY_509611,MY,PBC_dataset_normal_DIB\ig\MY_509611.jpg,2_mielosit
MY_509726_ccrop.jpg,MY_509726,MY,PBC_dataset_normal_DIB\ig\MY_509726.jpg,2_mielosit
MY_511064_ccrop.jpg,MY_511064,MY,PBC_dataset_normal_DIB\ig\MY_511064.jpg,2_mielosit
MY_513069_ccrop.jpg,MY_513069,MY,PBC_dataset_normal_DIB\ig\MY_513069.jpg,2_mielosit
MY_513277_ccrop.jpg,MY_513277,MY,PBC_dataset_normal_DIB\ig\MY_513277.jpg,2_mielosit
MY_513453_ccrop.jpg,MY_513453,MY,PBC_dataset_normal_DIB\ig\MY_513453.jpg,2_mielosit
MY_514023_ccrop.jpg,MY_514023,MY,PBC_dataset_normal_DIB\ig\MY_514023.jpg,2_mielosit
MY_514784_ccrop.jpg,MY_514784,MY,PBC_dataset_normal_DIB\ig\MY_514784.jpg,2_mielosit
MY_51557_ccrop.jpg,MY_51557,MY,PBC_dataset_normal_DIB\ig\MY_51557.jpg,2_mielosit
MY_517512_ccrop.jpg,MY_517512,MY,PBC_dataset_normal_DIB\ig\MY_517512.jpg,2_mielosit
MY_517725_ccrop.jpg,MY_517725,MY,PBC_dataset_normal_DIB\ig\MY_517725.jpg,2_mielosit
MY_518131_ccrop.jpg,MY_518131,MY,PBC_dataset_normal_DIB\ig\MY_518131.jpg,2_mielosit
MY_519627_ccrop.jpg,MY_519627,MY,PBC_dataset_normal_DIB\ig\MY_519627.jpg,2_mielosit
MY_520249_ccrop.jpg,MY_520249,MY,PBC_dataset_normal_DIB\ig\MY_520249.jpg,2_mielosit
MY_521568_ccrop.jpg,MY_521568,MY,PBC_dataset_normal_DIB\ig\MY_521568.jpg,2_mielosit
MY_52259_ccrop.jpg,MY_52259,MY,PBC_dataset_normal_DIB\ig\MY_52259.jpg,2_mielosit
MY_522821_ccrop.jpg,MY_522821,MY,PBC_dataset_normal_DIB\ig\MY_522821.jpg,2_mielosit
MY_523971_ccrop.jpg,MY_523971,MY,PBC_dataset_normal_DIB\ig\MY_523971.jpg,2_mielosit
MY_524046_ccrop.jpg,MY_524046,MY,PBC_dataset_normal_DIB\ig\MY_524046.jpg,2_mielosit
MY_525452_ccrop.jpg,MY_525452,MY,PBC_dataset_normal_DIB\ig\MY_525452.jpg,2_mielosit
MY_526681_ccrop.jpg,MY_526681,MY,PBC_dataset_normal_DIB\ig\MY_526681.jpg,2_mielosit
MY_529063_ccrop.jpg,MY_529063,MY,PBC_dataset_normal_DIB\ig\MY_529063.jpg,2_mielosit
MY_529239_ccrop.jpg,MY_529239,MY,PBC_dataset_normal_DIB\ig\MY_529239.jpg,2_mielosit
MY_529286_ccrop.jpg,MY_529286,MY,PBC_dataset_normal_DIB\ig\MY_529286.jpg,2_mielosit
MY_529769_ccrop.jpg,MY_529769,MY,PBC_dataset_normal_DIB\ig\MY_529769.jpg,2_mielosit
MY_530170_ccrop.jpg,MY_530170,MY,PBC_dataset_normal_DIB\ig\MY_530170.jpg,2_mielosit
MY_530679_ccrop.jpg,MY_530679,MY,PBC_dataset_normal_DIB\ig\MY_530679.jpg,2_mielosit
MY_531884_ccrop.jpg,MY_531884,MY,PBC_dataset_normal_DIB\ig\MY_531884.jpg,2_mielosit
MY_532469_ccrop.jpg,MY_532469,MY,PBC_dataset_normal_DIB\ig\MY_532469.jpg,2_mielosit
MY_5328_ccrop.jpg,MY_5328,MY,PBC_dataset_normal_DIB\ig\MY_5328.jpg,2_mielosit
MY_534370_ccrop.jpg,MY_534370,MY,PBC_dataset_normal_DIB\ig\MY_534370.jpg,2_mielosit
MY_535689_ccrop.jpg,MY_535689,MY,PBC_dataset_normal_DIB\ig\MY_535689.jpg,2_mielosit
MY_535827_ccrop.jpg,MY_535827,MY,PBC_dataset_normal_DIB\ig\MY_535827.jpg,2_mielosit
MY_539884_ccrop.jpg,MY_539884,MY,PBC_dataset_normal_DIB\ig\MY_539884.jpg,2_mielosit
MY_54042_ccrop.jpg,MY_54042,MY,PBC_dataset_normal_DIB\ig\MY_54042.jpg,2_mielosit
MY_541282_ccrop.jpg,MY_541282,MY,PBC_dataset_normal_DIB\ig\MY_541282.jpg,2_mielosit
MY_542181_ccrop.jpg,MY_542181,MY,PBC_dataset_normal_DIB\ig\MY_542181.jpg,2_mielosit
MY_542261_ccrop.jpg,MY_542261,MY,PBC_dataset_normal_DIB\ig\MY_542261.jpg,2_mielosit
MY_542593_ccrop.jpg,MY_542593,MY,PBC_dataset_normal_DIB\ig\MY_542593.jpg,2_mielosit
MY_546300_ccrop.jpg,MY_546300,MY,PBC_dataset_normal_DIB\ig\MY_546300.jpg,2_mielosit
MY_546397_ccrop.jpg,MY_546397,MY,PBC_dataset_normal_DIB\ig\MY_546397.jpg,2_mielosit
MY_547780_ccrop.jpg,MY_547780,MY,PBC_dataset_normal_DIB\ig\MY_547780.jpg,2_mielosit
MY_549789_ccrop.jpg,MY_549789,MY,PBC_dataset_normal_DIB\ig\MY_549789.jpg,2_mielosit
MY_549986_ccrop.jpg,MY_549986,MY,PBC_dataset_normal_DIB\ig\MY_549986.jpg,2_mielosit
MY_553245_ccrop.jpg,MY_553245,MY,PBC_dataset_normal_DIB\ig\MY_553245.jpg,2_mielosit
MY_553439_ccrop.jpg,MY_553439,MY,PBC_dataset_normal_DIB\ig\MY_553439.jpg,2_mielosit
MY_556385_ccrop.jpg,MY_556385,MY,PBC_dataset_normal_DIB\ig\MY_556385.jpg,2_mielosit
MY_556846_ccrop.jpg,MY_556846,MY,PBC_dataset_normal_DIB\ig\MY_556846.jpg,2_mielosit
MY_557369_ccrop.jpg,MY_557369,MY,PBC_dataset_normal_DIB\ig\MY_557369.jpg,2_mielosit
MY_559258_ccrop.jpg,MY_559258,MY,PBC_dataset_normal_DIB\ig\MY_559258.jpg,2_mielosit
MY_559324_ccrop.jpg,MY_559324,MY,PBC_dataset_normal_DIB\ig\MY_559324.jpg,2_mielosit
MY_559991_ccrop.jpg,MY_559991,MY,PBC_dataset_normal_DIB\ig\MY_559991.jpg,2_mielosit
MY_561113_ccrop.jpg,MY_561113,MY,PBC_dataset_normal_DIB\ig\MY_561113.jpg,2_mielosit
MY_561242_ccrop.jpg,MY_561242,MY,PBC_dataset_normal_DIB\ig\MY_561242.jpg,2_mielosit
MY_56170_ccrop.jpg,MY_56170,MY,PBC_dataset_normal_DIB\ig\MY_56170.jpg,2_mielosit
MY_56207_ccrop.jpg,MY_56207,MY,PBC_dataset_normal_DIB\ig\MY_56207.jpg,2_mielosit
MY_562076_ccrop.jpg,MY_562076,MY,PBC_dataset_normal_DIB\ig\MY_562076.jpg,2_mielosit
MY_56227_ccrop.jpg,MY_56227,MY,PBC_dataset_normal_DIB\ig\MY_56227.jpg,2_mielosit
MY_562532_ccrop.jpg,MY_562532,MY,PBC_dataset_normal_DIB\ig\MY_562532.jpg,2_mielosit
MY_563352_ccrop.jpg,MY_563352,MY,PBC_dataset_normal_DIB\ig\MY_563352.jpg,2_mielosit
MY_564217_ccrop.jpg,MY_564217,MY,PBC_dataset_normal_DIB\ig\MY_564217.jpg,2_mielosit
MY_564694_ccrop.jpg,MY_564694,MY,PBC_dataset_normal_DIB\ig\MY_564694.jpg,2_mielosit
MY_564946_ccrop.jpg,MY_564946,MY,PBC_dataset_normal_DIB\ig\MY_564946.jpg,2_mielosit
MY_564953_ccrop.jpg,MY_564953,MY,PBC_dataset_normal_DIB\ig\MY_564953.jpg,2_mielosit
MY_565015_ccrop.jpg,MY_565015,MY,PBC_dataset_normal_DIB\ig\MY_565015.jpg,2_mielosit
MY_565781_ccrop.jpg,MY_565781,MY,PBC_dataset_normal_DIB\ig\MY_565781.jpg,2_mielosit
MY_566128_ccrop.jpg,MY_566128,MY,PBC_dataset_normal_DIB\ig\MY_566128.jpg,2_mielosit
MY_566397_ccrop.jpg,MY_566397,MY,PBC_dataset_normal_DIB\ig\MY_566397.jpg,2_mielosit
MY_567025_ccrop.jpg,MY_567025,MY,PBC_dataset_normal_DIB\ig\MY_567025.jpg,2_mielosit
MY_56759_ccrop.jpg,MY_56759,MY,PBC_dataset_normal_DIB\ig\MY_56759.jpg,2_mielosit
MY_568798_ccrop.jpg,MY_568798,MY,PBC_dataset_normal_DIB\ig\MY_568798.jpg,2_mielosit
MY_569869_ccrop.jpg,MY_569869,MY,PBC_dataset_normal_DIB\ig\MY_569869.jpg,2_mielosit
MY_570138_ccrop.jpg,MY_570138,MY,PBC_dataset_normal_DIB\ig\MY_570138.jpg,2_mielosit
MY_57143_ccrop.jpg,MY_57143,MY,PBC_dataset_normal_DIB\ig\MY_57143.jpg,2_mielosit
MY_57167_ccrop.jpg,MY_57167,MY,PBC_dataset_normal_DIB\ig\MY_57167.jpg,2_mielosit
MY_571743_ccrop.jpg,MY_571743,MY,PBC_dataset_normal_DIB\ig\MY_571743.jpg,2_mielosit
MY_572834_ccrop.jpg,MY_572834,MY,PBC_dataset_normal_DIB\ig\MY_572834.jpg,2_mielosit
MY_572995_ccrop.jpg,MY_572995,MY,PBC_dataset_normal_DIB\ig\MY_572995.jpg,2_mielosit
MY_573045_ccrop.jpg,MY_573045,MY,PBC_dataset_normal_DIB\ig\MY_573045.jpg,2_mielosit
MY_573669_ccrop.jpg,MY_573669,MY,PBC_dataset_normal_DIB\ig\MY_573669.jpg,2_mielosit
MY_574998_ccrop.jpg,MY_574998,MY,PBC_dataset_normal_DIB\ig\MY_574998.jpg,2_mielosit
MY_575058_ccrop.jpg,MY_575058,MY,PBC_dataset_normal_DIB\ig\MY_575058.jpg,2_mielosit
MY_575074_ccrop.jpg,MY_575074,MY,PBC_dataset_normal_DIB\ig\MY_575074.jpg,2_mielosit
MY_577473_ccrop.jpg,MY_577473,MY,PBC_dataset_normal_DIB\ig\MY_577473.jpg,2_mielosit
MY_579000_ccrop.jpg,MY_579000,MY,PBC_dataset_normal_DIB\ig\MY_579000.jpg,2_mielosit
MY_579170_ccrop.jpg,MY_579170,MY,PBC_dataset_normal_DIB\ig\MY_579170.jpg,2_mielosit
MY_579937_ccrop.jpg,MY_579937,MY,PBC_dataset_normal_DIB\ig\MY_579937.jpg,2_mielosit
MY_580200_ccrop.jpg,MY_580200,MY,PBC_dataset_normal_DIB\ig\MY_580200.jpg,2_mielosit
MY_581132_ccrop.jpg,MY_581132,MY,PBC_dataset_normal_DIB\ig\MY_581132.jpg,2_mielosit
MY_582611_ccrop.jpg,MY_582611,MY,PBC_dataset_normal_DIB\ig\MY_582611.jpg,2_mielosit
MY_582963_ccrop.jpg,MY_582963,MY,PBC_dataset_normal_DIB\ig\MY_582963.jpg,2_mielosit
MY_583276_ccrop.jpg,MY_583276,MY,PBC_dataset_normal_DIB\ig\MY_583276.jpg,2_mielosit
MY_583764_ccrop.jpg,MY_583764,MY,PBC_dataset_normal_DIB\ig\MY_583764.jpg,2_mielosit
MY_584716_ccrop.jpg,MY_584716,MY,PBC_dataset_normal_DIB\ig\MY_584716.jpg,2_mielosit
MY_585307_ccrop.jpg,MY_585307,MY,PBC_dataset_normal_DIB\ig\MY_585307.jpg,2_mielosit
MY_585586_ccrop.jpg,MY_585586,MY,PBC_dataset_normal_DIB\ig\MY_585586.jpg,2_mielosit
MY_585797_ccrop.jpg,MY_585797,MY,PBC_dataset_normal_DIB\ig\MY_585797.jpg,2_mielosit
MY_587356_ccrop.jpg,MY_587356,MY,PBC_dataset_normal_DIB\ig\MY_587356.jpg,2_mielosit
MY_588430_ccrop.jpg,MY_588430,MY,PBC_dataset_normal_DIB\ig\MY_588430.jpg,2_mielosit
MY_589087_ccrop.jpg,MY_589087,MY,PBC_dataset_normal_DIB\ig\MY_589087.jpg,2_mielosit
MY_589414_ccrop.jpg,MY_589414,MY,PBC_dataset_normal_DIB\ig\MY_589414.jpg,2_mielosit
MY_5897_ccrop.jpg,MY_5897,MY,PBC_dataset_normal_DIB\ig\MY_5897.jpg,2_mielosit
MY_590739_ccrop.jpg,MY_590739,MY,PBC_dataset_normal_DIB\ig\MY_590739.jpg,2_mielosit
MY_593385_ccrop.jpg,MY_593385,MY,PBC_dataset_normal_DIB\ig\MY_593385.jpg,2_mielosit
MY_593588_ccrop.jpg,MY_593588,MY,PBC_dataset_normal_DIB\ig\MY_593588.jpg,2_mielosit
MY_593612_ccrop.jpg,MY_593612,MY,PBC_dataset_normal_DIB\ig\MY_593612.jpg,2_mielosit
MY_594626_ccrop.jpg,MY_594626,MY,PBC_dataset_normal_DIB\ig\MY_594626.jpg,2_mielosit
MY_594667_ccrop.jpg,MY_594667,MY,PBC_dataset_normal_DIB\ig\MY_594667.jpg,2_mielosit
MY_594928_ccrop.jpg,MY_594928,MY,PBC_dataset_normal_DIB\ig\MY_594928.jpg,2_mielosit
MY_595505_ccrop.jpg,MY_595505,MY,PBC_dataset_normal_DIB\ig\MY_595505.jpg,2_mielosit
MY_595737_ccrop.jpg,MY_595737,MY,PBC_dataset_normal_DIB\ig\MY_595737.jpg,2_mielosit
MY_595819_ccrop.jpg,MY_595819,MY,PBC_dataset_normal_DIB\ig\MY_595819.jpg,2_mielosit
MY_597124_ccrop.jpg,MY_597124,MY,PBC_dataset_normal_DIB\ig\MY_597124.jpg,2_mielosit
MY_598411_ccrop.jpg,MY_598411,MY,PBC_dataset_normal_DIB\ig\MY_598411.jpg,2_mielosit
MY_598453_ccrop.jpg,MY_598453,MY,PBC_dataset_normal_DIB\ig\MY_598453.jpg,2_mielosit
MY_598679_ccrop.jpg,MY_598679,MY,PBC_dataset_normal_DIB\ig\MY_598679.jpg,2_mielosit
MY_59925_ccrop.jpg,MY_59925,MY,PBC_dataset_normal_DIB\ig\MY_59925.jpg,2_mielosit
MY_60036_ccrop.jpg,MY_60036,MY,PBC_dataset_normal_DIB\ig\MY_60036.jpg,2_mielosit
MY_600402_ccrop.jpg,MY_600402,MY,PBC_dataset_normal_DIB\ig\MY_600402.jpg,2_mielosit
MY_601125_ccrop.jpg,MY_601125,MY,PBC_dataset_normal_DIB\ig\MY_601125.jpg,2_mielosit
MY_601213_ccrop.jpg,MY_601213,MY,PBC_dataset_normal_DIB\ig\MY_601213.jpg,2_mielosit
MY_601690_ccrop.jpg,MY_601690,MY,PBC_dataset_normal_DIB\ig\MY_601690.jpg,2_mielosit
MY_602375_ccrop.jpg,MY_602375,MY,PBC_dataset_normal_DIB\ig\MY_602375.jpg,2_mielosit
MY_604411_ccrop.jpg,MY_604411,MY,PBC_dataset_normal_DIB\ig\MY_604411.jpg,2_mielosit
MY_607254_ccrop.jpg,MY_607254,MY,PBC_dataset_normal_DIB\ig\MY_607254.jpg,2_mielosit
MY_607317_ccrop.jpg,MY_607317,MY,PBC_dataset_normal_DIB\ig\MY_607317.jpg,2_mielosit
MY_607445_ccrop.jpg,MY_607445,MY,PBC_dataset_normal_DIB\ig\MY_607445.jpg,2_mielosit
MY_608101_ccrop.jpg,MY_608101,MY,PBC_dataset_normal_DIB\ig\MY_608101.jpg,2_mielosit
MY_609024_ccrop.jpg,MY_609024,MY,PBC_dataset_normal_DIB\ig\MY_609024.jpg,2_mielosit
MY_609553_ccrop.jpg,MY_609553,MY,PBC_dataset_normal_DIB\ig\MY_609553.jpg,2_mielosit
MY_609980_ccrop.jpg,MY_609980,MY,PBC_dataset_normal_DIB\ig\MY_609980.jpg,2_mielosit
MY_610612_ccrop.jpg,MY_610612,MY,PBC_dataset_normal_DIB\ig\MY_610612.jpg,2_mielosit
MY_610744_ccrop.jpg,MY_610744,MY,PBC_dataset_normal_DIB\ig\MY_610744.jpg,2_mielosit
MY_611218_ccrop.jpg,MY_611218,MY,PBC_dataset_normal_DIB\ig\MY_611218.jpg,2_mielosit
MY_61193_ccrop.jpg,MY_61193,MY,PBC_dataset_normal_DIB\ig\MY_61193.jpg,2_mielosit
MY_612346_ccrop.jpg,MY_612346,MY,PBC_dataset_normal_DIB\ig\MY_612346.jpg,2_mielosit
MY_612971_ccrop.jpg,MY_612971,MY,PBC_dataset_normal_DIB\ig\MY_612971.jpg,2_mielosit
MY_613546_ccrop.jpg,MY_613546,MY,PBC_dataset_normal_DIB\ig\MY_613546.jpg,2_mielosit
MY_613909_ccrop.jpg,MY_613909,MY,PBC_dataset_normal_DIB\ig\MY_613909.jpg,2_mielosit
MY_614124_ccrop.jpg,MY_614124,MY,PBC_dataset_normal_DIB\ig\MY_614124.jpg,2_mielosit
MY_615550_ccrop.jpg,MY_615550,MY,PBC_dataset_normal_DIB\ig\MY_615550.jpg,2_mielosit
MY_615808_ccrop.jpg,MY_615808,MY,PBC_dataset_normal_DIB\ig\MY_615808.jpg,2_mielosit
MY_616290_ccrop.jpg,MY_616290,MY,PBC_dataset_normal_DIB\ig\MY_616290.jpg,2_mielosit
MY_616981_ccrop.jpg,MY_616981,MY,PBC_dataset_normal_DIB\ig\MY_616981.jpg,2_mielosit
MY_617135_ccrop.jpg,MY_617135,MY,PBC_dataset_normal_DIB\ig\MY_617135.jpg,2_mielosit
MY_620464_ccrop.jpg,MY_620464,MY,PBC_dataset_normal_DIB\ig\MY_620464.jpg,2_mielosit
MY_621539_ccrop.jpg,MY_621539,MY,PBC_dataset_normal_DIB\ig\MY_621539.jpg,2_mielosit
MY_622554_ccrop.jpg,MY_622554,MY,PBC_dataset_normal_DIB\ig\MY_622554.jpg,2_mielosit
MY_623936_ccrop.jpg,MY_623936,MY,PBC_dataset_normal_DIB\ig\MY_623936.jpg,2_mielosit
MY_62569_ccrop.jpg,MY_62569,MY,PBC_dataset_normal_DIB\ig\MY_62569.jpg,2_mielosit
MY_625902_ccrop.jpg,MY_625902,MY,PBC_dataset_normal_DIB\ig\MY_625902.jpg,2_mielosit
MY_626044_ccrop.jpg,MY_626044,MY,PBC_dataset_normal_DIB\ig\MY_626044.jpg,2_mielosit
MY_627853_ccrop.jpg,MY_627853,MY,PBC_dataset_normal_DIB\ig\MY_627853.jpg,2_mielosit
MY_628830_ccrop.jpg,MY_628830,MY,PBC_dataset_normal_DIB\ig\MY_628830.jpg,2_mielosit
MY_629479_ccrop.jpg,MY_629479,MY,PBC_dataset_normal_DIB\ig\MY_629479.jpg,2_mielosit
MY_630162_ccrop.jpg,MY_630162,MY,PBC_dataset_normal_DIB\ig\MY_630162.jpg,2_mielosit
MY_63158_ccrop.jpg,MY_63158,MY,PBC_dataset_normal_DIB\ig\MY_63158.jpg,2_mielosit
MY_633064_ccrop.jpg,MY_633064,MY,PBC_dataset_normal_DIB\ig\MY_633064.jpg,2_mielosit
MY_634070_ccrop.jpg,MY_634070,MY,PBC_dataset_normal_DIB\ig\MY_634070.jpg,2_mielosit
MY_635777_ccrop.jpg,MY_635777,MY,PBC_dataset_normal_DIB\ig\MY_635777.jpg,2_mielosit
MY_637046_ccrop.jpg,MY_637046,MY,PBC_dataset_normal_DIB\ig\MY_637046.jpg,2_mielosit
MY_637556_ccrop.jpg,MY_637556,MY,PBC_dataset_normal_DIB\ig\MY_637556.jpg,2_mielosit
MY_638475_ccrop.jpg,MY_638475,MY,PBC_dataset_normal_DIB\ig\MY_638475.jpg,2_mielosit
MY_638678_ccrop.jpg,MY_638678,MY,PBC_dataset_normal_DIB\ig\MY_638678.jpg,2_mielosit
MY_64107_ccrop.jpg,MY_64107,MY,PBC_dataset_normal_DIB\ig\MY_64107.jpg,2_mielosit
MY_641617_ccrop.jpg,MY_641617,MY,PBC_dataset_normal_DIB\ig\MY_641617.jpg,2_mielosit
MY_641983_ccrop.jpg,MY_641983,MY,PBC_dataset_normal_DIB\ig\MY_641983.jpg,2_mielosit
MY_642267_ccrop.jpg,MY_642267,MY,PBC_dataset_normal_DIB\ig\MY_642267.jpg,2_mielosit
MY_642400_ccrop.jpg,MY_642400,MY,PBC_dataset_normal_DIB\ig\MY_642400.jpg,2_mielosit
MY_643752_ccrop.jpg,MY_643752,MY,PBC_dataset_normal_DIB\ig\MY_643752.jpg,2_mielosit
MY_645083_ccrop.jpg,MY_645083,MY,PBC_dataset_normal_DIB\ig\MY_645083.jpg,2_mielosit
MY_646156_ccrop.jpg,MY_646156,MY,PBC_dataset_normal_DIB\ig\MY_646156.jpg,2_mielosit
MY_647074_ccrop.jpg,MY_647074,MY,PBC_dataset_normal_DIB\ig\MY_647074.jpg,2_mielosit
MY_647815_ccrop.jpg,MY_647815,MY,PBC_dataset_normal_DIB\ig\MY_647815.jpg,2_mielosit
MY_648524_ccrop.jpg,MY_648524,MY,PBC_dataset_normal_DIB\ig\MY_648524.jpg,2_mielosit
MY_649409_ccrop.jpg,MY_649409,MY,PBC_dataset_normal_DIB\ig\MY_649409.jpg,2_mielosit
MY_652448_ccrop.jpg,MY_652448,MY,PBC_dataset_normal_DIB\ig\MY_652448.jpg,2_mielosit
MY_653168_ccrop.jpg,MY_653168,MY,PBC_dataset_normal_DIB\ig\MY_653168.jpg,2_mielosit
MY_654868_ccrop.jpg,MY_654868,MY,PBC_dataset_normal_DIB\ig\MY_654868.jpg,2_mielosit
MY_654991_ccrop.jpg,MY_654991,MY,PBC_dataset_normal_DIB\ig\MY_654991.jpg,2_mielosit
MY_655365_ccrop.jpg,MY_655365,MY,PBC_dataset_normal_DIB\ig\MY_655365.jpg,2_mielosit
MY_658269_ccrop.jpg,MY_658269,MY,PBC_dataset_normal_DIB\ig\MY_658269.jpg,2_mielosit
MY_660162_ccrop.jpg,MY_660162,MY,PBC_dataset_normal_DIB\ig\MY_660162.jpg,2_mielosit
MY_660337_ccrop.jpg,MY_660337,MY,PBC_dataset_normal_DIB\ig\MY_660337.jpg,2_mielosit
MY_661357_ccrop.jpg,MY_661357,MY,PBC_dataset_normal_DIB\ig\MY_661357.jpg,2_mielosit
MY_664578_ccrop.jpg,MY_664578,MY,PBC_dataset_normal_DIB\ig\MY_664578.jpg,2_mielosit
MY_664626_ccrop.jpg,MY_664626,MY,PBC_dataset_normal_DIB\ig\MY_664626.jpg,2_mielosit
MY_666003_ccrop.jpg,MY_666003,MY,PBC_dataset_normal_DIB\ig\MY_666003.jpg,2_mielosit
MY_666010_ccrop.jpg,MY_666010,MY,PBC_dataset_normal_DIB\ig\MY_666010.jpg,2_mielosit
MY_666516_ccrop.jpg,MY_666516,MY,PBC_dataset_normal_DIB\ig\MY_666516.jpg,2_mielosit
MY_667981_ccrop.jpg,MY_667981,MY,PBC_dataset_normal_DIB\ig\MY_667981.jpg,2_mielosit
MY_669622_ccrop.jpg,MY_669622,MY,PBC_dataset_normal_DIB\ig\MY_669622.jpg,2_mielosit
MY_67060_ccrop.jpg,MY_67060,MY,PBC_dataset_normal_DIB\ig\MY_67060.jpg,2_mielosit
MY_670617_ccrop.jpg,MY_670617,MY,PBC_dataset_normal_DIB\ig\MY_670617.jpg,2_mielosit
MY_67066_ccrop.jpg,MY_67066,MY,PBC_dataset_normal_DIB\ig\MY_67066.jpg,2_mielosit
MY_670948_ccrop.jpg,MY_670948,MY,PBC_dataset_normal_DIB\ig\MY_670948.jpg,2_mielosit
MY_671303_ccrop.jpg,MY_671303,MY,PBC_dataset_normal_DIB\ig\MY_671303.jpg,2_mielosit
MY_671490_ccrop.jpg,MY_671490,MY,PBC_dataset_normal_DIB\ig\MY_671490.jpg,2_mielosit
MY_672270_ccrop.jpg,MY_672270,MY,PBC_dataset_normal_DIB\ig\MY_672270.jpg,2_mielosit
MY_674036_ccrop.jpg,MY_674036,MY,PBC_dataset_normal_DIB\ig\MY_674036.jpg,2_mielosit
MY_67602_ccrop.jpg,MY_67602,MY,PBC_dataset_normal_DIB\ig\MY_67602.jpg,2_mielosit
MY_676267_ccrop.jpg,MY_676267,MY,PBC_dataset_normal_DIB\ig\MY_676267.jpg,2_mielosit
MY_676552_ccrop.jpg,MY_676552,MY,PBC_dataset_normal_DIB\ig\MY_676552.jpg,2_mielosit
MY_677034_ccrop.jpg,MY_677034,MY,PBC_dataset_normal_DIB\ig\MY_677034.jpg,2_mielosit
MY_677420_ccrop.jpg,MY_677420,MY,PBC_dataset_normal_DIB\ig\MY_677420.jpg,2_mielosit
MY_677647_ccrop.jpg,MY_677647,MY,PBC_dataset_normal_DIB\ig\MY_677647.jpg,2_mielosit
MY_677756_ccrop.jpg,MY_677756,MY,PBC_dataset_normal_DIB\ig\MY_677756.jpg,2_mielosit
MY_677881_ccrop.jpg,MY_677881,MY,PBC_dataset_normal_DIB\ig\MY_677881.jpg,2_mielosit
MY_677968_ccrop.jpg,MY_677968,MY,PBC_dataset_normal_DIB\ig\MY_677968.jpg,2_mielosit
MY_678133_ccrop.jpg,MY_678133,MY,PBC_dataset_normal_DIB\ig\MY_678133.jpg,2_mielosit
MY_679149_ccrop.jpg,MY_679149,MY,PBC_dataset_normal_DIB\ig\MY_679149.jpg,2_mielosit
MY_679678_ccrop.jpg,MY_679678,MY,PBC_dataset_normal_DIB\ig\MY_679678.jpg,2_mielosit
MY_680396_ccrop.jpg,MY_680396,MY,PBC_dataset_normal_DIB\ig\MY_680396.jpg,2_mielosit
MY_680568_ccrop.jpg,MY_680568,MY,PBC_dataset_normal_DIB\ig\MY_680568.jpg,2_mielosit
MY_685300_ccrop.jpg,MY_685300,MY,PBC_dataset_normal_DIB\ig\MY_685300.jpg,2_mielosit
MY_685963_ccrop.jpg,MY_685963,MY,PBC_dataset_normal_DIB\ig\MY_685963.jpg,2_mielosit
MY_686678_ccrop.jpg,MY_686678,MY,PBC_dataset_normal_DIB\ig\MY_686678.jpg,2_mielosit
MY_687493_ccrop.jpg,MY_687493,MY,PBC_dataset_normal_DIB\ig\MY_687493.jpg,2_mielosit
MY_689109_ccrop.jpg,MY_689109,MY,PBC_dataset_normal_DIB\ig\MY_689109.jpg,2_mielosit
MY_689234_ccrop.jpg,MY_689234,MY,PBC_dataset_normal_DIB\ig\MY_689234.jpg,2_mielosit
MY_69139_ccrop.jpg,MY_69139,MY,PBC_dataset_normal_DIB\ig\MY_69139.jpg,2_mielosit
MY_692239_ccrop.jpg,MY_692239,MY,PBC_dataset_normal_DIB\ig\MY_692239.jpg,2_mielosit
MY_692306_ccrop.jpg,MY_692306,MY,PBC_dataset_normal_DIB\ig\MY_692306.jpg,2_mielosit
MY_692958_ccrop.jpg,MY_692958,MY,PBC_dataset_normal_DIB\ig\MY_692958.jpg,2_mielosit
MY_693166_ccrop.jpg,MY_693166,MY,PBC_dataset_normal_DIB\ig\MY_693166.jpg,2_mielosit
MY_693350_ccrop.jpg,MY_693350,MY,PBC_dataset_normal_DIB\ig\MY_693350.jpg,2_mielosit
MY_693703_ccrop.jpg,MY_693703,MY,PBC_dataset_normal_DIB\ig\MY_693703.jpg,2_mielosit
MY_694640_ccrop.jpg,MY_694640,MY,PBC_dataset_normal_DIB\ig\MY_694640.jpg,2_mielosit
MY_694883_ccrop.jpg,MY_694883,MY,PBC_dataset_normal_DIB\ig\MY_694883.jpg,2_mielosit
MY_69589_ccrop.jpg,MY_69589,MY,PBC_dataset_normal_DIB\ig\MY_69589.jpg,2_mielosit
MY_696999_ccrop.jpg,MY_696999,MY,PBC_dataset_normal_DIB\ig\MY_696999.jpg,2_mielosit
MY_697953_ccrop.jpg,MY_697953,MY,PBC_dataset_normal_DIB\ig\MY_697953.jpg,2_mielosit
MY_698085_ccrop.jpg,MY_698085,MY,PBC_dataset_normal_DIB\ig\MY_698085.jpg,2_mielosit
MY_699288_ccrop.jpg,MY_699288,MY,PBC_dataset_normal_DIB\ig\MY_699288.jpg,2_mielosit
MY_69937_ccrop.jpg,MY_69937,MY,PBC_dataset_normal_DIB\ig\MY_69937.jpg,2_mielosit
MY_70054_ccrop.jpg,MY_70054,MY,PBC_dataset_normal_DIB\ig\MY_70054.jpg,2_mielosit
MY_701786_ccrop.jpg,MY_701786,MY,PBC_dataset_normal_DIB\ig\MY_701786.jpg,2_mielosit
MY_703437_ccrop.jpg,MY_703437,MY,PBC_dataset_normal_DIB\ig\MY_703437.jpg,2_mielosit
MY_704053_ccrop.jpg,MY_704053,MY,PBC_dataset_normal_DIB\ig\MY_704053.jpg,2_mielosit
MY_704264_ccrop.jpg,MY_704264,MY,PBC_dataset_normal_DIB\ig\MY_704264.jpg,2_mielosit
MY_707991_ccrop.jpg,MY_707991,MY,PBC_dataset_normal_DIB\ig\MY_707991.jpg,2_mielosit
MY_708150_ccrop.jpg,MY_708150,MY,PBC_dataset_normal_DIB\ig\MY_708150.jpg,2_mielosit
MY_708831_ccrop.jpg,MY_708831,MY,PBC_dataset_normal_DIB\ig\MY_708831.jpg,2_mielosit
MY_70888_ccrop.jpg,MY_70888,MY,PBC_dataset_normal_DIB\ig\MY_70888.jpg,2_mielosit
MY_709336_ccrop.jpg,MY_709336,MY,PBC_dataset_normal_DIB\ig\MY_709336.jpg,2_mielosit
MY_709733_ccrop.jpg,MY_709733,MY,PBC_dataset_normal_DIB\ig\MY_709733.jpg,2_mielosit
MY_710459_ccrop.jpg,MY_710459,MY,PBC_dataset_normal_DIB\ig\MY_710459.jpg,2_mielosit
MY_713569_ccrop.jpg,MY_713569,MY,PBC_dataset_normal_DIB\ig\MY_713569.jpg,2_mielosit
MY_713891_ccrop.jpg,MY_713891,MY,PBC_dataset_normal_DIB\ig\MY_713891.jpg,2_mielosit
MY_714151_ccrop.jpg,MY_714151,MY,PBC_dataset_normal_DIB\ig\MY_714151.jpg,2_mielosit
MY_716224_ccrop.jpg,MY_716224,MY,PBC_dataset_normal_DIB\ig\MY_716224.jpg,2_mielosit
MY_716779_ccrop.jpg,MY_716779,MY,PBC_dataset_normal_DIB\ig\MY_716779.jpg,2_mielosit
MY_717957_ccrop.jpg,MY_717957,MY,PBC_dataset_normal_DIB\ig\MY_717957.jpg,2_mielosit
MY_718440_ccrop.jpg,MY_718440,MY,PBC_dataset_normal_DIB\ig\MY_718440.jpg,2_mielosit
MY_719326_ccrop.jpg,MY_719326,MY,PBC_dataset_normal_DIB\ig\MY_719326.jpg,2_mielosit
MY_719593_ccrop.jpg,MY_719593,MY,PBC_dataset_normal_DIB\ig\MY_719593.jpg,2_mielosit
MY_720346_ccrop.jpg,MY_720346,MY,PBC_dataset_normal_DIB\ig\MY_720346.jpg,2_mielosit
MY_721808_ccrop.jpg,MY_721808,MY,PBC_dataset_normal_DIB\ig\MY_721808.jpg,2_mielosit
MY_721912_ccrop.jpg,MY_721912,MY,PBC_dataset_normal_DIB\ig\MY_721912.jpg,2_mielosit
MY_722584_ccrop.jpg,MY_722584,MY,PBC_dataset_normal_DIB\ig\MY_722584.jpg,2_mielosit
MY_722731_ccrop.jpg,MY_722731,MY,PBC_dataset_normal_DIB\ig\MY_722731.jpg,2_mielosit
MY_723155_ccrop.jpg,MY_723155,MY,PBC_dataset_normal_DIB\ig\MY_723155.jpg,2_mielosit
MY_723622_ccrop.jpg,MY_723622,MY,PBC_dataset_normal_DIB\ig\MY_723622.jpg,2_mielosit
MY_723825_ccrop.jpg,MY_723825,MY,PBC_dataset_normal_DIB\ig\MY_723825.jpg,2_mielosit
MY_726037_ccrop.jpg,MY_726037,MY,PBC_dataset_normal_DIB\ig\MY_726037.jpg,2_mielosit
MY_726064_ccrop.jpg,MY_726064,MY,PBC_dataset_normal_DIB\ig\MY_726064.jpg,2_mielosit
MY_726438_ccrop.jpg,MY_726438,MY,PBC_dataset_normal_DIB\ig\MY_726438.jpg,2_mielosit
MY_728294_ccrop.jpg,MY_728294,MY,PBC_dataset_normal_DIB\ig\MY_728294.jpg,2_mielosit
MY_729364_ccrop.jpg,MY_729364,MY,PBC_dataset_normal_DIB\ig\MY_729364.jpg,2_mielosit
MY_731116_ccrop.jpg,MY_731116,MY,PBC_dataset_normal_DIB\ig\MY_731116.jpg,2_mielosit
MY_732154_ccrop.jpg,MY_732154,MY,PBC_dataset_normal_DIB\ig\MY_732154.jpg,2_mielosit
MY_732739_ccrop.jpg,MY_732739,MY,PBC_dataset_normal_DIB\ig\MY_732739.jpg,2_mielosit
MY_733028_ccrop.jpg,MY_733028,MY,PBC_dataset_normal_DIB\ig\MY_733028.jpg,2_mielosit
MY_73334_ccrop.jpg,MY_73334,MY,PBC_dataset_normal_DIB\ig\MY_73334.jpg,2_mielosit
MY_733557_ccrop.jpg,MY_733557,MY,PBC_dataset_normal_DIB\ig\MY_733557.jpg,2_mielosit
MY_73498_ccrop.jpg,MY_73498,MY,PBC_dataset_normal_DIB\ig\MY_73498.jpg,2_mielosit
MY_737751_ccrop.jpg,MY_737751,MY,PBC_dataset_normal_DIB\ig\MY_737751.jpg,2_mielosit
MY_738483_ccrop.jpg,MY_738483,MY,PBC_dataset_normal_DIB\ig\MY_738483.jpg,2_mielosit
MY_738913_ccrop.jpg,MY_738913,MY,PBC_dataset_normal_DIB\ig\MY_738913.jpg,2_mielosit
MY_739359_ccrop.jpg,MY_739359,MY,PBC_dataset_normal_DIB\ig\MY_739359.jpg,2_mielosit
MY_740991_ccrop.jpg,MY_740991,MY,PBC_dataset_normal_DIB\ig\MY_740991.jpg,2_mielosit
MY_741400_ccrop.jpg,MY_741400,MY,PBC_dataset_normal_DIB\ig\MY_741400.jpg,2_mielosit
MY_741666_ccrop.jpg,MY_741666,MY,PBC_dataset_normal_DIB\ig\MY_741666.jpg,2_mielosit
MY_741987_ccrop.jpg,MY_741987,MY,PBC_dataset_normal_DIB\ig\MY_741987.jpg,2_mielosit
MY_74286_ccrop.jpg,MY_74286,MY,PBC_dataset_normal_DIB\ig\MY_74286.jpg,2_mielosit
MY_743097_ccrop.jpg,MY_743097,MY,PBC_dataset_normal_DIB\ig\MY_743097.jpg,2_mielosit
MY_743431_ccrop.jpg,MY_743431,MY,PBC_dataset_normal_DIB\ig\MY_743431.jpg,2_mielosit
MY_744972_ccrop.jpg,MY_744972,MY,PBC_dataset_normal_DIB\ig\MY_744972.jpg,2_mielosit
MY_745927_ccrop.jpg,MY_745927,MY,PBC_dataset_normal_DIB\ig\MY_745927.jpg,2_mielosit
MY_747988_ccrop.jpg,MY_747988,MY,PBC_dataset_normal_DIB\ig\MY_747988.jpg,2_mielosit
MY_748937_ccrop.jpg,MY_748937,MY,PBC_dataset_normal_DIB\ig\MY_748937.jpg,2_mielosit
MY_74907_ccrop.jpg,MY_74907,MY,PBC_dataset_normal_DIB\ig\MY_74907.jpg,2_mielosit
MY_749831_ccrop.jpg,MY_749831,MY,PBC_dataset_normal_DIB\ig\MY_749831.jpg,2_mielosit
MY_750143_ccrop.jpg,MY_750143,MY,PBC_dataset_normal_DIB\ig\MY_750143.jpg,2_mielosit
MY_752994_ccrop.jpg,MY_752994,MY,PBC_dataset_normal_DIB\ig\MY_752994.jpg,2_mielosit
MY_753425_ccrop.jpg,MY_753425,MY,PBC_dataset_normal_DIB\ig\MY_753425.jpg,2_mielosit
MY_753921_ccrop.jpg,MY_753921,MY,PBC_dataset_normal_DIB\ig\MY_753921.jpg,2_mielosit
MY_754507_ccrop.jpg,MY_754507,MY,PBC_dataset_normal_DIB\ig\MY_754507.jpg,2_mielosit
MY_755804_ccrop.jpg,MY_755804,MY,PBC_dataset_normal_DIB\ig\MY_755804.jpg,2_mielosit
MY_756843_ccrop.jpg,MY_756843,MY,PBC_dataset_normal_DIB\ig\MY_756843.jpg,2_mielosit
MY_756897_ccrop.jpg,MY_756897,MY,PBC_dataset_normal_DIB\ig\MY_756897.jpg,2_mielosit
MY_75732_ccrop.jpg,MY_75732,MY,PBC_dataset_normal_DIB\ig\MY_75732.jpg,2_mielosit
MY_757669_ccrop.jpg,MY_757669,MY,PBC_dataset_normal_DIB\ig\MY_757669.jpg,2_mielosit
MY_758099_ccrop.jpg,MY_758099,MY,PBC_dataset_normal_DIB\ig\MY_758099.jpg,2_mielosit
MY_758473_ccrop.jpg,MY_758473,MY,PBC_dataset_normal_DIB\ig\MY_758473.jpg,2_mielosit
MY_758826_ccrop.jpg,MY_758826,MY,PBC_dataset_normal_DIB\ig\MY_758826.jpg,2_mielosit
MY_760140_ccrop.jpg,MY_760140,MY,PBC_dataset_normal_DIB\ig\MY_760140.jpg,2_mielosit
MY_762283_ccrop.jpg,MY_762283,MY,PBC_dataset_normal_DIB\ig\MY_762283.jpg,2_mielosit
MY_763974_ccrop.jpg,MY_763974,MY,PBC_dataset_normal_DIB\ig\MY_763974.jpg,2_mielosit
MY_76478_ccrop.jpg,MY_76478,MY,PBC_dataset_normal_DIB\ig\MY_76478.jpg,2_mielosit
MY_765356_ccrop.jpg,MY_765356,MY,PBC_dataset_normal_DIB\ig\MY_765356.jpg,2_mielosit
MY_766577_ccrop.jpg,MY_766577,MY,PBC_dataset_normal_DIB\ig\MY_766577.jpg,2_mielosit
MY_767938_ccrop.jpg,MY_767938,MY,PBC_dataset_normal_DIB\ig\MY_767938.jpg,2_mielosit
MY_770472_ccrop.jpg,MY_770472,MY,PBC_dataset_normal_DIB\ig\MY_770472.jpg,2_mielosit
MY_770508_ccrop.jpg,MY_770508,MY,PBC_dataset_normal_DIB\ig\MY_770508.jpg,2_mielosit
MY_771149_ccrop.jpg,MY_771149,MY,PBC_dataset_normal_DIB\ig\MY_771149.jpg,2_mielosit
MY_772454_ccrop.jpg,MY_772454,MY,PBC_dataset_normal_DIB\ig\MY_772454.jpg,2_mielosit
MY_772642_ccrop.jpg,MY_772642,MY,PBC_dataset_normal_DIB\ig\MY_772642.jpg,2_mielosit
MY_773503_ccrop.jpg,MY_773503,MY,PBC_dataset_normal_DIB\ig\MY_773503.jpg,2_mielosit
MY_773562_ccrop.jpg,MY_773562,MY,PBC_dataset_normal_DIB\ig\MY_773562.jpg,2_mielosit
MY_773612_ccrop.jpg,MY_773612,MY,PBC_dataset_normal_DIB\ig\MY_773612.jpg,2_mielosit
MY_774006_ccrop.jpg,MY_774006,MY,PBC_dataset_normal_DIB\ig\MY_774006.jpg,2_mielosit
MY_774220_ccrop.jpg,MY_774220,MY,PBC_dataset_normal_DIB\ig\MY_774220.jpg,2_mielosit
MY_774681_ccrop.jpg,MY_774681,MY,PBC_dataset_normal_DIB\ig\MY_774681.jpg,2_mielosit
MY_775034_ccrop.jpg,MY_775034,MY,PBC_dataset_normal_DIB\ig\MY_775034.jpg,2_mielosit
MY_779737_ccrop.jpg,MY_779737,MY,PBC_dataset_normal_DIB\ig\MY_779737.jpg,2_mielosit
MY_779781_ccrop.jpg,MY_779781,MY,PBC_dataset_normal_DIB\ig\MY_779781.jpg,2_mielosit
MY_779896_ccrop.jpg,MY_779896,MY,PBC_dataset_normal_DIB\ig\MY_779896.jpg,2_mielosit
MY_780285_ccrop.jpg,MY_780285,MY,PBC_dataset_normal_DIB\ig\MY_780285.jpg,2_mielosit
MY_781298_ccrop.jpg,MY_781298,MY,PBC_dataset_normal_DIB\ig\MY_781298.jpg,2_mielosit
MY_781469_ccrop.jpg,MY_781469,MY,PBC_dataset_normal_DIB\ig\MY_781469.jpg,2_mielosit
MY_781874_ccrop.jpg,MY_781874,MY,PBC_dataset_normal_DIB\ig\MY_781874.jpg,2_mielosit
MY_782060_ccrop.jpg,MY_782060,MY,PBC_dataset_normal_DIB\ig\MY_782060.jpg,2_mielosit
MY_782369_ccrop.jpg,MY_782369,MY,PBC_dataset_normal_DIB\ig\MY_782369.jpg,2_mielosit
MY_782773_ccrop.jpg,MY_782773,MY,PBC_dataset_normal_DIB\ig\MY_782773.jpg,2_mielosit
MY_784697_ccrop.jpg,MY_784697,MY,PBC_dataset_normal_DIB\ig\MY_784697.jpg,2_mielosit
MY_784951_ccrop.jpg,MY_784951,MY,PBC_dataset_normal_DIB\ig\MY_784951.jpg,2_mielosit
MY_785566_ccrop.jpg,MY_785566,MY,PBC_dataset_normal_DIB\ig\MY_785566.jpg,2_mielosit
MY_785676_ccrop.jpg,MY_785676,MY,PBC_dataset_normal_DIB\ig\MY_785676.jpg,2_mielosit
MY_787392_ccrop.jpg,MY_787392,MY,PBC_dataset_normal_DIB\ig\MY_787392.jpg,2_mielosit
MY_787888_ccrop.jpg,MY_787888,MY,PBC_dataset_normal_DIB\ig\MY_787888.jpg,2_mielosit
MY_788016_ccrop.jpg,MY_788016,MY,PBC_dataset_normal_DIB\ig\MY_788016.jpg,2_mielosit
MY_789668_ccrop.jpg,MY_789668,MY,PBC_dataset_normal_DIB\ig\MY_789668.jpg,2_mielosit
MY_789690_ccrop.jpg,MY_789690,MY,PBC_dataset_normal_DIB\ig\MY_789690.jpg,2_mielosit
MY_790752_ccrop.jpg,MY_790752,MY,PBC_dataset_normal_DIB\ig\MY_790752.jpg,2_mielosit
MY_792804_ccrop.jpg,MY_792804,MY,PBC_dataset_normal_DIB\ig\MY_792804.jpg,2_mielosit
MY_793661_ccrop.jpg,MY_793661,MY,PBC_dataset_normal_DIB\ig\MY_793661.jpg,2_mielosit
MY_793805_ccrop.jpg,MY_793805,MY,PBC_dataset_normal_DIB\ig\MY_793805.jpg,2_mielosit
MY_79413_ccrop.jpg,MY_79413,MY,PBC_dataset_normal_DIB\ig\MY_79413.jpg,2_mielosit
MY_794526_ccrop.jpg,MY_794526,MY,PBC_dataset_normal_DIB\ig\MY_794526.jpg,2_mielosit
MY_796199_ccrop.jpg,MY_796199,MY,PBC_dataset_normal_DIB\ig\MY_796199.jpg,2_mielosit
MY_796308_ccrop.jpg,MY_796308,MY,PBC_dataset_normal_DIB\ig\MY_796308.jpg,2_mielosit
MY_797564_ccrop.jpg,MY_797564,MY,PBC_dataset_normal_DIB\ig\MY_797564.jpg,2_mielosit
MY_797938_ccrop.jpg,MY_797938,MY,PBC_dataset_normal_DIB\ig\MY_797938.jpg,2_mielosit
MY_798336_ccrop.jpg,MY_798336,MY,PBC_dataset_normal_DIB\ig\MY_798336.jpg,2_mielosit
MY_798360_ccrop.jpg,MY_798360,MY,PBC_dataset_normal_DIB\ig\MY_798360.jpg,2_mielosit
MY_798373_ccrop.jpg,MY_798373,MY,PBC_dataset_normal_DIB\ig\MY_798373.jpg,2_mielosit
MY_798952_ccrop.jpg,MY_798952,MY,PBC_dataset_normal_DIB\ig\MY_798952.jpg,2_mielosit
MY_799196_ccrop.jpg,MY_799196,MY,PBC_dataset_normal_DIB\ig\MY_799196.jpg,2_mielosit
MY_799640_ccrop.jpg,MY_799640,MY,PBC_dataset_normal_DIB\ig\MY_799640.jpg,2_mielosit
MY_80051_ccrop.jpg,MY_80051,MY,PBC_dataset_normal_DIB\ig\MY_80051.jpg,2_mielosit
MY_801222_ccrop.jpg,MY_801222,MY,PBC_dataset_normal_DIB\ig\MY_801222.jpg,2_mielosit
MY_801549_ccrop.jpg,MY_801549,MY,PBC_dataset_normal_DIB\ig\MY_801549.jpg,2_mielosit
MY_804387_ccrop.jpg,MY_804387,MY,PBC_dataset_normal_DIB\ig\MY_804387.jpg,2_mielosit
MY_805262_ccrop.jpg,MY_805262,MY,PBC_dataset_normal_DIB\ig\MY_805262.jpg,2_mielosit
MY_806164_ccrop.jpg,MY_806164,MY,PBC_dataset_normal_DIB\ig\MY_806164.jpg,2_mielosit
MY_80627_ccrop.jpg,MY_80627,MY,PBC_dataset_normal_DIB\ig\MY_80627.jpg,2_mielosit
MY_808387_ccrop.jpg,MY_808387,MY,PBC_dataset_normal_DIB\ig\MY_808387.jpg,2_mielosit
MY_808407_ccrop.jpg,MY_808407,MY,PBC_dataset_normal_DIB\ig\MY_808407.jpg,2_mielosit
MY_809979_ccrop.jpg,MY_809979,MY,PBC_dataset_normal_DIB\ig\MY_809979.jpg,2_mielosit
MY_810266_ccrop.jpg,MY_810266,MY,PBC_dataset_normal_DIB\ig\MY_810266.jpg,2_mielosit
MY_810589_ccrop.jpg,MY_810589,MY,PBC_dataset_normal_DIB\ig\MY_810589.jpg,2_mielosit
MY_810709_ccrop.jpg,MY_810709,MY,PBC_dataset_normal_DIB\ig\MY_810709.jpg,2_mielosit
MY_811267_ccrop.jpg,MY_811267,MY,PBC_dataset_normal_DIB\ig\MY_811267.jpg,2_mielosit
MY_812561_ccrop.jpg,MY_812561,MY,PBC_dataset_normal_DIB\ig\MY_812561.jpg,2_mielosit
MY_812838_ccrop.jpg,MY_812838,MY,PBC_dataset_normal_DIB\ig\MY_812838.jpg,2_mielosit
MY_815428_ccrop.jpg,MY_815428,MY,PBC_dataset_normal_DIB\ig\MY_815428.jpg,2_mielosit
MY_815522_ccrop.jpg,MY_815522,MY,PBC_dataset_normal_DIB\ig\MY_815522.jpg,2_mielosit
MY_81654_ccrop.jpg,MY_81654,MY,PBC_dataset_normal_DIB\ig\MY_81654.jpg,2_mielosit
MY_81662_ccrop.jpg,MY_81662,MY,PBC_dataset_normal_DIB\ig\MY_81662.jpg,2_mielosit
MY_817819_ccrop.jpg,MY_817819,MY,PBC_dataset_normal_DIB\ig\MY_817819.jpg,2_mielosit
MY_818396_ccrop.jpg,MY_818396,MY,PBC_dataset_normal_DIB\ig\MY_818396.jpg,2_mielosit
MY_819326_ccrop.jpg,MY_819326,MY,PBC_dataset_normal_DIB\ig\MY_819326.jpg,2_mielosit
MY_820029_ccrop.jpg,MY_820029,MY,PBC_dataset_normal_DIB\ig\MY_820029.jpg,2_mielosit
MY_820826_ccrop.jpg,MY_820826,MY,PBC_dataset_normal_DIB\ig\MY_820826.jpg,2_mielosit
MY_821039_ccrop.jpg,MY_821039,MY,PBC_dataset_normal_DIB\ig\MY_821039.jpg,2_mielosit
MY_822104_ccrop.jpg,MY_822104,MY,PBC_dataset_normal_DIB\ig\MY_822104.jpg,2_mielosit
MY_822146_ccrop.jpg,MY_822146,MY,PBC_dataset_normal_DIB\ig\MY_822146.jpg,2_mielosit
MY_822364_ccrop.jpg,MY_822364,MY,PBC_dataset_normal_DIB\ig\MY_822364.jpg,2_mielosit
MY_823095_ccrop.jpg,MY_823095,MY,PBC_dataset_normal_DIB\ig\MY_823095.jpg,2_mielosit
MY_823559_ccrop.jpg,MY_823559,MY,PBC_dataset_normal_DIB\ig\MY_823559.jpg,2_mielosit
MY_824930_ccrop.jpg,MY_824930,MY,PBC_dataset_normal_DIB\ig\MY_824930.jpg,2_mielosit
MY_825047_ccrop.jpg,MY_825047,MY,PBC_dataset_normal_DIB\ig\MY_825047.jpg,2_mielosit
MY_82522_ccrop.jpg,MY_82522,MY,PBC_dataset_normal_DIB\ig\MY_82522.jpg,2_mielosit
MY_825485_ccrop.jpg,MY_825485,MY,PBC_dataset_normal_DIB\ig\MY_825485.jpg,2_mielosit
MY_826696_ccrop.jpg,MY_826696,MY,PBC_dataset_normal_DIB\ig\MY_826696.jpg,2_mielosit
MY_827509_ccrop.jpg,MY_827509,MY,PBC_dataset_normal_DIB\ig\MY_827509.jpg,2_mielosit
MY_828248_ccrop.jpg,MY_828248,MY,PBC_dataset_normal_DIB\ig\MY_828248.jpg,2_mielosit
MY_828364_ccrop.jpg,MY_828364,MY,PBC_dataset_normal_DIB\ig\MY_828364.jpg,2_mielosit
MY_829182_ccrop.jpg,MY_829182,MY,PBC_dataset_normal_DIB\ig\MY_829182.jpg,2_mielosit
MY_829718_ccrop.jpg,MY_829718,MY,PBC_dataset_normal_DIB\ig\MY_829718.jpg,2_mielosit
MY_830433_ccrop.jpg,MY_830433,MY,PBC_dataset_normal_DIB\ig\MY_830433.jpg,2_mielosit
MY_830505_ccrop.jpg,MY_830505,MY,PBC_dataset_normal_DIB\ig\MY_830505.jpg,2_mielosit
MY_830761_ccrop.jpg,MY_830761,MY,PBC_dataset_normal_DIB\ig\MY_830761.jpg,2_mielosit
MY_83217_ccrop.jpg,MY_83217,MY,PBC_dataset_normal_DIB\ig\MY_83217.jpg,2_mielosit
MY_832292_ccrop.jpg,MY_832292,MY,PBC_dataset_normal_DIB\ig\MY_832292.jpg,2_mielosit
MY_832343_ccrop.jpg,MY_832343,MY,PBC_dataset_normal_DIB\ig\MY_832343.jpg,2_mielosit
MY_832454_ccrop.jpg,MY_832454,MY,PBC_dataset_normal_DIB\ig\MY_832454.jpg,2_mielosit
MY_832790_ccrop.jpg,MY_832790,MY,PBC_dataset_normal_DIB\ig\MY_832790.jpg,2_mielosit
MY_833517_ccrop.jpg,MY_833517,MY,PBC_dataset_normal_DIB\ig\MY_833517.jpg,2_mielosit
MY_833828_ccrop.jpg,MY_833828,MY,PBC_dataset_normal_DIB\ig\MY_833828.jpg,2_mielosit
MY_833930_ccrop.jpg,MY_833930,MY,PBC_dataset_normal_DIB\ig\MY_833930.jpg,2_mielosit
MY_834121_ccrop.jpg,MY_834121,MY,PBC_dataset_normal_DIB\ig\MY_834121.jpg,2_mielosit
MY_834819_ccrop.jpg,MY_834819,MY,PBC_dataset_normal_DIB\ig\MY_834819.jpg,2_mielosit
MY_836622_ccrop.jpg,MY_836622,MY,PBC_dataset_normal_DIB\ig\MY_836622.jpg,2_mielosit
MY_837370_ccrop.jpg,MY_837370,MY,PBC_dataset_normal_DIB\ig\MY_837370.jpg,2_mielosit
MY_837644_ccrop.jpg,MY_837644,MY,PBC_dataset_normal_DIB\ig\MY_837644.jpg,2_mielosit
MY_838500_ccrop.jpg,MY_838500,MY,PBC_dataset_normal_DIB\ig\MY_838500.jpg,2_mielosit
MY_838622_ccrop.jpg,MY_838622,MY,PBC_dataset_normal_DIB\ig\MY_838622.jpg,2_mielosit
MY_839496_ccrop.jpg,MY_839496,MY,PBC_dataset_normal_DIB\ig\MY_839496.jpg,2_mielosit
MY_839682_ccrop.jpg,MY_839682,MY,PBC_dataset_normal_DIB\ig\MY_839682.jpg,2_mielosit
MY_839774_ccrop.jpg,MY_839774,MY,PBC_dataset_normal_DIB\ig\MY_839774.jpg,2_mielosit
MY_840673_ccrop.jpg,MY_840673,MY,PBC_dataset_normal_DIB\ig\MY_840673.jpg,2_mielosit
MY_841903_ccrop.jpg,MY_841903,MY,PBC_dataset_normal_DIB\ig\MY_841903.jpg,2_mielosit
MY_842106_ccrop.jpg,MY_842106,MY,PBC_dataset_normal_DIB\ig\MY_842106.jpg,2_mielosit
MY_842784_ccrop.jpg,MY_842784,MY,PBC_dataset_normal_DIB\ig\MY_842784.jpg,2_mielosit
MY_843424_ccrop.jpg,MY_843424,MY,PBC_dataset_normal_DIB\ig\MY_843424.jpg,2_mielosit
MY_845081_ccrop.jpg,MY_845081,MY,PBC_dataset_normal_DIB\ig\MY_845081.jpg,2_mielosit
MY_845740_ccrop.jpg,MY_845740,MY,PBC_dataset_normal_DIB\ig\MY_845740.jpg,2_mielosit
MY_845983_ccrop.jpg,MY_845983,MY,PBC_dataset_normal_DIB\ig\MY_845983.jpg,2_mielosit
MY_847980_ccrop.jpg,MY_847980,MY,PBC_dataset_normal_DIB\ig\MY_847980.jpg,2_mielosit
MY_848654_ccrop.jpg,MY_848654,MY,PBC_dataset_normal_DIB\ig\MY_848654.jpg,2_mielosit
MY_848664_ccrop.jpg,MY_848664,MY,PBC_dataset_normal_DIB\ig\MY_848664.jpg,2_mielosit
MY_848818_ccrop.jpg,MY_848818,MY,PBC_dataset_normal_DIB\ig\MY_848818.jpg,2_mielosit
MY_84960_ccrop.jpg,MY_84960,MY,PBC_dataset_normal_DIB\ig\MY_84960.jpg,2_mielosit
MY_853928_ccrop.jpg,MY_853928,MY,PBC_dataset_normal_DIB\ig\MY_853928.jpg,2_mielosit
MY_855875_ccrop.jpg,MY_855875,MY,PBC_dataset_normal_DIB\ig\MY_855875.jpg,2_mielosit
MY_856015_ccrop.jpg,MY_856015,MY,PBC_dataset_normal_DIB\ig\MY_856015.jpg,2_mielosit
MY_85613_ccrop.jpg,MY_85613,MY,PBC_dataset_normal_DIB\ig\MY_85613.jpg,2_mielosit
MY_85661_ccrop.jpg,MY_85661,MY,PBC_dataset_normal_DIB\ig\MY_85661.jpg,2_mielosit
MY_859291_ccrop.jpg,MY_859291,MY,PBC_dataset_normal_DIB\ig\MY_859291.jpg,2_mielosit
MY_860065_ccrop.jpg,MY_860065,MY,PBC_dataset_normal_DIB\ig\MY_860065.jpg,2_mielosit
MY_861148_ccrop.jpg,MY_861148,MY,PBC_dataset_normal_DIB\ig\MY_861148.jpg,2_mielosit
MY_861617_ccrop.jpg,MY_861617,MY,PBC_dataset_normal_DIB\ig\MY_861617.jpg,2_mielosit
MY_862442_ccrop.jpg,MY_862442,MY,PBC_dataset_normal_DIB\ig\MY_862442.jpg,2_mielosit
MY_862763_ccrop.jpg,MY_862763,MY,PBC_dataset_normal_DIB\ig\MY_862763.jpg,2_mielosit
MY_862860_ccrop.jpg,MY_862860,MY,PBC_dataset_normal_DIB\ig\MY_862860.jpg,2_mielosit
MY_863985_ccrop.jpg,MY_863985,MY,PBC_dataset_normal_DIB\ig\MY_863985.jpg,2_mielosit
MY_865709_ccrop.jpg,MY_865709,MY,PBC_dataset_normal_DIB\ig\MY_865709.jpg,2_mielosit
MY_865956_ccrop.jpg,MY_865956,MY,PBC_dataset_normal_DIB\ig\MY_865956.jpg,2_mielosit
MY_866747_ccrop.jpg,MY_866747,MY,PBC_dataset_normal_DIB\ig\MY_866747.jpg,2_mielosit
MY_867235_ccrop.jpg,MY_867235,MY,PBC_dataset_normal_DIB\ig\MY_867235.jpg,2_mielosit
MY_867672_ccrop.jpg,MY_867672,MY,PBC_dataset_normal_DIB\ig\MY_867672.jpg,2_mielosit
MY_86775_ccrop.jpg,MY_86775,MY,PBC_dataset_normal_DIB\ig\MY_86775.jpg,2_mielosit
MY_868123_ccrop.jpg,MY_868123,MY,PBC_dataset_normal_DIB\ig\MY_868123.jpg,2_mielosit
MY_868449_ccrop.jpg,MY_868449,MY,PBC_dataset_normal_DIB\ig\MY_868449.jpg,2_mielosit
MY_868479_ccrop.jpg,MY_868479,MY,PBC_dataset_normal_DIB\ig\MY_868479.jpg,2_mielosit
MY_868491_ccrop.jpg,MY_868491,MY,PBC_dataset_normal_DIB\ig\MY_868491.jpg,2_mielosit
MY_870693_ccrop.jpg,MY_870693,MY,PBC_dataset_normal_DIB\ig\MY_870693.jpg,2_mielosit
MY_871007_ccrop.jpg,MY_871007,MY,PBC_dataset_normal_DIB\ig\MY_871007.jpg,2_mielosit
MY_872257_ccrop.jpg,MY_872257,MY,PBC_dataset_normal_DIB\ig\MY_872257.jpg,2_mielosit
MY_872481_ccrop.jpg,MY_872481,MY,PBC_dataset_normal_DIB\ig\MY_872481.jpg,2_mielosit
MY_874860_ccrop.jpg,MY_874860,MY,PBC_dataset_normal_DIB\ig\MY_874860.jpg,2_mielosit
MY_874894_ccrop.jpg,MY_874894,MY,PBC_dataset_normal_DIB\ig\MY_874894.jpg,2_mielosit
MY_874900_ccrop.jpg,MY_874900,MY,PBC_dataset_normal_DIB\ig\MY_874900.jpg,2_mielosit
MY_875104_ccrop.jpg,MY_875104,MY,PBC_dataset_normal_DIB\ig\MY_875104.jpg,2_mielosit
MY_87616_ccrop.jpg,MY_87616,MY,PBC_dataset_normal_DIB\ig\MY_87616.jpg,2_mielosit
MY_876188_ccrop.jpg,MY_876188,MY,PBC_dataset_normal_DIB\ig\MY_876188.jpg,2_mielosit
MY_877378_ccrop.jpg,MY_877378,MY,PBC_dataset_normal_DIB\ig\MY_877378.jpg,2_mielosit
MY_878079_ccrop.jpg,MY_878079,MY,PBC_dataset_normal_DIB\ig\MY_878079.jpg,2_mielosit
MY_879353_ccrop.jpg,MY_879353,MY,PBC_dataset_normal_DIB\ig\MY_879353.jpg,2_mielosit
MY_879734_ccrop.jpg,MY_879734,MY,PBC_dataset_normal_DIB\ig\MY_879734.jpg,2_mielosit
MY_88007_ccrop.jpg,MY_88007,MY,PBC_dataset_normal_DIB\ig\MY_88007.jpg,2_mielosit
MY_880628_ccrop.jpg,MY_880628,MY,PBC_dataset_normal_DIB\ig\MY_880628.jpg,2_mielosit
MY_881176_ccrop.jpg,MY_881176,MY,PBC_dataset_normal_DIB\ig\MY_881176.jpg,2_mielosit
MY_882029_ccrop.jpg,MY_882029,MY,PBC_dataset_normal_DIB\ig\MY_882029.jpg,2_mielosit
MY_884142_ccrop.jpg,MY_884142,MY,PBC_dataset_normal_DIB\ig\MY_884142.jpg,2_mielosit
MY_884404_ccrop.jpg,MY_884404,MY,PBC_dataset_normal_DIB\ig\MY_884404.jpg,2_mielosit
MY_884717_ccrop.jpg,MY_884717,MY,PBC_dataset_normal_DIB\ig\MY_884717.jpg,2_mielosit
MY_88697_ccrop.jpg,MY_88697,MY,PBC_dataset_normal_DIB\ig\MY_88697.jpg,2_mielosit
MY_886979_ccrop.jpg,MY_886979,MY,PBC_dataset_normal_DIB\ig\MY_886979.jpg,2_mielosit
MY_88847_ccrop.jpg,MY_88847,MY,PBC_dataset_normal_DIB\ig\MY_88847.jpg,2_mielosit
MY_888813_ccrop.jpg,MY_888813,MY,PBC_dataset_normal_DIB\ig\MY_888813.jpg,2_mielosit
MY_889147_ccrop.jpg,MY_889147,MY,PBC_dataset_normal_DIB\ig\MY_889147.jpg,2_mielosit
MY_890229_ccrop.jpg,MY_890229,MY,PBC_dataset_normal_DIB\ig\MY_890229.jpg,2_mielosit
MY_890247_ccrop.jpg,MY_890247,MY,PBC_dataset_normal_DIB\ig\MY_890247.jpg,2_mielosit
MY_891285_ccrop.jpg,MY_891285,MY,PBC_dataset_normal_DIB\ig\MY_891285.jpg,2_mielosit
MY_891555_ccrop.jpg,MY_891555,MY,PBC_dataset_normal_DIB\ig\MY_891555.jpg,2_mielosit
MY_89202_ccrop.jpg,MY_89202,MY,PBC_dataset_normal_DIB\ig\MY_89202.jpg,2_mielosit
MY_892293_ccrop.jpg,MY_892293,MY,PBC_dataset_normal_DIB\ig\MY_892293.jpg,2_mielosit
MY_893025_ccrop.jpg,MY_893025,MY,PBC_dataset_normal_DIB\ig\MY_893025.jpg,2_mielosit
MY_893307_ccrop.jpg,MY_893307,MY,PBC_dataset_normal_DIB\ig\MY_893307.jpg,2_mielosit
MY_893731_ccrop.jpg,MY_893731,MY,PBC_dataset_normal_DIB\ig\MY_893731.jpg,2_mielosit
MY_894949_ccrop.jpg,MY_894949,MY,PBC_dataset_normal_DIB\ig\MY_894949.jpg,2_mielosit
MY_895269_ccrop.jpg,MY_895269,MY,PBC_dataset_normal_DIB\ig\MY_895269.jpg,2_mielosit
MY_89581_ccrop.jpg,MY_89581,MY,PBC_dataset_normal_DIB\ig\MY_89581.jpg,2_mielosit
MY_8959_ccrop.jpg,MY_8959,MY,PBC_dataset_normal_DIB\ig\MY_8959.jpg,2_mielosit
MY_897327_ccrop.jpg,MY_897327,MY,PBC_dataset_normal_DIB\ig\MY_897327.jpg,2_mielosit
MY_897580_ccrop.jpg,MY_897580,MY,PBC_dataset_normal_DIB\ig\MY_897580.jpg,2_mielosit
MY_899717_ccrop.jpg,MY_899717,MY,PBC_dataset_normal_DIB\ig\MY_899717.jpg,2_mielosit
MY_900062_ccrop.jpg,MY_900062,MY,PBC_dataset_normal_DIB\ig\MY_900062.jpg,2_mielosit
MY_9015_ccrop.jpg,MY_9015,MY,PBC_dataset_normal_DIB\ig\MY_9015.jpg,2_mielosit
MY_902407_ccrop.jpg,MY_902407,MY,PBC_dataset_normal_DIB\ig\MY_902407.jpg,2_mielosit
MY_902633_ccrop.jpg,MY_902633,MY,PBC_dataset_normal_DIB\ig\MY_902633.jpg,2_mielosit
MY_902931_ccrop.jpg,MY_902931,MY,PBC_dataset_normal_DIB\ig\MY_902931.jpg,2_mielosit
MY_903251_ccrop.jpg,MY_903251,MY,PBC_dataset_normal_DIB\ig\MY_903251.jpg,2_mielosit
MY_904011_ccrop.jpg,MY_904011,MY,PBC_dataset_normal_DIB\ig\MY_904011.jpg,2_mielosit
MY_90421_ccrop.jpg,MY_90421,MY,PBC_dataset_normal_DIB\ig\MY_90421.jpg,2_mielosit
MY_904809_ccrop.jpg,MY_904809,MY,PBC_dataset_normal_DIB\ig\MY_904809.jpg,2_mielosit
MY_905199_ccrop.jpg,MY_905199,MY,PBC_dataset_normal_DIB\ig\MY_905199.jpg,2_mielosit
MY_906055_ccrop.jpg,MY_906055,MY,PBC_dataset_normal_DIB\ig\MY_906055.jpg,2_mielosit
MY_90677_ccrop.jpg,MY_90677,MY,PBC_dataset_normal_DIB\ig\MY_90677.jpg,2_mielosit
MY_90777_ccrop.jpg,MY_90777,MY,PBC_dataset_normal_DIB\ig\MY_90777.jpg,2_mielosit
MY_909046_ccrop.jpg,MY_909046,MY,PBC_dataset_normal_DIB\ig\MY_909046.jpg,2_mielosit
MY_909234_ccrop.jpg,MY_909234,MY,PBC_dataset_normal_DIB\ig\MY_909234.jpg,2_mielosit
MY_909454_ccrop.jpg,MY_909454,MY,PBC_dataset_normal_DIB\ig\MY_909454.jpg,2_mielosit
MY_909861_ccrop.jpg,MY_909861,MY,PBC_dataset_normal_DIB\ig\MY_909861.jpg,2_mielosit
MY_909930_ccrop.jpg,MY_909930,MY,PBC_dataset_normal_DIB\ig\MY_909930.jpg,2_mielosit
MY_910155_ccrop.jpg,MY_910155,MY,PBC_dataset_normal_DIB\ig\MY_910155.jpg,2_mielosit
MY_910258_ccrop.jpg,MY_910258,MY,PBC_dataset_normal_DIB\ig\MY_910258.jpg,2_mielosit
MY_911546_ccrop.jpg,MY_911546,MY,PBC_dataset_normal_DIB\ig\MY_911546.jpg,2_mielosit
MY_911917_ccrop.jpg,MY_911917,MY,PBC_dataset_normal_DIB\ig\MY_911917.jpg,2_mielosit
MY_912700_ccrop.jpg,MY_912700,MY,PBC_dataset_normal_DIB\ig\MY_912700.jpg,2_mielosit
MY_912866_ccrop.jpg,MY_912866,MY,PBC_dataset_normal_DIB\ig\MY_912866.jpg,2_mielosit
MY_913448_ccrop.jpg,MY_913448,MY,PBC_dataset_normal_DIB\ig\MY_913448.jpg,2_mielosit
MY_91439_ccrop.jpg,MY_91439,MY,PBC_dataset_normal_DIB\ig\MY_91439.jpg,2_mielosit
MY_914558_ccrop.jpg,MY_914558,MY,PBC_dataset_normal_DIB\ig\MY_914558.jpg,2_mielosit
MY_914810_ccrop.jpg,MY_914810,MY,PBC_dataset_normal_DIB\ig\MY_914810.jpg,2_mielosit
MY_916672_ccrop.jpg,MY_916672,MY,PBC_dataset_normal_DIB\ig\MY_916672.jpg,2_mielosit
MY_916802_ccrop.jpg,MY_916802,MY,PBC_dataset_normal_DIB\ig\MY_916802.jpg,2_mielosit
MY_918544_ccrop.jpg,MY_918544,MY,PBC_dataset_normal_DIB\ig\MY_918544.jpg,2_mielosit
MY_920140_ccrop.jpg,MY_920140,MY,PBC_dataset_normal_DIB\ig\MY_920140.jpg,2_mielosit
MY_920196_ccrop.jpg,MY_920196,MY,PBC_dataset_normal_DIB\ig\MY_920196.jpg,2_mielosit
MY_921195_ccrop.jpg,MY_921195,MY,PBC_dataset_normal_DIB\ig\MY_921195.jpg,2_mielosit
MY_922099_ccrop.jpg,MY_922099,MY,PBC_dataset_normal_DIB\ig\MY_922099.jpg,2_mielosit
MY_922229_ccrop.jpg,MY_922229,MY,PBC_dataset_normal_DIB\ig\MY_922229.jpg,2_mielosit
MY_923643_ccrop.jpg,MY_923643,MY,PBC_dataset_normal_DIB\ig\MY_923643.jpg,2_mielosit
MY_924222_ccrop.jpg,MY_924222,MY,PBC_dataset_normal_DIB\ig\MY_924222.jpg,2_mielosit
MY_925992_ccrop.jpg,MY_925992,MY,PBC_dataset_normal_DIB\ig\MY_925992.jpg,2_mielosit
MY_927060_ccrop.jpg,MY_927060,MY,PBC_dataset_normal_DIB\ig\MY_927060.jpg,2_mielosit
MY_927181_ccrop.jpg,MY_927181,MY,PBC_dataset_normal_DIB\ig\MY_927181.jpg,2_mielosit
MY_927188_ccrop.jpg,MY_927188,MY,PBC_dataset_normal_DIB\ig\MY_927188.jpg,2_mielosit
MY_927318_ccrop.jpg,MY_927318,MY,PBC_dataset_normal_DIB\ig\MY_927318.jpg,2_mielosit
MY_928403_ccrop.jpg,MY_928403,MY,PBC_dataset_normal_DIB\ig\MY_928403.jpg,2_mielosit
MY_93048_ccrop.jpg,MY_93048,MY,PBC_dataset_normal_DIB\ig\MY_93048.jpg,2_mielosit
MY_93079_ccrop.jpg,MY_93079,MY,PBC_dataset_normal_DIB\ig\MY_93079.jpg,2_mielosit
MY_931043_ccrop.jpg,MY_931043,MY,PBC_dataset_normal_DIB\ig\MY_931043.jpg,2_mielosit
MY_931864_ccrop.jpg,MY_931864,MY,PBC_dataset_normal_DIB\ig\MY_931864.jpg,2_mielosit
MY_934819_ccrop.jpg,MY_934819,MY,PBC_dataset_normal_DIB\ig\MY_934819.jpg,2_mielosit
MY_935981_ccrop.jpg,MY_935981,MY,PBC_dataset_normal_DIB\ig\MY_935981.jpg,2_mielosit
MY_938984_ccrop.jpg,MY_938984,MY,PBC_dataset_normal_DIB\ig\MY_938984.jpg,2_mielosit
MY_94074_ccrop.jpg,MY_94074,MY,PBC_dataset_normal_DIB\ig\MY_94074.jpg,2_mielosit
MY_943048_ccrop.jpg,MY_943048,MY,PBC_dataset_normal_DIB\ig\MY_943048.jpg,2_mielosit
MY_94358_ccrop.jpg,MY_94358,MY,PBC_dataset_normal_DIB\ig\MY_94358.jpg,2_mielosit
MY_944589_ccrop.jpg,MY_944589,MY,PBC_dataset_normal_DIB\ig\MY_944589.jpg,2_mielosit
MY_944864_ccrop.jpg,MY_944864,MY,PBC_dataset_normal_DIB\ig\MY_944864.jpg,2_mielosit
MY_944972_ccrop.jpg,MY_944972,MY,PBC_dataset_normal_DIB\ig\MY_944972.jpg,2_mielosit
MY_945551_ccrop.jpg,MY_945551,MY,PBC_dataset_normal_DIB\ig\MY_945551.jpg,2_mielosit
MY_947056_ccrop.jpg,MY_947056,MY,PBC_dataset_normal_DIB\ig\MY_947056.jpg,2_mielosit
MY_947904_ccrop.jpg,MY_947904,MY,PBC_dataset_normal_DIB\ig\MY_947904.jpg,2_mielosit
MY_949069_ccrop.jpg,MY_949069,MY,PBC_dataset_normal_DIB\ig\MY_949069.jpg,2_mielosit
MY_949365_ccrop.jpg,MY_949365,MY,PBC_dataset_normal_DIB\ig\MY_949365.jpg,2_mielosit
MY_949579_ccrop.jpg,MY_949579,MY,PBC_dataset_normal_DIB\ig\MY_949579.jpg,2_mielosit
MY_950557_ccrop.jpg,MY_950557,MY,PBC_dataset_normal_DIB\ig\MY_950557.jpg,2_mielosit
MY_950610_ccrop.jpg,MY_950610,MY,PBC_dataset_normal_DIB\ig\MY_950610.jpg,2_mielosit
MY_951641_ccrop.jpg,MY_951641,MY,PBC_dataset_normal_DIB\ig\MY_951641.jpg,2_mielosit
MY_951663_ccrop.jpg,MY_951663,MY,PBC_dataset_normal_DIB\ig\MY_951663.jpg,2_mielosit
MY_951985_ccrop.jpg,MY_951985,MY,PBC_dataset_normal_DIB\ig\MY_951985.jpg,2_mielosit
MY_952273_ccrop.jpg,MY_952273,MY,PBC_dataset_normal_DIB\ig\MY_952273.jpg,2_mielosit
MY_952338_ccrop.jpg,MY_952338,MY,PBC_dataset_normal_DIB\ig\MY_952338.jpg,2_mielosit
MY_952584_ccrop.jpg,MY_952584,MY,PBC_dataset_normal_DIB\ig\MY_952584.jpg,2_mielosit
MY_953069_ccrop.jpg,MY_953069,MY,PBC_dataset_normal_DIB\ig\MY_953069.jpg,2_mielosit
MY_953614_ccrop.jpg,MY_953614,MY,PBC_dataset_normal_DIB\ig\MY_953614.jpg,2_mielosit
MY_95413_ccrop.jpg,MY_95413,MY,PBC_dataset_normal_DIB\ig\MY_95413.jpg,2_mielosit
MY_95550_ccrop.jpg,MY_95550,MY,PBC_dataset_normal_DIB\ig\MY_95550.jpg,2_mielosit
MY_955833_ccrop.jpg,MY_955833,MY,PBC_dataset_normal_DIB\ig\MY_955833.jpg,2_mielosit
MY_95592_ccrop.jpg,MY_95592,MY,PBC_dataset_normal_DIB\ig\MY_95592.jpg,2_mielosit
MY_956653_ccrop.jpg,MY_956653,MY,PBC_dataset_normal_DIB\ig\MY_956653.jpg,2_mielosit
MY_957199_ccrop.jpg,MY_957199,MY,PBC_dataset_normal_DIB\ig\MY_957199.jpg,2_mielosit
MY_957573_ccrop.jpg,MY_957573,MY,PBC_dataset_normal_DIB\ig\MY_957573.jpg,2_mielosit
MY_958699_ccrop.jpg,MY_958699,MY,PBC_dataset_normal_DIB\ig\MY_958699.jpg,2_mielosit
MY_959308_ccrop.jpg,MY_959308,MY,PBC_dataset_normal_DIB\ig\MY_959308.jpg,2_mielosit
MY_959333_ccrop.jpg,MY_959333,MY,PBC_dataset_normal_DIB\ig\MY_959333.jpg,2_mielosit
MY_960979_ccrop.jpg,MY_960979,MY,PBC_dataset_normal_DIB\ig\MY_960979.jpg,2_mielosit
MY_961717_ccrop.jpg,MY_961717,MY,PBC_dataset_normal_DIB\ig\MY_961717.jpg,2_mielosit
MY_963573_ccrop.jpg,MY_963573,MY,PBC_dataset_normal_DIB\ig\MY_963573.jpg,2_mielosit
MY_964723_ccrop.jpg,MY_964723,MY,PBC_dataset_normal_DIB\ig\MY_964723.jpg,2_mielosit
MY_965752_ccrop.jpg,MY_965752,MY,PBC_dataset_normal_DIB\ig\MY_965752.jpg,2_mielosit
MY_965849_ccrop.jpg,MY_965849,MY,PBC_dataset_normal_DIB\ig\MY_965849.jpg,2_mielosit
MY_966562_ccrop.jpg,MY_966562,MY,PBC_dataset_normal_DIB\ig\MY_966562.jpg,2_mielosit
MY_967725_ccrop.jpg,MY_967725,MY,PBC_dataset_normal_DIB\ig\MY_967725.jpg,2_mielosit
MY_968216_ccrop.jpg,MY_968216,MY,PBC_dataset_normal_DIB\ig\MY_968216.jpg,2_mielosit
MY_968271_ccrop.jpg,MY_968271,MY,PBC_dataset_normal_DIB\ig\MY_968271.jpg,2_mielosit
MY_96878_ccrop.jpg,MY_96878,MY,PBC_dataset_normal_DIB\ig\MY_96878.jpg,2_mielosit
MY_968942_ccrop.jpg,MY_968942,MY,PBC_dataset_normal_DIB\ig\MY_968942.jpg,2_mielosit
MY_969898_ccrop.jpg,MY_969898,MY,PBC_dataset_normal_DIB\ig\MY_969898.jpg,2_mielosit
MY_970151_ccrop.jpg,MY_970151,MY,PBC_dataset_normal_DIB\ig\MY_970151.jpg,2_mielosit
MY_970936_ccrop.jpg,MY_970936,MY,PBC_dataset_normal_DIB\ig\MY_970936.jpg,2_mielosit
MY_971057_ccrop.jpg,MY_971057,MY,PBC_dataset_normal_DIB\ig\MY_971057.jpg,2_mielosit
MY_9721_ccrop.jpg,MY_9721,MY,PBC_dataset_normal_DIB\ig\MY_9721.jpg,2_mielosit
MY_972220_ccrop.jpg,MY_972220,MY,PBC_dataset_normal_DIB\ig\MY_972220.jpg,2_mielosit
MY_973096_ccrop.jpg,MY_973096,MY,PBC_dataset_normal_DIB\ig\MY_973096.jpg,2_mielosit
MY_974284_ccrop.jpg,MY_974284,MY,PBC_dataset_normal_DIB\ig\MY_974284.jpg,2_mielosit
MY_975062_ccrop.jpg,MY_975062,MY,PBC_dataset_normal_DIB\ig\MY_975062.jpg,2_mielosit
MY_975173_ccrop.jpg,MY_975173,MY,PBC_dataset_normal_DIB\ig\MY_975173.jpg,2_mielosit
MY_976402_ccrop.jpg,MY_976402,MY,PBC_dataset_normal_DIB\ig\MY_976402.jpg,2_mielosit
MY_977373_ccrop.jpg,MY_977373,MY,PBC_dataset_normal_DIB\ig\MY_977373.jpg,2_mielosit
MY_977907_ccrop.jpg,MY_977907,MY,PBC_dataset_normal_DIB\ig\MY_977907.jpg,2_mielosit
MY_977916_ccrop.jpg,MY_977916,MY,PBC_dataset_normal_DIB\ig\MY_977916.jpg,2_mielosit
MY_978739_ccrop.jpg,MY_978739,MY,PBC_dataset_normal_DIB\ig\MY_978739.jpg,2_mielosit
MY_979054_ccrop.jpg,MY_979054,MY,PBC_dataset_normal_DIB\ig\MY_979054.jpg,2_mielosit
MY_979367_ccrop.jpg,MY_979367,MY,PBC_dataset_normal_DIB\ig\MY_979367.jpg,2_mielosit
MY_979886_ccrop.jpg,MY_979886,MY,PBC_dataset_normal_DIB\ig\MY_979886.jpg,2_mielosit
MY_980885_ccrop.jpg,MY_980885,MY,PBC_dataset_normal_DIB\ig\MY_980885.jpg,2_mielosit
MY_981761_ccrop.jpg,MY_981761,MY,PBC_dataset_normal_DIB\ig\MY_981761.jpg,2_mielosit
MY_982223_ccrop.jpg,MY_982223,MY,PBC_dataset_normal_DIB\ig\MY_982223.jpg,2_mielosit
MY_98273_ccrop.jpg,MY_98273,MY,PBC_dataset_normal_DIB\ig\MY_98273.jpg,2_mielosit
MY_98435_ccrop.jpg,MY_98435,MY,PBC_dataset_normal_DIB\ig\MY_98435.jpg,2_mielosit
MY_984771_ccrop.jpg,MY_984771,MY,PBC_dataset_normal_DIB\ig\MY_984771.jpg,2_mielosit
MY_984786_ccrop.jpg,MY_984786,MY,PBC_dataset_normal_DIB\ig\MY_984786.jpg,2_mielosit
MY_985400_ccrop.jpg,MY_985400,MY,PBC_dataset_normal_DIB\ig\MY_985400.jpg,2_mielosit
MY_986225_ccrop.jpg,MY_986225,MY,PBC_dataset_normal_DIB\ig\MY_986225.jpg,2_mielosit
MY_98644_ccrop.jpg,MY_98644,MY,PBC_dataset_normal_DIB\ig\MY_98644.jpg,2_mielosit
MY_987909_ccrop.jpg,MY_987909,MY,PBC_dataset_normal_DIB\ig\MY_987909.jpg,2_mielosit
MY_988893_ccrop.jpg,MY_988893,MY,PBC_dataset_normal_DIB\ig\MY_988893.jpg,2_mielosit
MY_99005_ccrop.jpg,MY_99005,MY,PBC_dataset_normal_DIB\ig\MY_99005.jpg,2_mielosit
MY_991121_ccrop.jpg,MY_991121,MY,PBC_dataset_normal_DIB\ig\MY_991121.jpg,2_mielosit
MY_991653_ccrop.jpg,MY_991653,MY,PBC_dataset_normal_DIB\ig\MY_991653.jpg,2_mielosit
MY_991796_ccrop.jpg,MY_991796,MY,PBC_dataset_normal_DIB\ig\MY_991796.jpg,2_mielosit
MY_992073_ccrop.jpg,MY_992073,MY,PBC_dataset_normal_DIB\ig\MY_992073.jpg,2_mielosit
MY_992706_ccrop.jpg,MY_992706,MY,PBC_dataset_normal_DIB\ig\MY_992706.jpg,2_mielosit
MY_993237_ccrop.jpg,MY_993237,MY,PBC_dataset_normal_DIB\ig\MY_993237.jpg,2_mielosit
MY_997138_ccrop.jpg,MY_997138,MY,PBC_dataset_normal_DIB\ig\MY_997138.jpg,2_mielosit
MY_998168_ccrop.jpg,MY_998168,MY,PBC_dataset_normal_DIB\ig\MY_998168.jpg,2_mielosit
MY_998617_ccrop.jpg,MY_998617,MY,PBC_dataset_normal_DIB\ig\MY_998617.jpg,2_mielosit
PMY_103033_ccrop.jpg,PMY_103033,PMY,PBC_dataset_normal_DIB\ig\PMY_103033.jpg,1_promielosit
PMY_10323_ccrop.jpg,PMY_10323,PMY,PBC_dataset_normal_DIB\ig\PMY_10323.jpg,1_promielosit
PMY_10344_ccrop.jpg,PMY_10344,PMY,PBC_dataset_normal_DIB\ig\PMY_10344.jpg,1_promielosit
PMY_104042_ccrop.jpg,PMY_104042,PMY,PBC_dataset_normal_DIB\ig\PMY_104042.jpg,1_promielosit
PMY_106315_ccrop.jpg,PMY_106315,PMY,PBC_dataset_normal_DIB\ig\PMY_106315.jpg,1_promielosit
PMY_106697_ccrop.jpg,PMY_106697,PMY,PBC_dataset_normal_DIB\ig\PMY_106697.jpg,1_promielosit
PMY_113305_ccrop.jpg,PMY_113305,PMY,PBC_dataset_normal_DIB\ig\PMY_113305.jpg,1_promielosit
PMY_113802_ccrop.jpg,PMY_113802,PMY,PBC_dataset_normal_DIB\ig\PMY_113802.jpg,1_promielosit
PMY_115329_ccrop.jpg,PMY_115329,PMY,PBC_dataset_normal_DIB\ig\PMY_115329.jpg,1_promielosit
PMY_118227_ccrop.jpg,PMY_118227,PMY,PBC_dataset_normal_DIB\ig\PMY_118227.jpg,1_promielosit
PMY_118711_ccrop.jpg,PMY_118711,PMY,PBC_dataset_normal_DIB\ig\PMY_118711.jpg,1_promielosit
PMY_119101_ccrop.jpg,PMY_119101,PMY,PBC_dataset_normal_DIB\ig\PMY_119101.jpg,1_promielosit
PMY_121356_ccrop.jpg,PMY_121356,PMY,PBC_dataset_normal_DIB\ig\PMY_121356.jpg,1_promielosit
PMY_12240_ccrop.jpg,PMY_12240,PMY,PBC_dataset_normal_DIB\ig\PMY_12240.jpg,1_promielosit
PMY_124143_ccrop.jpg,PMY_124143,PMY,PBC_dataset_normal_DIB\ig\PMY_124143.jpg,1_promielosit
PMY_130948_ccrop.jpg,PMY_130948,PMY,PBC_dataset_normal_DIB\ig\PMY_130948.jpg,1_promielosit
PMY_131738_ccrop.jpg,PMY_131738,PMY,PBC_dataset_normal_DIB\ig\PMY_131738.jpg,1_promielosit
PMY_132518_ccrop.jpg,PMY_132518,PMY,PBC_dataset_normal_DIB\ig\PMY_132518.jpg,1_promielosit
PMY_134761_ccrop.jpg,PMY_134761,PMY,PBC_dataset_normal_DIB\ig\PMY_134761.jpg,1_promielosit
PMY_13512_ccrop.jpg,PMY_13512,PMY,PBC_dataset_normal_DIB\ig\PMY_13512.jpg,1_promielosit
PMY_141931_ccrop.jpg,PMY_141931,PMY,PBC_dataset_normal_DIB\ig\PMY_141931.jpg,1_promielosit
PMY_145729_ccrop.jpg,PMY_145729,PMY,PBC_dataset_normal_DIB\ig\PMY_145729.jpg,1_promielosit
PMY_147025_ccrop.jpg,PMY_147025,PMY,PBC_dataset_normal_DIB\ig\PMY_147025.jpg,1_promielosit
PMY_147801_ccrop.jpg,PMY_147801,PMY,PBC_dataset_normal_DIB\ig\PMY_147801.jpg,1_promielosit
PMY_148623_ccrop.jpg,PMY_148623,PMY,PBC_dataset_normal_DIB\ig\PMY_148623.jpg,1_promielosit
PMY_151048_ccrop.jpg,PMY_151048,PMY,PBC_dataset_normal_DIB\ig\PMY_151048.jpg,1_promielosit
PMY_151530_ccrop.jpg,PMY_151530,PMY,PBC_dataset_normal_DIB\ig\PMY_151530.jpg,1_promielosit
PMY_153317_ccrop.jpg,PMY_153317,PMY,PBC_dataset_normal_DIB\ig\PMY_153317.jpg,1_promielosit
PMY_158728_ccrop.jpg,PMY_158728,PMY,PBC_dataset_normal_DIB\ig\PMY_158728.jpg,1_promielosit
PMY_160646_ccrop.jpg,PMY_160646,PMY,PBC_dataset_normal_DIB\ig\PMY_160646.jpg,1_promielosit
PMY_162735_ccrop.jpg,PMY_162735,PMY,PBC_dataset_normal_DIB\ig\PMY_162735.jpg,1_promielosit
PMY_164004_ccrop.jpg,PMY_164004,PMY,PBC_dataset_normal_DIB\ig\PMY_164004.jpg,1_promielosit
PMY_164848_ccrop.jpg,PMY_164848,PMY,PBC_dataset_normal_DIB\ig\PMY_164848.jpg,1_promielosit
PMY_166261_ccrop.jpg,PMY_166261,PMY,PBC_dataset_normal_DIB\ig\PMY_166261.jpg,1_promielosit
PMY_16683_ccrop.jpg,PMY_16683,PMY,PBC_dataset_normal_DIB\ig\PMY_16683.jpg,1_promielosit
PMY_167144_ccrop.jpg,PMY_167144,PMY,PBC_dataset_normal_DIB\ig\PMY_167144.jpg,1_promielosit
PMY_168585_ccrop.jpg,PMY_168585,PMY,PBC_dataset_normal_DIB\ig\PMY_168585.jpg,1_promielosit
PMY_169782_ccrop.jpg,PMY_169782,PMY,PBC_dataset_normal_DIB\ig\PMY_169782.jpg,1_promielosit
PMY_171652_ccrop.jpg,PMY_171652,PMY,PBC_dataset_normal_DIB\ig\PMY_171652.jpg,1_promielosit
PMY_174003_ccrop.jpg,PMY_174003,PMY,PBC_dataset_normal_DIB\ig\PMY_174003.jpg,1_promielosit
PMY_176074_ccrop.jpg,PMY_176074,PMY,PBC_dataset_normal_DIB\ig\PMY_176074.jpg,1_promielosit
PMY_17683_ccrop.jpg,PMY_17683,PMY,PBC_dataset_normal_DIB\ig\PMY_17683.jpg,1_promielosit
PMY_177097_ccrop.jpg,PMY_177097,PMY,PBC_dataset_normal_DIB\ig\PMY_177097.jpg,1_promielosit
PMY_177316_ccrop.jpg,PMY_177316,PMY,PBC_dataset_normal_DIB\ig\PMY_177316.jpg,1_promielosit
PMY_178357_ccrop.jpg,PMY_178357,PMY,PBC_dataset_normal_DIB\ig\PMY_178357.jpg,1_promielosit
PMY_178755_ccrop.jpg,PMY_178755,PMY,PBC_dataset_normal_DIB\ig\PMY_178755.jpg,1_promielosit
PMY_181052_ccrop.jpg,PMY_181052,PMY,PBC_dataset_normal_DIB\ig\PMY_181052.jpg,1_promielosit
PMY_182944_ccrop.jpg,PMY_182944,PMY,PBC_dataset_normal_DIB\ig\PMY_182944.jpg,1_promielosit
PMY_185437_ccrop.jpg,PMY_185437,PMY,PBC_dataset_normal_DIB\ig\PMY_185437.jpg,1_promielosit
PMY_187173_ccrop.jpg,PMY_187173,PMY,PBC_dataset_normal_DIB\ig\PMY_187173.jpg,1_promielosit
PMY_189441_ccrop.jpg,PMY_189441,PMY,PBC_dataset_normal_DIB\ig\PMY_189441.jpg,1_promielosit
PMY_191347_ccrop.jpg,PMY_191347,PMY,PBC_dataset_normal_DIB\ig\PMY_191347.jpg,1_promielosit
PMY_191869_ccrop.jpg,PMY_191869,PMY,PBC_dataset_normal_DIB\ig\PMY_191869.jpg,1_promielosit
PMY_193459_ccrop.jpg,PMY_193459,PMY,PBC_dataset_normal_DIB\ig\PMY_193459.jpg,1_promielosit
PMY_193829_ccrop.jpg,PMY_193829,PMY,PBC_dataset_normal_DIB\ig\PMY_193829.jpg,1_promielosit
PMY_195359_ccrop.jpg,PMY_195359,PMY,PBC_dataset_normal_DIB\ig\PMY_195359.jpg,1_promielosit
PMY_195681_ccrop.jpg,PMY_195681,PMY,PBC_dataset_normal_DIB\ig\PMY_195681.jpg,1_promielosit
PMY_196190_ccrop.jpg,PMY_196190,PMY,PBC_dataset_normal_DIB\ig\PMY_196190.jpg,1_promielosit
PMY_196965_ccrop.jpg,PMY_196965,PMY,PBC_dataset_normal_DIB\ig\PMY_196965.jpg,1_promielosit
PMY_197892_ccrop.jpg,PMY_197892,PMY,PBC_dataset_normal_DIB\ig\PMY_197892.jpg,1_promielosit
PMY_200129_ccrop.jpg,PMY_200129,PMY,PBC_dataset_normal_DIB\ig\PMY_200129.jpg,1_promielosit
PMY_205879_ccrop.jpg,PMY_205879,PMY,PBC_dataset_normal_DIB\ig\PMY_205879.jpg,1_promielosit
PMY_206001_ccrop.jpg,PMY_206001,PMY,PBC_dataset_normal_DIB\ig\PMY_206001.jpg,1_promielosit
PMY_207044_ccrop.jpg,PMY_207044,PMY,PBC_dataset_normal_DIB\ig\PMY_207044.jpg,1_promielosit
PMY_20723_ccrop.jpg,PMY_20723,PMY,PBC_dataset_normal_DIB\ig\PMY_20723.jpg,1_promielosit
PMY_20725_ccrop.jpg,PMY_20725,PMY,PBC_dataset_normal_DIB\ig\PMY_20725.jpg,1_promielosit
PMY_208227_ccrop.jpg,PMY_208227,PMY,PBC_dataset_normal_DIB\ig\PMY_208227.jpg,1_promielosit
PMY_218425_ccrop.jpg,PMY_218425,PMY,PBC_dataset_normal_DIB\ig\PMY_218425.jpg,1_promielosit
PMY_219022_ccrop.jpg,PMY_219022,PMY,PBC_dataset_normal_DIB\ig\PMY_219022.jpg,1_promielosit
PMY_220816_ccrop.jpg,PMY_220816,PMY,PBC_dataset_normal_DIB\ig\PMY_220816.jpg,1_promielosit
PMY_221441_ccrop.jpg,PMY_221441,PMY,PBC_dataset_normal_DIB\ig\PMY_221441.jpg,1_promielosit
PMY_225787_ccrop.jpg,PMY_225787,PMY,PBC_dataset_normal_DIB\ig\PMY_225787.jpg,1_promielosit
PMY_227142_ccrop.jpg,PMY_227142,PMY,PBC_dataset_normal_DIB\ig\PMY_227142.jpg,1_promielosit
PMY_228031_ccrop.jpg,PMY_228031,PMY,PBC_dataset_normal_DIB\ig\PMY_228031.jpg,1_promielosit
PMY_230129_ccrop.jpg,PMY_230129,PMY,PBC_dataset_normal_DIB\ig\PMY_230129.jpg,1_promielosit
PMY_230860_ccrop.jpg,PMY_230860,PMY,PBC_dataset_normal_DIB\ig\PMY_230860.jpg,1_promielosit
PMY_232995_ccrop.jpg,PMY_232995,PMY,PBC_dataset_normal_DIB\ig\PMY_232995.jpg,1_promielosit
PMY_233788_ccrop.jpg,PMY_233788,PMY,PBC_dataset_normal_DIB\ig\PMY_233788.jpg,1_promielosit
PMY_234773_ccrop.jpg,PMY_234773,PMY,PBC_dataset_normal_DIB\ig\PMY_234773.jpg,1_promielosit
PMY_236607_ccrop.jpg,PMY_236607,PMY,PBC_dataset_normal_DIB\ig\PMY_236607.jpg,1_promielosit
PMY_238333_ccrop.jpg,PMY_238333,PMY,PBC_dataset_normal_DIB\ig\PMY_238333.jpg,1_promielosit
PMY_238727_ccrop.jpg,PMY_238727,PMY,PBC_dataset_normal_DIB\ig\PMY_238727.jpg,1_promielosit
PMY_239956_ccrop.jpg,PMY_239956,PMY,PBC_dataset_normal_DIB\ig\PMY_239956.jpg,1_promielosit
PMY_24026_ccrop.jpg,PMY_24026,PMY,PBC_dataset_normal_DIB\ig\PMY_24026.jpg,1_promielosit
PMY_241_ccrop.jpg,PMY_241,PMY,PBC_dataset_normal_DIB\ig\PMY_241.jpg,1_promielosit
PMY_242801_ccrop.jpg,PMY_242801,PMY,PBC_dataset_normal_DIB\ig\PMY_242801.jpg,1_promielosit
PMY_242949_ccrop.jpg,PMY_242949,PMY,PBC_dataset_normal_DIB\ig\PMY_242949.jpg,1_promielosit
PMY_247968_ccrop.jpg,PMY_247968,PMY,PBC_dataset_normal_DIB\ig\PMY_247968.jpg,1_promielosit
PMY_249820_ccrop.jpg,PMY_249820,PMY,PBC_dataset_normal_DIB\ig\PMY_249820.jpg,1_promielosit
PMY_2508_ccrop.jpg,PMY_2508,PMY,PBC_dataset_normal_DIB\ig\PMY_2508.jpg,1_promielosit
PMY_254816_ccrop.jpg,PMY_254816,PMY,PBC_dataset_normal_DIB\ig\PMY_254816.jpg,1_promielosit
PMY_257315_ccrop.jpg,PMY_257315,PMY,PBC_dataset_normal_DIB\ig\PMY_257315.jpg,1_promielosit
PMY_257815_ccrop.jpg,PMY_257815,PMY,PBC_dataset_normal_DIB\ig\PMY_257815.jpg,1_promielosit
PMY_258136_ccrop.jpg,PMY_258136,PMY,PBC_dataset_normal_DIB\ig\PMY_258136.jpg,1_promielosit
PMY_259087_ccrop.jpg,PMY_259087,PMY,PBC_dataset_normal_DIB\ig\PMY_259087.jpg,1_promielosit
PMY_259339_ccrop.jpg,PMY_259339,PMY,PBC_dataset_normal_DIB\ig\PMY_259339.jpg,1_promielosit
PMY_265295_ccrop.jpg,PMY_265295,PMY,PBC_dataset_normal_DIB\ig\PMY_265295.jpg,1_promielosit
PMY_265809_ccrop.jpg,PMY_265809,PMY,PBC_dataset_normal_DIB\ig\PMY_265809.jpg,1_promielosit
PMY_266054_ccrop.jpg,PMY_266054,PMY,PBC_dataset_normal_DIB\ig\PMY_266054.jpg,1_promielosit
PMY_270625_ccrop.jpg,PMY_270625,PMY,PBC_dataset_normal_DIB\ig\PMY_270625.jpg,1_promielosit
PMY_270676_ccrop.jpg,PMY_270676,PMY,PBC_dataset_normal_DIB\ig\PMY_270676.jpg,1_promielosit
PMY_276708_ccrop.jpg,PMY_276708,PMY,PBC_dataset_normal_DIB\ig\PMY_276708.jpg,1_promielosit
PMY_27733_ccrop.jpg,PMY_27733,PMY,PBC_dataset_normal_DIB\ig\PMY_27733.jpg,1_promielosit
PMY_277490_ccrop.jpg,PMY_277490,PMY,PBC_dataset_normal_DIB\ig\PMY_277490.jpg,1_promielosit
PMY_279807_ccrop.jpg,PMY_279807,PMY,PBC_dataset_normal_DIB\ig\PMY_279807.jpg,1_promielosit
PMY_279953_ccrop.jpg,PMY_279953,PMY,PBC_dataset_normal_DIB\ig\PMY_279953.jpg,1_promielosit
PMY_280154_ccrop.jpg,PMY_280154,PMY,PBC_dataset_normal_DIB\ig\PMY_280154.jpg,1_promielosit
PMY_285430_ccrop.jpg,PMY_285430,PMY,PBC_dataset_normal_DIB\ig\PMY_285430.jpg,1_promielosit
PMY_286382_ccrop.jpg,PMY_286382,PMY,PBC_dataset_normal_DIB\ig\PMY_286382.jpg,1_promielosit
PMY_287140_ccrop.jpg,PMY_287140,PMY,PBC_dataset_normal_DIB\ig\PMY_287140.jpg,1_promielosit
PMY_28761_ccrop.jpg,PMY_28761,PMY,PBC_dataset_normal_DIB\ig\PMY_28761.jpg,1_promielosit
PMY_28818_ccrop.jpg,PMY_28818,PMY,PBC_dataset_normal_DIB\ig\PMY_28818.jpg,1_promielosit
PMY_288954_ccrop.jpg,PMY_288954,PMY,PBC_dataset_normal_DIB\ig\PMY_288954.jpg,1_promielosit
PMY_289958_ccrop.jpg,PMY_289958,PMY,PBC_dataset_normal_DIB\ig\PMY_289958.jpg,1_promielosit
PMY_293093_ccrop.jpg,PMY_293093,PMY,PBC_dataset_normal_DIB\ig\PMY_293093.jpg,1_promielosit
PMY_296792_ccrop.jpg,PMY_296792,PMY,PBC_dataset_normal_DIB\ig\PMY_296792.jpg,1_promielosit
PMY_297519_ccrop.jpg,PMY_297519,PMY,PBC_dataset_normal_DIB\ig\PMY_297519.jpg,1_promielosit
PMY_298362_ccrop.jpg,PMY_298362,PMY,PBC_dataset_normal_DIB\ig\PMY_298362.jpg,1_promielosit
PMY_298535_ccrop.jpg,PMY_298535,PMY,PBC_dataset_normal_DIB\ig\PMY_298535.jpg,1_promielosit
PMY_298648_ccrop.jpg,PMY_298648,PMY,PBC_dataset_normal_DIB\ig\PMY_298648.jpg,1_promielosit
PMY_298976_ccrop.jpg,PMY_298976,PMY,PBC_dataset_normal_DIB\ig\PMY_298976.jpg,1_promielosit
PMY_298992_ccrop.jpg,PMY_298992,PMY,PBC_dataset_normal_DIB\ig\PMY_298992.jpg,1_promielosit
PMY_299755_ccrop.jpg,PMY_299755,PMY,PBC_dataset_normal_DIB\ig\PMY_299755.jpg,1_promielosit
PMY_300680_ccrop.jpg,PMY_300680,PMY,PBC_dataset_normal_DIB\ig\PMY_300680.jpg,1_promielosit
PMY_302333_ccrop.jpg,PMY_302333,PMY,PBC_dataset_normal_DIB\ig\PMY_302333.jpg,1_promielosit
PMY_302339_ccrop.jpg,PMY_302339,PMY,PBC_dataset_normal_DIB\ig\PMY_302339.jpg,1_promielosit
PMY_303945_ccrop.jpg,PMY_303945,PMY,PBC_dataset_normal_DIB\ig\PMY_303945.jpg,1_promielosit
PMY_303964_ccrop.jpg,PMY_303964,PMY,PBC_dataset_normal_DIB\ig\PMY_303964.jpg,1_promielosit
PMY_304022_ccrop.jpg,PMY_304022,PMY,PBC_dataset_normal_DIB\ig\PMY_304022.jpg,1_promielosit
PMY_304303_ccrop.jpg,PMY_304303,PMY,PBC_dataset_normal_DIB\ig\PMY_304303.jpg,1_promielosit
PMY_305520_ccrop.jpg,PMY_305520,PMY,PBC_dataset_normal_DIB\ig\PMY_305520.jpg,1_promielosit
PMY_305823_ccrop.jpg,PMY_305823,PMY,PBC_dataset_normal_DIB\ig\PMY_305823.jpg,1_promielosit
PMY_308006_ccrop.jpg,PMY_308006,PMY,PBC_dataset_normal_DIB\ig\PMY_308006.jpg,1_promielosit
PMY_314855_ccrop.jpg,PMY_314855,PMY,PBC_dataset_normal_DIB\ig\PMY_314855.jpg,1_promielosit
PMY_316470_ccrop.jpg,PMY_316470,PMY,PBC_dataset_normal_DIB\ig\PMY_316470.jpg,1_promielosit
PMY_316676_ccrop.jpg,PMY_316676,PMY,PBC_dataset_normal_DIB\ig\PMY_316676.jpg,1_promielosit
PMY_318563_ccrop.jpg,PMY_318563,PMY,PBC_dataset_normal_DIB\ig\PMY_318563.jpg,1_promielosit
PMY_320028_ccrop.jpg,PMY_320028,PMY,PBC_dataset_normal_DIB\ig\PMY_320028.jpg,1_promielosit
PMY_324335_ccrop.jpg,PMY_324335,PMY,PBC_dataset_normal_DIB\ig\PMY_324335.jpg,1_promielosit
PMY_326172_ccrop.jpg,PMY_326172,PMY,PBC_dataset_normal_DIB\ig\PMY_326172.jpg,1_promielosit
PMY_327563_ccrop.jpg,PMY_327563,PMY,PBC_dataset_normal_DIB\ig\PMY_327563.jpg,1_promielosit
PMY_327730_ccrop.jpg,PMY_327730,PMY,PBC_dataset_normal_DIB\ig\PMY_327730.jpg,1_promielosit
PMY_327868_ccrop.jpg,PMY_327868,PMY,PBC_dataset_normal_DIB\ig\PMY_327868.jpg,1_promielosit
PMY_328769_ccrop.jpg,PMY_328769,PMY,PBC_dataset_normal_DIB\ig\PMY_328769.jpg,1_promielosit
PMY_330168_ccrop.jpg,PMY_330168,PMY,PBC_dataset_normal_DIB\ig\PMY_330168.jpg,1_promielosit
PMY_330366_ccrop.jpg,PMY_330366,PMY,PBC_dataset_normal_DIB\ig\PMY_330366.jpg,1_promielosit
PMY_3305_ccrop.jpg,PMY_3305,PMY,PBC_dataset_normal_DIB\ig\PMY_3305.jpg,1_promielosit
PMY_334182_ccrop.jpg,PMY_334182,PMY,PBC_dataset_normal_DIB\ig\PMY_334182.jpg,1_promielosit
PMY_335114_ccrop.jpg,PMY_335114,PMY,PBC_dataset_normal_DIB\ig\PMY_335114.jpg,1_promielosit
PMY_335570_ccrop.jpg,PMY_335570,PMY,PBC_dataset_normal_DIB\ig\PMY_335570.jpg,1_promielosit
PMY_337188_ccrop.jpg,PMY_337188,PMY,PBC_dataset_normal_DIB\ig\PMY_337188.jpg,1_promielosit
PMY_341875_ccrop.jpg,PMY_341875,PMY,PBC_dataset_normal_DIB\ig\PMY_341875.jpg,1_promielosit
PMY_346353_ccrop.jpg,PMY_346353,PMY,PBC_dataset_normal_DIB\ig\PMY_346353.jpg,1_promielosit
PMY_346853_ccrop.jpg,PMY_346853,PMY,PBC_dataset_normal_DIB\ig\PMY_346853.jpg,1_promielosit
PMY_348531_ccrop.jpg,PMY_348531,PMY,PBC_dataset_normal_DIB\ig\PMY_348531.jpg,1_promielosit
PMY_348691_ccrop.jpg,PMY_348691,PMY,PBC_dataset_normal_DIB\ig\PMY_348691.jpg,1_promielosit
PMY_350364_ccrop.jpg,PMY_350364,PMY,PBC_dataset_normal_DIB\ig\PMY_350364.jpg,1_promielosit
PMY_35260_ccrop.jpg,PMY_35260,PMY,PBC_dataset_normal_DIB\ig\PMY_35260.jpg,1_promielosit
PMY_353239_ccrop.jpg,PMY_353239,PMY,PBC_dataset_normal_DIB\ig\PMY_353239.jpg,1_promielosit
PMY_353345_ccrop.jpg,PMY_353345,PMY,PBC_dataset_normal_DIB\ig\PMY_353345.jpg,1_promielosit
PMY_354908_ccrop.jpg,PMY_354908,PMY,PBC_dataset_normal_DIB\ig\PMY_354908.jpg,1_promielosit
PMY_355365_ccrop.jpg,PMY_355365,PMY,PBC_dataset_normal_DIB\ig\PMY_355365.jpg,1_promielosit
PMY_356332_ccrop.jpg,PMY_356332,PMY,PBC_dataset_normal_DIB\ig\PMY_356332.jpg,1_promielosit
PMY_357893_ccrop.jpg,PMY_357893,PMY,PBC_dataset_normal_DIB\ig\PMY_357893.jpg,1_promielosit
PMY_359716_ccrop.jpg,PMY_359716,PMY,PBC_dataset_normal_DIB\ig\PMY_359716.jpg,1_promielosit
PMY_362457_ccrop.jpg,PMY_362457,PMY,PBC_dataset_normal_DIB\ig\PMY_362457.jpg,1_promielosit
PMY_363487_ccrop.jpg,PMY_363487,PMY,PBC_dataset_normal_DIB\ig\PMY_363487.jpg,1_promielosit
PMY_363863_ccrop.jpg,PMY_363863,PMY,PBC_dataset_normal_DIB\ig\PMY_363863.jpg,1_promielosit
PMY_365821_ccrop.jpg,PMY_365821,PMY,PBC_dataset_normal_DIB\ig\PMY_365821.jpg,1_promielosit
PMY_36647_ccrop.jpg,PMY_36647,PMY,PBC_dataset_normal_DIB\ig\PMY_36647.jpg,1_promielosit
PMY_367112_ccrop.jpg,PMY_367112,PMY,PBC_dataset_normal_DIB\ig\PMY_367112.jpg,1_promielosit
PMY_3689_ccrop.jpg,PMY_3689,PMY,PBC_dataset_normal_DIB\ig\PMY_3689.jpg,1_promielosit
PMY_369382_ccrop.jpg,PMY_369382,PMY,PBC_dataset_normal_DIB\ig\PMY_369382.jpg,1_promielosit
PMY_36939_ccrop.jpg,PMY_36939,PMY,PBC_dataset_normal_DIB\ig\PMY_36939.jpg,1_promielosit
PMY_370573_ccrop.jpg,PMY_370573,PMY,PBC_dataset_normal_DIB\ig\PMY_370573.jpg,1_promielosit
PMY_372408_ccrop.jpg,PMY_372408,PMY,PBC_dataset_normal_DIB\ig\PMY_372408.jpg,1_promielosit
PMY_374709_ccrop.jpg,PMY_374709,PMY,PBC_dataset_normal_DIB\ig\PMY_374709.jpg,1_promielosit
PMY_377034_ccrop.jpg,PMY_377034,PMY,PBC_dataset_normal_DIB\ig\PMY_377034.jpg,1_promielosit
PMY_378116_ccrop.jpg,PMY_378116,PMY,PBC_dataset_normal_DIB\ig\PMY_378116.jpg,1_promielosit
PMY_379145_ccrop.jpg,PMY_379145,PMY,PBC_dataset_normal_DIB\ig\PMY_379145.jpg,1_promielosit
PMY_382441_ccrop.jpg,PMY_382441,PMY,PBC_dataset_normal_DIB\ig\PMY_382441.jpg,1_promielosit
PMY_383172_ccrop.jpg,PMY_383172,PMY,PBC_dataset_normal_DIB\ig\PMY_383172.jpg,1_promielosit
PMY_38386_ccrop.jpg,PMY_38386,PMY,PBC_dataset_normal_DIB\ig\PMY_38386.jpg,1_promielosit
PMY_386197_ccrop.jpg,PMY_386197,PMY,PBC_dataset_normal_DIB\ig\PMY_386197.jpg,1_promielosit
PMY_389735_ccrop.jpg,PMY_389735,PMY,PBC_dataset_normal_DIB\ig\PMY_389735.jpg,1_promielosit
PMY_39029_ccrop.jpg,PMY_39029,PMY,PBC_dataset_normal_DIB\ig\PMY_39029.jpg,1_promielosit
PMY_392162_ccrop.jpg,PMY_392162,PMY,PBC_dataset_normal_DIB\ig\PMY_392162.jpg,1_promielosit
PMY_396397_ccrop.jpg,PMY_396397,PMY,PBC_dataset_normal_DIB\ig\PMY_396397.jpg,1_promielosit
PMY_396530_ccrop.jpg,PMY_396530,PMY,PBC_dataset_normal_DIB\ig\PMY_396530.jpg,1_promielosit
PMY_396632_ccrop.jpg,PMY_396632,PMY,PBC_dataset_normal_DIB\ig\PMY_396632.jpg,1_promielosit
PMY_397291_ccrop.jpg,PMY_397291,PMY,PBC_dataset_normal_DIB\ig\PMY_397291.jpg,1_promielosit
PMY_398261_ccrop.jpg,PMY_398261,PMY,PBC_dataset_normal_DIB\ig\PMY_398261.jpg,1_promielosit
PMY_399334_ccrop.jpg,PMY_399334,PMY,PBC_dataset_normal_DIB\ig\PMY_399334.jpg,1_promielosit
PMY_399740_ccrop.jpg,PMY_399740,PMY,PBC_dataset_normal_DIB\ig\PMY_399740.jpg,1_promielosit
PMY_402880_ccrop.jpg,PMY_402880,PMY,PBC_dataset_normal_DIB\ig\PMY_402880.jpg,1_promielosit
PMY_411234_ccrop.jpg,PMY_411234,PMY,PBC_dataset_normal_DIB\ig\PMY_411234.jpg,1_promielosit
PMY_415338_ccrop.jpg,PMY_415338,PMY,PBC_dataset_normal_DIB\ig\PMY_415338.jpg,1_promielosit
PMY_416143_ccrop.jpg,PMY_416143,PMY,PBC_dataset_normal_DIB\ig\PMY_416143.jpg,1_promielosit
PMY_416383_ccrop.jpg,PMY_416383,PMY,PBC_dataset_normal_DIB\ig\PMY_416383.jpg,1_promielosit
PMY_422360_ccrop.jpg,PMY_422360,PMY,PBC_dataset_normal_DIB\ig\PMY_422360.jpg,1_promielosit
PMY_426617_ccrop.jpg,PMY_426617,PMY,PBC_dataset_normal_DIB\ig\PMY_426617.jpg,1_promielosit
PMY_426871_ccrop.jpg,PMY_426871,PMY,PBC_dataset_normal_DIB\ig\PMY_426871.jpg,1_promielosit
PMY_427846_ccrop.jpg,PMY_427846,PMY,PBC_dataset_normal_DIB\ig\PMY_427846.jpg,1_promielosit
PMY_428070_ccrop.jpg,PMY_428070,PMY,PBC_dataset_normal_DIB\ig\PMY_428070.jpg,1_promielosit
PMY_430427_ccrop.jpg,PMY_430427,PMY,PBC_dataset_normal_DIB\ig\PMY_430427.jpg,1_promielosit
PMY_434173_ccrop.jpg,PMY_434173,PMY,PBC_dataset_normal_DIB\ig\PMY_434173.jpg,1_promielosit
PMY_436848_ccrop.jpg,PMY_436848,PMY,PBC_dataset_normal_DIB\ig\PMY_436848.jpg,1_promielosit
PMY_437969_ccrop.jpg,PMY_437969,PMY,PBC_dataset_normal_DIB\ig\PMY_437969.jpg,1_promielosit
PMY_438657_ccrop.jpg,PMY_438657,PMY,PBC_dataset_normal_DIB\ig\PMY_438657.jpg,1_promielosit
PMY_44436_ccrop.jpg,PMY_44436,PMY,PBC_dataset_normal_DIB\ig\PMY_44436.jpg,1_promielosit
PMY_44483_ccrop.jpg,PMY_44483,PMY,PBC_dataset_normal_DIB\ig\PMY_44483.jpg,1_promielosit
PMY_445168_ccrop.jpg,PMY_445168,PMY,PBC_dataset_normal_DIB\ig\PMY_445168.jpg,1_promielosit
PMY_445946_ccrop.jpg,PMY_445946,PMY,PBC_dataset_normal_DIB\ig\PMY_445946.jpg,1_promielosit
PMY_446733_ccrop.jpg,PMY_446733,PMY,PBC_dataset_normal_DIB\ig\PMY_446733.jpg,1_promielosit
PMY_447067_ccrop.jpg,PMY_447067,PMY,PBC_dataset_normal_DIB\ig\PMY_447067.jpg,1_promielosit
PMY_449223_ccrop.jpg,PMY_449223,PMY,PBC_dataset_normal_DIB\ig\PMY_449223.jpg,1_promielosit
PMY_455408_ccrop.jpg,PMY_455408,PMY,PBC_dataset_normal_DIB\ig\PMY_455408.jpg,1_promielosit
PMY_456936_ccrop.jpg,PMY_456936,PMY,PBC_dataset_normal_DIB\ig\PMY_456936.jpg,1_promielosit
PMY_458246_ccrop.jpg,PMY_458246,PMY,PBC_dataset_normal_DIB\ig\PMY_458246.jpg,1_promielosit
PMY_458308_ccrop.jpg,PMY_458308,PMY,PBC_dataset_normal_DIB\ig\PMY_458308.jpg,1_promielosit
PMY_459458_ccrop.jpg,PMY_459458,PMY,PBC_dataset_normal_DIB\ig\PMY_459458.jpg,1_promielosit
PMY_459875_ccrop.jpg,PMY_459875,PMY,PBC_dataset_normal_DIB\ig\PMY_459875.jpg,1_promielosit
PMY_461666_ccrop.jpg,PMY_461666,PMY,PBC_dataset_normal_DIB\ig\PMY_461666.jpg,1_promielosit
PMY_463652_ccrop.jpg,PMY_463652,PMY,PBC_dataset_normal_DIB\ig\PMY_463652.jpg,1_promielosit
PMY_465350_ccrop.jpg,PMY_465350,PMY,PBC_dataset_normal_DIB\ig\PMY_465350.jpg,1_promielosit
PMY_465567_ccrop.jpg,PMY_465567,PMY,PBC_dataset_normal_DIB\ig\PMY_465567.jpg,1_promielosit
PMY_466513_ccrop.jpg,PMY_466513,PMY,PBC_dataset_normal_DIB\ig\PMY_466513.jpg,1_promielosit
PMY_467358_ccrop.jpg,PMY_467358,PMY,PBC_dataset_normal_DIB\ig\PMY_467358.jpg,1_promielosit
PMY_467629_ccrop.jpg,PMY_467629,PMY,PBC_dataset_normal_DIB\ig\PMY_467629.jpg,1_promielosit
PMY_468793_ccrop.jpg,PMY_468793,PMY,PBC_dataset_normal_DIB\ig\PMY_468793.jpg,1_promielosit
PMY_470589_ccrop.jpg,PMY_470589,PMY,PBC_dataset_normal_DIB\ig\PMY_470589.jpg,1_promielosit
PMY_470764_ccrop.jpg,PMY_470764,PMY,PBC_dataset_normal_DIB\ig\PMY_470764.jpg,1_promielosit
PMY_470988_ccrop.jpg,PMY_470988,PMY,PBC_dataset_normal_DIB\ig\PMY_470988.jpg,1_promielosit
PMY_471011_ccrop.jpg,PMY_471011,PMY,PBC_dataset_normal_DIB\ig\PMY_471011.jpg,1_promielosit
PMY_471296_ccrop.jpg,PMY_471296,PMY,PBC_dataset_normal_DIB\ig\PMY_471296.jpg,1_promielosit
PMY_474022_ccrop.jpg,PMY_474022,PMY,PBC_dataset_normal_DIB\ig\PMY_474022.jpg,1_promielosit
PMY_474062_ccrop.jpg,PMY_474062,PMY,PBC_dataset_normal_DIB\ig\PMY_474062.jpg,1_promielosit
PMY_474846_ccrop.jpg,PMY_474846,PMY,PBC_dataset_normal_DIB\ig\PMY_474846.jpg,1_promielosit
PMY_47613_ccrop.jpg,PMY_47613,PMY,PBC_dataset_normal_DIB\ig\PMY_47613.jpg,1_promielosit
PMY_476540_ccrop.jpg,PMY_476540,PMY,PBC_dataset_normal_DIB\ig\PMY_476540.jpg,1_promielosit
PMY_477497_ccrop.jpg,PMY_477497,PMY,PBC_dataset_normal_DIB\ig\PMY_477497.jpg,1_promielosit
PMY_479096_ccrop.jpg,PMY_479096,PMY,PBC_dataset_normal_DIB\ig\PMY_479096.jpg,1_promielosit
PMY_479817_ccrop.jpg,PMY_479817,PMY,PBC_dataset_normal_DIB\ig\PMY_479817.jpg,1_promielosit
PMY_48028_ccrop.jpg,PMY_48028,PMY,PBC_dataset_normal_DIB\ig\PMY_48028.jpg,1_promielosit
PMY_484819_ccrop.jpg,PMY_484819,PMY,PBC_dataset_normal_DIB\ig\PMY_484819.jpg,1_promielosit
PMY_485600_ccrop.jpg,PMY_485600,PMY,PBC_dataset_normal_DIB\ig\PMY_485600.jpg,1_promielosit
PMY_488127_ccrop.jpg,PMY_488127,PMY,PBC_dataset_normal_DIB\ig\PMY_488127.jpg,1_promielosit
PMY_488304_ccrop.jpg,PMY_488304,PMY,PBC_dataset_normal_DIB\ig\PMY_488304.jpg,1_promielosit
PMY_489113_ccrop.jpg,PMY_489113,PMY,PBC_dataset_normal_DIB\ig\PMY_489113.jpg,1_promielosit
PMY_490425_ccrop.jpg,PMY_490425,PMY,PBC_dataset_normal_DIB\ig\PMY_490425.jpg,1_promielosit
PMY_491002_ccrop.jpg,PMY_491002,PMY,PBC_dataset_normal_DIB\ig\PMY_491002.jpg,1_promielosit
PMY_493320_ccrop.jpg,PMY_493320,PMY,PBC_dataset_normal_DIB\ig\PMY_493320.jpg,1_promielosit
PMY_496278_ccrop.jpg,PMY_496278,PMY,PBC_dataset_normal_DIB\ig\PMY_496278.jpg,1_promielosit
PMY_497112_ccrop.jpg,PMY_497112,PMY,PBC_dataset_normal_DIB\ig\PMY_497112.jpg,1_promielosit
PMY_497134_ccrop.jpg,PMY_497134,PMY,PBC_dataset_normal_DIB\ig\PMY_497134.jpg,1_promielosit
PMY_498211_ccrop.jpg,PMY_498211,PMY,PBC_dataset_normal_DIB\ig\PMY_498211.jpg,1_promielosit
PMY_498552_ccrop.jpg,PMY_498552,PMY,PBC_dataset_normal_DIB\ig\PMY_498552.jpg,1_promielosit
PMY_499724_ccrop.jpg,PMY_499724,PMY,PBC_dataset_normal_DIB\ig\PMY_499724.jpg,1_promielosit
PMY_500094_ccrop.jpg,PMY_500094,PMY,PBC_dataset_normal_DIB\ig\PMY_500094.jpg,1_promielosit
PMY_500571_ccrop.jpg,PMY_500571,PMY,PBC_dataset_normal_DIB\ig\PMY_500571.jpg,1_promielosit
PMY_500790_ccrop.jpg,PMY_500790,PMY,PBC_dataset_normal_DIB\ig\PMY_500790.jpg,1_promielosit
PMY_5010_ccrop.jpg,PMY_5010,PMY,PBC_dataset_normal_DIB\ig\PMY_5010.jpg,1_promielosit
PMY_502190_ccrop.jpg,PMY_502190,PMY,PBC_dataset_normal_DIB\ig\PMY_502190.jpg,1_promielosit
PMY_502322_ccrop.jpg,PMY_502322,PMY,PBC_dataset_normal_DIB\ig\PMY_502322.jpg,1_promielosit
PMY_503737_ccrop.jpg,PMY_503737,PMY,PBC_dataset_normal_DIB\ig\PMY_503737.jpg,1_promielosit
PMY_507507_ccrop.jpg,PMY_507507,PMY,PBC_dataset_normal_DIB\ig\PMY_507507.jpg,1_promielosit
PMY_508271_ccrop.jpg,PMY_508271,PMY,PBC_dataset_normal_DIB\ig\PMY_508271.jpg,1_promielosit
PMY_510358_ccrop.jpg,PMY_510358,PMY,PBC_dataset_normal_DIB\ig\PMY_510358.jpg,1_promielosit
PMY_513321_ccrop.jpg,PMY_513321,PMY,PBC_dataset_normal_DIB\ig\PMY_513321.jpg,1_promielosit
PMY_514626_ccrop.jpg,PMY_514626,PMY,PBC_dataset_normal_DIB\ig\PMY_514626.jpg,1_promielosit
PMY_514938_ccrop.jpg,PMY_514938,PMY,PBC_dataset_normal_DIB\ig\PMY_514938.jpg,1_promielosit
PMY_515679_ccrop.jpg,PMY_515679,PMY,PBC_dataset_normal_DIB\ig\PMY_515679.jpg,1_promielosit
PMY_515807_ccrop.jpg,PMY_515807,PMY,PBC_dataset_normal_DIB\ig\PMY_515807.jpg,1_promielosit
PMY_516388_ccrop.jpg,PMY_516388,PMY,PBC_dataset_normal_DIB\ig\PMY_516388.jpg,1_promielosit
PMY_517640_ccrop.jpg,PMY_517640,PMY,PBC_dataset_normal_DIB\ig\PMY_517640.jpg,1_promielosit
PMY_517806_ccrop.jpg,PMY_517806,PMY,PBC_dataset_normal_DIB\ig\PMY_517806.jpg,1_promielosit
PMY_518582_ccrop.jpg,PMY_518582,PMY,PBC_dataset_normal_DIB\ig\PMY_518582.jpg,1_promielosit
PMY_518988_ccrop.jpg,PMY_518988,PMY,PBC_dataset_normal_DIB\ig\PMY_518988.jpg,1_promielosit
PMY_519130_ccrop.jpg,PMY_519130,PMY,PBC_dataset_normal_DIB\ig\PMY_519130.jpg,1_promielosit
PMY_51963_ccrop.jpg,PMY_51963,PMY,PBC_dataset_normal_DIB\ig\PMY_51963.jpg,1_promielosit
PMY_519748_ccrop.jpg,PMY_519748,PMY,PBC_dataset_normal_DIB\ig\PMY_519748.jpg,1_promielosit
PMY_520542_ccrop.jpg,PMY_520542,PMY,PBC_dataset_normal_DIB\ig\PMY_520542.jpg,1_promielosit
PMY_521964_ccrop.jpg,PMY_521964,PMY,PBC_dataset_normal_DIB\ig\PMY_521964.jpg,1_promielosit
PMY_525476_ccrop.jpg,PMY_525476,PMY,PBC_dataset_normal_DIB\ig\PMY_525476.jpg,1_promielosit
PMY_525765_ccrop.jpg,PMY_525765,PMY,PBC_dataset_normal_DIB\ig\PMY_525765.jpg,1_promielosit
PMY_527986_ccrop.jpg,PMY_527986,PMY,PBC_dataset_normal_DIB\ig\PMY_527986.jpg,1_promielosit
PMY_529867_ccrop.jpg,PMY_529867,PMY,PBC_dataset_normal_DIB\ig\PMY_529867.jpg,1_promielosit
PMY_530728_ccrop.jpg,PMY_530728,PMY,PBC_dataset_normal_DIB\ig\PMY_530728.jpg,1_promielosit
PMY_531626_ccrop.jpg,PMY_531626,PMY,PBC_dataset_normal_DIB\ig\PMY_531626.jpg,1_promielosit
PMY_53329_ccrop.jpg,PMY_53329,PMY,PBC_dataset_normal_DIB\ig\PMY_53329.jpg,1_promielosit
PMY_537229_ccrop.jpg,PMY_537229,PMY,PBC_dataset_normal_DIB\ig\PMY_537229.jpg,1_promielosit
PMY_538541_ccrop.jpg,PMY_538541,PMY,PBC_dataset_normal_DIB\ig\PMY_538541.jpg,1_promielosit
PMY_54217_ccrop.jpg,PMY_54217,PMY,PBC_dataset_normal_DIB\ig\PMY_54217.jpg,1_promielosit
PMY_542512_ccrop.jpg,PMY_542512,PMY,PBC_dataset_normal_DIB\ig\PMY_542512.jpg,1_promielosit
PMY_542744_ccrop.jpg,PMY_542744,PMY,PBC_dataset_normal_DIB\ig\PMY_542744.jpg,1_promielosit
PMY_546734_ccrop.jpg,PMY_546734,PMY,PBC_dataset_normal_DIB\ig\PMY_546734.jpg,1_promielosit
PMY_547637_ccrop.jpg,PMY_547637,PMY,PBC_dataset_normal_DIB\ig\PMY_547637.jpg,1_promielosit
PMY_548200_ccrop.jpg,PMY_548200,PMY,PBC_dataset_normal_DIB\ig\PMY_548200.jpg,1_promielosit
PMY_549687_ccrop.jpg,PMY_549687,PMY,PBC_dataset_normal_DIB\ig\PMY_549687.jpg,1_promielosit
PMY_550469_ccrop.jpg,PMY_550469,PMY,PBC_dataset_normal_DIB\ig\PMY_550469.jpg,1_promielosit
PMY_552383_ccrop.jpg,PMY_552383,PMY,PBC_dataset_normal_DIB\ig\PMY_552383.jpg,1_promielosit
PMY_554039_ccrop.jpg,PMY_554039,PMY,PBC_dataset_normal_DIB\ig\PMY_554039.jpg,1_promielosit
PMY_555125_ccrop.jpg,PMY_555125,PMY,PBC_dataset_normal_DIB\ig\PMY_555125.jpg,1_promielosit
PMY_555715_ccrop.jpg,PMY_555715,PMY,PBC_dataset_normal_DIB\ig\PMY_555715.jpg,1_promielosit
PMY_557419_ccrop.jpg,PMY_557419,PMY,PBC_dataset_normal_DIB\ig\PMY_557419.jpg,1_promielosit
PMY_558961_ccrop.jpg,PMY_558961,PMY,PBC_dataset_normal_DIB\ig\PMY_558961.jpg,1_promielosit
PMY_560445_ccrop.jpg,PMY_560445,PMY,PBC_dataset_normal_DIB\ig\PMY_560445.jpg,1_promielosit
PMY_562186_ccrop.jpg,PMY_562186,PMY,PBC_dataset_normal_DIB\ig\PMY_562186.jpg,1_promielosit
PMY_564053_ccrop.jpg,PMY_564053,PMY,PBC_dataset_normal_DIB\ig\PMY_564053.jpg,1_promielosit
PMY_564545_ccrop.jpg,PMY_564545,PMY,PBC_dataset_normal_DIB\ig\PMY_564545.jpg,1_promielosit
PMY_569298_ccrop.jpg,PMY_569298,PMY,PBC_dataset_normal_DIB\ig\PMY_569298.jpg,1_promielosit
PMY_571915_ccrop.jpg,PMY_571915,PMY,PBC_dataset_normal_DIB\ig\PMY_571915.jpg,1_promielosit
PMY_572196_ccrop.jpg,PMY_572196,PMY,PBC_dataset_normal_DIB\ig\PMY_572196.jpg,1_promielosit
PMY_573522_ccrop.jpg,PMY_573522,PMY,PBC_dataset_normal_DIB\ig\PMY_573522.jpg,1_promielosit
PMY_574657_ccrop.jpg,PMY_574657,PMY,PBC_dataset_normal_DIB\ig\PMY_574657.jpg,1_promielosit
PMY_577498_ccrop.jpg,PMY_577498,PMY,PBC_dataset_normal_DIB\ig\PMY_577498.jpg,1_promielosit
PMY_578872_ccrop.jpg,PMY_578872,PMY,PBC_dataset_normal_DIB\ig\PMY_578872.jpg,1_promielosit
PMY_581406_ccrop.jpg,PMY_581406,PMY,PBC_dataset_normal_DIB\ig\PMY_581406.jpg,1_promielosit
PMY_5828_ccrop.jpg,PMY_5828,PMY,PBC_dataset_normal_DIB\ig\PMY_5828.jpg,1_promielosit
PMY_582919_ccrop.jpg,PMY_582919,PMY,PBC_dataset_normal_DIB\ig\PMY_582919.jpg,1_promielosit
PMY_586364_ccrop.jpg,PMY_586364,PMY,PBC_dataset_normal_DIB\ig\PMY_586364.jpg,1_promielosit
PMY_586671_ccrop.jpg,PMY_586671,PMY,PBC_dataset_normal_DIB\ig\PMY_586671.jpg,1_promielosit
PMY_587376_ccrop.jpg,PMY_587376,PMY,PBC_dataset_normal_DIB\ig\PMY_587376.jpg,1_promielosit
PMY_587719_ccrop.jpg,PMY_587719,PMY,PBC_dataset_normal_DIB\ig\PMY_587719.jpg,1_promielosit
PMY_589542_ccrop.jpg,PMY_589542,PMY,PBC_dataset_normal_DIB\ig\PMY_589542.jpg,1_promielosit
PMY_589579_ccrop.jpg,PMY_589579,PMY,PBC_dataset_normal_DIB\ig\PMY_589579.jpg,1_promielosit
PMY_589689_ccrop.jpg,PMY_589689,PMY,PBC_dataset_normal_DIB\ig\PMY_589689.jpg,1_promielosit
PMY_590837_ccrop.jpg,PMY_590837,PMY,PBC_dataset_normal_DIB\ig\PMY_590837.jpg,1_promielosit
PMY_591322_ccrop.jpg,PMY_591322,PMY,PBC_dataset_normal_DIB\ig\PMY_591322.jpg,1_promielosit
PMY_593160_ccrop.jpg,PMY_593160,PMY,PBC_dataset_normal_DIB\ig\PMY_593160.jpg,1_promielosit
PMY_598371_ccrop.jpg,PMY_598371,PMY,PBC_dataset_normal_DIB\ig\PMY_598371.jpg,1_promielosit
PMY_60060_ccrop.jpg,PMY_60060,PMY,PBC_dataset_normal_DIB\ig\PMY_60060.jpg,1_promielosit
PMY_601121_ccrop.jpg,PMY_601121,PMY,PBC_dataset_normal_DIB\ig\PMY_601121.jpg,1_promielosit
PMY_60338_ccrop.jpg,PMY_60338,PMY,PBC_dataset_normal_DIB\ig\PMY_60338.jpg,1_promielosit
PMY_604227_ccrop.jpg,PMY_604227,PMY,PBC_dataset_normal_DIB\ig\PMY_604227.jpg,1_promielosit
PMY_605064_ccrop.jpg,PMY_605064,PMY,PBC_dataset_normal_DIB\ig\PMY_605064.jpg,1_promielosit
PMY_605393_ccrop.jpg,PMY_605393,PMY,PBC_dataset_normal_DIB\ig\PMY_605393.jpg,1_promielosit
PMY_609517_ccrop.jpg,PMY_609517,PMY,PBC_dataset_normal_DIB\ig\PMY_609517.jpg,1_promielosit
PMY_609818_ccrop.jpg,PMY_609818,PMY,PBC_dataset_normal_DIB\ig\PMY_609818.jpg,1_promielosit
PMY_610548_ccrop.jpg,PMY_610548,PMY,PBC_dataset_normal_DIB\ig\PMY_610548.jpg,1_promielosit
PMY_614413_ccrop.jpg,PMY_614413,PMY,PBC_dataset_normal_DIB\ig\PMY_614413.jpg,1_promielosit
PMY_614431_ccrop.jpg,PMY_614431,PMY,PBC_dataset_normal_DIB\ig\PMY_614431.jpg,1_promielosit
PMY_616509_ccrop.jpg,PMY_616509,PMY,PBC_dataset_normal_DIB\ig\PMY_616509.jpg,1_promielosit
PMY_616649_ccrop.jpg,PMY_616649,PMY,PBC_dataset_normal_DIB\ig\PMY_616649.jpg,1_promielosit
PMY_623403_ccrop.jpg,PMY_623403,PMY,PBC_dataset_normal_DIB\ig\PMY_623403.jpg,1_promielosit
PMY_625340_ccrop.jpg,PMY_625340,PMY,PBC_dataset_normal_DIB\ig\PMY_625340.jpg,1_promielosit
PMY_62790_ccrop.jpg,PMY_62790,PMY,PBC_dataset_normal_DIB\ig\PMY_62790.jpg,1_promielosit
PMY_630110_ccrop.jpg,PMY_630110,PMY,PBC_dataset_normal_DIB\ig\PMY_630110.jpg,1_promielosit
PMY_630541_ccrop.jpg,PMY_630541,PMY,PBC_dataset_normal_DIB\ig\PMY_630541.jpg,1_promielosit
PMY_632509_ccrop.jpg,PMY_632509,PMY,PBC_dataset_normal_DIB\ig\PMY_632509.jpg,1_promielosit
PMY_632895_ccrop.jpg,PMY_632895,PMY,PBC_dataset_normal_DIB\ig\PMY_632895.jpg,1_promielosit
PMY_634329_ccrop.jpg,PMY_634329,PMY,PBC_dataset_normal_DIB\ig\PMY_634329.jpg,1_promielosit
PMY_635523_ccrop.jpg,PMY_635523,PMY,PBC_dataset_normal_DIB\ig\PMY_635523.jpg,1_promielosit
PMY_636418_ccrop.jpg,PMY_636418,PMY,PBC_dataset_normal_DIB\ig\PMY_636418.jpg,1_promielosit
PMY_637323_ccrop.jpg,PMY_637323,PMY,PBC_dataset_normal_DIB\ig\PMY_637323.jpg,1_promielosit
PMY_638556_ccrop.jpg,PMY_638556,PMY,PBC_dataset_normal_DIB\ig\PMY_638556.jpg,1_promielosit
PMY_639333_ccrop.jpg,PMY_639333,PMY,PBC_dataset_normal_DIB\ig\PMY_639333.jpg,1_promielosit
PMY_641217_ccrop.jpg,PMY_641217,PMY,PBC_dataset_normal_DIB\ig\PMY_641217.jpg,1_promielosit
PMY_641327_ccrop.jpg,PMY_641327,PMY,PBC_dataset_normal_DIB\ig\PMY_641327.jpg,1_promielosit
PMY_641546_ccrop.jpg,PMY_641546,PMY,PBC_dataset_normal_DIB\ig\PMY_641546.jpg,1_promielosit
PMY_642848_ccrop.jpg,PMY_642848,PMY,PBC_dataset_normal_DIB\ig\PMY_642848.jpg,1_promielosit
PMY_644531_ccrop.jpg,PMY_644531,PMY,PBC_dataset_normal_DIB\ig\PMY_644531.jpg,1_promielosit
PMY_646668_ccrop.jpg,PMY_646668,PMY,PBC_dataset_normal_DIB\ig\PMY_646668.jpg,1_promielosit
PMY_647620_ccrop.jpg,PMY_647620,PMY,PBC_dataset_normal_DIB\ig\PMY_647620.jpg,1_promielosit
PMY_648773_ccrop.jpg,PMY_648773,PMY,PBC_dataset_normal_DIB\ig\PMY_648773.jpg,1_promielosit
PMY_649381_ccrop.jpg,PMY_649381,PMY,PBC_dataset_normal_DIB\ig\PMY_649381.jpg,1_promielosit
PMY_649492_ccrop.jpg,PMY_649492,PMY,PBC_dataset_normal_DIB\ig\PMY_649492.jpg,1_promielosit
PMY_652170_ccrop.jpg,PMY_652170,PMY,PBC_dataset_normal_DIB\ig\PMY_652170.jpg,1_promielosit
PMY_652178_ccrop.jpg,PMY_652178,PMY,PBC_dataset_normal_DIB\ig\PMY_652178.jpg,1_promielosit
PMY_653316_ccrop.jpg,PMY_653316,PMY,PBC_dataset_normal_DIB\ig\PMY_653316.jpg,1_promielosit
PMY_654777_ccrop.jpg,PMY_654777,PMY,PBC_dataset_normal_DIB\ig\PMY_654777.jpg,1_promielosit
PMY_655809_ccrop.jpg,PMY_655809,PMY,PBC_dataset_normal_DIB\ig\PMY_655809.jpg,1_promielosit
PMY_656779_ccrop.jpg,PMY_656779,PMY,PBC_dataset_normal_DIB\ig\PMY_656779.jpg,1_promielosit
PMY_663938_ccrop.jpg,PMY_663938,PMY,PBC_dataset_normal_DIB\ig\PMY_663938.jpg,1_promielosit
PMY_665046_ccrop.jpg,PMY_665046,PMY,PBC_dataset_normal_DIB\ig\PMY_665046.jpg,1_promielosit
PMY_66740_ccrop.jpg,PMY_66740,PMY,PBC_dataset_normal_DIB\ig\PMY_66740.jpg,1_promielosit
PMY_668342_ccrop.jpg,PMY_668342,PMY,PBC_dataset_normal_DIB\ig\PMY_668342.jpg,1_promielosit
PMY_668839_ccrop.jpg,PMY_668839,PMY,PBC_dataset_normal_DIB\ig\PMY_668839.jpg,1_promielosit
PMY_672319_ccrop.jpg,PMY_672319,PMY,PBC_dataset_normal_DIB\ig\PMY_672319.jpg,1_promielosit
PMY_677926_ccrop.jpg,PMY_677926,PMY,PBC_dataset_normal_DIB\ig\PMY_677926.jpg,1_promielosit
PMY_679958_ccrop.jpg,PMY_679958,PMY,PBC_dataset_normal_DIB\ig\PMY_679958.jpg,1_promielosit
PMY_683093_ccrop.jpg,PMY_683093,PMY,PBC_dataset_normal_DIB\ig\PMY_683093.jpg,1_promielosit
PMY_685743_ccrop.jpg,PMY_685743,PMY,PBC_dataset_normal_DIB\ig\PMY_685743.jpg,1_promielosit
PMY_68804_ccrop.jpg,PMY_68804,PMY,PBC_dataset_normal_DIB\ig\PMY_68804.jpg,1_promielosit
PMY_688254_ccrop.jpg,PMY_688254,PMY,PBC_dataset_normal_DIB\ig\PMY_688254.jpg,1_promielosit
PMY_68894_ccrop.jpg,PMY_68894,PMY,PBC_dataset_normal_DIB\ig\PMY_68894.jpg,1_promielosit
PMY_689503_ccrop.jpg,PMY_689503,PMY,PBC_dataset_normal_DIB\ig\PMY_689503.jpg,1_promielosit
PMY_689948_ccrop.jpg,PMY_689948,PMY,PBC_dataset_normal_DIB\ig\PMY_689948.jpg,1_promielosit
PMY_690924_ccrop.jpg,PMY_690924,PMY,PBC_dataset_normal_DIB\ig\PMY_690924.jpg,1_promielosit
PMY_691379_ccrop.jpg,PMY_691379,PMY,PBC_dataset_normal_DIB\ig\PMY_691379.jpg,1_promielosit
PMY_692844_ccrop.jpg,PMY_692844,PMY,PBC_dataset_normal_DIB\ig\PMY_692844.jpg,1_promielosit
PMY_694050_ccrop.jpg,PMY_694050,PMY,PBC_dataset_normal_DIB\ig\PMY_694050.jpg,1_promielosit
PMY_694391_ccrop.jpg,PMY_694391,PMY,PBC_dataset_normal_DIB\ig\PMY_694391.jpg,1_promielosit
PMY_695850_ccrop.jpg,PMY_695850,PMY,PBC_dataset_normal_DIB\ig\PMY_695850.jpg,1_promielosit
PMY_699159_ccrop.jpg,PMY_699159,PMY,PBC_dataset_normal_DIB\ig\PMY_699159.jpg,1_promielosit
PMY_702550_ccrop.jpg,PMY_702550,PMY,PBC_dataset_normal_DIB\ig\PMY_702550.jpg,1_promielosit
PMY_703530_ccrop.jpg,PMY_703530,PMY,PBC_dataset_normal_DIB\ig\PMY_703530.jpg,1_promielosit
PMY_705579_ccrop.jpg,PMY_705579,PMY,PBC_dataset_normal_DIB\ig\PMY_705579.jpg,1_promielosit
PMY_70574_ccrop.jpg,PMY_70574,PMY,PBC_dataset_normal_DIB\ig\PMY_70574.jpg,1_promielosit
PMY_706568_ccrop.jpg,PMY_706568,PMY,PBC_dataset_normal_DIB\ig\PMY_706568.jpg,1_promielosit
PMY_713436_ccrop.jpg,PMY_713436,PMY,PBC_dataset_normal_DIB\ig\PMY_713436.jpg,1_promielosit
PMY_715143_ccrop.jpg,PMY_715143,PMY,PBC_dataset_normal_DIB\ig\PMY_715143.jpg,1_promielosit
PMY_721400_ccrop.jpg,PMY_721400,PMY,PBC_dataset_normal_DIB\ig\PMY_721400.jpg,1_promielosit
PMY_722296_ccrop.jpg,PMY_722296,PMY,PBC_dataset_normal_DIB\ig\PMY_722296.jpg,1_promielosit
PMY_722414_ccrop.jpg,PMY_722414,PMY,PBC_dataset_normal_DIB\ig\PMY_722414.jpg,1_promielosit
PMY_722562_ccrop.jpg,PMY_722562,PMY,PBC_dataset_normal_DIB\ig\PMY_722562.jpg,1_promielosit
PMY_724189_ccrop.jpg,PMY_724189,PMY,PBC_dataset_normal_DIB\ig\PMY_724189.jpg,1_promielosit
PMY_724701_ccrop.jpg,PMY_724701,PMY,PBC_dataset_normal_DIB\ig\PMY_724701.jpg,1_promielosit
PMY_725335_ccrop.jpg,PMY_725335,PMY,PBC_dataset_normal_DIB\ig\PMY_725335.jpg,1_promielosit
PMY_727894_ccrop.jpg,PMY_727894,PMY,PBC_dataset_normal_DIB\ig\PMY_727894.jpg,1_promielosit
PMY_73148_ccrop.jpg,PMY_73148,PMY,PBC_dataset_normal_DIB\ig\PMY_73148.jpg,1_promielosit
PMY_736213_ccrop.jpg,PMY_736213,PMY,PBC_dataset_normal_DIB\ig\PMY_736213.jpg,1_promielosit
PMY_737751_ccrop.jpg,PMY_737751,PMY,PBC_dataset_normal_DIB\ig\PMY_737751.jpg,1_promielosit
PMY_739658_ccrop.jpg,PMY_739658,PMY,PBC_dataset_normal_DIB\ig\PMY_739658.jpg,1_promielosit
PMY_740259_ccrop.jpg,PMY_740259,PMY,PBC_dataset_normal_DIB\ig\PMY_740259.jpg,1_promielosit
PMY_745394_ccrop.jpg,PMY_745394,PMY,PBC_dataset_normal_DIB\ig\PMY_745394.jpg,1_promielosit
PMY_746838_ccrop.jpg,PMY_746838,PMY,PBC_dataset_normal_DIB\ig\PMY_746838.jpg,1_promielosit
PMY_747397_ccrop.jpg,PMY_747397,PMY,PBC_dataset_normal_DIB\ig\PMY_747397.jpg,1_promielosit
PMY_748511_ccrop.jpg,PMY_748511,PMY,PBC_dataset_normal_DIB\ig\PMY_748511.jpg,1_promielosit
PMY_748700_ccrop.jpg,PMY_748700,PMY,PBC_dataset_normal_DIB\ig\PMY_748700.jpg,1_promielosit
PMY_748779_ccrop.jpg,PMY_748779,PMY,PBC_dataset_normal_DIB\ig\PMY_748779.jpg,1_promielosit
PMY_751256_ccrop.jpg,PMY_751256,PMY,PBC_dataset_normal_DIB\ig\PMY_751256.jpg,1_promielosit
PMY_752749_ccrop.jpg,PMY_752749,PMY,PBC_dataset_normal_DIB\ig\PMY_752749.jpg,1_promielosit
PMY_753076_ccrop.jpg,PMY_753076,PMY,PBC_dataset_normal_DIB\ig\PMY_753076.jpg,1_promielosit
PMY_753662_ccrop.jpg,PMY_753662,PMY,PBC_dataset_normal_DIB\ig\PMY_753662.jpg,1_promielosit
PMY_75482_ccrop.jpg,PMY_75482,PMY,PBC_dataset_normal_DIB\ig\PMY_75482.jpg,1_promielosit
PMY_755032_ccrop.jpg,PMY_755032,PMY,PBC_dataset_normal_DIB\ig\PMY_755032.jpg,1_promielosit
PMY_755784_ccrop.jpg,PMY_755784,PMY,PBC_dataset_normal_DIB\ig\PMY_755784.jpg,1_promielosit
PMY_756364_ccrop.jpg,PMY_756364,PMY,PBC_dataset_normal_DIB\ig\PMY_756364.jpg,1_promielosit
PMY_756613_ccrop.jpg,PMY_756613,PMY,PBC_dataset_normal_DIB\ig\PMY_756613.jpg,1_promielosit
PMY_757137_ccrop.jpg,PMY_757137,PMY,PBC_dataset_normal_DIB\ig\PMY_757137.jpg,1_promielosit
PMY_759622_ccrop.jpg,PMY_759622,PMY,PBC_dataset_normal_DIB\ig\PMY_759622.jpg,1_promielosit
PMY_762566_ccrop.jpg,PMY_762566,PMY,PBC_dataset_normal_DIB\ig\PMY_762566.jpg,1_promielosit
PMY_764313_ccrop.jpg,PMY_764313,PMY,PBC_dataset_normal_DIB\ig\PMY_764313.jpg,1_promielosit
PMY_766548_ccrop.jpg,PMY_766548,PMY,PBC_dataset_normal_DIB\ig\PMY_766548.jpg,1_promielosit
PMY_7675_ccrop.jpg,PMY_7675,PMY,PBC_dataset_normal_DIB\ig\PMY_7675.jpg,1_promielosit
PMY_770245_ccrop.jpg,PMY_770245,PMY,PBC_dataset_normal_DIB\ig\PMY_770245.jpg,1_promielosit
PMY_772363_ccrop.jpg,PMY_772363,PMY,PBC_dataset_normal_DIB\ig\PMY_772363.jpg,1_promielosit
PMY_772483_ccrop.jpg,PMY_772483,PMY,PBC_dataset_normal_DIB\ig\PMY_772483.jpg,1_promielosit
PMY_7728_ccrop.jpg,PMY_7728,PMY,PBC_dataset_normal_DIB\ig\PMY_7728.jpg,1_promielosit
PMY_772833_ccrop.jpg,PMY_772833,PMY,PBC_dataset_normal_DIB\ig\PMY_772833.jpg,1_promielosit
PMY_776715_ccrop.jpg,PMY_776715,PMY,PBC_dataset_normal_DIB\ig\PMY_776715.jpg,1_promielosit
PMY_779527_ccrop.jpg,PMY_779527,PMY,PBC_dataset_normal_DIB\ig\PMY_779527.jpg,1_promielosit
PMY_782838_ccrop.jpg,PMY_782838,PMY,PBC_dataset_normal_DIB\ig\PMY_782838.jpg,1_promielosit
PMY_783521_ccrop.jpg,PMY_783521,PMY,PBC_dataset_normal_DIB\ig\PMY_783521.jpg,1_promielosit
PMY_784012_ccrop.jpg,PMY_784012,PMY,PBC_dataset_normal_DIB\ig\PMY_784012.jpg,1_promielosit
PMY_7841_ccrop.jpg,PMY_7841,PMY,PBC_dataset_normal_DIB\ig\PMY_7841.jpg,1_promielosit
PMY_784221_ccrop.jpg,PMY_784221,PMY,PBC_dataset_normal_DIB\ig\PMY_784221.jpg,1_promielosit
PMY_784590_ccrop.jpg,PMY_784590,PMY,PBC_dataset_normal_DIB\ig\PMY_784590.jpg,1_promielosit
PMY_786400_ccrop.jpg,PMY_786400,PMY,PBC_dataset_normal_DIB\ig\PMY_786400.jpg,1_promielosit
PMY_787838_ccrop.jpg,PMY_787838,PMY,PBC_dataset_normal_DIB\ig\PMY_787838.jpg,1_promielosit
PMY_788715_ccrop.jpg,PMY_788715,PMY,PBC_dataset_normal_DIB\ig\PMY_788715.jpg,1_promielosit
PMY_792058_ccrop.jpg,PMY_792058,PMY,PBC_dataset_normal_DIB\ig\PMY_792058.jpg,1_promielosit
PMY_794253_ccrop.jpg,PMY_794253,PMY,PBC_dataset_normal_DIB\ig\PMY_794253.jpg,1_promielosit
PMY_796085_ccrop.jpg,PMY_796085,PMY,PBC_dataset_normal_DIB\ig\PMY_796085.jpg,1_promielosit
PMY_797107_ccrop.jpg,PMY_797107,PMY,PBC_dataset_normal_DIB\ig\PMY_797107.jpg,1_promielosit
PMY_798208_ccrop.jpg,PMY_798208,PMY,PBC_dataset_normal_DIB\ig\PMY_798208.jpg,1_promielosit
PMY_798700_ccrop.jpg,PMY_798700,PMY,PBC_dataset_normal_DIB\ig\PMY_798700.jpg,1_promielosit
PMY_800629_ccrop.jpg,PMY_800629,PMY,PBC_dataset_normal_DIB\ig\PMY_800629.jpg,1_promielosit
PMY_802468_ccrop.jpg,PMY_802468,PMY,PBC_dataset_normal_DIB\ig\PMY_802468.jpg,1_promielosit
PMY_804177_ccrop.jpg,PMY_804177,PMY,PBC_dataset_normal_DIB\ig\PMY_804177.jpg,1_promielosit
PMY_804781_ccrop.jpg,PMY_804781,PMY,PBC_dataset_normal_DIB\ig\PMY_804781.jpg,1_promielosit
PMY_805423_ccrop.jpg,PMY_805423,PMY,PBC_dataset_normal_DIB\ig\PMY_805423.jpg,1_promielosit
PMY_806069_ccrop.jpg,PMY_806069,PMY,PBC_dataset_normal_DIB\ig\PMY_806069.jpg,1_promielosit
PMY_80773_ccrop.jpg,PMY_80773,PMY,PBC_dataset_normal_DIB\ig\PMY_80773.jpg,1_promielosit
PMY_80820_ccrop.jpg,PMY_80820,PMY,PBC_dataset_normal_DIB\ig\PMY_80820.jpg,1_promielosit
PMY_809845_ccrop.jpg,PMY_809845,PMY,PBC_dataset_normal_DIB\ig\PMY_809845.jpg,1_promielosit
PMY_811405_ccrop.jpg,PMY_811405,PMY,PBC_dataset_normal_DIB\ig\PMY_811405.jpg,1_promielosit
PMY_811544_ccrop.jpg,PMY_811544,PMY,PBC_dataset_normal_DIB\ig\PMY_811544.jpg,1_promielosit
PMY_811666_ccrop.jpg,PMY_811666,PMY,PBC_dataset_normal_DIB\ig\PMY_811666.jpg,1_promielosit
PMY_816425_ccrop.jpg,PMY_816425,PMY,PBC_dataset_normal_DIB\ig\PMY_816425.jpg,1_promielosit
PMY_81713_ccrop.jpg,PMY_81713,PMY,PBC_dataset_normal_DIB\ig\PMY_81713.jpg,1_promielosit
PMY_817838_ccrop.jpg,PMY_817838,PMY,PBC_dataset_normal_DIB\ig\PMY_817838.jpg,1_promielosit
PMY_819354_ccrop.jpg,PMY_819354,PMY,PBC_dataset_normal_DIB\ig\PMY_819354.jpg,1_promielosit
PMY_819359_ccrop.jpg,PMY_819359,PMY,PBC_dataset_normal_DIB\ig\PMY_819359.jpg,1_promielosit
PMY_819443_ccrop.jpg,PMY_819443,PMY,PBC_dataset_normal_DIB\ig\PMY_819443.jpg,1_promielosit
PMY_819459_ccrop.jpg,PMY_819459,PMY,PBC_dataset_normal_DIB\ig\PMY_819459.jpg,1_promielosit
PMY_821428_ccrop.jpg,PMY_821428,PMY,PBC_dataset_normal_DIB\ig\PMY_821428.jpg,1_promielosit
PMY_822968_ccrop.jpg,PMY_822968,PMY,PBC_dataset_normal_DIB\ig\PMY_822968.jpg,1_promielosit
PMY_82751_ccrop.jpg,PMY_82751,PMY,PBC_dataset_normal_DIB\ig\PMY_82751.jpg,1_promielosit
PMY_827546_ccrop.jpg,PMY_827546,PMY,PBC_dataset_normal_DIB\ig\PMY_827546.jpg,1_promielosit
PMY_829200_ccrop.jpg,PMY_829200,PMY,PBC_dataset_normal_DIB\ig\PMY_829200.jpg,1_promielosit
PMY_830582_ccrop.jpg,PMY_830582,PMY,PBC_dataset_normal_DIB\ig\PMY_830582.jpg,1_promielosit
PMY_830790_ccrop.jpg,PMY_830790,PMY,PBC_dataset_normal_DIB\ig\PMY_830790.jpg,1_promielosit
PMY_832361_ccrop.jpg,PMY_832361,PMY,PBC_dataset_normal_DIB\ig\PMY_832361.jpg,1_promielosit
PMY_832492_ccrop.jpg,PMY_832492,PMY,PBC_dataset_normal_DIB\ig\PMY_832492.jpg,1_promielosit
PMY_832615_ccrop.jpg,PMY_832615,PMY,PBC_dataset_normal_DIB\ig\PMY_832615.jpg,1_promielosit
PMY_832916_ccrop.jpg,PMY_832916,PMY,PBC_dataset_normal_DIB\ig\PMY_832916.jpg,1_promielosit
PMY_835553_ccrop.jpg,PMY_835553,PMY,PBC_dataset_normal_DIB\ig\PMY_835553.jpg,1_promielosit
PMY_838423_ccrop.jpg,PMY_838423,PMY,PBC_dataset_normal_DIB\ig\PMY_838423.jpg,1_promielosit
PMY_838508_ccrop.jpg,PMY_838508,PMY,PBC_dataset_normal_DIB\ig\PMY_838508.jpg,1_promielosit
PMY_840428_ccrop.jpg,PMY_840428,PMY,PBC_dataset_normal_DIB\ig\PMY_840428.jpg,1_promielosit
PMY_841428_ccrop.jpg,PMY_841428,PMY,PBC_dataset_normal_DIB\ig\PMY_841428.jpg,1_promielosit
PMY_844933_ccrop.jpg,PMY_844933,PMY,PBC_dataset_normal_DIB\ig\PMY_844933.jpg,1_promielosit
PMY_845030_ccrop.jpg,PMY_845030,PMY,PBC_dataset_normal_DIB\ig\PMY_845030.jpg,1_promielosit
PMY_84560_ccrop.jpg,PMY_84560,PMY,PBC_dataset_normal_DIB\ig\PMY_84560.jpg,1_promielosit
PMY_845780_ccrop.jpg,PMY_845780,PMY,PBC_dataset_normal_DIB\ig\PMY_845780.jpg,1_promielosit
PMY_847546_ccrop.jpg,PMY_847546,PMY,PBC_dataset_normal_DIB\ig\PMY_847546.jpg,1_promielosit
PMY_848534_ccrop.jpg,PMY_848534,PMY,PBC_dataset_normal_DIB\ig\PMY_848534.jpg,1_promielosit
PMY_848990_ccrop.jpg,PMY_848990,PMY,PBC_dataset_normal_DIB\ig\PMY_848990.jpg,1_promielosit
PMY_849659_ccrop.jpg,PMY_849659,PMY,PBC_dataset_normal_DIB\ig\PMY_849659.jpg,1_promielosit
PMY_849731_ccrop.jpg,PMY_849731,PMY,PBC_dataset_normal_DIB\ig\PMY_849731.jpg,1_promielosit
PMY_85239_ccrop.jpg,PMY_85239,PMY,PBC_dataset_normal_DIB\ig\PMY_85239.jpg,1_promielosit
PMY_853430_ccrop.jpg,PMY_853430,PMY,PBC_dataset_normal_DIB\ig\PMY_853430.jpg,1_promielosit
PMY_858272_ccrop.jpg,PMY_858272,PMY,PBC_dataset_normal_DIB\ig\PMY_858272.jpg,1_promielosit
PMY_858724_ccrop.jpg,PMY_858724,PMY,PBC_dataset_normal_DIB\ig\PMY_858724.jpg,1_promielosit
PMY_859059_ccrop.jpg,PMY_859059,PMY,PBC_dataset_normal_DIB\ig\PMY_859059.jpg,1_promielosit
PMY_860847_ccrop.jpg,PMY_860847,PMY,PBC_dataset_normal_DIB\ig\PMY_860847.jpg,1_promielosit
PMY_863133_ccrop.jpg,PMY_863133,PMY,PBC_dataset_normal_DIB\ig\PMY_863133.jpg,1_promielosit
PMY_864766_ccrop.jpg,PMY_864766,PMY,PBC_dataset_normal_DIB\ig\PMY_864766.jpg,1_promielosit
PMY_865468_ccrop.jpg,PMY_865468,PMY,PBC_dataset_normal_DIB\ig\PMY_865468.jpg,1_promielosit
PMY_867890_ccrop.jpg,PMY_867890,PMY,PBC_dataset_normal_DIB\ig\PMY_867890.jpg,1_promielosit
PMY_872050_ccrop.jpg,PMY_872050,PMY,PBC_dataset_normal_DIB\ig\PMY_872050.jpg,1_promielosit
PMY_872284_ccrop.jpg,PMY_872284,PMY,PBC_dataset_normal_DIB\ig\PMY_872284.jpg,1_promielosit
PMY_873325_ccrop.jpg,PMY_873325,PMY,PBC_dataset_normal_DIB\ig\PMY_873325.jpg,1_promielosit
PMY_874762_ccrop.jpg,PMY_874762,PMY,PBC_dataset_normal_DIB\ig\PMY_874762.jpg,1_promielosit
PMY_875045_ccrop.jpg,PMY_875045,PMY,PBC_dataset_normal_DIB\ig\PMY_875045.jpg,1_promielosit
PMY_875636_ccrop.jpg,PMY_875636,PMY,PBC_dataset_normal_DIB\ig\PMY_875636.jpg,1_promielosit
PMY_87606_ccrop.jpg,PMY_87606,PMY,PBC_dataset_normal_DIB\ig\PMY_87606.jpg,1_promielosit
PMY_880322_ccrop.jpg,PMY_880322,PMY,PBC_dataset_normal_DIB\ig\PMY_880322.jpg,1_promielosit
PMY_880603_ccrop.jpg,PMY_880603,PMY,PBC_dataset_normal_DIB\ig\PMY_880603.jpg,1_promielosit
PMY_881874_ccrop.jpg,PMY_881874,PMY,PBC_dataset_normal_DIB\ig\PMY_881874.jpg,1_promielosit
PMY_884950_ccrop.jpg,PMY_884950,PMY,PBC_dataset_normal_DIB\ig\PMY_884950.jpg,1_promielosit
PMY_889992_ccrop.jpg,PMY_889992,PMY,PBC_dataset_normal_DIB\ig\PMY_889992.jpg,1_promielosit
PMY_89006_ccrop.jpg,PMY_89006,PMY,PBC_dataset_normal_DIB\ig\PMY_89006.jpg,1_promielosit
PMY_891982_ccrop.jpg,PMY_891982,PMY,PBC_dataset_normal_DIB\ig\PMY_891982.jpg,1_promielosit
PMY_894120_ccrop.jpg,PMY_894120,PMY,PBC_dataset_normal_DIB\ig\PMY_894120.jpg,1_promielosit
PMY_895103_ccrop.jpg,PMY_895103,PMY,PBC_dataset_normal_DIB\ig\PMY_895103.jpg,1_promielosit
PMY_898032_ccrop.jpg,PMY_898032,PMY,PBC_dataset_normal_DIB\ig\PMY_898032.jpg,1_promielosit
PMY_89826_ccrop.jpg,PMY_89826,PMY,PBC_dataset_normal_DIB\ig\PMY_89826.jpg,1_promielosit
PMY_898409_ccrop.jpg,PMY_898409,PMY,PBC_dataset_normal_DIB\ig\PMY_898409.jpg,1_promielosit
PMY_89876_ccrop.jpg,PMY_89876,PMY,PBC_dataset_normal_DIB\ig\PMY_89876.jpg,1_promielosit
PMY_901117_ccrop.jpg,PMY_901117,PMY,PBC_dataset_normal_DIB\ig\PMY_901117.jpg,1_promielosit
PMY_902606_ccrop.jpg,PMY_902606,PMY,PBC_dataset_normal_DIB\ig\PMY_902606.jpg,1_promielosit
PMY_902909_ccrop.jpg,PMY_902909,PMY,PBC_dataset_normal_DIB\ig\PMY_902909.jpg,1_promielosit
PMY_903305_ccrop.jpg,PMY_903305,PMY,PBC_dataset_normal_DIB\ig\PMY_903305.jpg,1_promielosit
PMY_903744_ccrop.jpg,PMY_903744,PMY,PBC_dataset_normal_DIB\ig\PMY_903744.jpg,1_promielosit
PMY_905517_ccrop.jpg,PMY_905517,PMY,PBC_dataset_normal_DIB\ig\PMY_905517.jpg,1_promielosit
PMY_905518_ccrop.jpg,PMY_905518,PMY,PBC_dataset_normal_DIB\ig\PMY_905518.jpg,1_promielosit
PMY_906830_ccrop.jpg,PMY_906830,PMY,PBC_dataset_normal_DIB\ig\PMY_906830.jpg,1_promielosit
PMY_908570_ccrop.jpg,PMY_908570,PMY,PBC_dataset_normal_DIB\ig\PMY_908570.jpg,1_promielosit
PMY_910742_ccrop.jpg,PMY_910742,PMY,PBC_dataset_normal_DIB\ig\PMY_910742.jpg,1_promielosit
PMY_910991_ccrop.jpg,PMY_910991,PMY,PBC_dataset_normal_DIB\ig\PMY_910991.jpg,1_promielosit
PMY_911205_ccrop.jpg,PMY_911205,PMY,PBC_dataset_normal_DIB\ig\PMY_911205.jpg,1_promielosit
PMY_915242_ccrop.jpg,PMY_915242,PMY,PBC_dataset_normal_DIB\ig\PMY_915242.jpg,1_promielosit
PMY_915348_ccrop.jpg,PMY_915348,PMY,PBC_dataset_normal_DIB\ig\PMY_915348.jpg,1_promielosit
PMY_915805_ccrop.jpg,PMY_915805,PMY,PBC_dataset_normal_DIB\ig\PMY_915805.jpg,1_promielosit
PMY_916015_ccrop.jpg,PMY_916015,PMY,PBC_dataset_normal_DIB\ig\PMY_916015.jpg,1_promielosit
PMY_918049_ccrop.jpg,PMY_918049,PMY,PBC_dataset_normal_DIB\ig\PMY_918049.jpg,1_promielosit
PMY_918745_ccrop.jpg,PMY_918745,PMY,PBC_dataset_normal_DIB\ig\PMY_918745.jpg,1_promielosit
PMY_921052_ccrop.jpg,PMY_921052,PMY,PBC_dataset_normal_DIB\ig\PMY_921052.jpg,1_promielosit
PMY_923824_ccrop.jpg,PMY_923824,PMY,PBC_dataset_normal_DIB\ig\PMY_923824.jpg,1_promielosit
PMY_924153_ccrop.jpg,PMY_924153,PMY,PBC_dataset_normal_DIB\ig\PMY_924153.jpg,1_promielosit
PMY_924535_ccrop.jpg,PMY_924535,PMY,PBC_dataset_normal_DIB\ig\PMY_924535.jpg,1_promielosit
PMY_927334_ccrop.jpg,PMY_927334,PMY,PBC_dataset_normal_DIB\ig\PMY_927334.jpg,1_promielosit
PMY_930801_ccrop.jpg,PMY_930801,PMY,PBC_dataset_normal_DIB\ig\PMY_930801.jpg,1_promielosit
PMY_934885_ccrop.jpg,PMY_934885,PMY,PBC_dataset_normal_DIB\ig\PMY_934885.jpg,1_promielosit
PMY_936480_ccrop.jpg,PMY_936480,PMY,PBC_dataset_normal_DIB\ig\PMY_936480.jpg,1_promielosit
PMY_937409_ccrop.jpg,PMY_937409,PMY,PBC_dataset_normal_DIB\ig\PMY_937409.jpg,1_promielosit
PMY_938143_ccrop.jpg,PMY_938143,PMY,PBC_dataset_normal_DIB\ig\PMY_938143.jpg,1_promielosit
PMY_938170_ccrop.jpg,PMY_938170,PMY,PBC_dataset_normal_DIB\ig\PMY_938170.jpg,1_promielosit
PMY_938401_ccrop.jpg,PMY_938401,PMY,PBC_dataset_normal_DIB\ig\PMY_938401.jpg,1_promielosit
PMY_940775_ccrop.jpg,PMY_940775,PMY,PBC_dataset_normal_DIB\ig\PMY_940775.jpg,1_promielosit
PMY_941302_ccrop.jpg,PMY_941302,PMY,PBC_dataset_normal_DIB\ig\PMY_941302.jpg,1_promielosit
PMY_946660_ccrop.jpg,PMY_946660,PMY,PBC_dataset_normal_DIB\ig\PMY_946660.jpg,1_promielosit
PMY_949834_ccrop.jpg,PMY_949834,PMY,PBC_dataset_normal_DIB\ig\PMY_949834.jpg,1_promielosit
PMY_951142_ccrop.jpg,PMY_951142,PMY,PBC_dataset_normal_DIB\ig\PMY_951142.jpg,1_promielosit
PMY_951217_ccrop.jpg,PMY_951217,PMY,PBC_dataset_normal_DIB\ig\PMY_951217.jpg,1_promielosit
PMY_95146_ccrop.jpg,PMY_95146,PMY,PBC_dataset_normal_DIB\ig\PMY_95146.jpg,1_promielosit
PMY_955025_ccrop.jpg,PMY_955025,PMY,PBC_dataset_normal_DIB\ig\PMY_955025.jpg,1_promielosit
PMY_956283_ccrop.jpg,PMY_956283,PMY,PBC_dataset_normal_DIB\ig\PMY_956283.jpg,1_promielosit
PMY_956519_ccrop.jpg,PMY_956519,PMY,PBC_dataset_normal_DIB\ig\PMY_956519.jpg,1_promielosit
PMY_958409_ccrop.jpg,PMY_958409,PMY,PBC_dataset_normal_DIB\ig\PMY_958409.jpg,1_promielosit
PMY_958798_ccrop.jpg,PMY_958798,PMY,PBC_dataset_normal_DIB\ig\PMY_958798.jpg,1_promielosit
PMY_962457_ccrop.jpg,PMY_962457,PMY,PBC_dataset_normal_DIB\ig\PMY_962457.jpg,1_promielosit
PMY_965606_ccrop.jpg,PMY_965606,PMY,PBC_dataset_normal_DIB\ig\PMY_965606.jpg,1_promielosit
PMY_972342_ccrop.jpg,PMY_972342,PMY,PBC_dataset_normal_DIB\ig\PMY_972342.jpg,1_promielosit
PMY_973521_ccrop.jpg,PMY_973521,PMY,PBC_dataset_normal_DIB\ig\PMY_973521.jpg,1_promielosit
PMY_974960_ccrop.jpg,PMY_974960,PMY,PBC_dataset_normal_DIB\ig\PMY_974960.jpg,1_promielosit
PMY_976891_ccrop.jpg,PMY_976891,PMY,PBC_dataset_normal_DIB\ig\PMY_976891.jpg,1_promielosit
PMY_977800_ccrop.jpg,PMY_977800,PMY,PBC_dataset_normal_DIB\ig\PMY_977800.jpg,1_promielosit
PMY_980502_ccrop.jpg,PMY_980502,PMY,PBC_dataset_normal_DIB\ig\PMY_980502.jpg,1_promielosit
PMY_982613_ccrop.jpg,PMY_982613,PMY,PBC_dataset_normal_DIB\ig\PMY_982613.jpg,1_promielosit
PMY_984217_ccrop.jpg,PMY_984217,PMY,PBC_dataset_normal_DIB\ig\PMY_984217.jpg,1_promielosit
PMY_985577_ccrop.jpg,PMY_985577,PMY,PBC_dataset_normal_DIB\ig\PMY_985577.jpg,1_promielosit
PMY_985586_ccrop.jpg,PMY_985586,PMY,PBC_dataset_normal_DIB\ig\PMY_985586.jpg,1_promielosit
PMY_986111_ccrop.jpg,PMY_986111,PMY,PBC_dataset_normal_DIB\ig\PMY_986111.jpg,1_promielosit
PMY_988901_ccrop.jpg,PMY_988901,PMY,PBC_dataset_normal_DIB\ig\PMY_988901.jpg,1_promielosit
PMY_989352_ccrop.jpg,PMY_989352,PMY,PBC_dataset_normal_DIB\ig\PMY_989352.jpg,1_promielosit
PMY_991745_ccrop.jpg,PMY_991745,PMY,PBC_dataset_normal_DIB\ig\PMY_991745.jpg,1_promielosit
PMY_993959_ccrop.jpg,PMY_993959,PMY,PBC_dataset_normal_DIB\ig\PMY_993959.jpg,1_promielosit
PMY_996725_ccrop.jpg,PMY_996725,PMY,PBC_dataset_normal_DIB\ig\PMY_996725.jpg,1_promielosit
