img_name,label,nucleus_shape,kelompok,lub_n,lub_piks,lub_luas_maks,lub_diisi_n,lub_dibiarkan_n,luas_nukleus
BNE_7323_ccrop.jpg,Neutrophil,unsegmented-band,A_sepakat_band,0,0,0,0,0,5267
BNE_7938_ccrop.jpg,Neutrophil,unsegmented-band,A_sepakat_band,3,476,465,0,3,8049
BNE_8741_ccrop.jpg,Neutrophil,unsegmented-band,A_sepakat_band,0,0,0,0,0,7352
BNE_9071_ccrop.jpg,Neutrophil,unsegmented-band,A_sepakat_band,1,273,273,0,1,6710
BNE_9373_ccrop.jpg,Neutrophil,unsegmented-round,E_lainnya,0,0,0,0,0,5250
BNE_9763_ccrop.jpg,Neutrophil,unsegmented-band,A_sepakat_band,0,0,0,0,0,6009
BNE_12387_ccrop.jpg,Neutrophil,unsegmented-band,A_sepakat_band,0,0,0,0,0,5274
BNE_12405_ccrop.jpg,Neutrophil,unsegmented-band,A_sepakat_band,0,0,0,0,0,6077
BNE_14932_ccrop.jpg,Neutrophil,unsegmented-band,A_sepakat_band,0,0,0,0,0,5139
BNE_16131_ccrop.jpg,Neutrophil,unsegmented-band,A_sepakat_band,0,0,0,0,0,5365
BNE_17008_ccrop.jpg,Neutrophil,unsegmented-band,A_sepakat_band,5,190,155,0,5,6206
BNE_21130_ccrop.jpg,Neutrophil,unsegmented-band,A_sepakat_band,0,0,0,0,0,6375
BNE_24354_ccrop.jpg,Neutrophil,unsegmented-band,A_sepakat_band,0,0,0,0,0,6750
BNE_25765_ccrop.jpg,Neutrophil,unsegmented-band,A_sepakat_band,0,0,0,0,0,5298
BNE_27915_ccrop.jpg,Neutrophil,unsegmented-band,A_sepakat_band,0,0,0,0,0,5050
EO_7922_ccrop.jpg,Eosinophil,unsegmented-band,bukan_neutrofil,0,0,0,0,0,6526
EO_8539_ccrop.jpg,Eosinophil,unsegmented-band,bukan_neutrofil,0,0,0,0,0,4475
EO_8635_ccrop.jpg,Eosinophil,segmented-multilobed,bukan_neutrofil,0,0,0,0,0,5233
EO_8741_ccrop.jpg,Eosinophil,segmented-bilobed,bukan_neutrofil,0,0,0,0,0,8000
EO_9228_ccrop.jpg,Eosinophil,segmented-bilobed,bukan_neutrofil,1,229,229,0,1,7046
EO_9265_ccrop.jpg,Eosinophil,segmented-bilobed,bukan_neutrofil,0,0,0,0,0,6788
EO_10150_ccrop.jpg,Eosinophil,segmented-bilobed,bukan_neutrofil,0,0,0,0,0,6598
EO_12586_ccrop.jpg,Eosinophil,segmented-bilobed,bukan_neutrofil,0,0,0,0,0,6647
EO_14468_ccrop.jpg,Eosinophil,segmented-bilobed,bukan_neutrofil,0,0,0,0,0,4744
BA_21413_ccrop.jpg,Basophil,irregular,bukan_neutrofil,0,0,0,0,0,6725
BA_22197_ccrop.jpg,Basophil,segmented-bilobed,bukan_neutrofil,1,91,91,0,1,6939
BA_24720_ccrop.jpg,Basophil,segmented-multilobed,bukan_neutrofil,0,0,0,0,0,6232
BA_25245_ccrop.jpg,Basophil,segmented-bilobed,bukan_neutrofil,0,0,0,0,0,6258
BA_25610_ccrop.jpg,Basophil,unsegmented-indented,bukan_neutrofil,0,0,0,0,0,6086
BA_26315_ccrop.jpg,Basophil,irregular,bukan_neutrofil,0,0,0,0,0,6431
BA_30267_ccrop.jpg,Basophil,irregular,bukan_neutrofil,1,85,85,0,1,6165
BA_31317_ccrop.jpg,Basophil,irregular,bukan_neutrofil,0,0,0,0,0,6505
BA_32490_ccrop.jpg,Basophil,irregular,bukan_neutrofil,1,251,251,0,1,6872
BA_32675_ccrop.jpg,Basophil,unsegmented-band,bukan_neutrofil,0,0,0,0,0,7319
BA_32996_ccrop.jpg,Basophil,irregular,bukan_neutrofil,0,0,0,0,0,7227
BA_34424_ccrop.jpg,Basophil,irregular,bukan_neutrofil,0,0,0,0,0,5279
BA_35708_ccrop.jpg,Basophil,irregular,bukan_neutrofil,0,0,0,0,0,8339
LY_47940_ccrop.jpg,Lymphocyte,unsegmented-indented,bukan_neutrofil,0,0,0,0,0,5726
LY_48852_ccrop.jpg,Lymphocyte,unsegmented-indented,bukan_neutrofil,0,0,0,0,0,6977
LY_51513_ccrop.jpg,Lymphocyte,unsegmented-round,bukan_neutrofil,0,0,0,0,0,5970
LY_51625_ccrop.jpg,Lymphocyte,unsegmented-round,bukan_neutrofil,0,0,0,0,0,5442
LY_51843_ccrop.jpg,Lymphocyte,unsegmented-round,bukan_neutrofil,0,0,0,0,0,5320
LY_56612_ccrop.jpg,Lymphocyte,unsegmented-round,bukan_neutrofil,0,0,0,0,0,6517
LY_57780_ccrop.jpg,Lymphocyte,unsegmented-round,bukan_neutrofil,0,0,0,0,0,4647
LY_59662_ccrop.jpg,Lymphocyte,unsegmented-round,bukan_neutrofil,0,0,0,0,0,5933
LY_60053_ccrop.jpg,Lymphocyte,unsegmented-indented,bukan_neutrofil,0,0,0,0,0,7312
LY_63391_ccrop.jpg,Lymphocyte,unsegmented-round,bukan_neutrofil,0,0,0,0,0,5562
LY_64218_ccrop.jpg,Lymphocyte,unsegmented-round,bukan_neutrofil,0,0,0,0,0,6559
LY_64434_ccrop.jpg,Lymphocyte,unsegmented-round,bukan_neutrofil,0,0,0,0,0,6342
LY_64544_ccrop.jpg,Lymphocyte,unsegmented-round,bukan_neutrofil,0,0,0,0,0,5442
LY_65073_ccrop.jpg,Lymphocyte,unsegmented-round,bukan_neutrofil,0,0,0,0,0,6567
LY_65844_ccrop.jpg,Lymphocyte,unsegmented-round,bukan_neutrofil,0,0,0,0,0,7496
LY_68814_ccrop.jpg,Lymphocyte,unsegmented-round,bukan_neutrofil,0,0,0,0,0,5186
MO_26771_ccrop.jpg,Monocyte,unsegmented-indented,bukan_neutrofil,1,76,76,0,1,8437
MO_27445_ccrop.jpg,Monocyte,unsegmented-indented,bukan_neutrofil,0,0,0,0,0,8004
MO_28078_ccrop.jpg,Monocyte,unsegmented-indented,bukan_neutrofil,0,0,0,0,0,9529
MO_29936_ccrop.jpg,Monocyte,unsegmented-indented,bukan_neutrofil,0,0,0,0,0,11983
MO_30883_ccrop.jpg,Monocyte,unsegmented-indented,bukan_neutrofil,0,0,0,0,0,9637
MO_33803_ccrop.jpg,Monocyte,unsegmented-indented,bukan_neutrofil,0,0,0,0,0,10699
MO_35781_ccrop.jpg,Monocyte,unsegmented-indented,bukan_neutrofil,0,0,0,0,0,8949
MO_36319_ccrop.jpg,Monocyte,unsegmented-indented,bukan_neutrofil,0,0,0,0,0,9331
MO_36866_ccrop.jpg,Monocyte,unsegmented-indented,bukan_neutrofil,0,0,0,0,0,8809
MO_37056_ccrop.jpg,Monocyte,irregular,bukan_neutrofil,0,0,0,0,0,9563
MO_37313_ccrop.jpg,Monocyte,unsegmented-indented,bukan_neutrofil,0,0,0,0,0,12941
MO_37507_ccrop.jpg,Monocyte,unsegmented-round,bukan_neutrofil,0,0,0,0,0,9983
MO_37784_ccrop.jpg,Monocyte,unsegmented-indented,bukan_neutrofil,0,0,0,0,0,8403
MO_38254_ccrop.jpg,Monocyte,unsegmented-indented,bukan_neutrofil,0,0,0,0,0,9298
MO_38756_ccrop.jpg,Monocyte,unsegmented-indented,bukan_neutrofil,0,0,0,0,0,11080
MO_41924_ccrop.jpg,Monocyte,unsegmented-indented,bukan_neutrofil,0,0,0,0,0,7633
BA_100102_ccrop.jpg,Basophil,irregular,bukan_neutrofil,0,0,0,0,0,6008
BA_101381_ccrop.jpg,Basophil,segmented-multilobed,bukan_neutrofil,0,0,0,0,0,5465
BA_101611_ccrop.jpg,Basophil,segmented-bilobed,bukan_neutrofil,0,0,0,0,0,7437
BA_102750_ccrop.jpg,Basophil,segmented-multilobed,bukan_neutrofil,1,172,172,0,1,6843
BA_10387_ccrop.jpg,Basophil,segmented-bilobed,bukan_neutrofil,0,0,0,0,0,5737
BA_10622_ccrop.jpg,Basophil,segmented-multilobed,bukan_neutrofil,0,0,0,0,0,6568
BA_107595_ccrop.jpg,Basophil,unsegmented-band,bukan_neutrofil,0,0,0,0,0,5918
BA_107876_ccrop.jpg,Basophil,segmented-multilobed,bukan_neutrofil,0,0,0,0,0,8737
BA_111710_ccrop.jpg,Basophil,irregular,bukan_neutrofil,0,0,0,0,0,7629
BA_112418_ccrop.jpg,Basophil,segmented-bilobed,bukan_neutrofil,0,0,0,0,0,4761
BA_114542_ccrop.jpg,Basophil,segmented-bilobed,bukan_neutrofil,1,163,163,0,1,5892
BA_114899_ccrop.jpg,Basophil,segmented-bilobed,bukan_neutrofil,0,0,0,0,0,5407
BA_115323_ccrop.jpg,Basophil,segmented-bilobed,bukan_neutrofil,0,0,0,0,0,4733
BA_115777_ccrop.jpg,Basophil,irregular,bukan_neutrofil,0,0,0,0,0,5828
BA_116477_ccrop.jpg,Basophil,irregular,bukan_neutrofil,0,0,0,0,0,5395
BA_119131_ccrop.jpg,Basophil,irregular,bukan_neutrofil,1,280,280,0,1,6883
BA_119883_ccrop.jpg,Basophil,segmented-multilobed,bukan_neutrofil,0,0,0,0,0,4999
BA_120278_ccrop.jpg,Basophil,irregular,bukan_neutrofil,10,24,14,0,10,5859
BA_121453_ccrop.jpg,Basophil,segmented-multilobed,bukan_neutrofil,0,0,0,0,0,5392
BA_124389_ccrop.jpg,Basophil,segmented-bilobed,bukan_neutrofil,0,0,0,0,0,5478
BA_126424_ccrop.jpg,Basophil,irregular,bukan_neutrofil,0,0,0,0,0,6143
BA_126839_ccrop.jpg,Basophil,irregular,bukan_neutrofil,0,0,0,0,0,7322
BA_127306_ccrop.jpg,Basophil,segmented-bilobed,bukan_neutrofil,0,0,0,0,0,6372
BA_127671_ccrop.jpg,Basophil,irregular,bukan_neutrofil,0,0,0,0,0,8323
BA_127868_ccrop.jpg,Basophil,irregular,bukan_neutrofil,0,0,0,0,0,6829
BA_128084_ccrop.jpg,Basophil,segmented-bilobed,bukan_neutrofil,0,0,0,0,0,5944
BA_129641_ccrop.jpg,Basophil,irregular,bukan_neutrofil,0,0,0,0,0,5969
BA_129960_ccrop.jpg,Basophil,irregular,bukan_neutrofil,0,0,0,0,0,6508
BA_131174_ccrop.jpg,Basophil,segmented-bilobed,bukan_neutrofil,0,0,0,0,0,5452
BA_136209_ccrop.jpg,Basophil,unsegmented-round,bukan_neutrofil,0,0,0,0,0,5375
BA_139275_ccrop.jpg,Basophil,segmented-bilobed,bukan_neutrofil,0,0,0,0,0,7292
BA_141630_ccrop.jpg,Basophil,irregular,bukan_neutrofil,0,0,0,0,0,6698
BA_14309_ccrop.jpg,Basophil,irregular,bukan_neutrofil,0,0,0,0,0,8761
BA_152708_ccrop.jpg,Basophil,irregular,bukan_neutrofil,0,0,0,0,0,7801
BA_154572_ccrop.jpg,Basophil,irregular,bukan_neutrofil,0,0,0,0,0,6048
BA_155216_ccrop.jpg,Basophil,irregular,bukan_neutrofil,0,0,0,0,0,3903
BA_15551_ccrop.jpg,Basophil,irregular,bukan_neutrofil,0,0,0,0,0,5747
BA_157951_ccrop.jpg,Basophil,irregular,bukan_neutrofil,0,0,0,0,0,6727
BA_1581_ccrop.jpg,Basophil,unsegmented-indented,bukan_neutrofil,0,0,0,0,0,6745
BA_158249_ccrop.jpg,Basophil,irregular,bukan_neutrofil,2,30,28,0,2,7350
BA_161101_ccrop.jpg,Basophil,irregular,bukan_neutrofil,1,1,1,0,1,5551
BA_161905_ccrop.jpg,Basophil,irregular,bukan_neutrofil,0,0,0,0,0,4613
BA_162861_ccrop.jpg,Basophil,irregular,bukan_neutrofil,0,0,0,0,0,5192
BA_164170_ccrop.jpg,Basophil,irregular,bukan_neutrofil,1,17,17,0,1,6483
BA_166254_ccrop.jpg,Basophil,irregular,bukan_neutrofil,0,0,0,0,0,8251
BA_166905_ccrop.jpg,Basophil,unsegmented-round,bukan_neutrofil,0,0,0,0,0,7215
BA_168028_ccrop.jpg,Basophil,segmented-bilobed,bukan_neutrofil,14,73,41,0,14,6629
BA_168566_ccrop.jpg,Basophil,irregular,bukan_neutrofil,0,0,0,0,0,7223
BA_172469_ccrop.jpg,Basophil,irregular,bukan_neutrofil,0,0,0,0,0,5831
BA_173620_ccrop.jpg,Basophil,unsegmented-band,bukan_neutrofil,0,0,0,0,0,5831
BA_174705_ccrop.jpg,Basophil,irregular,bukan_neutrofil,0,0,0,0,0,5957
BA_174731_ccrop.jpg,Basophil,irregular,bukan_neutrofil,0,0,0,0,0,6066
BA_178358_ccrop.jpg,Basophil,irregular,bukan_neutrofil,0,0,0,0,0,6666
BA_178853_ccrop.jpg,Basophil,segmented-multilobed,bukan_neutrofil,1,2,2,0,1,11867
BA_180745_ccrop.jpg,Basophil,irregular,bukan_neutrofil,0,0,0,0,0,7939
BA_183362_ccrop.jpg,Basophil,segmented-bilobed,bukan_neutrofil,0,0,0,0,0,6008
BA_184105_ccrop.jpg,Basophil,unsegmented-indented,bukan_neutrofil,0,0,0,0,0,7004
BA_184682_ccrop.jpg,Basophil,segmented-multilobed,bukan_neutrofil,0,0,0,0,0,4027
BA_189696_ccrop.jpg,Basophil,irregular,bukan_neutrofil,0,0,0,0,0,6941
BA_190505_ccrop.jpg,Basophil,irregular,bukan_neutrofil,0,0,0,0,0,7528
BA_191120_ccrop.jpg,Basophil,segmented-multilobed,bukan_neutrofil,0,0,0,0,0,5788
BA_193488_ccrop.jpg,Basophil,unsegmented-round,bukan_neutrofil,0,0,0,0,0,4986
BA_193863_ccrop.jpg,Basophil,irregular,bukan_neutrofil,1,4,4,0,1,7940
BA_196745_ccrop.jpg,Basophil,irregular,bukan_neutrofil,0,0,0,0,0,7008
BA_197357_ccrop.jpg,Basophil,segmented-multilobed,bukan_neutrofil,0,0,0,0,0,6327
BA_198105_ccrop.jpg,Basophil,segmented-multilobed,bukan_neutrofil,0,0,0,0,0,6278
BA_198565_ccrop.jpg,Basophil,irregular,bukan_neutrofil,0,0,0,0,0,4754
BA_200989_ccrop.jpg,Basophil,irregular,bukan_neutrofil,0,0,0,0,0,8477
BA_201200_ccrop.jpg,Basophil,irregular,bukan_neutrofil,0,0,0,0,0,6964
BA_20201_ccrop.jpg,Basophil,segmented-bilobed,bukan_neutrofil,0,0,0,0,0,8067
BA_202924_ccrop.jpg,Basophil,segmented-bilobed,bukan_neutrofil,0,0,0,0,0,6383
BA_204774_ccrop.jpg,Basophil,irregular,bukan_neutrofil,0,0,0,0,0,7407
BA_206130_ccrop.jpg,Basophil,segmented-bilobed,bukan_neutrofil,2,2,1,0,2,6731
BA_209608_ccrop.jpg,Basophil,unsegmented-band,bukan_neutrofil,0,0,0,0,0,7839
BA_210917_ccrop.jpg,Basophil,irregular,bukan_neutrofil,0,0,0,0,0,7643
BA_212748_ccrop.jpg,Basophil,irregular,bukan_neutrofil,0,0,0,0,0,6023
BA_214521_ccrop.jpg,Basophil,irregular,bukan_neutrofil,0,0,0,0,0,5192
BA_214889_ccrop.jpg,Basophil,segmented-bilobed,bukan_neutrofil,0,0,0,0,0,6131
BA_215988_ccrop.jpg,Basophil,segmented-bilobed,bukan_neutrofil,3,376,372,0,3,7262
BA_218293_ccrop.jpg,Basophil,segmented-bilobed,bukan_neutrofil,0,0,0,0,0,7054
BA_219183_ccrop.jpg,Basophil,segmented-multilobed,bukan_neutrofil,0,0,0,0,0,5374
BA_221009_ccrop.jpg,Basophil,segmented-bilobed,bukan_neutrofil,0,0,0,0,0,6643
BA_221057_ccrop.jpg,Basophil,irregular,bukan_neutrofil,0,0,0,0,0,7307
BA_223010_ccrop.jpg,Basophil,irregular,bukan_neutrofil,1,473,473,0,1,7978
BA_223705_ccrop.jpg,Basophil,irregular,bukan_neutrofil,0,0,0,0,0,6692
BA_223799_ccrop.jpg,Basophil,irregular,bukan_neutrofil,0,0,0,0,0,6105
BA_225229_ccrop.jpg,Basophil,irregular,bukan_neutrofil,1,13,13,0,1,8414
BA_225540_ccrop.jpg,Basophil,irregular,bukan_neutrofil,1,50,50,0,1,7850
BA_229550_ccrop.jpg,Basophil,irregular,bukan_neutrofil,1,56,56,0,1,7218
BA_232284_ccrop.jpg,Basophil,irregular,bukan_neutrofil,0,0,0,0,0,7953
BA_236096_ccrop.jpg,Basophil,segmented-bilobed,bukan_neutrofil,0,0,0,0,0,6913
BA_236251_ccrop.jpg,Basophil,segmented-multilobed,bukan_neutrofil,0,0,0,0,0,6350
BA_237069_ccrop.jpg,Basophil,segmented-multilobed,bukan_neutrofil,1,2,2,0,1,5010
BA_238012_ccrop.jpg,Basophil,irregular,bukan_neutrofil,0,0,0,0,0,7296
BA_240301_ccrop.jpg,Basophil,segmented-multilobed,bukan_neutrofil,0,0,0,0,0,9313
BA_240977_ccrop.jpg,Basophil,unsegmented-band,bukan_neutrofil,0,0,0,0,0,7644
BA_241069_ccrop.jpg,Basophil,irregular,bukan_neutrofil,0,0,0,0,0,5543
BA_241108_ccrop.jpg,Basophil,irregular,bukan_neutrofil,0,0,0,0,0,6776
BA_241392_ccrop.jpg,Basophil,segmented-bilobed,bukan_neutrofil,2,16,15,0,2,10257
BA_24200302_ccrop.jpg,Basophil,segmented-bilobed,bukan_neutrofil,0,0,0,0,0,6606
BA_250000_ccrop.jpg,Basophil,segmented-bilobed,bukan_neutrofil,1,655,655,0,1,8057
BA_250396_ccrop.jpg,Basophil,irregular,bukan_neutrofil,0,0,0,0,0,5890
BA_251042_ccrop.jpg,Basophil,unsegmented-indented,bukan_neutrofil,0,0,0,0,0,7607
BA_254820_ccrop.jpg,Basophil,segmented-multilobed,bukan_neutrofil,2,19,14,0,2,7015
BA_255467_ccrop.jpg,Basophil,segmented-bilobed,bukan_neutrofil,0,0,0,0,0,6026
BA_258997_ccrop.jpg,Basophil,segmented-multilobed,bukan_neutrofil,0,0,0,0,0,7100
BA_263028_ccrop.jpg,Basophil,segmented-bilobed,bukan_neutrofil,0,0,0,0,0,4967
BA_264833_ccrop.jpg,Basophil,segmented-bilobed,bukan_neutrofil,1,32,32,0,1,6113
BA_266945_ccrop.jpg,Basophil,unsegmented-indented,bukan_neutrofil,0,0,0,0,0,6915
BA_268064_ccrop.jpg,Basophil,irregular,bukan_neutrofil,1,149,149,0,1,7695
BA_270382_ccrop.jpg,Basophil,unsegmented-indented,bukan_neutrofil,0,0,0,0,0,7001
BA_270647_ccrop.jpg,Basophil,segmented-bilobed,bukan_neutrofil,0,0,0,0,0,6567
BA_271501_ccrop.jpg,Basophil,segmented-multilobed,bukan_neutrofil,1,224,224,0,1,7140
BA_271614_ccrop.jpg,Basophil,segmented-bilobed,bukan_neutrofil,0,0,0,0,0,7042
BA_273793_ccrop.jpg,Basophil,irregular,bukan_neutrofil,0,0,0,0,0,5037
BA_274684_ccrop.jpg,Basophil,segmented-multilobed,bukan_neutrofil,0,0,0,0,0,5607
BA_274864_ccrop.jpg,Basophil,segmented-bilobed,bukan_neutrofil,0,0,0,0,0,6498
BA_276179_ccrop.jpg,Basophil,segmented-bilobed,bukan_neutrofil,0,0,0,0,0,5440
BA_277242_ccrop.jpg,Basophil,unsegmented-round,bukan_neutrofil,0,0,0,0,0,8204
BA_278185_ccrop.jpg,Basophil,unsegmented-indented,bukan_neutrofil,6,60,22,0,6,7521
BA_278732_ccrop.jpg,Basophil,segmented-multilobed,bukan_neutrofil,0,0,0,0,0,7379
BA_279326_ccrop.jpg,Basophil,segmented-multilobed,bukan_neutrofil,0,0,0,0,0,6569
BA_279986_ccrop.jpg,Basophil,irregular,bukan_neutrofil,0,0,0,0,0,5012
BA_281849_ccrop.jpg,Basophil,segmented-bilobed,bukan_neutrofil,0,0,0,0,0,5304
BA_283950_ccrop.jpg,Basophil,irregular,bukan_neutrofil,0,0,0,0,0,5272
BA_284260_ccrop.jpg,Basophil,segmented-bilobed,bukan_neutrofil,0,0,0,0,0,6891
BA_287643_ccrop.jpg,Basophil,segmented-multilobed,bukan_neutrofil,1,32,32,0,1,5992
BA_288192_ccrop.jpg,Basophil,segmented-multilobed,bukan_neutrofil,0,0,0,0,0,8701
BA_289279_ccrop.jpg,Basophil,irregular,bukan_neutrofil,0,0,0,0,0,7120
BA_290341_ccrop.jpg,Basophil,irregular,bukan_neutrofil,0,0,0,0,0,5976
BA_294650_ccrop.jpg,Basophil,segmented-multilobed,bukan_neutrofil,0,0,0,0,0,6418
BA_296272_ccrop.jpg,Basophil,segmented-multilobed,bukan_neutrofil,0,0,0,0,0,7133
BA_297732_ccrop.jpg,Basophil,segmented-multilobed,bukan_neutrofil,1,18,18,0,1,6513
BA_298210_ccrop.jpg,Basophil,segmented-bilobed,bukan_neutrofil,0,0,0,0,0,6422
BA_298364_ccrop.jpg,Basophil,unsegmented-indented,bukan_neutrofil,1,19,19,0,1,7391
BA_298505_ccrop.jpg,Basophil,irregular,bukan_neutrofil,0,0,0,0,0,7697
BA_301562_ccrop.jpg,Basophil,segmented-multilobed,bukan_neutrofil,0,0,0,0,0,7316
BA_303637_ccrop.jpg,Basophil,segmented-multilobed,bukan_neutrofil,1,83,83,0,1,7972
BA_305180_ccrop.jpg,Basophil,irregular,bukan_neutrofil,0,0,0,0,0,5067
BA_305735_ccrop.jpg,Basophil,segmented-multilobed,bukan_neutrofil,1,64,64,0,1,6477
BA_305849_ccrop.jpg,Basophil,irregular,bukan_neutrofil,0,0,0,0,0,8178
BA_307542_ccrop.jpg,Basophil,segmented-multilobed,bukan_neutrofil,0,0,0,0,0,7973
BA_307737_ccrop.jpg,Basophil,irregular,bukan_neutrofil,0,0,0,0,0,5510
BA_307830_ccrop.jpg,Basophil,irregular,bukan_neutrofil,0,0,0,0,0,7979
BA_308527_ccrop.jpg,Basophil,unsegmented-band,bukan_neutrofil,0,0,0,0,0,7594
BA_309434_ccrop.jpg,Basophil,segmented-multilobed,bukan_neutrofil,0,0,0,0,0,6145
BA_309583_ccrop.jpg,Basophil,segmented-bilobed,bukan_neutrofil,0,0,0,0,0,6999
BA_310106_ccrop.jpg,Basophil,segmented-multilobed,bukan_neutrofil,2,248,247,0,2,6537
BA_313484_ccrop.jpg,Basophil,irregular,bukan_neutrofil,0,0,0,0,0,4719
BA_314118_ccrop.jpg,Basophil,irregular,bukan_neutrofil,0,0,0,0,0,8345
BA_314590_ccrop.jpg,Basophil,segmented-bilobed,bukan_neutrofil,0,0,0,0,0,6831
BA_316789_ccrop.jpg,Basophil,unsegmented-band,bukan_neutrofil,0,0,0,0,0,5985
BA_317130_ccrop.jpg,Basophil,segmented-bilobed,bukan_neutrofil,0,0,0,0,0,4976
BA_317405_ccrop.jpg,Basophil,segmented-multilobed,bukan_neutrofil,0,0,0,0,0,5578
BA_318538_ccrop.jpg,Basophil,segmented-bilobed,bukan_neutrofil,0,0,0,0,0,6248
BA_319331_ccrop.jpg,Basophil,segmented-bilobed,bukan_neutrofil,1,77,77,0,1,8911
BA_320878_ccrop.jpg,Basophil,irregular,bukan_neutrofil,0,0,0,0,0,8135
BA_322445_ccrop.jpg,Basophil,unsegmented-round,bukan_neutrofil,0,0,0,0,0,5564
BA_324268_ccrop.jpg,Basophil,irregular,bukan_neutrofil,2,138,123,0,2,5340
BA_324965_ccrop.jpg,Basophil,unsegmented-indented,bukan_neutrofil,0,0,0,0,0,5267
BA_326538_ccrop.jpg,Basophil,unsegmented-band,bukan_neutrofil,0,0,0,0,0,7143
BA_326722_ccrop.jpg,Basophil,segmented-bilobed,bukan_neutrofil,1,378,378,0,1,6835
BA_327727_ccrop.jpg,Basophil,irregular,bukan_neutrofil,0,0,0,0,0,9227
BA_327890_ccrop.jpg,Basophil,irregular,bukan_neutrofil,0,0,0,0,0,4618
BA_328970_ccrop.jpg,Basophil,segmented-bilobed,bukan_neutrofil,0,0,0,0,0,6290
BA_332496_ccrop.jpg,Basophil,irregular,bukan_neutrofil,0,0,0,0,0,5328
BA_333456_ccrop.jpg,Basophil,segmented-bilobed,bukan_neutrofil,0,0,0,0,0,6418
BA_335261_ccrop.jpg,Basophil,irregular,bukan_neutrofil,1,97,97,0,1,6708
BA_335749_ccrop.jpg,Basophil,irregular,bukan_neutrofil,0,0,0,0,0,7284
BA_337027_ccrop.jpg,Basophil,segmented-multilobed,bukan_neutrofil,0,0,0,0,0,6655
BA_338546_ccrop.jpg,Basophil,irregular,bukan_neutrofil,0,0,0,0,0,5920
BA_338836_ccrop.jpg,Basophil,unsegmented-indented,bukan_neutrofil,0,0,0,0,0,6398
BA_339232_ccrop.jpg,Basophil,segmented-multilobed,bukan_neutrofil,0,0,0,0,0,7751
BA_344479_ccrop.jpg,Basophil,segmented-multilobed,bukan_neutrofil,0,0,0,0,0,6838
BA_347386_ccrop.jpg,Basophil,segmented-bilobed,bukan_neutrofil,0,0,0,0,0,6416
BA_347981_ccrop.jpg,Basophil,segmented-bilobed,bukan_neutrofil,0,0,0,0,0,6676
BA_348602_ccrop.jpg,Basophil,segmented-multilobed,bukan_neutrofil,2,84,54,0,2,8171
BA_351114_ccrop.jpg,Basophil,segmented-multilobed,bukan_neutrofil,0,0,0,0,0,7307
BA_353263_ccrop.jpg,Basophil,segmented-multilobed,bukan_neutrofil,0,0,0,0,0,5939
BA_353283_ccrop.jpg,Basophil,irregular,bukan_neutrofil,0,0,0,0,0,5529
BA_356694_ccrop.jpg,Basophil,segmented-multilobed,bukan_neutrofil,0,0,0,0,0,6687
BA_35932_ccrop.jpg,Basophil,segmented-multilobed,bukan_neutrofil,0,0,0,0,0,6905
BA_360043_ccrop.jpg,Basophil,irregular,bukan_neutrofil,0,0,0,0,0,7057
BA_360297_ccrop.jpg,Basophil,segmented-bilobed,bukan_neutrofil,0,0,0,0,0,6116
BA_360335_ccrop.jpg,Basophil,irregular,bukan_neutrofil,0,0,0,0,0,7672
BA_362723_ccrop.jpg,Basophil,segmented-bilobed,bukan_neutrofil,0,0,0,0,0,6594
BA_363018_ccrop.jpg,Basophil,segmented-bilobed,bukan_neutrofil,2,93,91,0,2,6908
BA_364012_ccrop.jpg,Basophil,segmented-multilobed,bukan_neutrofil,0,0,0,0,0,4672
BA_365212_ccrop.jpg,Basophil,segmented-bilobed,bukan_neutrofil,0,0,0,0,0,5072
BA_366588_ccrop.jpg,Basophil,unsegmented-band,bukan_neutrofil,0,0,0,0,0,7305
BA_366598_ccrop.jpg,Basophil,segmented-bilobed,bukan_neutrofil,0,0,0,0,0,6418
BA_368595_ccrop.jpg,Basophil,segmented-bilobed,bukan_neutrofil,0,0,0,0,0,6411
BA_369405_ccrop.jpg,Basophil,segmented-multilobed,bukan_neutrofil,0,0,0,0,0,9055
BA_372252_ccrop.jpg,Basophil,irregular,bukan_neutrofil,0,0,0,0,0,7175
BA_372309_ccrop.jpg,Basophil,irregular,bukan_neutrofil,0,0,0,0,0,8531
BA_372647_ccrop.jpg,Basophil,segmented-bilobed,bukan_neutrofil,0,0,0,0,0,6944
BA_374431_ccrop.jpg,Basophil,segmented-bilobed,bukan_neutrofil,1,214,214,0,1,7194
BA_374718_ccrop.jpg,Basophil,irregular,bukan_neutrofil,0,0,0,0,0,5125
BA_377664_ccrop.jpg,Basophil,irregular,bukan_neutrofil,0,0,0,0,0,5894
BA_378251_ccrop.jpg,Basophil,irregular,bukan_neutrofil,0,0,0,0,0,7610
BA_379184_ccrop.jpg,Basophil,irregular,bukan_neutrofil,0,0,0,0,0,7052
BA_381452_ccrop.jpg,Basophil,segmented-bilobed,bukan_neutrofil,0,0,0,0,0,6858
BA_382161_ccrop.jpg,Basophil,segmented-multilobed,bukan_neutrofil,0,0,0,0,0,6093
BA_38226_ccrop.jpg,Basophil,segmented-bilobed,bukan_neutrofil,0,0,0,0,0,6570
BA_383453_ccrop.jpg,Basophil,irregular,bukan_neutrofil,0,0,0,0,0,6348
BA_38346_ccrop.jpg,Basophil,segmented-bilobed,bukan_neutrofil,0,0,0,0,0,5876
BA_38489_ccrop.jpg,Basophil,irregular,bukan_neutrofil,0,0,0,0,0,5980
BA_385583_ccrop.jpg,Basophil,irregular,bukan_neutrofil,0,0,0,0,0,7750
BA_386305_ccrop.jpg,Basophil,segmented-multilobed,bukan_neutrofil,0,0,0,0,0,7950
BA_38638_ccrop.jpg,Basophil,segmented-bilobed,bukan_neutrofil,0,0,0,0,0,6396
BA_387655_ccrop.jpg,Basophil,segmented-bilobed,bukan_neutrofil,0,0,0,0,0,6355
BA_388223_ccrop.jpg,Basophil,unsegmented-round,bukan_neutrofil,0,0,0,0,0,6329
BA_389328_ccrop.jpg,Basophil,segmented-multilobed,bukan_neutrofil,1,90,90,0,1,7473
BA_390271_ccrop.jpg,Basophil,segmented-bilobed,bukan_neutrofil,0,0,0,0,0,6983
BA_395492_ccrop.jpg,Basophil,irregular,bukan_neutrofil,0,0,0,0,0,5301
BA_395695_ccrop.jpg,Basophil,segmented-bilobed,bukan_neutrofil,0,0,0,0,0,6358
BA_396430_ccrop.jpg,Basophil,irregular,bukan_neutrofil,0,0,0,0,0,4621
BA_396998_ccrop.jpg,Basophil,unsegmented-round,bukan_neutrofil,0,0,0,0,0,6312
BA_397684_ccrop.jpg,Basophil,segmented-bilobed,bukan_neutrofil,0,0,0,0,0,7233
BA_399254_ccrop.jpg,Basophil,segmented-bilobed,bukan_neutrofil,0,0,0,0,0,7271
BA_400768_ccrop.jpg,Basophil,segmented-bilobed,bukan_neutrofil,0,0,0,0,0,4815
BA_401005_ccrop.jpg,Basophil,segmented-bilobed,bukan_neutrofil,0,0,0,0,0,5833
BA_401869_ccrop.jpg,Basophil,irregular,bukan_neutrofil,0,0,0,0,0,10023
BA_403405_ccrop.jpg,Basophil,segmented-bilobed,bukan_neutrofil,0,0,0,0,0,7049
BA_403512_ccrop.jpg,Basophil,irregular,bukan_neutrofil,0,0,0,0,0,5974
BA_40355_ccrop.jpg,Basophil,segmented-bilobed,bukan_neutrofil,0,0,0,0,0,8254
BA_405031_ccrop.jpg,Basophil,unsegmented-band,bukan_neutrofil,0,0,0,0,0,6066
BA_405748_ccrop.jpg,Basophil,irregular,bukan_neutrofil,0,0,0,0,0,7349
BA_406945_ccrop.jpg,Basophil,irregular,bukan_neutrofil,0,0,0,0,0,7771
BA_408987_ccrop.jpg,Basophil,irregular,bukan_neutrofil,0,0,0,0,0,8161
BA_411327_ccrop.jpg,Basophil,irregular,bukan_neutrofil,0,0,0,0,0,5514
BA_4118_ccrop.jpg,Basophil,segmented-bilobed,bukan_neutrofil,0,0,0,0,0,6982
BA_412372_ccrop.jpg,Basophil,segmented-bilobed,bukan_neutrofil,0,0,0,0,0,5930
BA_412870_ccrop.jpg,Basophil,segmented-bilobed,bukan_neutrofil,0,0,0,0,0,6772
BA_412942_ccrop.jpg,Basophil,irregular,bukan_neutrofil,0,0,0,0,0,6441
BA_413473_ccrop.jpg,Basophil,segmented-bilobed,bukan_neutrofil,0,0,0,0,0,7118
BA_413822_ccrop.jpg,Basophil,irregular,bukan_neutrofil,0,0,0,0,0,6260
BA_414313_ccrop.jpg,Basophil,irregular,bukan_neutrofil,0,0,0,0,0,7196
BA_417333_ccrop.jpg,Basophil,irregular,bukan_neutrofil,2,53,33,0,2,7744
BA_417832_ccrop.jpg,Basophil,segmented-multilobed,bukan_neutrofil,2,3,2,0,2,8752
BA_418041_ccrop.jpg,Basophil,irregular,bukan_neutrofil,0,0,0,0,0,8266
BA_418106_ccrop.jpg,Basophil,segmented-multilobed,bukan_neutrofil,0,0,0,0,0,8264
BA_418760_ccrop.jpg,Basophil,segmented-bilobed,bukan_neutrofil,0,0,0,0,0,5853
BA_420010_ccrop.jpg,Basophil,segmented-bilobed,bukan_neutrofil,0,0,0,0,0,7943
BA_420387_ccrop.jpg,Basophil,irregular,bukan_neutrofil,0,0,0,0,0,6384
BA_420931_ccrop.jpg,Basophil,segmented-bilobed,bukan_neutrofil,0,0,0,0,0,5017
BA_421910_ccrop.jpg,Basophil,segmented-bilobed,bukan_neutrofil,0,0,0,0,0,8046
BA_42246_ccrop.jpg,Basophil,segmented-bilobed,bukan_neutrofil,0,0,0,0,0,8297
BA_422994_ccrop.jpg,Basophil,segmented-bilobed,bukan_neutrofil,0,0,0,0,0,6486
BA_425674_ccrop.jpg,Basophil,segmented-bilobed,bukan_neutrofil,0,0,0,0,0,5577
BA_430537_ccrop.jpg,Basophil,segmented-multilobed,bukan_neutrofil,1,974,974,0,1,9376
BA_430561_ccrop.jpg,Basophil,segmented-multilobed,bukan_neutrofil,1,332,332,0,1,7570
BA_433045_ccrop.jpg,Basophil,segmented-multilobed,bukan_neutrofil,0,0,0,0,0,5345
BA_435822_ccrop.jpg,Basophil,irregular,bukan_neutrofil,0,0,0,0,0,6394
BA_436500_ccrop.jpg,Basophil,irregular,bukan_neutrofil,1,116,116,0,1,6604
BA_438004_ccrop.jpg,Basophil,segmented-multilobed,bukan_neutrofil,0,0,0,0,0,6377
BA_438781_ccrop.jpg,Basophil,irregular,bukan_neutrofil,2,30,24,0,2,7434
BA_441957_ccrop.jpg,Basophil,segmented-bilobed,bukan_neutrofil,0,0,0,0,0,7045
BA_442012_ccrop.jpg,Basophil,segmented-multilobed,bukan_neutrofil,0,0,0,0,0,7214
BA_444818_ccrop.jpg,Basophil,unsegmented-round,bukan_neutrofil,0,0,0,0,0,6682
BA_446205_ccrop.jpg,Basophil,irregular,bukan_neutrofil,0,0,0,0,0,6660
BA_447990_ccrop.jpg,Basophil,segmented-bilobed,bukan_neutrofil,0,0,0,0,0,6569
BA_449695_ccrop.jpg,Basophil,irregular,bukan_neutrofil,0,0,0,0,0,6875
BA_449971_ccrop.jpg,Basophil,unsegmented-round,bukan_neutrofil,0,0,0,0,0,5270
BA_451736_ccrop.jpg,Basophil,segmented-multilobed,bukan_neutrofil,0,0,0,0,0,7255
BA_452882_ccrop.jpg,Basophil,segmented-bilobed,bukan_neutrofil,0,0,0,0,0,5978
BA_454831_ccrop.jpg,Basophil,irregular,bukan_neutrofil,0,0,0,0,0,6642
BA_45632_ccrop.jpg,Basophil,segmented-bilobed,bukan_neutrofil,0,0,0,0,0,6551
BA_461177_ccrop.jpg,Basophil,irregular,bukan_neutrofil,0,0,0,0,0,6714
BA_461909_ccrop.jpg,Basophil,irregular,bukan_neutrofil,0,0,0,0,0,7176
BA_462301_ccrop.jpg,Basophil,irregular,bukan_neutrofil,0,0,0,0,0,5679
BA_462426_ccrop.jpg,Basophil,irregular,bukan_neutrofil,0,0,0,0,0,7630
BA_462792_ccrop.jpg,Basophil,segmented-bilobed,bukan_neutrofil,0,0,0,0,0,6505
BA_463171_ccrop.jpg,Basophil,segmented-multilobed,bukan_neutrofil,1,2,2,0,1,6904
BA_464087_ccrop.jpg,Basophil,segmented-multilobed,bukan_neutrofil,0,0,0,0,0,8309
BA_464090_ccrop.jpg,Basophil,irregular,bukan_neutrofil,0,0,0,0,0,6341
BA_46485_ccrop.jpg,Basophil,irregular,bukan_neutrofil,0,0,0,0,0,5417
BA_465876_ccrop.jpg,Basophil,irregular,bukan_neutrofil,0,0,0,0,0,7185
BA_466566_ccrop.jpg,Basophil,segmented-multilobed,bukan_neutrofil,6,6,1,0,6,7431
BA_46660_ccrop.jpg,Basophil,segmented-multilobed,bukan_neutrofil,2,27,25,0,2,6588
BA_472351_ccrop.jpg,Basophil,segmented-bilobed,bukan_neutrofil,1,75,75,0,1,7055
BA_472669_ccrop.jpg,Basophil,segmented-bilobed,bukan_neutrofil,0,0,0,0,0,6475
BA_472802_ccrop.jpg,Basophil,irregular,bukan_neutrofil,0,0,0,0,0,5434
BA_473295_ccrop.jpg,Basophil,segmented-multilobed,bukan_neutrofil,0,0,0,0,0,6809
BA_4744_ccrop.jpg,Basophil,segmented-multilobed,bukan_neutrofil,0,0,0,0,0,4966
BA_476192_ccrop.jpg,Basophil,segmented-bilobed,bukan_neutrofil,0,0,0,0,0,6932
BA_476625_ccrop.jpg,Basophil,irregular,bukan_neutrofil,1,112,112,0,1,7121
BA_477049_ccrop.jpg,Basophil,irregular,bukan_neutrofil,0,0,0,0,0,9138
BA_478314_ccrop.jpg,Basophil,segmented-bilobed,bukan_neutrofil,0,0,0,0,0,6286
BA_479247_ccrop.jpg,Basophil,segmented-bilobed,bukan_neutrofil,2,4,3,0,2,6180
BA_481414_ccrop.jpg,Basophil,segmented-bilobed,bukan_neutrofil,0,0,0,0,0,7579
BA_482919_ccrop.jpg,Basophil,irregular,bukan_neutrofil,1,13,13,0,1,7594
BA_482920_ccrop.jpg,Basophil,irregular,bukan_neutrofil,0,0,0,0,0,6757
BA_484573_ccrop.jpg,Basophil,segmented-bilobed,bukan_neutrofil,1,19,19,0,1,5486
BA_484717_ccrop.jpg,Basophil,unsegmented-band,bukan_neutrofil,0,0,0,0,0,6898
BA_485187_ccrop.jpg,Basophil,segmented-bilobed,bukan_neutrofil,0,0,0,0,0,6968
BA_485601_ccrop.jpg,Basophil,unsegmented-round,bukan_neutrofil,0,0,0,0,0,4993
BA_486837_ccrop.jpg,Basophil,segmented-bilobed,bukan_neutrofil,1,12,12,0,1,7514
BA_487129_ccrop.jpg,Basophil,irregular,bukan_neutrofil,0,0,0,0,0,6862
BA_488451_ccrop.jpg,Basophil,irregular,bukan_neutrofil,0,0,0,0,0,8370
BA_48862_ccrop.jpg,Basophil,segmented-bilobed,bukan_neutrofil,0,0,0,0,0,3243
BA_490353_ccrop.jpg,Basophil,irregular,bukan_neutrofil,0,0,0,0,0,6454
BA_490656_ccrop.jpg,Basophil,segmented-bilobed,bukan_neutrofil,1,107,107,0,1,7301
BA_49100_ccrop.jpg,Basophil,segmented-bilobed,bukan_neutrofil,0,0,0,0,0,7725
BA_49215_ccrop.jpg,Basophil,segmented-multilobed,bukan_neutrofil,0,0,0,0,0,7499
BA_493318_ccrop.jpg,Basophil,irregular,bukan_neutrofil,0,0,0,0,0,7049
BA_493706_ccrop.jpg,Basophil,segmented-bilobed,bukan_neutrofil,0,0,0,0,0,7042
BA_495544_ccrop.jpg,Basophil,irregular,bukan_neutrofil,0,0,0,0,0,8058
BA_495847_ccrop.jpg,Basophil,segmented-multilobed,bukan_neutrofil,1,67,67,0,1,7107
BA_497743_ccrop.jpg,Basophil,segmented-multilobed,bukan_neutrofil,0,0,0,0,0,5505
BA_499865_ccrop.jpg,Basophil,irregular,bukan_neutrofil,2,323,287,0,2,6364
BA_49997_ccrop.jpg,Basophil,irregular,bukan_neutrofil,0,0,0,0,0,5672
BA_503349_ccrop.jpg,Basophil,segmented-bilobed,bukan_neutrofil,0,0,0,0,0,5529
BA_504098_ccrop.jpg,Basophil,segmented-bilobed,bukan_neutrofil,2,189,186,0,2,6908
BA_505139_ccrop.jpg,Basophil,irregular,bukan_neutrofil,0,0,0,0,0,6499
BA_505144_ccrop.jpg,Basophil,irregular,bukan_neutrofil,0,0,0,0,0,8168
BA_505208_ccrop.jpg,Basophil,segmented-bilobed,bukan_neutrofil,7,9,2,0,7,6649
BA_509224_ccrop.jpg,Basophil,irregular,bukan_neutrofil,1,50,50,0,1,6923
BA_50941_ccrop.jpg,Basophil,segmented-bilobed,bukan_neutrofil,0,0,0,0,0,7237
BA_514550_ccrop.jpg,Basophil,irregular,bukan_neutrofil,0,0,0,0,0,6912
BA_515577_ccrop.jpg,Basophil,segmented-bilobed,bukan_neutrofil,1,1,1,0,1,5887
BA_515691_ccrop.jpg,Basophil,irregular,bukan_neutrofil,0,0,0,0,0,6508
BA_516678_ccrop.jpg,Basophil,segmented-bilobed,bukan_neutrofil,0,0,0,0,0,6779
BA_517020_ccrop.jpg,Basophil,segmented-bilobed,bukan_neutrofil,0,0,0,0,0,6976
BA_517315_ccrop.jpg,Basophil,unsegmented-band,bukan_neutrofil,0,0,0,0,0,8206
BA_517662_ccrop.jpg,Basophil,irregular,bukan_neutrofil,0,0,0,0,0,6577
BA_519510_ccrop.jpg,Basophil,segmented-bilobed,bukan_neutrofil,0,0,0,0,0,6175
BA_520588_ccrop.jpg,Basophil,segmented-bilobed,bukan_neutrofil,0,0,0,0,0,5681
BA_521968_ccrop.jpg,Basophil,irregular,bukan_neutrofil,0,0,0,0,0,7210
BA_526172_ccrop.jpg,Basophil,segmented-bilobed,bukan_neutrofil,1,53,53,0,1,8057
BA_527567_ccrop.jpg,Basophil,irregular,bukan_neutrofil,0,0,0,0,0,5524
BA_527667_ccrop.jpg,Basophil,segmented-bilobed,bukan_neutrofil,0,0,0,0,0,7992
BA_528783_ccrop.jpg,Basophil,irregular,bukan_neutrofil,0,0,0,0,0,7365
BA_529706_ccrop.jpg,Basophil,unsegmented-band,bukan_neutrofil,1,2,2,0,1,7525
BA_530459_ccrop.jpg,Basophil,segmented-multilobed,bukan_neutrofil,2,565,365,0,2,6708
BA_532264_ccrop.jpg,Basophil,irregular,bukan_neutrofil,1,110,110,0,1,7700
BA_532316_ccrop.jpg,Basophil,segmented-multilobed,bukan_neutrofil,0,0,0,0,0,7792
BA_53335_ccrop.jpg,Basophil,irregular,bukan_neutrofil,0,0,0,0,0,6023
BA_533802_ccrop.jpg,Basophil,segmented-multilobed,bukan_neutrofil,0,0,0,0,0,5316
BA_533987_ccrop.jpg,Basophil,irregular,bukan_neutrofil,3,47,32,0,3,7135
BA_534912_ccrop.jpg,Basophil,segmented-bilobed,bukan_neutrofil,1,220,220,0,1,7128
BA_535573_ccrop.jpg,Basophil,irregular,bukan_neutrofil,0,0,0,0,0,5734
BA_535755_ccrop.jpg,Basophil,unsegmented-band,bukan_neutrofil,0,0,0,0,0,7061
BA_535936_ccrop.jpg,Basophil,unsegmented-band,bukan_neutrofil,0,0,0,0,0,7405
BA_537209_ccrop.jpg,Basophil,irregular,bukan_neutrofil,0,0,0,0,0,6986
BA_537842_ccrop.jpg,Basophil,irregular,bukan_neutrofil,0,0,0,0,0,6407
BA_538389_ccrop.jpg,Basophil,unsegmented-band,bukan_neutrofil,0,0,0,0,0,5978
BA_540646_ccrop.jpg,Basophil,irregular,bukan_neutrofil,0,0,0,0,0,5794
BA_544516_ccrop.jpg,Basophil,irregular,bukan_neutrofil,0,0,0,0,0,5673
BA_544558_ccrop.jpg,Basophil,irregular,bukan_neutrofil,0,0,0,0,0,5638
BA_545194_ccrop.jpg,Basophil,irregular,bukan_neutrofil,1,21,21,0,1,6469
BA_546746_ccrop.jpg,Basophil,unsegmented-indented,bukan_neutrofil,0,0,0,0,0,7470
BA_549440_ccrop.jpg,Basophil,unsegmented-band,bukan_neutrofil,0,0,0,0,0,7336
BA_549762_ccrop.jpg,Basophil,segmented-bilobed,bukan_neutrofil,0,0,0,0,0,6864
BA_551430_ccrop.jpg,Basophil,segmented-multilobed,bukan_neutrofil,1,46,46,0,1,6142
BA_551471_ccrop.jpg,Basophil,irregular,bukan_neutrofil,0,0,0,0,0,5617
BA_552972_ccrop.jpg,Basophil,segmented-bilobed,bukan_neutrofil,0,0,0,0,0,10190
BA_553981_ccrop.jpg,Basophil,irregular,bukan_neutrofil,1,127,127,0,1,9517
BA_555744_ccrop.jpg,Basophil,irregular,bukan_neutrofil,0,0,0,0,0,5941
BA_556332_ccrop.jpg,Basophil,unsegmented-band,bukan_neutrofil,0,0,0,0,0,5668
BA_556627_ccrop.jpg,Basophil,irregular,bukan_neutrofil,2,152,147,0,2,6723
BA_558057_ccrop.jpg,Basophil,irregular,bukan_neutrofil,0,0,0,0,0,6302
BA_558929_ccrop.jpg,Basophil,irregular,bukan_neutrofil,0,0,0,0,0,3528
BA_558965_ccrop.jpg,Basophil,unsegmented-indented,bukan_neutrofil,0,0,0,0,0,7673
BA_559801_ccrop.jpg,Basophil,irregular,bukan_neutrofil,0,0,0,0,0,4199
BA_56068_ccrop.jpg,Basophil,irregular,bukan_neutrofil,1,76,76,0,1,5277
BA_563270_ccrop.jpg,Basophil,irregular,bukan_neutrofil,0,0,0,0,0,7370
BA_563406_ccrop.jpg,Basophil,unsegmented-band,bukan_neutrofil,0,0,0,0,0,9454
BA_563628_ccrop.jpg,Basophil,segmented-bilobed,bukan_neutrofil,0,0,0,0,0,8023
BA_564059_ccrop.jpg,Basophil,segmented-multilobed,bukan_neutrofil,1,334,334,0,1,7252
BA_564254_ccrop.jpg,Basophil,irregular,bukan_neutrofil,0,0,0,0,0,7053
BA_564691_ccrop.jpg,Basophil,irregular,bukan_neutrofil,0,0,0,0,0,6943
BA_566824_ccrop.jpg,Basophil,segmented-multilobed,bukan_neutrofil,0,0,0,0,0,6890
BA_566878_ccrop.jpg,Basophil,irregular,bukan_neutrofil,0,0,0,0,0,6546
BA_567293_ccrop.jpg,Basophil,irregular,bukan_neutrofil,0,0,0,0,0,5889
BA_567394_ccrop.jpg,Basophil,unsegmented-band,bukan_neutrofil,0,0,0,0,0,5685
BA_569593_ccrop.jpg,Basophil,irregular,bukan_neutrofil,0,0,0,0,0,6694
BA_570415_ccrop.jpg,Basophil,irregular,bukan_neutrofil,0,0,0,0,0,8120
BA_572677_ccrop.jpg,Basophil,segmented-bilobed,bukan_neutrofil,0,0,0,0,0,7363
BA_576309_ccrop.jpg,Basophil,irregular,bukan_neutrofil,0,0,0,0,0,6042
BA_577373_ccrop.jpg,Basophil,segmented-multilobed,bukan_neutrofil,0,0,0,0,0,7910
BA_577892_ccrop.jpg,Basophil,segmented-bilobed,bukan_neutrofil,0,0,0,0,0,6541
BA_579017_ccrop.jpg,Basophil,segmented-multilobed,bukan_neutrofil,0,0,0,0,0,7430
BA_580_ccrop.jpg,Basophil,segmented-bilobed,bukan_neutrofil,1,83,83,0,1,6288
BA_580588_ccrop.jpg,Basophil,irregular,bukan_neutrofil,0,0,0,0,0,5756
BA_58212_ccrop.jpg,Basophil,segmented-multilobed,bukan_neutrofil,0,0,0,0,0,5993
BA_582752_ccrop.jpg,Basophil,irregular,bukan_neutrofil,0,0,0,0,0,6155
BA_583432_ccrop.jpg,Basophil,irregular,bukan_neutrofil,0,0,0,0,0,6676
BA_583859_ccrop.jpg,Basophil,segmented-bilobed,bukan_neutrofil,0,0,0,0,0,7179
BA_58432_ccrop.jpg,Basophil,segmented-multilobed,bukan_neutrofil,1,75,75,0,1,6717
BA_584667_ccrop.jpg,Basophil,segmented-multilobed,bukan_neutrofil,0,0,0,0,0,6174
BA_585015_ccrop.jpg,Basophil,segmented-bilobed,bukan_neutrofil,1,36,36,0,1,6837
BA_58746_ccrop.jpg,Basophil,segmented-bilobed,bukan_neutrofil,0,0,0,0,0,5725
BA_588492_ccrop.jpg,Basophil,irregular,bukan_neutrofil,0,0,0,0,0,6043
BA_589182_ccrop.jpg,Basophil,irregular,bukan_neutrofil,0,0,0,0,0,7281
BA_589260_ccrop.jpg,Basophil,irregular,bukan_neutrofil,0,0,0,0,0,7644
BA_589888_ccrop.jpg,Basophil,irregular,bukan_neutrofil,2,3,2,0,2,5634
BA_59405_ccrop.jpg,Basophil,irregular,bukan_neutrofil,0,0,0,0,0,6577
BA_594428_ccrop.jpg,Basophil,irregular,bukan_neutrofil,0,0,0,0,0,6329
BA_594501_ccrop.jpg,Basophil,segmented-multilobed,bukan_neutrofil,0,0,0,0,0,5777
BA_594734_ccrop.jpg,Basophil,segmented-multilobed,bukan_neutrofil,0,0,0,0,0,6302
BA_59759_ccrop.jpg,Basophil,irregular,bukan_neutrofil,0,0,0,0,0,5182
BA_598745_ccrop.jpg,Basophil,irregular,bukan_neutrofil,0,0,0,0,0,6187
BA_599277_ccrop.jpg,Basophil,irregular,bukan_neutrofil,0,0,0,0,0,9565
BA_601035_ccrop.jpg,Basophil,irregular,bukan_neutrofil,0,0,0,0,0,6477
BA_601585_ccrop.jpg,Basophil,irregular,bukan_neutrofil,0,0,0,0,0,7324
BA_602661_ccrop.jpg,Basophil,irregular,bukan_neutrofil,0,0,0,0,0,5506
BA_602999_ccrop.jpg,Basophil,irregular,bukan_neutrofil,0,0,0,0,0,8372
BA_603889_ccrop.jpg,Basophil,segmented-bilobed,bukan_neutrofil,0,0,0,0,0,7415
BA_604921_ccrop.jpg,Basophil,irregular,bukan_neutrofil,0,0,0,0,0,5233
BA_605110_ccrop.jpg,Basophil,irregular,bukan_neutrofil,0,0,0,0,0,6433
BA_60640_ccrop.jpg,Basophil,irregular,bukan_neutrofil,1,127,127,0,1,5479
BA_606591_ccrop.jpg,Basophil,irregular,bukan_neutrofil,0,0,0,0,0,7900
BA_608637_ccrop.jpg,Basophil,segmented-bilobed,bukan_neutrofil,0,0,0,0,0,5591
BA_609344_ccrop.jpg,Basophil,irregular,bukan_neutrofil,0,0,0,0,0,6432
BA_6109_ccrop.jpg,Basophil,segmented-bilobed,bukan_neutrofil,0,0,0,0,0,5384
BA_61113_ccrop.jpg,Basophil,segmented-multilobed,bukan_neutrofil,0,0,0,0,0,5706
BA_612717_ccrop.jpg,Basophil,segmented-bilobed,bukan_neutrofil,0,0,0,0,0,4779
BA_612971_ccrop.jpg,Basophil,irregular,bukan_neutrofil,0,0,0,0,0,8005
BA_615294_ccrop.jpg,Basophil,irregular,bukan_neutrofil,0,0,0,0,0,6445
BA_6162_ccrop.jpg,Basophil,segmented-multilobed,bukan_neutrofil,0,0,0,0,0,7665
BA_617523_ccrop.jpg,Basophil,irregular,bukan_neutrofil,0,0,0,0,0,6109
BA_618288_ccrop.jpg,Basophil,irregular,bukan_neutrofil,1,309,309,0,1,6548
BA_618537_ccrop.jpg,Basophil,irregular,bukan_neutrofil,0,0,0,0,0,5869
BA_619254_ccrop.jpg,Basophil,irregular,bukan_neutrofil,0,0,0,0,0,6700
BA_620858_ccrop.jpg,Basophil,segmented-bilobed,bukan_neutrofil,0,0,0,0,0,6244
BA_622087_ccrop.jpg,Basophil,segmented-bilobed,bukan_neutrofil,0,0,0,0,0,7678
BA_624477_ccrop.jpg,Basophil,unsegmented-band,bukan_neutrofil,0,0,0,0,0,8251
BA_625461_ccrop.jpg,Basophil,segmented-multilobed,bukan_neutrofil,2,122,104,0,2,6446
BA_625812_ccrop.jpg,Basophil,irregular,bukan_neutrofil,0,0,0,0,0,6514
BA_628597_ccrop.jpg,Basophil,irregular,bukan_neutrofil,0,0,0,0,0,6307
BA_629062_ccrop.jpg,Basophil,segmented-bilobed,bukan_neutrofil,1,223,223,0,1,6697
BA_63104_ccrop.jpg,Basophil,irregular,bukan_neutrofil,0,0,0,0,0,6988
BA_633258_ccrop.jpg,Basophil,segmented-bilobed,bukan_neutrofil,1,19,19,0,1,7899
BA_633824_ccrop.jpg,Basophil,unsegmented-band,bukan_neutrofil,0,0,0,0,0,7473
BA_634115_ccrop.jpg,Basophil,irregular,bukan_neutrofil,0,0,0,0,0,5653
BA_634320_ccrop.jpg,Basophil,segmented-bilobed,bukan_neutrofil,1,41,41,0,1,5679
BA_63564_ccrop.jpg,Basophil,irregular,bukan_neutrofil,0,0,0,0,0,6823
BA_635801_ccrop.jpg,Basophil,irregular,bukan_neutrofil,0,0,0,0,0,6104
BA_636660_ccrop.jpg,Basophil,segmented-bilobed,bukan_neutrofil,2,452,450,0,2,8006
BA_637803_ccrop.jpg,Basophil,unsegmented-round,bukan_neutrofil,0,0,0,0,0,4811
BA_638911_ccrop.jpg,Basophil,irregular,bukan_neutrofil,0,0,0,0,0,7124
BA_640005_ccrop.jpg,Basophil,segmented-bilobed,bukan_neutrofil,0,0,0,0,0,7464
BA_640409_ccrop.jpg,Basophil,irregular,bukan_neutrofil,0,0,0,0,0,7744
BA_641976_ccrop.jpg,Basophil,unsegmented-band,bukan_neutrofil,0,0,0,0,0,8745
BA_642041_ccrop.jpg,Basophil,irregular,bukan_neutrofil,0,0,0,0,0,6927
BA_646371_ccrop.jpg,Basophil,segmented-bilobed,bukan_neutrofil,0,0,0,0,0,7015
BA_647514_ccrop.jpg,Basophil,unsegmented-band,bukan_neutrofil,0,0,0,0,0,6374
BA_647570_ccrop.jpg,Basophil,segmented-multilobed,bukan_neutrofil,2,41,40,0,2,5502
BA_650536_ccrop.jpg,Basophil,unsegmented-band,bukan_neutrofil,0,0,0,0,0,8262
BA_655272_ccrop.jpg,Basophil,segmented-multilobed,bukan_neutrofil,0,0,0,0,0,8337
BA_656750_ccrop.jpg,Basophil,segmented-bilobed,bukan_neutrofil,0,0,0,0,0,7517
BA_65751_ccrop.jpg,Basophil,segmented-bilobed,bukan_neutrofil,1,176,176,0,1,5611
BA_658350_ccrop.jpg,Basophil,unsegmented-band,bukan_neutrofil,0,0,0,0,0,6934
BA_660263_ccrop.jpg,Basophil,segmented-multilobed,bukan_neutrofil,1,44,44,0,1,7265
BA_666027_ccrop.jpg,Basophil,segmented-multilobed,bukan_neutrofil,0,0,0,0,0,8525
BA_666432_ccrop.jpg,Basophil,segmented-bilobed,bukan_neutrofil,0,0,0,0,0,8980
BA_667936_ccrop.jpg,Basophil,segmented-bilobed,bukan_neutrofil,2,20,17,0,2,5980
BA_668105_ccrop.jpg,Basophil,segmented-multilobed,bukan_neutrofil,0,0,0,0,0,6690
BA_66834_ccrop.jpg,Basophil,segmented-bilobed,bukan_neutrofil,0,0,0,0,0,7159
BA_66887_ccrop.jpg,Basophil,segmented-multilobed,bukan_neutrofil,1,15,15,0,1,6138
BA_669765_ccrop.jpg,Basophil,segmented-bilobed,bukan_neutrofil,0,0,0,0,0,6877
BA_671878_ccrop.jpg,Basophil,segmented-bilobed,bukan_neutrofil,0,0,0,0,0,6081
BA_672755_ccrop.jpg,Basophil,segmented-bilobed,bukan_neutrofil,0,0,0,0,0,4484
BA_673919_ccrop.jpg,Basophil,segmented-multilobed,bukan_neutrofil,0,0,0,0,0,7833
BA_674430_ccrop.jpg,Basophil,irregular,bukan_neutrofil,1,1,1,0,1,7022
BA_674593_ccrop.jpg,Basophil,segmented-bilobed,bukan_neutrofil,1,127,127,0,1,5940
BA_675444_ccrop.jpg,Basophil,irregular,bukan_neutrofil,0,0,0,0,0,3050
BA_676044_ccrop.jpg,Basophil,irregular,bukan_neutrofil,2,142,109,0,2,6256
BA_677937_ccrop.jpg,Basophil,segmented-multilobed,bukan_neutrofil,1,499,499,0,1,6188
BA_683125_ccrop.jpg,Basophil,irregular,bukan_neutrofil,0,0,0,0,0,6206
BA_684441_ccrop.jpg,Basophil,unsegmented-band,bukan_neutrofil,0,0,0,0,0,8610
BA_685684_ccrop.jpg,Basophil,irregular,bukan_neutrofil,0,0,0,0,0,7797
BA_685720_ccrop.jpg,Basophil,irregular,bukan_neutrofil,0,0,0,0,0,7470
BA_687195_ccrop.jpg,Basophil,irregular,bukan_neutrofil,0,0,0,0,0,7471
BA_689200_ccrop.jpg,Basophil,unsegmented-band,bukan_neutrofil,0,0,0,0,0,6622
BA_689718_ccrop.jpg,Basophil,irregular,bukan_neutrofil,0,0,0,0,0,5911
BA_691060_ccrop.jpg,Basophil,unsegmented-band,bukan_neutrofil,0,0,0,0,0,7764
BA_691235_ccrop.jpg,Basophil,segmented-multilobed,bukan_neutrofil,1,42,42,0,1,7463
BA_692349_ccrop.jpg,Basophil,irregular,bukan_neutrofil,0,0,0,0,0,6742
BA_693714_ccrop.jpg,Basophil,segmented-multilobed,bukan_neutrofil,0,0,0,0,0,6881
BA_695025_ccrop.jpg,Basophil,segmented-multilobed,bukan_neutrofil,0,0,0,0,0,7796
BA_695712_ccrop.jpg,Basophil,segmented-multilobed,bukan_neutrofil,0,0,0,0,0,6022
BA_696680_ccrop.jpg,Basophil,unsegmented-band,bukan_neutrofil,0,0,0,0,0,6451
BA_698312_ccrop.jpg,Basophil,irregular,bukan_neutrofil,0,0,0,0,0,6190
BA_700139_ccrop.jpg,Basophil,segmented-bilobed,bukan_neutrofil,0,0,0,0,0,5516
BA_702907_ccrop.jpg,Basophil,irregular,bukan_neutrofil,0,0,0,0,0,3856
BA_705900_ccrop.jpg,Basophil,unsegmented-band,bukan_neutrofil,0,0,0,0,0,5847
BA_708202_ccrop.jpg,Basophil,segmented-bilobed,bukan_neutrofil,1,466,466,0,1,7217
BA_709347_ccrop.jpg,Basophil,irregular,bukan_neutrofil,0,0,0,0,0,6789
BA_710454_ccrop.jpg,Basophil,unsegmented-band,bukan_neutrofil,0,0,0,0,0,7268
BA_710902_ccrop.jpg,Basophil,segmented-bilobed,bukan_neutrofil,0,0,0,0,0,7026
BA_711276_ccrop.jpg,Basophil,segmented-multilobed,bukan_neutrofil,0,0,0,0,0,6592
BA_712840_ccrop.jpg,Basophil,irregular,bukan_neutrofil,1,8,8,0,1,6457
BA_712958_ccrop.jpg,Basophil,segmented-bilobed,bukan_neutrofil,0,0,0,0,0,6241
BA_716054_ccrop.jpg,Basophil,unsegmented-band,bukan_neutrofil,0,0,0,0,0,6148
BA_716177_ccrop.jpg,Basophil,segmented-multilobed,bukan_neutrofil,0,0,0,0,0,7033
BA_717119_ccrop.jpg,Basophil,irregular,bukan_neutrofil,1,42,42,0,1,6098
BA_720056_ccrop.jpg,Basophil,irregular,bukan_neutrofil,0,0,0,0,0,7883
BA_723161_ccrop.jpg,Basophil,segmented-multilobed,bukan_neutrofil,0,0,0,0,0,6798
BA_723661_ccrop.jpg,Basophil,segmented-bilobed,bukan_neutrofil,0,0,0,0,0,7204
BA_725408_ccrop.jpg,Basophil,segmented-multilobed,bukan_neutrofil,0,0,0,0,0,4804
BA_725557_ccrop.jpg,Basophil,unsegmented-band,bukan_neutrofil,0,0,0,0,0,7413
BA_72574_ccrop.jpg,Basophil,irregular,bukan_neutrofil,0,0,0,0,0,6086
BA_726134_ccrop.jpg,Basophil,irregular,bukan_neutrofil,0,0,0,0,0,5337
BA_726199_ccrop.jpg,Basophil,irregular,bukan_neutrofil,1,170,170,0,1,8946
BA_726414_ccrop.jpg,Basophil,segmented-multilobed,bukan_neutrofil,0,0,0,0,0,9154
BA_726726_ccrop.jpg,Basophil,unsegmented-band,bukan_neutrofil,0,0,0,0,0,8264
BA_727435_ccrop.jpg,Basophil,unsegmented-band,bukan_neutrofil,2,112,111,0,2,6438
BA_727528_ccrop.jpg,Basophil,segmented-bilobed,bukan_neutrofil,0,0,0,0,0,5707
BA_728520_ccrop.jpg,Basophil,irregular,bukan_neutrofil,0,0,0,0,0,8097
BA_729979_ccrop.jpg,Basophil,irregular,bukan_neutrofil,0,0,0,0,0,6443
BA_731815_ccrop.jpg,Basophil,unsegmented-round,bukan_neutrofil,0,0,0,0,0,7689
BA_733311_ccrop.jpg,Basophil,segmented-multilobed,bukan_neutrofil,0,0,0,0,0,5457
BA_73594_ccrop.jpg,Basophil,segmented-bilobed,bukan_neutrofil,1,442,442,0,1,7727
BA_736344_ccrop.jpg,Basophil,segmented-bilobed,bukan_neutrofil,0,0,0,0,0,6290
BA_737054_ccrop.jpg,Basophil,segmented-multilobed,bukan_neutrofil,2,4,3,0,2,6018
BA_73780_ccrop.jpg,Basophil,unsegmented-round,bukan_neutrofil,0,0,0,0,0,6617
BA_738477_ccrop.jpg,Basophil,irregular,bukan_neutrofil,2,81,65,0,2,10537
BA_738567_ccrop.jpg,Basophil,irregular,bukan_neutrofil,0,0,0,0,0,6952
BA_739484_ccrop.jpg,Basophil,unsegmented-round,bukan_neutrofil,0,0,0,0,0,8298
BA_742244_ccrop.jpg,Basophil,segmented-multilobed,bukan_neutrofil,0,0,0,0,0,7566
BA_742698_ccrop.jpg,Basophil,irregular,bukan_neutrofil,0,0,0,0,0,5800
BA_744466_ccrop.jpg,Basophil,irregular,bukan_neutrofil,0,0,0,0,0,6699
BA_746210_ccrop.jpg,Basophil,segmented-bilobed,bukan_neutrofil,0,0,0,0,0,7316
BA_746935_ccrop.jpg,Basophil,segmented-bilobed,bukan_neutrofil,0,0,0,0,0,6916
BA_747919_ccrop.jpg,Basophil,segmented-bilobed,bukan_neutrofil,0,0,0,0,0,6347
BA_748012_ccrop.jpg,Basophil,irregular,bukan_neutrofil,0,0,0,0,0,7984
BA_74901_ccrop.jpg,Basophil,unsegmented-round,bukan_neutrofil,0,0,0,0,0,6391
BA_749108_ccrop.jpg,Basophil,unsegmented-band,bukan_neutrofil,0,0,0,0,0,7969
BA_749588_ccrop.jpg,Basophil,segmented-multilobed,bukan_neutrofil,0,0,0,0,0,6015
BA_74973_ccrop.jpg,Basophil,segmented-bilobed,bukan_neutrofil,10,34,17,0,10,6902
BA_752724_ccrop.jpg,Basophil,unsegmented-band,bukan_neutrofil,1,37,37,0,1,7654
BA_752996_ccrop.jpg,Basophil,irregular,bukan_neutrofil,0,0,0,0,0,5943
BA_753251_ccrop.jpg,Basophil,segmented-multilobed,bukan_neutrofil,0,0,0,0,0,6612
BA_754114_ccrop.jpg,Basophil,segmented-bilobed,bukan_neutrofil,0,0,0,0,0,5442
BA_756115_ccrop.jpg,Basophil,segmented-bilobed,bukan_neutrofil,2,14,13,0,2,9931
BA_759075_ccrop.jpg,Basophil,segmented-multilobed,bukan_neutrofil,0,0,0,0,0,5926
BA_759768_ccrop.jpg,Basophil,segmented-bilobed,bukan_neutrofil,1,236,236,0,1,6877
BA_760001_ccrop.jpg,Basophil,irregular,bukan_neutrofil,0,0,0,0,0,7789
BA_760452_ccrop.jpg,Basophil,segmented-bilobed,bukan_neutrofil,0,0,0,0,0,7102
BA_760781_ccrop.jpg,Basophil,segmented-bilobed,bukan_neutrofil,0,0,0,0,0,6553
BA_761947_ccrop.jpg,Basophil,irregular,bukan_neutrofil,0,0,0,0,0,7794
BA_762060_ccrop.jpg,Basophil,irregular,bukan_neutrofil,0,0,0,0,0,6624
BA_76584_ccrop.jpg,Basophil,segmented-bilobed,bukan_neutrofil,0,0,0,0,0,6450
BA_768330_ccrop.jpg,Basophil,segmented-bilobed,bukan_neutrofil,0,0,0,0,0,9289
BA_770604_ccrop.jpg,Basophil,unsegmented-band,bukan_neutrofil,0,0,0,0,0,5950
BA_773081_ccrop.jpg,Basophil,irregular,bukan_neutrofil,0,0,0,0,0,7176
BA_77342_ccrop.jpg,Basophil,segmented-bilobed,bukan_neutrofil,1,63,63,0,1,7798
BA_775053_ccrop.jpg,Basophil,irregular,bukan_neutrofil,1,43,43,0,1,7551
BA_775722_ccrop.jpg,Basophil,unsegmented-band,bukan_neutrofil,0,0,0,0,0,5522
BA_779592_ccrop.jpg,Basophil,irregular,bukan_neutrofil,0,0,0,0,0,6120
BA_779930_ccrop.jpg,Basophil,segmented-bilobed,bukan_neutrofil,2,101,51,0,2,7699
BA_783348_ccrop.jpg,Basophil,unsegmented-band,bukan_neutrofil,0,0,0,0,0,7122
BA_783821_ccrop.jpg,Basophil,irregular,bukan_neutrofil,0,0,0,0,0,5847
BA_785211_ccrop.jpg,Basophil,irregular,bukan_neutrofil,0,0,0,0,0,8213
BA_785583_ccrop.jpg,Basophil,irregular,bukan_neutrofil,1,325,325,0,1,7020
BA_785668_ccrop.jpg,Basophil,segmented-bilobed,bukan_neutrofil,0,0,0,0,0,4939
BA_786797_ccrop.jpg,Basophil,irregular,bukan_neutrofil,0,0,0,0,0,7895
BA_786828_ccrop.jpg,Basophil,segmented-bilobed,bukan_neutrofil,3,165,162,0,3,7736
BA_787119_ccrop.jpg,Basophil,irregular,bukan_neutrofil,0,0,0,0,0,7666
BA_788432_ccrop.jpg,Basophil,irregular,bukan_neutrofil,0,0,0,0,0,6346
BA_788827_ccrop.jpg,Basophil,segmented-bilobed,bukan_neutrofil,0,0,0,0,0,6857
BA_790227_ccrop.jpg,Basophil,segmented-multilobed,bukan_neutrofil,0,0,0,0,0,6171
BA_791032_ccrop.jpg,Basophil,irregular,bukan_neutrofil,1,194,194,0,1,8129
BA_791143_ccrop.jpg,Basophil,unsegmented-band,bukan_neutrofil,0,0,0,0,0,6241
BA_793130_ccrop.jpg,Basophil,segmented-multilobed,bukan_neutrofil,0,0,0,0,0,6354
BA_795313_ccrop.jpg,Basophil,irregular,bukan_neutrofil,0,0,0,0,0,6210
BA_796830_ccrop.jpg,Basophil,segmented-bilobed,bukan_neutrofil,0,0,0,0,0,6902
BA_797848_ccrop.jpg,Basophil,segmented-bilobed,bukan_neutrofil,0,0,0,0,0,5321
BA_79939_ccrop.jpg,Basophil,unsegmented-band,bukan_neutrofil,0,0,0,0,0,8208
BA_799771_ccrop.jpg,Basophil,unsegmented-band,bukan_neutrofil,0,0,0,0,0,4704
BA_800475_ccrop.jpg,Basophil,segmented-multilobed,bukan_neutrofil,0,0,0,0,0,6263
BA_801290_ccrop.jpg,Basophil,segmented-bilobed,bukan_neutrofil,0,0,0,0,0,6964
BA_801529_ccrop.jpg,Basophil,irregular,bukan_neutrofil,0,0,0,0,0,5649
BA_801667_ccrop.jpg,Basophil,segmented-multilobed,bukan_neutrofil,1,647,647,0,1,7455
BA_801858_ccrop.jpg,Basophil,segmented-multilobed,bukan_neutrofil,0,0,0,0,0,6305
BA_802408_ccrop.jpg,Basophil,segmented-bilobed,bukan_neutrofil,0,0,0,0,0,5952
BA_803923_ccrop.jpg,Basophil,segmented-bilobed,bukan_neutrofil,0,0,0,0,0,6001
BA_804739_ccrop.jpg,Basophil,unsegmented-band,bukan_neutrofil,2,389,386,0,2,15590
BA_806767_ccrop.jpg,Basophil,segmented-multilobed,bukan_neutrofil,0,0,0,0,0,7262
BA_807787_ccrop.jpg,Basophil,segmented-multilobed,bukan_neutrofil,0,0,0,0,0,8139
BA_809385_ccrop.jpg,Basophil,segmented-multilobed,bukan_neutrofil,4,428,262,0,4,6461
BA_809918_ccrop.jpg,Basophil,segmented-bilobed,bukan_neutrofil,0,0,0,0,0,8067
BA_810083_ccrop.jpg,Basophil,irregular,bukan_neutrofil,4,647,632,0,4,6279
BA_810336_ccrop.jpg,Basophil,segmented-bilobed,bukan_neutrofil,0,0,0,0,0,5412
BA_812916_ccrop.jpg,Basophil,segmented-multilobed,bukan_neutrofil,1,1,1,0,1,6302
BA_815713_ccrop.jpg,Basophil,segmented-bilobed,bukan_neutrofil,0,0,0,0,0,6779
BA_815872_ccrop.jpg,Basophil,segmented-multilobed,bukan_neutrofil,0,0,0,0,0,4788
BA_816082_ccrop.jpg,Basophil,segmented-multilobed,bukan_neutrofil,1,322,322,0,1,7066
BA_816294_ccrop.jpg,Basophil,irregular,bukan_neutrofil,1,54,54,0,1,7807
BA_817842_ccrop.jpg,Basophil,irregular,bukan_neutrofil,1,2,2,0,1,7891
BA_817890_ccrop.jpg,Basophil,irregular,bukan_neutrofil,0,0,0,0,0,6298
BA_818588_ccrop.jpg,Basophil,segmented-bilobed,bukan_neutrofil,0,0,0,0,0,7217
BA_819177_ccrop.jpg,Basophil,segmented-bilobed,bukan_neutrofil,1,93,93,0,1,6251
BA_820417_ccrop.jpg,Basophil,irregular,bukan_neutrofil,3,264,165,0,3,7619
BA_821772_ccrop.jpg,Basophil,segmented-bilobed,bukan_neutrofil,1,3,3,0,1,6961
BA_823167_ccrop.jpg,Basophil,irregular,bukan_neutrofil,0,0,0,0,0,5484
BA_824665_ccrop.jpg,Basophil,unsegmented-round,bukan_neutrofil,0,0,0,0,0,5224
BA_824897_ccrop.jpg,Basophil,irregular,bukan_neutrofil,0,0,0,0,0,6744
BA_825699_ccrop.jpg,Basophil,segmented-bilobed,bukan_neutrofil,0,0,0,0,0,8907
BA_827566_ccrop.jpg,Basophil,irregular,bukan_neutrofil,0,0,0,0,0,5832
BA_830535_ccrop.jpg,Basophil,segmented-bilobed,bukan_neutrofil,0,0,0,0,0,5271
BA_830805_ccrop.jpg,Basophil,irregular,bukan_neutrofil,0,0,0,0,0,9867
BA_831290_ccrop.jpg,Basophil,irregular,bukan_neutrofil,0,0,0,0,0,7608
BA_832900_ccrop.jpg,Basophil,irregular,bukan_neutrofil,0,0,0,0,0,6785
BA_833409_ccrop.jpg,Basophil,segmented-bilobed,bukan_neutrofil,0,0,0,0,0,5897
BA_834693_ccrop.jpg,Basophil,irregular,bukan_neutrofil,0,0,0,0,0,7329
BA_834949_ccrop.jpg,Basophil,segmented-bilobed,bukan_neutrofil,0,0,0,0,0,6493
BA_835431_ccrop.jpg,Basophil,irregular,bukan_neutrofil,0,0,0,0,0,7186
BA_835645_ccrop.jpg,Basophil,segmented-bilobed,bukan_neutrofil,1,10,10,0,1,5465
BA_835897_ccrop.jpg,Basophil,irregular,bukan_neutrofil,1,34,34,0,1,8065
BA_837965_ccrop.jpg,Basophil,irregular,bukan_neutrofil,0,0,0,0,0,6672
BA_83911_ccrop.jpg,Basophil,segmented-bilobed,bukan_neutrofil,0,0,0,0,0,5210
BA_84086_ccrop.jpg,Basophil,irregular,bukan_neutrofil,0,0,0,0,0,8737
BA_844617_ccrop.jpg,Basophil,segmented-multilobed,bukan_neutrofil,1,109,109,0,1,7401
BA_845115_ccrop.jpg,Basophil,segmented-bilobed,bukan_neutrofil,0,0,0,0,0,6045
BA_845210_ccrop.jpg,Basophil,segmented-bilobed,bukan_neutrofil,0,0,0,0,0,8000
BA_847959_ccrop.jpg,Basophil,unsegmented-band,bukan_neutrofil,1,351,351,0,1,5997
BA_849105_ccrop.jpg,Basophil,segmented-bilobed,bukan_neutrofil,0,0,0,0,0,5850
BA_849533_ccrop.jpg,Basophil,segmented-multilobed,bukan_neutrofil,1,373,373,0,1,6820
BA_849723_ccrop.jpg,Basophil,irregular,bukan_neutrofil,1,86,86,0,1,4672
BA_854375_ccrop.jpg,Basophil,segmented-bilobed,bukan_neutrofil,0,0,0,0,0,6214
BA_854946_ccrop.jpg,Basophil,unsegmented-band,bukan_neutrofil,0,0,0,0,0,8939
BA_855901_ccrop.jpg,Basophil,unsegmented-band,bukan_neutrofil,0,0,0,0,0,6790
BA_858886_ccrop.jpg,Basophil,unsegmented-band,bukan_neutrofil,1,356,356,0,1,7215
BA_85940_ccrop.jpg,Basophil,segmented-bilobed,bukan_neutrofil,2,13,11,0,2,6697
BA_86193_ccrop.jpg,Basophil,irregular,bukan_neutrofil,0,0,0,0,0,4864
BA_863732_ccrop.jpg,Basophil,unsegmented-band,bukan_neutrofil,0,0,0,0,0,6939
BA_864938_ccrop.jpg,Basophil,segmented-multilobed,bukan_neutrofil,2,82,66,0,2,7206
BA_867482_ccrop.jpg,Basophil,irregular,bukan_neutrofil,0,0,0,0,0,6041
BA_871319_ccrop.jpg,Basophil,irregular,bukan_neutrofil,0,0,0,0,0,6928
BA_87226_ccrop.jpg,Basophil,segmented-bilobed,bukan_neutrofil,0,0,0,0,0,5581
BA_8742_ccrop.jpg,Basophil,irregular,bukan_neutrofil,1,89,89,0,1,7117
BA_874689_ccrop.jpg,Basophil,irregular,bukan_neutrofil,0,0,0,0,0,6676
BA_875399_ccrop.jpg,Basophil,irregular,bukan_neutrofil,0,0,0,0,0,7026
BA_875554_ccrop.jpg,Basophil,segmented-bilobed,bukan_neutrofil,0,0,0,0,0,7755
BA_877555_ccrop.jpg,Basophil,segmented-bilobed,bukan_neutrofil,4,108,91,0,4,6315
BA_878109_ccrop.jpg,Basophil,segmented-bilobed,bukan_neutrofil,0,0,0,0,0,7542
BA_878312_ccrop.jpg,Basophil,unsegmented-round,bukan_neutrofil,0,0,0,0,0,9991
BA_879692_ccrop.jpg,Basophil,irregular,bukan_neutrofil,0,0,0,0,0,7261
BA_883361_ccrop.jpg,Basophil,irregular,bukan_neutrofil,0,0,0,0,0,8243
BA_884046_ccrop.jpg,Basophil,irregular,bukan_neutrofil,0,0,0,0,0,5494
BA_885874_ccrop.jpg,Basophil,unsegmented-round,bukan_neutrofil,0,0,0,0,0,5533
BA_889100_ccrop.jpg,Basophil,unsegmented-round,bukan_neutrofil,0,0,0,0,0,6098
BA_891403_ccrop.jpg,Basophil,irregular,bukan_neutrofil,0,0,0,0,0,5856
BA_891878_ccrop.jpg,Basophil,segmented-bilobed,bukan_neutrofil,0,0,0,0,0,3890
BA_892159_ccrop.jpg,Basophil,segmented-bilobed,bukan_neutrofil,1,4,4,0,1,8733
BA_892429_ccrop.jpg,Basophil,segmented-multilobed,bukan_neutrofil,0,0,0,0,0,7199
BA_893914_ccrop.jpg,Basophil,segmented-multilobed,bukan_neutrofil,1,18,18,0,1,7018
BA_895163_ccrop.jpg,Basophil,unsegmented-band,bukan_neutrofil,1,1,1,0,1,9535
BA_895902_ccrop.jpg,Basophil,segmented-multilobed,bukan_neutrofil,0,0,0,0,0,6433
BA_897513_ccrop.jpg,Basophil,irregular,bukan_neutrofil,0,0,0,0,0,8571
BA_899396_ccrop.jpg,Basophil,irregular,bukan_neutrofil,1,25,25,0,1,8333
BA_901979_ccrop.jpg,Basophil,irregular,bukan_neutrofil,0,0,0,0,0,5456
BA_902136_ccrop.jpg,Basophil,segmented-bilobed,bukan_neutrofil,0,0,0,0,0,5221
BA_903017_ccrop.jpg,Basophil,segmented-bilobed,bukan_neutrofil,0,0,0,0,0,6588
BA_904365_ccrop.jpg,Basophil,irregular,bukan_neutrofil,0,0,0,0,0,8349
BA_904489_ccrop.jpg,Basophil,irregular,bukan_neutrofil,0,0,0,0,0,7564
BA_906734_ccrop.jpg,Basophil,segmented-bilobed,bukan_neutrofil,0,0,0,0,0,6277
BA_909453_ccrop.jpg,Basophil,irregular,bukan_neutrofil,0,0,0,0,0,6856
BA_911725_ccrop.jpg,Basophil,segmented-bilobed,bukan_neutrofil,0,0,0,0,0,5401
BA_911932_ccrop.jpg,Basophil,irregular,bukan_neutrofil,1,15,15,0,1,6516
BA_913408_ccrop.jpg,Basophil,segmented-multilobed,bukan_neutrofil,1,92,92,0,1,6137
BA_914096_ccrop.jpg,Basophil,irregular,bukan_neutrofil,0,0,0,0,0,11455
BA_915247_ccrop.jpg,Basophil,irregular,bukan_neutrofil,0,0,0,0,0,7788
BA_915476_ccrop.jpg,Basophil,segmented-multilobed,bukan_neutrofil,0,0,0,0,0,7541
BA_916894_ccrop.jpg,Basophil,segmented-multilobed,bukan_neutrofil,0,0,0,0,0,7728
BA_917697_ccrop.jpg,Basophil,irregular,bukan_neutrofil,0,0,0,0,0,5436
BA_918397_ccrop.jpg,Basophil,segmented-multilobed,bukan_neutrofil,0,0,0,0,0,3002
BA_920815_ccrop.jpg,Basophil,irregular,bukan_neutrofil,0,0,0,0,0,7284
BA_921895_ccrop.jpg,Basophil,segmented-bilobed,bukan_neutrofil,1,272,272,0,1,8390
BA_922284_ccrop.jpg,Basophil,segmented-bilobed,bukan_neutrofil,0,0,0,0,0,6857
BA_922772_ccrop.jpg,Basophil,unsegmented-band,bukan_neutrofil,1,122,122,0,1,7273
BA_92330_ccrop.jpg,Basophil,irregular,bukan_neutrofil,0,0,0,0,0,6982
BA_925938_ccrop.jpg,Basophil,segmented-bilobed,bukan_neutrofil,1,545,545,0,1,6511
BA_928397_ccrop.jpg,Basophil,segmented-bilobed,bukan_neutrofil,0,0,0,0,0,5141
BA_929127_ccrop.jpg,Basophil,segmented-multilobed,bukan_neutrofil,1,363,363,0,1,6350
BA_93046_ccrop.jpg,Basophil,unsegmented-band,bukan_neutrofil,0,0,0,0,0,5133
BA_931113_ccrop.jpg,Basophil,unsegmented-round,bukan_neutrofil,0,0,0,0,0,5287
BA_931171_ccrop.jpg,Basophil,segmented-multilobed,bukan_neutrofil,0,0,0,0,0,5012
BA_931425_ccrop.jpg,Basophil,irregular,bukan_neutrofil,0,0,0,0,0,7872
BA_932159_ccrop.jpg,Basophil,segmented-multilobed,bukan_neutrofil,0,0,0,0,0,7884
BA_933664_ccrop.jpg,Basophil,irregular,bukan_neutrofil,0,0,0,0,0,6997
BA_935881_ccrop.jpg,Basophil,segmented-multilobed,bukan_neutrofil,0,0,0,0,0,5630
BA_937156_ccrop.jpg,Basophil,irregular,bukan_neutrofil,1,11,11,0,1,8768
BA_937420_ccrop.jpg,Basophil,segmented-bilobed,bukan_neutrofil,0,0,0,0,0,5269
BA_93822_ccrop.jpg,Basophil,segmented-bilobed,bukan_neutrofil,1,40,40,0,1,6726
BA_938817_ccrop.jpg,Basophil,irregular,bukan_neutrofil,0,0,0,0,0,7258
BA_939188_ccrop.jpg,Basophil,segmented-bilobed,bukan_neutrofil,0,0,0,0,0,5801
BA_943255_ccrop.jpg,Basophil,irregular,bukan_neutrofil,0,0,0,0,0,6222
BA_94405_ccrop.jpg,Basophil,segmented-multilobed,bukan_neutrofil,1,2,2,0,1,5963
BA_944690_ccrop.jpg,Basophil,segmented-bilobed,bukan_neutrofil,0,0,0,0,0,5522
BA_945174_ccrop.jpg,Basophil,segmented-bilobed,bukan_neutrofil,0,0,0,0,0,6867
BA_945631_ccrop.jpg,Basophil,segmented-bilobed,bukan_neutrofil,0,0,0,0,0,5560
BA_946406_ccrop.jpg,Basophil,segmented-bilobed,bukan_neutrofil,1,8,8,0,1,6602
BA_949685_ccrop.jpg,Basophil,irregular,bukan_neutrofil,0,0,0,0,0,5753
BA_951184_ccrop.jpg,Basophil,irregular,bukan_neutrofil,0,0,0,0,0,6226
BA_952797_ccrop.jpg,Basophil,segmented-bilobed,bukan_neutrofil,0,0,0,0,0,7379
BA_953133_ccrop.jpg,Basophil,irregular,bukan_neutrofil,0,0,0,0,0,7199
BA_953342_ccrop.jpg,Basophil,irregular,bukan_neutrofil,0,0,0,0,0,6269
BA_95396_ccrop.jpg,Basophil,segmented-multilobed,bukan_neutrofil,0,0,0,0,0,7323
BA_954165_ccrop.jpg,Basophil,irregular,bukan_neutrofil,0,0,0,0,0,8057
BA_957241_ccrop.jpg,Basophil,irregular,bukan_neutrofil,2,108,94,0,2,6885
BA_961010_ccrop.jpg,Basophil,segmented-bilobed,bukan_neutrofil,0,0,0,0,0,7121
BA_963023_ccrop.jpg,Basophil,segmented-bilobed,bukan_neutrofil,0,0,0,0,0,5192
BA_965179_ccrop.jpg,Basophil,irregular,bukan_neutrofil,0,0,0,0,0,6171
BA_965389_ccrop.jpg,Basophil,irregular,bukan_neutrofil,2,10,9,0,2,6357
BA_968993_ccrop.jpg,Basophil,irregular,bukan_neutrofil,0,0,0,0,0,6325
BA_970453_ccrop.jpg,Basophil,irregular,bukan_neutrofil,0,0,0,0,0,6554
BA_975423_ccrop.jpg,Basophil,irregular,bukan_neutrofil,0,0,0,0,0,4960
BA_975585_ccrop.jpg,Basophil,segmented-bilobed,bukan_neutrofil,1,17,17,0,1,6298
BA_977935_ccrop.jpg,Basophil,segmented-bilobed,bukan_neutrofil,0,0,0,0,0,6777
BA_980473_ccrop.jpg,Basophil,irregular,bukan_neutrofil,1,10,10,0,1,9206
BA_98051_ccrop.jpg,Basophil,irregular,bukan_neutrofil,2,27,23,0,2,5131
BA_981874_ccrop.jpg,Basophil,segmented-multilobed,bukan_neutrofil,0,0,0,0,0,7477
BA_982393_ccrop.jpg,Basophil,segmented-multilobed,bukan_neutrofil,0,0,0,0,0,6788
BA_985011_ccrop.jpg,Basophil,segmented-multilobed,bukan_neutrofil,0,0,0,0,0,6724
BA_985054_ccrop.jpg,Basophil,segmented-multilobed,bukan_neutrofil,0,0,0,0,0,6826
BA_985581_ccrop.jpg,Basophil,segmented-bilobed,bukan_neutrofil,0,0,0,0,0,6679
BA_986028_ccrop.jpg,Basophil,unsegmented-band,bukan_neutrofil,0,0,0,0,0,7238
BA_988506_ccrop.jpg,Basophil,irregular,bukan_neutrofil,0,0,0,0,0,7663
BA_989748_ccrop.jpg,Basophil,segmented-bilobed,bukan_neutrofil,1,32,32,0,1,7496
BA_990612_ccrop.jpg,Basophil,irregular,bukan_neutrofil,0,0,0,0,0,7196
BA_992703_ccrop.jpg,Basophil,irregular,bukan_neutrofil,0,0,0,0,0,5316
BA_99303_ccrop.jpg,Basophil,segmented-multilobed,bukan_neutrofil,0,0,0,0,0,7517
BA_993193_ccrop.jpg,Basophil,segmented-bilobed,bukan_neutrofil,0,0,0,0,0,7773
BA_994113_ccrop.jpg,Basophil,segmented-bilobed,bukan_neutrofil,0,0,0,0,0,6780
BA_994179_ccrop.jpg,Basophil,segmented-bilobed,bukan_neutrofil,1,376,376,0,1,6379
BA_995394_ccrop.jpg,Basophil,segmented-multilobed,bukan_neutrofil,0,0,0,0,0,6377
BA_99625_ccrop.jpg,Basophil,segmented-bilobed,bukan_neutrofil,0,0,0,0,0,7535
BNE_100878_ccrop.jpg,Neutrophil,unsegmented-band,A_sepakat_band,0,0,0,0,0,5582
BNE_101082_ccrop.jpg,Neutrophil,unsegmented-band,A_sepakat_band,0,0,0,0,0,5645
BNE_101234_ccrop.jpg,Neutrophil,unsegmented-band,A_sepakat_band,0,0,0,0,0,5383
BNE_102129_ccrop.jpg,Neutrophil,unsegmented-band,A_sepakat_band,0,0,0,0,0,7579
BNE_102779_ccrop.jpg,Neutrophil,unsegmented-band,A_sepakat_band,0,0,0,0,0,6820
BNE_102912_ccrop.jpg,Neutrophil,unsegmented-band,A_sepakat_band,0,0,0,0,0,6558
BNE_103440_ccrop.jpg,Neutrophil,unsegmented-band,A_sepakat_band,0,0,0,0,0,6326
BNE_104344_ccrop.jpg,Neutrophil,unsegmented-band,A_sepakat_band,0,0,0,0,0,5401
BNE_105060_ccrop.jpg,Neutrophil,unsegmented-band,A_sepakat_band,0,0,0,0,0,5271
BNE_105090_ccrop.jpg,Neutrophil,unsegmented-band,A_sepakat_band,0,0,0,0,0,5098
BNE_105145_ccrop.jpg,Neutrophil,unsegmented-band,A_sepakat_band,0,0,0,0,0,4637
BNE_106934_ccrop.jpg,Neutrophil,unsegmented-band,A_sepakat_band,1,488,488,0,1,4824
BNE_108207_ccrop.jpg,Neutrophil,unsegmented-indented,E_lainnya,0,0,0,0,0,6207
BNE_109895_ccrop.jpg,Neutrophil,unsegmented-band,A_sepakat_band,0,0,0,0,0,6612
BNE_111339_ccrop.jpg,Neutrophil,unsegmented-band,A_sepakat_band,0,0,0,0,0,6383
BNE_111504_ccrop.jpg,Neutrophil,unsegmented-band,A_sepakat_band,0,0,0,0,0,5438
BNE_112944_ccrop.jpg,Neutrophil,unsegmented-band,A_sepakat_band,0,0,0,0,0,5915
BNE_112967_ccrop.jpg,Neutrophil,unsegmented-band,A_sepakat_band,0,0,0,0,0,5349
BNE_113656_ccrop.jpg,Neutrophil,unsegmented-band,A_sepakat_band,0,0,0,0,0,3904
BNE_114654_ccrop.jpg,Neutrophil,unsegmented-band,A_sepakat_band,0,0,0,0,0,6665
BNE_115189_ccrop.jpg,Neutrophil,unsegmented-band,A_sepakat_band,0,0,0,0,0,5310
BNE_115257_ccrop.jpg,Neutrophil,unsegmented-band,A_sepakat_band,1,122,122,0,1,4362
BNE_118878_ccrop.jpg,Neutrophil,unsegmented-band,A_sepakat_band,0,0,0,0,0,4948
BNE_121986_ccrop.jpg,Neutrophil,unsegmented-band,A_sepakat_band,0,0,0,0,0,5963
BNE_124082_ccrop.jpg,Neutrophil,unsegmented-band,A_sepakat_band,0,0,0,0,0,5581
BNE_124086_ccrop.jpg,Neutrophil,unsegmented-band,A_sepakat_band,0,0,0,0,0,5016
BNE_125415_ccrop.jpg,Neutrophil,unsegmented-band,A_sepakat_band,0,0,0,0,0,5973
BNE_125604_ccrop.jpg,Neutrophil,unsegmented-band,A_sepakat_band,0,0,0,0,0,5497
BNE_125774_ccrop.jpg,Neutrophil,unsegmented-band,A_sepakat_band,2,411,410,0,2,5281
BNE_125889_ccrop.jpg,Neutrophil,unsegmented-band,A_sepakat_band,0,0,0,0,0,5681
BNE_126596_ccrop.jpg,Neutrophil,unsegmented-band,A_sepakat_band,1,225,225,0,1,5026
BNE_127951_ccrop.jpg,Neutrophil,unsegmented-band,A_sepakat_band,0,0,0,0,0,5115
BNE_128335_ccrop.jpg,Neutrophil,unsegmented-band,A_sepakat_band,0,0,0,0,0,5576
BNE_128511_ccrop.jpg,Neutrophil,unsegmented-band,A_sepakat_band,0,0,0,0,0,6088
BNE_128562_ccrop.jpg,Neutrophil,unsegmented-band,A_sepakat_band,0,0,0,0,0,4979
BNE_129177_ccrop.jpg,Neutrophil,irregular,E_lainnya,0,0,0,0,0,5018
BNE_129649_ccrop.jpg,Neutrophil,unsegmented-band,A_sepakat_band,0,0,0,0,0,4587
BNE_131871_ccrop.jpg,Neutrophil,unsegmented-band,A_sepakat_band,0,0,0,0,0,4702
BNE_133048_ccrop.jpg,Neutrophil,unsegmented-band,A_sepakat_band,1,623,623,0,1,5265
BNE_133301_ccrop.jpg,Neutrophil,unsegmented-band,A_sepakat_band,0,0,0,0,0,6164
BNE_135293_ccrop.jpg,Neutrophil,unsegmented-band,A_sepakat_band,0,0,0,0,0,5314
BNE_137691_ccrop.jpg,Neutrophil,unsegmented-band,A_sepakat_band,0,0,0,0,0,5837
BNE_138667_ccrop.jpg,Neutrophil,unsegmented-band,A_sepakat_band,0,0,0,0,0,5422
BNE_139528_ccrop.jpg,Neutrophil,unsegmented-band,A_sepakat_band,0,0,0,0,0,4813
BNE_139893_ccrop.jpg,Neutrophil,unsegmented-band,A_sepakat_band,0,0,0,0,0,7140
BNE_140522_ccrop.jpg,Neutrophil,unsegmented-band,A_sepakat_band,1,532,532,0,1,6467
BNE_141953_ccrop.jpg,Neutrophil,unsegmented-band,A_sepakat_band,0,0,0,0,0,5619
BNE_143245_ccrop.jpg,Neutrophil,unsegmented-band,A_sepakat_band,0,0,0,0,0,7370
BNE_145817_ccrop.jpg,Neutrophil,unsegmented-band,A_sepakat_band,0,0,0,0,0,4629
BNE_145948_ccrop.jpg,Neutrophil,unsegmented-band,A_sepakat_band,0,0,0,0,0,5665
BNE_147218_ccrop.jpg,Neutrophil,unsegmented-band,A_sepakat_band,0,0,0,0,0,5651
BNE_147710_ccrop.jpg,Neutrophil,unsegmented-band,A_sepakat_band,0,0,0,0,0,5860
BNE_147908_ccrop.jpg,Neutrophil,unsegmented-band,A_sepakat_band,0,0,0,0,0,5514
BNE_148538_ccrop.jpg,Neutrophil,unsegmented-band,A_sepakat_band,0,0,0,0,0,6297
BNE_150545_ccrop.jpg,Neutrophil,unsegmented-band,A_sepakat_band,1,269,269,0,1,5159
BNE_151054_ccrop.jpg,Neutrophil,unsegmented-band,A_sepakat_band,0,0,0,0,0,6423
BNE_152051_ccrop.jpg,Neutrophil,unsegmented-band,A_sepakat_band,0,0,0,0,0,5474
BNE_153786_ccrop.jpg,Neutrophil,unsegmented-band,A_sepakat_band,0,0,0,0,0,6283
BNE_154092_ccrop.jpg,Neutrophil,unsegmented-band,A_sepakat_band,0,0,0,0,0,4701
BNE_155905_ccrop.jpg,Neutrophil,unsegmented-band,A_sepakat_band,0,0,0,0,0,6326
BNE_156651_ccrop.jpg,Neutrophil,unsegmented-band,A_sepakat_band,0,0,0,0,0,6819
BNE_157937_ccrop.jpg,Neutrophil,unsegmented-band,A_sepakat_band,0,0,0,0,0,6105
BNE_158179_ccrop.jpg,Neutrophil,unsegmented-band,A_sepakat_band,4,6,2,0,4,5022
BNE_159250_ccrop.jpg,Neutrophil,unsegmented-band,A_sepakat_band,0,0,0,0,0,5008
BNE_159609_ccrop.jpg,Neutrophil,unsegmented-band,A_sepakat_band,0,0,0,0,0,6243
BNE_162202_ccrop.jpg,Neutrophil,unsegmented-band,A_sepakat_band,0,0,0,0,0,4764
BNE_162618_ccrop.jpg,Neutrophil,unsegmented-band,A_sepakat_band,0,0,0,0,0,6558
BNE_162735_ccrop.jpg,Neutrophil,unsegmented-band,A_sepakat_band,0,0,0,0,0,5761
BNE_162999_ccrop.jpg,Neutrophil,unsegmented-band,A_sepakat_band,0,0,0,0,0,5943
BNE_163373_ccrop.jpg,Neutrophil,unsegmented-band,A_sepakat_band,0,0,0,0,0,4682
BNE_163974_ccrop.jpg,Neutrophil,unsegmented-band,A_sepakat_band,6,47,39,0,6,4954
BNE_164468_ccrop.jpg,Neutrophil,unsegmented-band,A_sepakat_band,0,0,0,0,0,5367
BNE_164917_ccrop.jpg,Neutrophil,unsegmented-band,A_sepakat_band,0,0,0,0,0,5230
BNE_168987_ccrop.jpg,Neutrophil,unsegmented-band,A_sepakat_band,0,0,0,0,0,6590
BNE_169393_ccrop.jpg,Neutrophil,unsegmented-band,A_sepakat_band,1,55,55,0,1,4916
BNE_172318_ccrop.jpg,Neutrophil,unsegmented-band,A_sepakat_band,1,33,33,0,1,6105
BNE_172884_ccrop.jpg,Neutrophil,unsegmented-band,A_sepakat_band,0,0,0,0,0,5890
BNE_173369_ccrop.jpg,Neutrophil,unsegmented-band,A_sepakat_band,0,0,0,0,0,6126
BNE_174167_ccrop.jpg,Neutrophil,unsegmented-band,A_sepakat_band,0,0,0,0,0,6196
BNE_174448_ccrop.jpg,Neutrophil,unsegmented-band,A_sepakat_band,0,0,0,0,0,6609
BNE_175205_ccrop.jpg,Neutrophil,unsegmented-band,A_sepakat_band,0,0,0,0,0,5314
BNE_175617_ccrop.jpg,Neutrophil,unsegmented-band,A_sepakat_band,0,0,0,0,0,5691
BNE_175829_ccrop.jpg,Neutrophil,unsegmented-band,A_sepakat_band,0,0,0,0,0,3961
BNE_179854_ccrop.jpg,Neutrophil,unsegmented-band,A_sepakat_band,0,0,0,0,0,7227
BNE_179915_ccrop.jpg,Neutrophil,unsegmented-band,A_sepakat_band,0,0,0,0,0,6274
BNE_179976_ccrop.jpg,Neutrophil,unsegmented-band,A_sepakat_band,3,3,1,0,3,5642
BNE_180266_ccrop.jpg,Neutrophil,unsegmented-band,A_sepakat_band,0,0,0,0,0,5290
BNE_180631_ccrop.jpg,Neutrophil,unsegmented-band,A_sepakat_band,0,0,0,0,0,8111
BNE_181227_ccrop.jpg,Neutrophil,unsegmented-band,A_sepakat_band,0,0,0,0,0,5885
BNE_181624_ccrop.jpg,Neutrophil,unsegmented-band,A_sepakat_band,0,0,0,0,0,4587
BNE_181803_ccrop.jpg,Neutrophil,unsegmented-band,A_sepakat_band,0,0,0,0,0,5275
BNE_182172_ccrop.jpg,Neutrophil,unsegmented-band,A_sepakat_band,0,0,0,0,0,6883
BNE_1830_ccrop.jpg,Neutrophil,unsegmented-band,A_sepakat_band,0,0,0,0,0,5503
BNE_184051_ccrop.jpg,Neutrophil,unsegmented-band,A_sepakat_band,0,0,0,0,0,4951
BNE_184808_ccrop.jpg,Neutrophil,unsegmented-band,A_sepakat_band,0,0,0,0,0,6409
BNE_185561_ccrop.jpg,Neutrophil,unsegmented-band,A_sepakat_band,0,0,0,0,0,5766
BNE_186122_ccrop.jpg,Neutrophil,irregular,E_lainnya,0,0,0,0,0,6338
BNE_186526_ccrop.jpg,Neutrophil,unsegmented-band,A_sepakat_band,0,0,0,0,0,5602
BNE_188626_ccrop.jpg,Neutrophil,unsegmented-band,A_sepakat_band,0,0,0,0,0,8742
BNE_189402_ccrop.jpg,Neutrophil,unsegmented-band,A_sepakat_band,0,0,0,0,0,5186
BNE_191639_ccrop.jpg,Neutrophil,unsegmented-band,A_sepakat_band,0,0,0,0,0,7876
BNE_191700_ccrop.jpg,Neutrophil,unsegmented-band,A_sepakat_band,0,0,0,0,0,5396
BNE_196260_ccrop.jpg,Neutrophil,unsegmented-band,A_sepakat_band,2,2,1,0,2,5947
BNE_196924_ccrop.jpg,Neutrophil,segmented-bilobed,D_konflik_BNE_segmented,2,10,7,0,2,6196
BNE_197336_ccrop.jpg,Neutrophil,unsegmented-band,A_sepakat_band,2,23,20,0,2,6213
BNE_197388_ccrop.jpg,Neutrophil,unsegmented-band,A_sepakat_band,0,0,0,0,0,8607
BNE_197399_ccrop.jpg,Neutrophil,unsegmented-band,A_sepakat_band,0,0,0,0,0,4530
BNE_199310_ccrop.jpg,Neutrophil,unsegmented-band,A_sepakat_band,1,949,949,0,1,4990
BNE_200172_ccrop.jpg,Neutrophil,unsegmented-band,A_sepakat_band,0,0,0,0,0,5281
BNE_200354_ccrop.jpg,Neutrophil,unsegmented-band,A_sepakat_band,0,0,0,0,0,7410
BNE_204601_ccrop.jpg,Neutrophil,unsegmented-band,A_sepakat_band,0,0,0,0,0,4958
BNE_204774_ccrop.jpg,Neutrophil,unsegmented-band,A_sepakat_band,0,0,0,0,0,6615
BNE_207654_ccrop.jpg,Neutrophil,unsegmented-band,A_sepakat_band,0,0,0,0,0,4778
BNE_207715_ccrop.jpg,Neutrophil,unsegmented-band,A_sepakat_band,0,0,0,0,0,5265
BNE_207900_ccrop.jpg,Neutrophil,unsegmented-band,A_sepakat_band,0,0,0,0,0,5004
BNE_208576_ccrop.jpg,Neutrophil,unsegmented-band,A_sepakat_band,0,0,0,0,0,6579
BNE_208829_ccrop.jpg,Neutrophil,unsegmented-band,A_sepakat_band,1,60,60,0,1,7354
BNE_209954_ccrop.jpg,Neutrophil,unsegmented-band,A_sepakat_band,0,0,0,0,0,4906
BNE_210217_ccrop.jpg,Neutrophil,unsegmented-band,A_sepakat_band,0,0,0,0,0,7291
BNE_210628_ccrop.jpg,Neutrophil,unsegmented-band,A_sepakat_band,0,0,0,0,0,6556
BNE_210724_ccrop.jpg,Neutrophil,unsegmented-band,A_sepakat_band,1,25,25,0,1,6876
BNE_211063_ccrop.jpg,Neutrophil,unsegmented-band,A_sepakat_band,0,0,0,0,0,4987
BNE_211504_ccrop.jpg,Neutrophil,unsegmented-band,A_sepakat_band,0,0,0,0,0,6194
BNE_212149_ccrop.jpg,Neutrophil,unsegmented-band,A_sepakat_band,0,0,0,0,0,5248
BNE_212416_ccrop.jpg,Neutrophil,unsegmented-band,A_sepakat_band,0,0,0,0,0,4179
BNE_213160_ccrop.jpg,Neutrophil,unsegmented-band,A_sepakat_band,0,0,0,0,0,6144
BNE_214018_ccrop.jpg,Neutrophil,unsegmented-band,A_sepakat_band,0,0,0,0,0,6510
BNE_215066_ccrop.jpg,Neutrophil,unsegmented-band,A_sepakat_band,0,0,0,0,0,4748
BNE_215841_ccrop.jpg,Neutrophil,unsegmented-band,A_sepakat_band,0,0,0,0,0,5680
BNE_217172_ccrop.jpg,Neutrophil,unsegmented-band,A_sepakat_band,0,0,0,0,0,5068
BNE_218516_ccrop.jpg,Neutrophil,unsegmented-band,A_sepakat_band,1,28,28,0,1,5106
BNE_220181_ccrop.jpg,Neutrophil,unsegmented-band,A_sepakat_band,0,0,0,0,0,7809
BNE_221053_ccrop.jpg,Neutrophil,unsegmented-band,A_sepakat_band,0,0,0,0,0,4947
BNE_221104_ccrop.jpg,Neutrophil,irregular,E_lainnya,0,0,0,0,0,5682
BNE_225075_ccrop.jpg,Neutrophil,unsegmented-band,A_sepakat_band,0,0,0,0,0,5323
BNE_225821_ccrop.jpg,Neutrophil,unsegmented-band,A_sepakat_band,0,0,0,0,0,4545
BNE_226455_ccrop.jpg,Neutrophil,unsegmented-band,A_sepakat_band,0,0,0,0,0,4871
BNE_227495_ccrop.jpg,Neutrophil,unsegmented-band,A_sepakat_band,0,0,0,0,0,5017
BNE_228660_ccrop.jpg,Neutrophil,unsegmented-indented,E_lainnya,0,0,0,0,0,5657
BNE_229603_ccrop.jpg,Neutrophil,unsegmented-band,A_sepakat_band,0,0,0,0,0,6213
BNE_229896_ccrop.jpg,Neutrophil,unsegmented-band,A_sepakat_band,0,0,0,0,0,5649
BNE_230478_ccrop.jpg,Neutrophil,segmented-bilobed,D_konflik_BNE_segmented,0,0,0,0,0,4741
BNE_231171_ccrop.jpg,Neutrophil,unsegmented-band,A_sepakat_band,0,0,0,0,0,5382
BNE_233784_ccrop.jpg,Neutrophil,unsegmented-band,A_sepakat_band,0,0,0,0,0,6182
BNE_235785_ccrop.jpg,Neutrophil,unsegmented-band,A_sepakat_band,1,171,171,0,1,4761
BNE_239147_ccrop.jpg,Neutrophil,unsegmented-band,A_sepakat_band,1,2,2,0,1,5031
BNE_239868_ccrop.jpg,Neutrophil,unsegmented-band,A_sepakat_band,0,0,0,0,0,4941
BNE_240705_ccrop.jpg,Neutrophil,unsegmented-band,A_sepakat_band,0,0,0,0,0,6374
BNE_241283_ccrop.jpg,Neutrophil,unsegmented-band,A_sepakat_band,0,0,0,0,0,4718
BNE_242154_ccrop.jpg,Neutrophil,unsegmented-band,A_sepakat_band,0,0,0,0,0,5922
BNE_242171_ccrop.jpg,Neutrophil,unsegmented-band,A_sepakat_band,0,0,0,0,0,5202
BNE_242487_ccrop.jpg,Neutrophil,unsegmented-band,A_sepakat_band,0,0,0,0,0,5131
BNE_243975_ccrop.jpg,Neutrophil,unsegmented-band,A_sepakat_band,0,0,0,0,0,5728
BNE_244495_ccrop.jpg,Neutrophil,unsegmented-band,A_sepakat_band,0,0,0,0,0,4857
BNE_245676_ccrop.jpg,Neutrophil,unsegmented-band,A_sepakat_band,0,0,0,0,0,6328
BNE_245747_ccrop.jpg,Neutrophil,unsegmented-band,A_sepakat_band,0,0,0,0,0,5072
BNE_246456_ccrop.jpg,Neutrophil,segmented-multilobed,D_konflik_BNE_segmented,8,100,71,0,8,5415
BNE_248619_ccrop.jpg,Neutrophil,unsegmented-band,A_sepakat_band,3,460,457,0,3,5191
BNE_248704_ccrop.jpg,Neutrophil,unsegmented-band,A_sepakat_band,0,0,0,0,0,5456
BNE_248881_ccrop.jpg,Neutrophil,unsegmented-band,A_sepakat_band,0,0,0,0,0,4875
BNE_2506_ccrop.jpg,Neutrophil,unsegmented-band,A_sepakat_band,0,0,0,0,0,5618
BNE_252057_ccrop.jpg,Neutrophil,unsegmented-band,A_sepakat_band,0,0,0,0,0,4881
BNE_252085_ccrop.jpg,Neutrophil,unsegmented-band,A_sepakat_band,0,0,0,0,0,7931
BNE_252524_ccrop.jpg,Neutrophil,irregular,E_lainnya,0,0,0,0,0,5044
BNE_253038_ccrop.jpg,Neutrophil,unsegmented-band,A_sepakat_band,1,1,1,0,1,5915
BNE_253450_ccrop.jpg,Neutrophil,unsegmented-band,A_sepakat_band,0,0,0,0,0,6675
BNE_256349_ccrop.jpg,Neutrophil,unsegmented-band,A_sepakat_band,0,0,0,0,0,5164
BNE_260007_ccrop.jpg,Neutrophil,unsegmented-band,A_sepakat_band,0,0,0,0,0,5885
BNE_260247_ccrop.jpg,Neutrophil,unsegmented-band,A_sepakat_band,0,0,0,0,0,7299
BNE_261745_ccrop.jpg,Neutrophil,unsegmented-band,A_sepakat_band,0,0,0,0,0,6067
BNE_264386_ccrop.jpg,Neutrophil,unsegmented-band,A_sepakat_band,0,0,0,0,0,5886
BNE_266388_ccrop.jpg,Neutrophil,unsegmented-band,A_sepakat_band,0,0,0,0,0,5467
BNE_267414_ccrop.jpg,Neutrophil,unsegmented-band,A_sepakat_band,0,0,0,0,0,6132
BNE_267426_ccrop.jpg,Neutrophil,unsegmented-band,A_sepakat_band,0,0,0,0,0,6463
BNE_268233_ccrop.jpg,Neutrophil,unsegmented-band,A_sepakat_band,1,123,123,0,1,5069
BNE_269331_ccrop.jpg,Neutrophil,unsegmented-band,A_sepakat_band,0,0,0,0,0,5846
BNE_269438_ccrop.jpg,Neutrophil,unsegmented-band,A_sepakat_band,0,0,0,0,0,4762
BNE_269708_ccrop.jpg,Neutrophil,unsegmented-band,A_sepakat_band,0,0,0,0,0,7012
BNE_270323_ccrop.jpg,Neutrophil,unsegmented-band,A_sepakat_band,0,0,0,0,0,5384
BNE_272971_ccrop.jpg,Neutrophil,unsegmented-band,A_sepakat_band,0,0,0,0,0,6145
BNE_273369_ccrop.jpg,Neutrophil,unsegmented-band,A_sepakat_band,0,0,0,0,0,4786
BNE_273585_ccrop.jpg,Neutrophil,unsegmented-band,A_sepakat_band,0,0,0,0,0,6064
BNE_275283_ccrop.jpg,Neutrophil,segmented-multilobed,D_konflik_BNE_segmented,0,0,0,0,0,5578
BNE_275340_ccrop.jpg,Neutrophil,unsegmented-band,A_sepakat_band,0,0,0,0,0,5521
BNE_276002_ccrop.jpg,Neutrophil,unsegmented-band,A_sepakat_band,0,0,0,0,0,4803
BNE_276467_ccrop.jpg,Neutrophil,unsegmented-band,A_sepakat_band,0,0,0,0,0,6581
BNE_277078_ccrop.jpg,Neutrophil,unsegmented-band,A_sepakat_band,0,0,0,0,0,5681
BNE_277387_ccrop.jpg,Neutrophil,unsegmented-band,A_sepakat_band,0,0,0,0,0,6577
BNE_277683_ccrop.jpg,Neutrophil,unsegmented-band,A_sepakat_band,0,0,0,0,0,5415
BNE_277907_ccrop.jpg,Neutrophil,segmented-bilobed,D_konflik_BNE_segmented,1,50,50,0,1,5289
BNE_277934_ccrop.jpg,Neutrophil,unsegmented-band,A_sepakat_band,0,0,0,0,0,4657
BNE_277969_ccrop.jpg,Neutrophil,unsegmented-band,A_sepakat_band,0,0,0,0,0,6472
BNE_278616_ccrop.jpg,Neutrophil,unsegmented-band,A_sepakat_band,0,0,0,0,0,5866
BNE_279176_ccrop.jpg,Neutrophil,unsegmented-band,A_sepakat_band,0,0,0,0,0,5999
BNE_279206_ccrop.jpg,Neutrophil,segmented-bilobed,D_konflik_BNE_segmented,0,0,0,0,0,4709
BNE_279578_ccrop.jpg,Neutrophil,unsegmented-band,A_sepakat_band,0,0,0,0,0,7683
BNE_280912_ccrop.jpg,Neutrophil,unsegmented-band,A_sepakat_band,0,0,0,0,0,6565
BNE_2810_ccrop.jpg,Neutrophil,unsegmented-band,A_sepakat_band,0,0,0,0,0,7136
BNE_284465_ccrop.jpg,Neutrophil,unsegmented-band,A_sepakat_band,1,214,214,0,1,6169
BNE_28484_ccrop.jpg,Neutrophil,unsegmented-band,A_sepakat_band,0,0,0,0,0,5151
BNE_285800_ccrop.jpg,Neutrophil,unsegmented-band,A_sepakat_band,0,0,0,0,0,6143
BNE_286463_ccrop.jpg,Neutrophil,unsegmented-band,A_sepakat_band,0,0,0,0,0,5938
BNE_286545_ccrop.jpg,Neutrophil,unsegmented-band,A_sepakat_band,0,0,0,0,0,6094
BNE_286728_ccrop.jpg,Neutrophil,unsegmented-band,A_sepakat_band,0,0,0,0,0,10135
BNE_287681_ccrop.jpg,Neutrophil,unsegmented-band,A_sepakat_band,0,0,0,0,0,5331
BNE_287880_ccrop.jpg,Neutrophil,segmented-bilobed,D_konflik_BNE_segmented,0,0,0,0,0,4723
BNE_288032_ccrop.jpg,Neutrophil,unsegmented-band,A_sepakat_band,0,0,0,0,0,6925
BNE_288455_ccrop.jpg,Neutrophil,unsegmented-band,A_sepakat_band,0,0,0,0,0,6850
BNE_289043_ccrop.jpg,Neutrophil,unsegmented-band,A_sepakat_band,0,0,0,0,0,5217
BNE_289214_ccrop.jpg,Neutrophil,unsegmented-band,A_sepakat_band,0,0,0,0,0,5383
BNE_291790_ccrop.jpg,Neutrophil,unsegmented-band,A_sepakat_band,0,0,0,0,0,4900
BNE_29265_ccrop.jpg,Neutrophil,unsegmented-band,A_sepakat_band,0,0,0,0,0,5801
BNE_294032_ccrop.jpg,Neutrophil,unsegmented-band,A_sepakat_band,0,0,0,0,0,5079
BNE_295498_ccrop.jpg,Neutrophil,unsegmented-band,A_sepakat_band,0,0,0,0,0,5558
BNE_295613_ccrop.jpg,Neutrophil,unsegmented-band,A_sepakat_band,1,17,17,0,1,6598
BNE_296056_ccrop.jpg,Neutrophil,unsegmented-band,A_sepakat_band,0,0,0,0,0,6422
BNE_296511_ccrop.jpg,Neutrophil,irregular,E_lainnya,1,6,6,0,1,5236
BNE_297581_ccrop.jpg,Neutrophil,unsegmented-band,A_sepakat_band,0,0,0,0,0,6066
BNE_297908_ccrop.jpg,Neutrophil,unsegmented-band,A_sepakat_band,0,0,0,0,0,5835
BNE_29805_ccrop.jpg,Neutrophil,unsegmented-band,A_sepakat_band,0,0,0,0,0,5796
BNE_30042_ccrop.jpg,Neutrophil,unsegmented-band,A_sepakat_band,0,0,0,0,0,5747
BNE_301347_ccrop.jpg,Neutrophil,unsegmented-band,A_sepakat_band,0,0,0,0,0,6044
BNE_30164_ccrop.jpg,Neutrophil,unsegmented-band,A_sepakat_band,0,0,0,0,0,5116
BNE_302976_ccrop.jpg,Neutrophil,unsegmented-band,A_sepakat_band,0,0,0,0,0,5426
BNE_303848_ccrop.jpg,Neutrophil,unsegmented-band,A_sepakat_band,0,0,0,0,0,5493
BNE_305565_ccrop.jpg,Neutrophil,unsegmented-band,A_sepakat_band,0,0,0,0,0,4836
BNE_305662_ccrop.jpg,Neutrophil,unsegmented-band,A_sepakat_band,0,0,0,0,0,5893
BNE_306476_ccrop.jpg,Neutrophil,segmented-multilobed,D_konflik_BNE_segmented,0,0,0,0,0,5014
BNE_307253_ccrop.jpg,Neutrophil,unsegmented-band,A_sepakat_band,0,0,0,0,0,7288
BNE_307540_ccrop.jpg,Neutrophil,unsegmented-band,A_sepakat_band,0,0,0,0,0,5018
BNE_307591_ccrop.jpg,Neutrophil,unsegmented-band,A_sepakat_band,0,0,0,0,0,5138
BNE_309023_ccrop.jpg,Neutrophil,unsegmented-band,A_sepakat_band,0,0,0,0,0,5212
BNE_309082_ccrop.jpg,Neutrophil,unsegmented-band,A_sepakat_band,0,0,0,0,0,5293
BNE_309263_ccrop.jpg,Neutrophil,unsegmented-band,A_sepakat_band,0,0,0,0,0,6415
BNE_309326_ccrop.jpg,Neutrophil,unsegmented-band,A_sepakat_band,0,0,0,0,0,6341
BNE_30987_ccrop.jpg,Neutrophil,unsegmented-band,A_sepakat_band,0,0,0,0,0,6791
BNE_310407_ccrop.jpg,Neutrophil,unsegmented-band,A_sepakat_band,0,0,0,0,0,8215
BNE_31049_ccrop.jpg,Neutrophil,unsegmented-band,A_sepakat_band,0,0,0,0,0,5275
BNE_311194_ccrop.jpg,Neutrophil,unsegmented-band,A_sepakat_band,0,0,0,0,0,5276
BNE_313131_ccrop.jpg,Neutrophil,unsegmented-band,A_sepakat_band,3,163,96,0,3,5264
BNE_314110_ccrop.jpg,Neutrophil,unsegmented-band,A_sepakat_band,0,0,0,0,0,5604
BNE_314545_ccrop.jpg,Neutrophil,unsegmented-band,A_sepakat_band,0,0,0,0,0,5583
BNE_315095_ccrop.jpg,Neutrophil,unsegmented-band,A_sepakat_band,0,0,0,0,0,5793
BNE_315281_ccrop.jpg,Neutrophil,unsegmented-band,A_sepakat_band,0,0,0,0,0,4702
BNE_315742_ccrop.jpg,Neutrophil,unsegmented-band,A_sepakat_band,1,760,760,0,1,6031
BNE_315947_ccrop.jpg,Neutrophil,unsegmented-band,A_sepakat_band,1,101,101,0,1,4760
BNE_316679_ccrop.jpg,Neutrophil,unsegmented-band,A_sepakat_band,1,516,516,0,1,5616
BNE_316816_ccrop.jpg,Neutrophil,unsegmented-band,A_sepakat_band,0,0,0,0,0,5324
BNE_31736_ccrop.jpg,Neutrophil,unsegmented-band,A_sepakat_band,0,0,0,0,0,6846
BNE_318645_ccrop.jpg,Neutrophil,unsegmented-band,A_sepakat_band,0,0,0,0,0,5419
BNE_319497_ccrop.jpg,Neutrophil,unsegmented-band,A_sepakat_band,0,0,0,0,0,7100
BNE_320077_ccrop.jpg,Neutrophil,unsegmented-band,A_sepakat_band,0,0,0,0,0,5195
BNE_320789_ccrop.jpg,Neutrophil,unsegmented-band,A_sepakat_band,0,0,0,0,0,3860
BNE_322820_ccrop.jpg,Neutrophil,unsegmented-band,A_sepakat_band,0,0,0,0,0,5656
BNE_323493_ccrop.jpg,Neutrophil,unsegmented-band,A_sepakat_band,2,321,312,0,2,5061
BNE_326426_ccrop.jpg,Neutrophil,unsegmented-band,A_sepakat_band,0,0,0,0,0,7719
BNE_326739_ccrop.jpg,Neutrophil,unsegmented-band,A_sepakat_band,0,0,0,0,0,4718
BNE_328699_ccrop.jpg,Neutrophil,unsegmented-band,A_sepakat_band,0,0,0,0,0,5036
BNE_329880_ccrop.jpg,Neutrophil,unsegmented-band,A_sepakat_band,0,0,0,0,0,5643
BNE_331198_ccrop.jpg,Neutrophil,unsegmented-band,A_sepakat_band,0,0,0,0,0,5062
BNE_331262_ccrop.jpg,Neutrophil,unsegmented-band,A_sepakat_band,0,0,0,0,0,5957
BNE_331697_ccrop.jpg,Neutrophil,unsegmented-band,A_sepakat_band,0,0,0,0,0,6130
BNE_332400_ccrop.jpg,Neutrophil,unsegmented-band,A_sepakat_band,0,0,0,0,0,4854
BNE_332485_ccrop.jpg,Neutrophil,irregular,E_lainnya,0,0,0,0,0,5809
BNE_33332_ccrop.jpg,Neutrophil,unsegmented-band,A_sepakat_band,0,0,0,0,0,5486
BNE_333793_ccrop.jpg,Neutrophil,unsegmented-band,A_sepakat_band,0,0,0,0,0,12413
BNE_334257_ccrop.jpg,Neutrophil,unsegmented-band,A_sepakat_band,0,0,0,0,0,5902
BNE_335860_ccrop.jpg,Neutrophil,unsegmented-band,A_sepakat_band,0,0,0,0,0,5764
BNE_336245_ccrop.jpg,Neutrophil,unsegmented-band,A_sepakat_band,0,0,0,0,0,5497
BNE_337968_ccrop.jpg,Neutrophil,unsegmented-band,A_sepakat_band,0,0,0,0,0,6973
BNE_338773_ccrop.jpg,Neutrophil,unsegmented-band,A_sepakat_band,0,0,0,0,0,5331
BNE_338982_ccrop.jpg,Neutrophil,unsegmented-band,A_sepakat_band,1,17,17,0,1,4890
BNE_340751_ccrop.jpg,Neutrophil,segmented-bilobed,D_konflik_BNE_segmented,0,0,0,0,0,5472
BNE_341487_ccrop.jpg,Neutrophil,unsegmented-band,A_sepakat_band,0,0,0,0,0,6116
BNE_341589_ccrop.jpg,Neutrophil,unsegmented-band,A_sepakat_band,0,0,0,0,0,5782
BNE_342062_ccrop.jpg,Neutrophil,unsegmented-band,A_sepakat_band,0,0,0,0,0,5031
BNE_34307_ccrop.jpg,Neutrophil,unsegmented-band,A_sepakat_band,0,0,0,0,0,4955
BNE_343542_ccrop.jpg,Neutrophil,unsegmented-band,A_sepakat_band,0,0,0,0,0,5110
BNE_344695_ccrop.jpg,Neutrophil,unsegmented-band,A_sepakat_band,0,0,0,0,0,5143
BNE_344758_ccrop.jpg,Neutrophil,unsegmented-band,A_sepakat_band,0,0,0,0,0,5503
BNE_344852_ccrop.jpg,Neutrophil,unsegmented-band,A_sepakat_band,0,0,0,0,0,5495
BNE_345170_ccrop.jpg,Neutrophil,unsegmented-band,A_sepakat_band,0,0,0,0,0,5353
BNE_345668_ccrop.jpg,Neutrophil,unsegmented-band,A_sepakat_band,0,0,0,0,0,5896
BNE_345873_ccrop.jpg,Neutrophil,unsegmented-band,A_sepakat_band,0,0,0,0,0,5789
BNE_346149_ccrop.jpg,Neutrophil,unsegmented-band,A_sepakat_band,0,0,0,0,0,5208
BNE_34735_ccrop.jpg,Neutrophil,unsegmented-band,A_sepakat_band,0,0,0,0,0,4456
BNE_347724_ccrop.jpg,Neutrophil,unsegmented-band,A_sepakat_band,0,0,0,0,0,5568
BNE_347850_ccrop.jpg,Neutrophil,unsegmented-band,A_sepakat_band,0,0,0,0,0,5808
BNE_34911_ccrop.jpg,Neutrophil,unsegmented-band,A_sepakat_band,0,0,0,0,0,6334
BNE_349232_ccrop.jpg,Neutrophil,unsegmented-band,A_sepakat_band,0,0,0,0,0,4400
BNE_351029_ccrop.jpg,Neutrophil,unsegmented-band,A_sepakat_band,0,0,0,0,0,5418
BNE_351123_ccrop.jpg,Neutrophil,unsegmented-band,A_sepakat_band,0,0,0,0,0,8141
BNE_352014_ccrop.jpg,Neutrophil,unsegmented-band,A_sepakat_band,0,0,0,0,0,6370
BNE_352317_ccrop.jpg,Neutrophil,unsegmented-band,A_sepakat_band,0,0,0,0,0,5911
BNE_353118_ccrop.jpg,Neutrophil,unsegmented-band,A_sepakat_band,0,0,0,0,0,5899
BNE_354400_ccrop.jpg,Neutrophil,unsegmented-band,A_sepakat_band,0,0,0,0,0,5996
BNE_355910_ccrop.jpg,Neutrophil,unsegmented-band,A_sepakat_band,0,0,0,0,0,4903
BNE_357057_ccrop.jpg,Neutrophil,unsegmented-band,A_sepakat_band,0,0,0,0,0,4856
BNE_357822_ccrop.jpg,Neutrophil,unsegmented-band,A_sepakat_band,3,48,25,0,3,5104
BNE_357957_ccrop.jpg,Neutrophil,unsegmented-band,A_sepakat_band,0,0,0,0,0,5663
BNE_358773_ccrop.jpg,Neutrophil,unsegmented-band,A_sepakat_band,0,0,0,0,0,5418
BNE_359949_ccrop.jpg,Neutrophil,unsegmented-band,A_sepakat_band,3,5,2,0,3,14779
BNE_360050_ccrop.jpg,Neutrophil,unsegmented-band,A_sepakat_band,0,0,0,0,0,5245
BNE_360309_ccrop.jpg,Neutrophil,unsegmented-band,A_sepakat_band,0,0,0,0,0,5944
BNE_362920_ccrop.jpg,Neutrophil,unsegmented-band,A_sepakat_band,1,10,10,0,1,6420
BNE_363611_ccrop.jpg,Neutrophil,segmented-bilobed,D_konflik_BNE_segmented,0,0,0,0,0,6446
BNE_364260_ccrop.jpg,Neutrophil,unsegmented-band,A_sepakat_band,0,0,0,0,0,6039
BNE_365280_ccrop.jpg,Neutrophil,irregular,E_lainnya,0,0,0,0,0,5131
BNE_365484_ccrop.jpg,Neutrophil,unsegmented-band,A_sepakat_band,0,0,0,0,0,4670
BNE_366749_ccrop.jpg,Neutrophil,unsegmented-band,A_sepakat_band,0,0,0,0,0,5624
BNE_366885_ccrop.jpg,Neutrophil,unsegmented-band,A_sepakat_band,0,0,0,0,0,6570
BNE_367351_ccrop.jpg,Neutrophil,unsegmented-band,A_sepakat_band,0,0,0,0,0,6159
BNE_367547_ccrop.jpg,Neutrophil,unsegmented-band,A_sepakat_band,0,0,0,0,0,5743
BNE_368574_ccrop.jpg,Neutrophil,unsegmented-band,A_sepakat_band,0,0,0,0,0,5980
BNE_369028_ccrop.jpg,Neutrophil,unsegmented-band,A_sepakat_band,0,0,0,0,0,6746
BNE_371863_ccrop.jpg,Neutrophil,unsegmented-band,A_sepakat_band,0,0,0,0,0,6231
BNE_373543_ccrop.jpg,Neutrophil,unsegmented-band,A_sepakat_band,1,1,1,0,1,5682
BNE_373678_ccrop.jpg,Neutrophil,unsegmented-band,A_sepakat_band,0,0,0,0,0,7466
BNE_374054_ccrop.jpg,Neutrophil,unsegmented-band,A_sepakat_band,0,0,0,0,0,7166
BNE_37422_ccrop.jpg,Neutrophil,unsegmented-band,A_sepakat_band,0,0,0,0,0,5543
BNE_375120_ccrop.jpg,Neutrophil,unsegmented-band,A_sepakat_band,0,0,0,0,0,5766
BNE_376075_ccrop.jpg,Neutrophil,unsegmented-band,A_sepakat_band,0,0,0,0,0,6109
BNE_376738_ccrop.jpg,Neutrophil,unsegmented-band,A_sepakat_band,0,0,0,0,0,5216
BNE_377951_ccrop.jpg,Neutrophil,unsegmented-band,A_sepakat_band,0,0,0,0,0,6158
BNE_378921_ccrop.jpg,Neutrophil,unsegmented-band,A_sepakat_band,1,8,8,0,1,6303
BNE_379446_ccrop.jpg,Neutrophil,unsegmented-band,A_sepakat_band,0,0,0,0,0,4804
BNE_380348_ccrop.jpg,Neutrophil,unsegmented-band,A_sepakat_band,3,30,23,0,3,4900
BNE_380387_ccrop.jpg,Neutrophil,unsegmented-band,A_sepakat_band,0,0,0,0,0,5070
BNE_380800_ccrop.jpg,Neutrophil,unsegmented-band,A_sepakat_band,0,0,0,0,0,5276
BNE_381862_ccrop.jpg,Neutrophil,unsegmented-band,A_sepakat_band,0,0,0,0,0,5184
BNE_382771_ccrop.jpg,Neutrophil,unsegmented-band,A_sepakat_band,1,26,26,0,1,5729
BNE_384062_ccrop.jpg,Neutrophil,segmented-bilobed,D_konflik_BNE_segmented,1,6,6,0,1,6216
BNE_384068_ccrop.jpg,Neutrophil,unsegmented-band,A_sepakat_band,0,0,0,0,0,6437
BNE_384203_ccrop.jpg,Neutrophil,unsegmented-band,A_sepakat_band,0,0,0,0,0,4661
BNE_384920_ccrop.jpg,Neutrophil,unsegmented-band,A_sepakat_band,0,0,0,0,0,4592
BNE_385402_ccrop.jpg,Neutrophil,unsegmented-band,A_sepakat_band,0,0,0,0,0,5183
BNE_386017_ccrop.jpg,Neutrophil,unsegmented-band,A_sepakat_band,2,63,60,0,2,5136
BNE_388894_ccrop.jpg,Neutrophil,unsegmented-band,A_sepakat_band,0,0,0,0,0,5146
BNE_388940_ccrop.jpg,Neutrophil,unsegmented-band,A_sepakat_band,0,0,0,0,0,6459
BNE_38919_ccrop.jpg,Neutrophil,unsegmented-band,A_sepakat_band,0,0,0,0,0,5449
BNE_389215_ccrop.jpg,Neutrophil,unsegmented-band,A_sepakat_band,0,0,0,0,0,5773
BNE_389738_ccrop.jpg,Neutrophil,unsegmented-band,A_sepakat_band,0,0,0,0,0,6876
BNE_389826_ccrop.jpg,Neutrophil,unsegmented-band,A_sepakat_band,0,0,0,0,0,5554
BNE_390179_ccrop.jpg,Neutrophil,unsegmented-band,A_sepakat_band,0,0,0,0,0,6547
BNE_390232_ccrop.jpg,Neutrophil,unsegmented-band,A_sepakat_band,0,0,0,0,0,6121
BNE_390698_ccrop.jpg,Neutrophil,unsegmented-band,A_sepakat_band,0,0,0,0,0,4464
BNE_393818_ccrop.jpg,Neutrophil,unsegmented-band,A_sepakat_band,0,0,0,0,0,6385
BNE_394928_ccrop.jpg,Neutrophil,unsegmented-band,A_sepakat_band,0,0,0,0,0,7412
BNE_396823_ccrop.jpg,Neutrophil,unsegmented-band,A_sepakat_band,1,9,9,0,1,5200
BNE_396832_ccrop.jpg,Neutrophil,unsegmented-band,A_sepakat_band,0,0,0,0,0,4889
BNE_396853_ccrop.jpg,Neutrophil,unsegmented-band,A_sepakat_band,1,135,135,0,1,7133
BNE_397228_ccrop.jpg,Neutrophil,unsegmented-band,A_sepakat_band,2,68,53,0,2,5332
BNE_39767_ccrop.jpg,Neutrophil,unsegmented-band,A_sepakat_band,0,0,0,0,0,4932
BNE_398566_ccrop.jpg,Neutrophil,unsegmented-band,A_sepakat_band,0,0,0,0,0,5544
BNE_39950_ccrop.jpg,Neutrophil,unsegmented-band,A_sepakat_band,0,0,0,0,0,4700
BNE_399544_ccrop.jpg,Neutrophil,unsegmented-band,A_sepakat_band,0,0,0,0,0,5701
BNE_399554_ccrop.jpg,Neutrophil,unsegmented-band,A_sepakat_band,0,0,0,0,0,5902
BNE_400703_ccrop.jpg,Neutrophil,unsegmented-band,A_sepakat_band,0,0,0,0,0,4983
BNE_401488_ccrop.jpg,Neutrophil,unsegmented-band,A_sepakat_band,0,0,0,0,0,5470
BNE_404873_ccrop.jpg,Neutrophil,unsegmented-band,A_sepakat_band,0,0,0,0,0,5739
BNE_408177_ccrop.jpg,Neutrophil,unsegmented-band,A_sepakat_band,0,0,0,0,0,5328
BNE_409791_ccrop.jpg,Neutrophil,unsegmented-band,A_sepakat_band,1,73,73,0,1,5858
BNE_409857_ccrop.jpg,Neutrophil,unsegmented-band,A_sepakat_band,0,0,0,0,0,6165
BNE_411384_ccrop.jpg,Neutrophil,unsegmented-band,A_sepakat_band,0,0,0,0,0,5255
BNE_411518_ccrop.jpg,Neutrophil,unsegmented-band,A_sepakat_band,7,191,183,0,7,5065
BNE_412555_ccrop.jpg,Neutrophil,unsegmented-band,A_sepakat_band,0,0,0,0,0,3997
BNE_412858_ccrop.jpg,Neutrophil,unsegmented-band,A_sepakat_band,0,0,0,0,0,5164
BNE_415268_ccrop.jpg,Neutrophil,unsegmented-band,A_sepakat_band,0,0,0,0,0,4450
BNE_415445_ccrop.jpg,Neutrophil,segmented-bilobed,D_konflik_BNE_segmented,1,486,486,0,1,5830
BNE_415744_ccrop.jpg,Neutrophil,unsegmented-band,A_sepakat_band,0,0,0,0,0,6503
BNE_417307_ccrop.jpg,Neutrophil,unsegmented-band,A_sepakat_band,0,0,0,0,0,7186
BNE_417877_ccrop.jpg,Neutrophil,unsegmented-band,A_sepakat_band,0,0,0,0,0,6913
BNE_41833_ccrop.jpg,Neutrophil,unsegmented-band,A_sepakat_band,0,0,0,0,0,5997
BNE_41840_ccrop.jpg,Neutrophil,unsegmented-band,A_sepakat_band,0,0,0,0,0,6766
BNE_419128_ccrop.jpg,Neutrophil,unsegmented-band,A_sepakat_band,0,0,0,0,0,5361
BNE_420956_ccrop.jpg,Neutrophil,unsegmented-band,A_sepakat_band,0,0,0,0,0,5774
BNE_423834_ccrop.jpg,Neutrophil,unsegmented-band,A_sepakat_band,0,0,0,0,0,6373
BNE_424457_ccrop.jpg,Neutrophil,unsegmented-band,A_sepakat_band,0,0,0,0,0,6885
BNE_426453_ccrop.jpg,Neutrophil,unsegmented-band,A_sepakat_band,1,127,127,0,1,4323
BNE_426969_ccrop.jpg,Neutrophil,unsegmented-band,A_sepakat_band,0,0,0,0,0,4901
BNE_427204_ccrop.jpg,Neutrophil,unsegmented-band,A_sepakat_band,0,0,0,0,0,5778
BNE_42789_ccrop.jpg,Neutrophil,unsegmented-band,A_sepakat_band,0,0,0,0,0,5511
BNE_430604_ccrop.jpg,Neutrophil,unsegmented-band,A_sepakat_band,1,75,75,0,1,5411
BNE_431488_ccrop.jpg,Neutrophil,unsegmented-band,A_sepakat_band,0,0,0,0,0,5058
BNE_433423_ccrop.jpg,Neutrophil,unsegmented-band,A_sepakat_band,0,0,0,0,0,5286
BNE_434568_ccrop.jpg,Neutrophil,unsegmented-band,A_sepakat_band,0,0,0,0,0,4733
BNE_435236_ccrop.jpg,Neutrophil,unsegmented-band,A_sepakat_band,0,0,0,0,0,5455
BNE_436110_ccrop.jpg,Neutrophil,unsegmented-band,A_sepakat_band,0,0,0,0,0,4367
BNE_436213_ccrop.jpg,Neutrophil,unsegmented-band,A_sepakat_band,0,0,0,0,0,5626
BNE_436393_ccrop.jpg,Neutrophil,unsegmented-band,A_sepakat_band,0,0,0,0,0,8357
BNE_436569_ccrop.jpg,Neutrophil,unsegmented-band,A_sepakat_band,0,0,0,0,0,5295
BNE_438239_ccrop.jpg,Neutrophil,unsegmented-band,A_sepakat_band,0,0,0,0,0,5098
BNE_438952_ccrop.jpg,Neutrophil,unsegmented-band,A_sepakat_band,1,359,359,0,1,4374
BNE_441101_ccrop.jpg,Neutrophil,unsegmented-band,A_sepakat_band,0,0,0,0,0,5759
BNE_44167_ccrop.jpg,Neutrophil,unsegmented-band,A_sepakat_band,0,0,0,0,0,5711
BNE_442322_ccrop.jpg,Neutrophil,unsegmented-band,A_sepakat_band,0,0,0,0,0,4651
BNE_44328_ccrop.jpg,Neutrophil,unsegmented-band,A_sepakat_band,1,116,116,0,1,5535
BNE_443350_ccrop.jpg,Neutrophil,unsegmented-band,A_sepakat_band,0,0,0,0,0,5192
BNE_443921_ccrop.jpg,Neutrophil,unsegmented-band,A_sepakat_band,0,0,0,0,0,6436
BNE_445224_ccrop.jpg,Neutrophil,unsegmented-band,A_sepakat_band,0,0,0,0,0,5867
BNE_446959_ccrop.jpg,Neutrophil,unsegmented-band,A_sepakat_band,0,0,0,0,0,5373
BNE_447939_ccrop.jpg,Neutrophil,unsegmented-band,A_sepakat_band,3,59,56,0,3,4769
BNE_448104_ccrop.jpg,Neutrophil,unsegmented-band,A_sepakat_band,0,0,0,0,0,3829
BNE_44875_ccrop.jpg,Neutrophil,unsegmented-band,A_sepakat_band,0,0,0,0,0,5047
BNE_448776_ccrop.jpg,Neutrophil,unsegmented-band,A_sepakat_band,0,0,0,0,0,5509
BNE_449730_ccrop.jpg,Neutrophil,unsegmented-band,A_sepakat_band,0,0,0,0,0,5282
BNE_449915_ccrop.jpg,Neutrophil,unsegmented-band,A_sepakat_band,0,0,0,0,0,5673
BNE_450464_ccrop.jpg,Neutrophil,unsegmented-band,A_sepakat_band,0,0,0,0,0,4424
BNE_451701_ccrop.jpg,Neutrophil,unsegmented-band,A_sepakat_band,0,0,0,0,0,7096
BNE_451729_ccrop.jpg,Neutrophil,unsegmented-band,A_sepakat_band,1,118,118,0,1,6008
BNE_453088_ccrop.jpg,Neutrophil,unsegmented-band,A_sepakat_band,0,0,0,0,0,5137
BNE_454089_ccrop.jpg,Neutrophil,unsegmented-band,A_sepakat_band,1,77,77,0,1,5430
BNE_454943_ccrop.jpg,Neutrophil,unsegmented-band,A_sepakat_band,0,0,0,0,0,7093
BNE_4555_ccrop.jpg,Neutrophil,unsegmented-band,A_sepakat_band,0,0,0,0,0,6425
BNE_455636_ccrop.jpg,Neutrophil,unsegmented-band,A_sepakat_band,0,0,0,0,0,5153
BNE_45575_ccrop.jpg,Neutrophil,unsegmented-band,A_sepakat_band,0,0,0,0,0,4739
BNE_456543_ccrop.jpg,Neutrophil,unsegmented-band,A_sepakat_band,0,0,0,0,0,5074
BNE_45721_ccrop.jpg,Neutrophil,unsegmented-band,A_sepakat_band,0,0,0,0,0,7363
BNE_458029_ccrop.jpg,Neutrophil,unsegmented-band,A_sepakat_band,0,0,0,0,0,6126
BNE_459066_ccrop.jpg,Neutrophil,unsegmented-band,A_sepakat_band,0,0,0,0,0,5113
BNE_459390_ccrop.jpg,Neutrophil,unsegmented-band,A_sepakat_band,0,0,0,0,0,6030
BNE_460072_ccrop.jpg,Neutrophil,unsegmented-band,A_sepakat_band,0,0,0,0,0,4735
BNE_461221_ccrop.jpg,Neutrophil,unsegmented-band,A_sepakat_band,0,0,0,0,0,6099
BNE_462102_ccrop.jpg,Neutrophil,unsegmented-band,A_sepakat_band,0,0,0,0,0,5312
BNE_46272_ccrop.jpg,Neutrophil,unsegmented-band,A_sepakat_band,0,0,0,0,0,6449
BNE_462747_ccrop.jpg,Neutrophil,unsegmented-band,A_sepakat_band,0,0,0,0,0,5253
BNE_462949_ccrop.jpg,Neutrophil,unsegmented-band,A_sepakat_band,0,0,0,0,0,5048
BNE_464149_ccrop.jpg,Neutrophil,unsegmented-band,A_sepakat_band,0,0,0,0,0,6432
BNE_464803_ccrop.jpg,Neutrophil,unsegmented-band,A_sepakat_band,0,0,0,0,0,5482
BNE_46642_ccrop.jpg,Neutrophil,unsegmented-band,A_sepakat_band,0,0,0,0,0,5316
BNE_466790_ccrop.jpg,Neutrophil,unsegmented-band,A_sepakat_band,0,0,0,0,0,5816
BNE_467346_ccrop.jpg,Neutrophil,unsegmented-band,A_sepakat_band,0,0,0,0,0,5593
BNE_468833_ccrop.jpg,Neutrophil,unsegmented-band,A_sepakat_band,0,0,0,0,0,6416
BNE_471421_ccrop.jpg,Neutrophil,unsegmented-band,A_sepakat_band,0,0,0,0,0,5196
BNE_472143_ccrop.jpg,Neutrophil,unsegmented-band,A_sepakat_band,0,0,0,0,0,6116
BNE_473636_ccrop.jpg,Neutrophil,unsegmented-band,A_sepakat_band,0,0,0,0,0,7204
BNE_475803_ccrop.jpg,Neutrophil,unsegmented-band,A_sepakat_band,0,0,0,0,0,4550
BNE_477145_ccrop.jpg,Neutrophil,unsegmented-band,A_sepakat_band,0,0,0,0,0,6087
BNE_477641_ccrop.jpg,Neutrophil,unsegmented-band,A_sepakat_band,0,0,0,0,0,4804
BNE_480263_ccrop.jpg,Neutrophil,unsegmented-band,A_sepakat_band,0,0,0,0,0,6053
BNE_480971_ccrop.jpg,Neutrophil,unsegmented-band,A_sepakat_band,0,0,0,0,0,4359
BNE_481801_ccrop.jpg,Neutrophil,unsegmented-band,A_sepakat_band,0,0,0,0,0,4190
BNE_48402_ccrop.jpg,Neutrophil,unsegmented-band,A_sepakat_band,0,0,0,0,0,4468
BNE_484057_ccrop.jpg,Neutrophil,unsegmented-band,A_sepakat_band,0,0,0,0,0,5791
BNE_485377_ccrop.jpg,Neutrophil,unsegmented-band,A_sepakat_band,1,1,1,0,1,4892
BNE_487299_ccrop.jpg,Neutrophil,unsegmented-band,A_sepakat_band,1,38,38,0,1,5820
BNE_489159_ccrop.jpg,Neutrophil,unsegmented-band,A_sepakat_band,0,0,0,0,0,4038
BNE_489220_ccrop.jpg,Neutrophil,unsegmented-band,A_sepakat_band,0,0,0,0,0,5431
BNE_491118_ccrop.jpg,Neutrophil,unsegmented-band,A_sepakat_band,0,0,0,0,0,6799
BNE_491493_ccrop.jpg,Neutrophil,unsegmented-band,A_sepakat_band,0,0,0,0,0,5278
BNE_494996_ccrop.jpg,Neutrophil,unsegmented-band,A_sepakat_band,0,0,0,0,0,5008
BNE_495871_ccrop.jpg,Neutrophil,unsegmented-band,A_sepakat_band,0,0,0,0,0,4968
BNE_496407_ccrop.jpg,Neutrophil,unsegmented-band,A_sepakat_band,0,0,0,0,0,6196
BNE_496691_ccrop.jpg,Neutrophil,unsegmented-band,A_sepakat_band,0,0,0,0,0,5497
BNE_498494_ccrop.jpg,Neutrophil,unsegmented-band,A_sepakat_band,0,0,0,0,0,5644
BNE_499517_ccrop.jpg,Neutrophil,unsegmented-band,A_sepakat_band,1,38,38,0,1,5594
BNE_499604_ccrop.jpg,Neutrophil,unsegmented-band,A_sepakat_band,0,0,0,0,0,4620
BNE_500981_ccrop.jpg,Neutrophil,unsegmented-band,A_sepakat_band,0,0,0,0,0,6671
BNE_501437_ccrop.jpg,Neutrophil,unsegmented-band,A_sepakat_band,0,0,0,0,0,6552
BNE_502095_ccrop.jpg,Neutrophil,unsegmented-band,A_sepakat_band,0,0,0,0,0,5473
BNE_502987_ccrop.jpg,Neutrophil,unsegmented-band,A_sepakat_band,0,0,0,0,0,5738
BNE_503739_ccrop.jpg,Neutrophil,unsegmented-band,A_sepakat_band,0,0,0,0,0,5258
BNE_506744_ccrop.jpg,Neutrophil,unsegmented-band,A_sepakat_band,0,0,0,0,0,3868
BNE_508303_ccrop.jpg,Neutrophil,unsegmented-band,A_sepakat_band,0,0,0,0,0,5328
BNE_509219_ccrop.jpg,Neutrophil,unsegmented-band,A_sepakat_band,0,0,0,0,0,4874
BNE_509596_ccrop.jpg,Neutrophil,unsegmented-band,A_sepakat_band,0,0,0,0,0,6090
BNE_510336_ccrop.jpg,Neutrophil,unsegmented-band,A_sepakat_band,3,64,43,0,3,5031
BNE_51248_ccrop.jpg,Neutrophil,unsegmented-band,A_sepakat_band,0,0,0,0,0,6777
BNE_512963_ccrop.jpg,Neutrophil,unsegmented-band,A_sepakat_band,0,0,0,0,0,5365
BNE_514231_ccrop.jpg,Neutrophil,unsegmented-band,A_sepakat_band,0,0,0,0,0,5219
BNE_515288_ccrop.jpg,Neutrophil,unsegmented-band,A_sepakat_band,0,0,0,0,0,4869
BNE_515542_ccrop.jpg,Neutrophil,unsegmented-band,A_sepakat_band,0,0,0,0,0,6379
BNE_517514_ccrop.jpg,Neutrophil,unsegmented-band,A_sepakat_band,0,0,0,0,0,5859
BNE_519229_ccrop.jpg,Neutrophil,unsegmented-band,A_sepakat_band,0,0,0,0,0,5347
BNE_519373_ccrop.jpg,Neutrophil,unsegmented-band,A_sepakat_band,0,0,0,0,0,6952
BNE_519960_ccrop.jpg,Neutrophil,unsegmented-band,A_sepakat_band,0,0,0,0,0,7606
BNE_519989_ccrop.jpg,Neutrophil,unsegmented-band,A_sepakat_band,0,0,0,0,0,5546
BNE_520014_ccrop.jpg,Neutrophil,unsegmented-band,A_sepakat_band,0,0,0,0,0,5154
BNE_520896_ccrop.jpg,Neutrophil,unsegmented-band,A_sepakat_band,0,0,0,0,0,4285
BNE_522120_ccrop.jpg,Neutrophil,unsegmented-band,A_sepakat_band,2,53,52,0,2,5105
BNE_523259_ccrop.jpg,Neutrophil,unsegmented-band,A_sepakat_band,0,0,0,0,0,6740
BNE_524418_ccrop.jpg,Neutrophil,unsegmented-band,A_sepakat_band,0,0,0,0,0,5329
BNE_524998_ccrop.jpg,Neutrophil,unsegmented-band,A_sepakat_band,0,0,0,0,0,5372
BNE_525705_ccrop.jpg,Neutrophil,unsegmented-band,A_sepakat_band,0,0,0,0,0,6002
BNE_526012_ccrop.jpg,Neutrophil,unsegmented-band,A_sepakat_band,0,0,0,0,0,6608
BNE_5294_ccrop.jpg,Neutrophil,unsegmented-band,A_sepakat_band,0,0,0,0,0,5292
BNE_529971_ccrop.jpg,Neutrophil,unsegmented-band,A_sepakat_band,0,0,0,0,0,5072
BNE_5311_ccrop.jpg,Neutrophil,unsegmented-band,A_sepakat_band,0,0,0,0,0,6200
BNE_53394_ccrop.jpg,Neutrophil,unsegmented-band,A_sepakat_band,0,0,0,0,0,6612
BNE_53428_ccrop.jpg,Neutrophil,unsegmented-band,A_sepakat_band,0,0,0,0,0,4560
BNE_536163_ccrop.jpg,Neutrophil,unsegmented-band,A_sepakat_band,0,0,0,0,0,4673
BNE_538408_ccrop.jpg,Neutrophil,unsegmented-band,A_sepakat_band,0,0,0,0,0,5659
BNE_53927_ccrop.jpg,Neutrophil,unsegmented-band,A_sepakat_band,0,0,0,0,0,6327
BNE_54028_ccrop.jpg,Neutrophil,unsegmented-band,A_sepakat_band,0,0,0,0,0,5482
BNE_540909_ccrop.jpg,Neutrophil,unsegmented-band,A_sepakat_band,0,0,0,0,0,4988
BNE_542957_ccrop.jpg,Neutrophil,unsegmented-band,A_sepakat_band,0,0,0,0,0,6419
BNE_543730_ccrop.jpg,Neutrophil,unsegmented-band,A_sepakat_band,0,0,0,0,0,7090
BNE_544250_ccrop.jpg,Neutrophil,unsegmented-band,A_sepakat_band,2,103,102,0,2,6073
BNE_545123_ccrop.jpg,Neutrophil,unsegmented-band,A_sepakat_band,0,0,0,0,0,4850
BNE_545407_ccrop.jpg,Neutrophil,unsegmented-band,A_sepakat_band,1,26,26,0,1,5062
BNE_546147_ccrop.jpg,Neutrophil,unsegmented-band,A_sepakat_band,0,0,0,0,0,5904
BNE_546662_ccrop.jpg,Neutrophil,unsegmented-band,A_sepakat_band,0,0,0,0,0,5715
BNE_547029_ccrop.jpg,Neutrophil,unsegmented-band,A_sepakat_band,0,0,0,0,0,6037
BNE_548152_ccrop.jpg,Neutrophil,unsegmented-band,A_sepakat_band,1,81,81,0,1,6000
BNE_550549_ccrop.jpg,Neutrophil,unsegmented-band,A_sepakat_band,0,0,0,0,0,5708
BNE_553117_ccrop.jpg,Neutrophil,unsegmented-band,A_sepakat_band,0,0,0,0,0,4939
BNE_554123_ccrop.jpg,Neutrophil,segmented-bilobed,D_konflik_BNE_segmented,0,0,0,0,0,6078
BNE_554509_ccrop.jpg,Neutrophil,unsegmented-band,A_sepakat_band,0,0,0,0,0,4644
BNE_555286_ccrop.jpg,Neutrophil,unsegmented-band,A_sepakat_band,0,0,0,0,0,4336
BNE_556078_ccrop.jpg,Neutrophil,unsegmented-band,A_sepakat_band,0,0,0,0,0,4826
BNE_55624_ccrop.jpg,Neutrophil,unsegmented-band,A_sepakat_band,0,0,0,0,0,5412
BNE_557210_ccrop.jpg,Neutrophil,unsegmented-band,A_sepakat_band,0,0,0,0,0,4891
BNE_558065_ccrop.jpg,Neutrophil,unsegmented-band,A_sepakat_band,0,0,0,0,0,5230
BNE_558159_ccrop.jpg,Neutrophil,unsegmented-band,A_sepakat_band,0,0,0,0,0,5759
BNE_558616_ccrop.jpg,Neutrophil,unsegmented-band,A_sepakat_band,0,0,0,0,0,6057
BNE_55926_ccrop.jpg,Neutrophil,unsegmented-band,A_sepakat_band,0,0,0,0,0,5748
BNE_559369_ccrop.jpg,Neutrophil,unsegmented-band,A_sepakat_band,0,0,0,0,0,5526
BNE_560375_ccrop.jpg,Neutrophil,unsegmented-band,A_sepakat_band,0,0,0,0,0,6091
BNE_561687_ccrop.jpg,Neutrophil,unsegmented-band,A_sepakat_band,0,0,0,0,0,6775
BNE_564586_ccrop.jpg,Neutrophil,unsegmented-band,A_sepakat_band,0,0,0,0,0,5130
BNE_564942_ccrop.jpg,Neutrophil,unsegmented-band,A_sepakat_band,1,193,193,0,1,9238
BNE_565190_ccrop.jpg,Neutrophil,unsegmented-band,A_sepakat_band,0,0,0,0,0,6534
BNE_56697_ccrop.jpg,Neutrophil,unsegmented-band,A_sepakat_band,0,0,0,0,0,6237
BNE_568093_ccrop.jpg,Neutrophil,unsegmented-band,A_sepakat_band,0,0,0,0,0,5096
BNE_569440_ccrop.jpg,Neutrophil,unsegmented-band,A_sepakat_band,0,0,0,0,0,6168
BNE_570330_ccrop.jpg,Neutrophil,unsegmented-band,A_sepakat_band,0,0,0,0,0,5995
BNE_570489_ccrop.jpg,Neutrophil,unsegmented-band,A_sepakat_band,0,0,0,0,0,4950
BNE_571324_ccrop.jpg,Neutrophil,unsegmented-band,A_sepakat_band,0,0,0,0,0,4764
BNE_572139_ccrop.jpg,Neutrophil,unsegmented-band,A_sepakat_band,0,0,0,0,0,5777
BNE_573024_ccrop.jpg,Neutrophil,unsegmented-band,A_sepakat_band,1,61,61,0,1,5040
BNE_576989_ccrop.jpg,Neutrophil,unsegmented-band,A_sepakat_band,0,0,0,0,0,4852
BNE_57734_ccrop.jpg,Neutrophil,unsegmented-band,A_sepakat_band,0,0,0,0,0,6314
BNE_57860_ccrop.jpg,Neutrophil,unsegmented-band,A_sepakat_band,0,0,0,0,0,5393
BNE_578714_ccrop.jpg,Neutrophil,unsegmented-band,A_sepakat_band,0,0,0,0,0,6437
BNE_579086_ccrop.jpg,Neutrophil,unsegmented-band,A_sepakat_band,0,0,0,0,0,5841
BNE_579098_ccrop.jpg,Neutrophil,unsegmented-band,A_sepakat_band,0,0,0,0,0,4967
BNE_580063_ccrop.jpg,Neutrophil,unsegmented-band,A_sepakat_band,0,0,0,0,0,5483
BNE_580262_ccrop.jpg,Neutrophil,unsegmented-band,A_sepakat_band,0,0,0,0,0,6440
BNE_581567_ccrop.jpg,Neutrophil,unsegmented-band,A_sepakat_band,0,0,0,0,0,5498
BNE_581608_ccrop.jpg,Neutrophil,unsegmented-band,A_sepakat_band,0,0,0,0,0,4837
BNE_582144_ccrop.jpg,Neutrophil,unsegmented-band,A_sepakat_band,0,0,0,0,0,6352
BNE_582153_ccrop.jpg,Neutrophil,unsegmented-band,A_sepakat_band,1,152,152,0,1,6715
BNE_582893_ccrop.jpg,Neutrophil,unsegmented-band,A_sepakat_band,0,0,0,0,0,6698
BNE_58313_ccrop.jpg,Neutrophil,unsegmented-band,A_sepakat_band,0,0,0,0,0,7405
BNE_58419_ccrop.jpg,Neutrophil,unsegmented-band,A_sepakat_band,0,0,0,0,0,5334
BNE_585573_ccrop.jpg,Neutrophil,unsegmented-band,A_sepakat_band,0,0,0,0,0,4707
BNE_585707_ccrop.jpg,Neutrophil,unsegmented-band,A_sepakat_band,0,0,0,0,0,5398
BNE_586043_ccrop.jpg,Neutrophil,unsegmented-band,A_sepakat_band,0,0,0,0,0,6463
BNE_586518_ccrop.jpg,Neutrophil,unsegmented-band,A_sepakat_band,0,0,0,0,0,5837
BNE_587615_ccrop.jpg,Neutrophil,unsegmented-band,A_sepakat_band,0,0,0,0,0,6530
BNE_587693_ccrop.jpg,Neutrophil,unsegmented-band,A_sepakat_band,0,0,0,0,0,5518
BNE_588310_ccrop.jpg,Neutrophil,unsegmented-band,A_sepakat_band,0,0,0,0,0,4972
BNE_589405_ccrop.jpg,Neutrophil,unsegmented-band,A_sepakat_band,0,0,0,0,0,4901
BNE_59011_ccrop.jpg,Neutrophil,unsegmented-band,A_sepakat_band,0,0,0,0,0,4354
BNE_591751_ccrop.jpg,Neutrophil,unsegmented-band,A_sepakat_band,0,0,0,0,0,4521
BNE_592262_ccrop.jpg,Neutrophil,unsegmented-band,A_sepakat_band,0,0,0,0,0,5320
BNE_592960_ccrop.jpg,Neutrophil,segmented-bilobed,D_konflik_BNE_segmented,1,744,744,0,1,5528
BNE_594365_ccrop.jpg,Neutrophil,unsegmented-band,A_sepakat_band,0,0,0,0,0,6148
BNE_596214_ccrop.jpg,Neutrophil,unsegmented-band,A_sepakat_band,0,0,0,0,0,6726
BNE_596261_ccrop.jpg,Neutrophil,unsegmented-band,A_sepakat_band,0,0,0,0,0,5239
BNE_59746_ccrop.jpg,Neutrophil,segmented-multilobed,D_konflik_BNE_segmented,2,27,26,0,2,7274
BNE_59753_ccrop.jpg,Neutrophil,unsegmented-band,A_sepakat_band,0,0,0,0,0,5992
BNE_598005_ccrop.jpg,Neutrophil,unsegmented-band,A_sepakat_band,0,0,0,0,0,5713
BNE_598093_ccrop.jpg,Neutrophil,unsegmented-band,A_sepakat_band,0,0,0,0,0,7811
BNE_598157_ccrop.jpg,Neutrophil,unsegmented-band,A_sepakat_band,0,0,0,0,0,5519
BNE_598279_ccrop.jpg,Neutrophil,unsegmented-band,A_sepakat_band,1,2,2,0,1,5625
BNE_598798_ccrop.jpg,Neutrophil,unsegmented-band,A_sepakat_band,0,0,0,0,0,5121
BNE_599061_ccrop.jpg,Neutrophil,unsegmented-band,A_sepakat_band,0,0,0,0,0,5276
BNE_600196_ccrop.jpg,Neutrophil,unsegmented-band,A_sepakat_band,0,0,0,0,0,5352
BNE_600309_ccrop.jpg,Neutrophil,unsegmented-band,A_sepakat_band,0,0,0,0,0,5007
BNE_602109_ccrop.jpg,Neutrophil,unsegmented-band,A_sepakat_band,0,0,0,0,0,5861
BNE_603801_ccrop.jpg,Neutrophil,unsegmented-band,A_sepakat_band,0,0,0,0,0,5180
BNE_604011_ccrop.jpg,Neutrophil,unsegmented-band,A_sepakat_band,0,0,0,0,0,6011
BNE_604700_ccrop.jpg,Neutrophil,segmented-bilobed,D_konflik_BNE_segmented,0,0,0,0,0,12824
BNE_604811_ccrop.jpg,Neutrophil,unsegmented-band,A_sepakat_band,0,0,0,0,0,4634
BNE_605631_ccrop.jpg,Neutrophil,unsegmented-band,A_sepakat_band,0,0,0,0,0,4554
BNE_608977_ccrop.jpg,Neutrophil,unsegmented-band,A_sepakat_band,0,0,0,0,0,5540
BNE_609298_ccrop.jpg,Neutrophil,unsegmented-band,A_sepakat_band,0,0,0,0,0,6185
BNE_611740_ccrop.jpg,Neutrophil,unsegmented-band,A_sepakat_band,0,0,0,0,0,7553
BNE_612838_ccrop.jpg,Neutrophil,unsegmented-band,A_sepakat_band,0,0,0,0,0,5959
BNE_613105_ccrop.jpg,Neutrophil,unsegmented-band,A_sepakat_band,0,0,0,0,0,5492
BNE_613862_ccrop.jpg,Neutrophil,unsegmented-band,A_sepakat_band,0,0,0,0,0,5030
BNE_615368_ccrop.jpg,Neutrophil,unsegmented-band,A_sepakat_band,0,0,0,0,0,4407
BNE_617269_ccrop.jpg,Neutrophil,unsegmented-band,A_sepakat_band,0,0,0,0,0,6151
BNE_618269_ccrop.jpg,Neutrophil,unsegmented-band,A_sepakat_band,0,0,0,0,0,5806
BNE_620218_ccrop.jpg,Neutrophil,unsegmented-band,A_sepakat_band,0,0,0,0,0,5158
BNE_623314_ccrop.jpg,Neutrophil,unsegmented-band,A_sepakat_band,0,0,0,0,0,7313
BNE_623488_ccrop.jpg,Neutrophil,unsegmented-band,A_sepakat_band,0,0,0,0,0,5655
BNE_623604_ccrop.jpg,Neutrophil,unsegmented-band,A_sepakat_band,1,59,59,0,1,5727
BNE_62365_ccrop.jpg,Neutrophil,unsegmented-round,E_lainnya,0,0,0,0,0,4676
BNE_624221_ccrop.jpg,Neutrophil,unsegmented-band,A_sepakat_band,0,0,0,0,0,4941
BNE_627756_ccrop.jpg,Neutrophil,unsegmented-band,A_sepakat_band,0,0,0,0,0,5916
BNE_62938_ccrop.jpg,Neutrophil,unsegmented-band,A_sepakat_band,0,0,0,0,0,5364
BNE_629963_ccrop.jpg,Neutrophil,unsegmented-band,A_sepakat_band,0,0,0,0,0,5238
BNE_630703_ccrop.jpg,Neutrophil,unsegmented-band,A_sepakat_band,0,0,0,0,0,5540
BNE_630905_ccrop.jpg,Neutrophil,segmented-multilobed,D_konflik_BNE_segmented,2,265,241,0,2,5356
BNE_631173_ccrop.jpg,Neutrophil,unsegmented-band,A_sepakat_band,0,0,0,0,0,3989
BNE_633873_ccrop.jpg,Neutrophil,unsegmented-band,A_sepakat_band,0,0,0,0,0,7215
BNE_635273_ccrop.jpg,Neutrophil,unsegmented-band,A_sepakat_band,0,0,0,0,0,7680
BNE_636091_ccrop.jpg,Neutrophil,unsegmented-band,A_sepakat_band,0,0,0,0,0,7016
BNE_636142_ccrop.jpg,Neutrophil,unsegmented-band,A_sepakat_band,0,0,0,0,0,6850
BNE_637566_ccrop.jpg,Neutrophil,unsegmented-band,A_sepakat_band,0,0,0,0,0,8096
BNE_637803_ccrop.jpg,Neutrophil,unsegmented-band,A_sepakat_band,0,0,0,0,0,5754
BNE_640026_ccrop.jpg,Neutrophil,unsegmented-band,A_sepakat_band,1,4,4,0,1,4796
BNE_640067_ccrop.jpg,Neutrophil,unsegmented-band,A_sepakat_band,0,0,0,0,0,7156
BNE_640140_ccrop.jpg,Neutrophil,unsegmented-band,A_sepakat_band,0,0,0,0,0,5722
BNE_641093_ccrop.jpg,Neutrophil,unsegmented-band,A_sepakat_band,0,0,0,0,0,5154
BNE_642218_ccrop.jpg,Neutrophil,unsegmented-band,A_sepakat_band,0,0,0,0,0,6315
BNE_643351_ccrop.jpg,Neutrophil,unsegmented-band,A_sepakat_band,0,0,0,0,0,5376
BNE_643739_ccrop.jpg,Neutrophil,unsegmented-band,A_sepakat_band,0,0,0,0,0,4871
BNE_64421_ccrop.jpg,Neutrophil,unsegmented-band,A_sepakat_band,0,0,0,0,0,7164
BNE_644247_ccrop.jpg,Neutrophil,unsegmented-band,A_sepakat_band,0,0,0,0,0,5856
BNE_645191_ccrop.jpg,Neutrophil,unsegmented-band,A_sepakat_band,0,0,0,0,0,6039
BNE_645573_ccrop.jpg,Neutrophil,unsegmented-band,A_sepakat_band,0,0,0,0,0,5986
BNE_646654_ccrop.jpg,Neutrophil,unsegmented-band,A_sepakat_band,0,0,0,0,0,5474
BNE_647348_ccrop.jpg,Neutrophil,unsegmented-band,A_sepakat_band,0,0,0,0,0,6382
BNE_647486_ccrop.jpg,Neutrophil,unsegmented-band,A_sepakat_band,0,0,0,0,0,7493
BNE_649469_ccrop.jpg,Neutrophil,unsegmented-band,A_sepakat_band,0,0,0,0,0,5823
BNE_650594_ccrop.jpg,Neutrophil,unsegmented-band,A_sepakat_band,0,0,0,0,0,6101
BNE_651693_ccrop.jpg,Neutrophil,unsegmented-band,A_sepakat_band,0,0,0,0,0,5413
BNE_653016_ccrop.jpg,Neutrophil,unsegmented-band,A_sepakat_band,0,0,0,0,0,6597
BNE_653147_ccrop.jpg,Neutrophil,unsegmented-band,A_sepakat_band,0,0,0,0,0,6736
BNE_654014_ccrop.jpg,Neutrophil,unsegmented-band,A_sepakat_band,0,0,0,0,0,4590
BNE_654315_ccrop.jpg,Neutrophil,unsegmented-band,A_sepakat_band,0,0,0,0,0,4997
BNE_656115_ccrop.jpg,Neutrophil,unsegmented-band,A_sepakat_band,0,0,0,0,0,6483
BNE_657003_ccrop.jpg,Neutrophil,unsegmented-band,A_sepakat_band,0,0,0,0,0,6469
BNE_657751_ccrop.jpg,Neutrophil,unsegmented-band,A_sepakat_band,0,0,0,0,0,9784
BNE_658440_ccrop.jpg,Neutrophil,unsegmented-band,A_sepakat_band,0,0,0,0,0,7341
BNE_658776_ccrop.jpg,Neutrophil,unsegmented-band,A_sepakat_band,0,0,0,0,0,7004
BNE_659216_ccrop.jpg,Neutrophil,unsegmented-band,A_sepakat_band,0,0,0,0,0,6293
BNE_659430_ccrop.jpg,Neutrophil,unsegmented-band,A_sepakat_band,0,0,0,0,0,7176
BNE_660663_ccrop.jpg,Neutrophil,unsegmented-band,A_sepakat_band,0,0,0,0,0,5745
BNE_661607_ccrop.jpg,Neutrophil,unsegmented-band,A_sepakat_band,0,0,0,0,0,5079
BNE_661686_ccrop.jpg,Neutrophil,unsegmented-band,A_sepakat_band,0,0,0,0,0,4842
BNE_66389_ccrop.jpg,Neutrophil,unsegmented-band,A_sepakat_band,1,262,262,0,1,4498
BNE_664457_ccrop.jpg,Neutrophil,unsegmented-band,A_sepakat_band,0,0,0,0,0,8030
BNE_666016_ccrop.jpg,Neutrophil,unsegmented-band,A_sepakat_band,0,0,0,0,0,4050
BNE_666824_ccrop.jpg,Neutrophil,unsegmented-band,A_sepakat_band,0,0,0,0,0,6932
BNE_667822_ccrop.jpg,Neutrophil,unsegmented-band,A_sepakat_band,0,0,0,0,0,6412
BNE_669603_ccrop.jpg,Neutrophil,unsegmented-band,A_sepakat_band,0,0,0,0,0,5615
BNE_671120_ccrop.jpg,Neutrophil,unsegmented-band,A_sepakat_band,0,0,0,0,0,5076
BNE_671277_ccrop.jpg,Neutrophil,unsegmented-band,A_sepakat_band,0,0,0,0,0,6190
BNE_67131_ccrop.jpg,Neutrophil,unsegmented-band,A_sepakat_band,0,0,0,0,0,5496
BNE_672329_ccrop.jpg,Neutrophil,unsegmented-band,A_sepakat_band,0,0,0,0,0,6217
BNE_673108_ccrop.jpg,Neutrophil,unsegmented-band,A_sepakat_band,0,0,0,0,0,6894
BNE_67367_ccrop.jpg,Neutrophil,unsegmented-band,A_sepakat_band,0,0,0,0,0,5394
BNE_674224_ccrop.jpg,Neutrophil,unsegmented-band,A_sepakat_band,0,0,0,0,0,5801
BNE_676841_ccrop.jpg,Neutrophil,unsegmented-band,A_sepakat_band,0,0,0,0,0,4920
BNE_676979_ccrop.jpg,Neutrophil,unsegmented-band,A_sepakat_band,0,0,0,0,0,5106
BNE_677665_ccrop.jpg,Neutrophil,unsegmented-band,A_sepakat_band,0,0,0,0,0,5323
BNE_679904_ccrop.jpg,Neutrophil,unsegmented-band,A_sepakat_band,0,0,0,0,0,6067
BNE_680440_ccrop.jpg,Neutrophil,unsegmented-band,A_sepakat_band,0,0,0,0,0,5858
BNE_680877_ccrop.jpg,Neutrophil,unsegmented-band,A_sepakat_band,0,0,0,0,0,4920
BNE_681134_ccrop.jpg,Neutrophil,unsegmented-band,A_sepakat_band,0,0,0,0,0,6044
BNE_68390_ccrop.jpg,Neutrophil,unsegmented-band,A_sepakat_band,2,30,29,0,2,5541
BNE_685199_ccrop.jpg,Neutrophil,unsegmented-band,A_sepakat_band,0,0,0,0,0,6247
BNE_686136_ccrop.jpg,Neutrophil,unsegmented-band,A_sepakat_band,0,0,0,0,0,7409
BNE_686296_ccrop.jpg,Neutrophil,unsegmented-band,A_sepakat_band,0,0,0,0,0,6990
BNE_688044_ccrop.jpg,Neutrophil,unsegmented-band,A_sepakat_band,0,0,0,0,0,4238
BNE_688321_ccrop.jpg,Neutrophil,unsegmented-band,A_sepakat_band,0,0,0,0,0,5414
BNE_689617_ccrop.jpg,Neutrophil,unsegmented-band,A_sepakat_band,0,0,0,0,0,5677
BNE_69105_ccrop.jpg,Neutrophil,unsegmented-band,A_sepakat_band,0,0,0,0,0,5751
BNE_692510_ccrop.jpg,Neutrophil,unsegmented-band,A_sepakat_band,0,0,0,0,0,4542
BNE_693172_ccrop.jpg,Neutrophil,unsegmented-band,A_sepakat_band,0,0,0,0,0,6387
BNE_695422_ccrop.jpg,Neutrophil,unsegmented-band,A_sepakat_band,0,0,0,0,0,7240
BNE_69587_ccrop.jpg,Neutrophil,unsegmented-band,A_sepakat_band,1,196,196,0,1,5961
BNE_698717_ccrop.jpg,Neutrophil,unsegmented-band,A_sepakat_band,0,0,0,0,0,6329
BNE_700622_ccrop.jpg,Neutrophil,unsegmented-band,A_sepakat_band,0,0,0,0,0,5394
BNE_705327_ccrop.jpg,Neutrophil,unsegmented-band,A_sepakat_band,0,0,0,0,0,7421
BNE_705602_ccrop.jpg,Neutrophil,unsegmented-band,A_sepakat_band,0,0,0,0,0,5869
BNE_706135_ccrop.jpg,Neutrophil,unsegmented-band,A_sepakat_band,0,0,0,0,0,5305
BNE_706305_ccrop.jpg,Neutrophil,unsegmented-band,A_sepakat_band,0,0,0,0,0,6656
BNE_707813_ccrop.jpg,Neutrophil,unsegmented-band,A_sepakat_band,0,0,0,0,0,9159
BNE_709653_ccrop.jpg,Neutrophil,unsegmented-band,A_sepakat_band,0,0,0,0,0,5774
BNE_709975_ccrop.jpg,Neutrophil,unsegmented-band,A_sepakat_band,0,0,0,0,0,7056
BNE_710070_ccrop.jpg,Neutrophil,unsegmented-band,A_sepakat_band,0,0,0,0,0,7424
BNE_711852_ccrop.jpg,Neutrophil,unsegmented-band,A_sepakat_band,0,0,0,0,0,5654
BNE_7119_ccrop.jpg,Neutrophil,unsegmented-band,A_sepakat_band,0,0,0,0,0,3915
BNE_713975_ccrop.jpg,Neutrophil,unsegmented-band,A_sepakat_band,0,0,0,0,0,4878
BNE_715_ccrop.jpg,Neutrophil,unsegmented-band,A_sepakat_band,0,0,0,0,0,5042
BNE_715693_ccrop.jpg,Neutrophil,unsegmented-band,A_sepakat_band,0,0,0,0,0,5846
BNE_717710_ccrop.jpg,Neutrophil,unsegmented-band,A_sepakat_band,0,0,0,0,0,5143
BNE_718921_ccrop.jpg,Neutrophil,unsegmented-band,A_sepakat_band,0,0,0,0,0,7425
BNE_719511_ccrop.jpg,Neutrophil,unsegmented-band,A_sepakat_band,0,0,0,0,0,5786
BNE_720143_ccrop.jpg,Neutrophil,unsegmented-band,A_sepakat_band,0,0,0,0,0,5143
BNE_721486_ccrop.jpg,Neutrophil,unsegmented-band,A_sepakat_band,0,0,0,0,0,4633
BNE_722116_ccrop.jpg,Neutrophil,unsegmented-band,A_sepakat_band,0,0,0,0,0,4792
BNE_723261_ccrop.jpg,Neutrophil,unsegmented-band,A_sepakat_band,1,30,30,0,1,6410
BNE_724027_ccrop.jpg,Neutrophil,unsegmented-band,A_sepakat_band,0,0,0,0,0,5917
BNE_725869_ccrop.jpg,Neutrophil,unsegmented-band,A_sepakat_band,0,0,0,0,0,4809
BNE_725999_ccrop.jpg,Neutrophil,segmented-bilobed,D_konflik_BNE_segmented,2,27,24,0,2,5796
BNE_726027_ccrop.jpg,Neutrophil,unsegmented-band,A_sepakat_band,0,0,0,0,0,4809
BNE_726259_ccrop.jpg,Neutrophil,unsegmented-band,A_sepakat_band,0,0,0,0,0,6260
BNE_726666_ccrop.jpg,Neutrophil,unsegmented-band,A_sepakat_band,0,0,0,0,0,6333
BNE_727973_ccrop.jpg,Neutrophil,unsegmented-band,A_sepakat_band,0,0,0,0,0,5938
BNE_728500_ccrop.jpg,Neutrophil,unsegmented-band,A_sepakat_band,0,0,0,0,0,4826
BNE_73023_ccrop.jpg,Neutrophil,unsegmented-band,A_sepakat_band,0,0,0,0,0,5137
BNE_731008_ccrop.jpg,Neutrophil,unsegmented-band,A_sepakat_band,0,0,0,0,0,6509
BNE_733085_ccrop.jpg,Neutrophil,unsegmented-band,A_sepakat_band,0,0,0,0,0,6566
BNE_733616_ccrop.jpg,Neutrophil,unsegmented-band,A_sepakat_band,0,0,0,0,0,5446
BNE_733916_ccrop.jpg,Neutrophil,unsegmented-band,A_sepakat_band,0,0,0,0,0,6242
BNE_734001_ccrop.jpg,Neutrophil,unsegmented-band,A_sepakat_band,1,295,295,0,1,9382
BNE_734804_ccrop.jpg,Neutrophil,unsegmented-band,A_sepakat_band,0,0,0,0,0,4597
BNE_734929_ccrop.jpg,Neutrophil,unsegmented-band,A_sepakat_band,0,0,0,0,0,5227
BNE_739399_ccrop.jpg,Neutrophil,unsegmented-band,A_sepakat_band,0,0,0,0,0,7026
BNE_739805_ccrop.jpg,Neutrophil,unsegmented-band,A_sepakat_band,0,0,0,0,0,6002
BNE_740551_ccrop.jpg,Neutrophil,unsegmented-band,A_sepakat_band,0,0,0,0,0,5602
BNE_741104_ccrop.jpg,Neutrophil,unsegmented-band,A_sepakat_band,3,15,6,0,3,5952
BNE_74120_ccrop.jpg,Neutrophil,unsegmented-band,A_sepakat_band,0,0,0,0,0,5159
BNE_742479_ccrop.jpg,Neutrophil,unsegmented-band,A_sepakat_band,1,486,486,0,1,5471
BNE_742515_ccrop.jpg,Neutrophil,unsegmented-round,E_lainnya,0,0,0,0,0,5026
BNE_746471_ccrop.jpg,Neutrophil,unsegmented-band,A_sepakat_band,0,0,0,0,0,5399
BNE_746634_ccrop.jpg,Neutrophil,unsegmented-band,A_sepakat_band,0,0,0,0,0,4903
BNE_747852_ccrop.jpg,Neutrophil,unsegmented-band,A_sepakat_band,0,0,0,0,0,5677
BNE_748706_ccrop.jpg,Neutrophil,unsegmented-band,A_sepakat_band,1,485,485,0,1,5997
BNE_749180_ccrop.jpg,Neutrophil,unsegmented-band,A_sepakat_band,0,0,0,0,0,6016
BNE_751887_ccrop.jpg,Neutrophil,unsegmented-band,A_sepakat_band,0,0,0,0,0,5656
BNE_752441_ccrop.jpg,Neutrophil,unsegmented-band,A_sepakat_band,0,0,0,0,0,4857
BNE_752984_ccrop.jpg,Neutrophil,unsegmented-band,A_sepakat_band,0,0,0,0,0,6356
BNE_756237_ccrop.jpg,Neutrophil,unsegmented-band,A_sepakat_band,1,228,228,0,1,5455
BNE_757613_ccrop.jpg,Neutrophil,unsegmented-band,A_sepakat_band,0,0,0,0,0,4440
BNE_760262_ccrop.jpg,Neutrophil,unsegmented-band,A_sepakat_band,0,0,0,0,0,7282
BNE_760668_ccrop.jpg,Neutrophil,unsegmented-band,A_sepakat_band,0,0,0,0,0,6480
BNE_761275_ccrop.jpg,Neutrophil,unsegmented-band,A_sepakat_band,0,0,0,0,0,5514
BNE_761456_ccrop.jpg,Neutrophil,unsegmented-band,A_sepakat_band,0,0,0,0,0,6002
BNE_761523_ccrop.jpg,Neutrophil,unsegmented-band,A_sepakat_band,0,0,0,0,0,5159
BNE_762064_ccrop.jpg,Neutrophil,unsegmented-band,A_sepakat_band,1,802,802,0,1,5474
BNE_762145_ccrop.jpg,Neutrophil,irregular,E_lainnya,0,0,0,0,0,4453
BNE_762565_ccrop.jpg,Neutrophil,unsegmented-band,A_sepakat_band,0,0,0,0,0,5700
BNE_764108_ccrop.jpg,Neutrophil,unsegmented-band,A_sepakat_band,0,0,0,0,0,5986
BNE_764437_ccrop.jpg,Neutrophil,unsegmented-band,A_sepakat_band,0,0,0,0,0,4894
BNE_765092_ccrop.jpg,Neutrophil,segmented-bilobed,D_konflik_BNE_segmented,0,0,0,0,0,6235
BNE_766669_ccrop.jpg,Neutrophil,unsegmented-band,A_sepakat_band,0,0,0,0,0,7481
BNE_767862_ccrop.jpg,Neutrophil,unsegmented-band,A_sepakat_band,0,0,0,0,0,4760
BNE_771331_ccrop.jpg,Neutrophil,unsegmented-band,A_sepakat_band,0,0,0,0,0,5860
BNE_772616_ccrop.jpg,Neutrophil,segmented-bilobed,D_konflik_BNE_segmented,4,93,62,0,4,5240
BNE_772825_ccrop.jpg,Neutrophil,unsegmented-band,A_sepakat_band,0,0,0,0,0,5728
BNE_773314_ccrop.jpg,Neutrophil,unsegmented-band,A_sepakat_band,0,0,0,0,0,5460
BNE_775595_ccrop.jpg,Neutrophil,unsegmented-band,A_sepakat_band,0,0,0,0,0,5366
BNE_77701_ccrop.jpg,Neutrophil,unsegmented-band,A_sepakat_band,1,250,250,0,1,4968
BNE_777460_ccrop.jpg,Neutrophil,unsegmented-band,A_sepakat_band,0,0,0,0,0,6775
BNE_779628_ccrop.jpg,Neutrophil,unsegmented-band,A_sepakat_band,0,0,0,0,0,4617
BNE_779767_ccrop.jpg,Neutrophil,unsegmented-band,A_sepakat_band,1,83,83,0,1,6662
BNE_781944_ccrop.jpg,Neutrophil,unsegmented-band,A_sepakat_band,0,0,0,0,0,5805
BNE_782010_ccrop.jpg,Neutrophil,unsegmented-band,A_sepakat_band,0,0,0,0,0,5292
BNE_784357_ccrop.jpg,Neutrophil,unsegmented-band,A_sepakat_band,0,0,0,0,0,5500
BNE_78757_ccrop.jpg,Neutrophil,unsegmented-round,E_lainnya,0,0,0,0,0,6185
BNE_788086_ccrop.jpg,Neutrophil,unsegmented-band,A_sepakat_band,0,0,0,0,0,4908
BNE_789640_ccrop.jpg,Neutrophil,unsegmented-band,A_sepakat_band,0,0,0,0,0,5249
BNE_791436_ccrop.jpg,Neutrophil,unsegmented-band,A_sepakat_band,1,225,225,0,1,4784
BNE_792019_ccrop.jpg,Neutrophil,unsegmented-band,A_sepakat_band,1,183,183,0,1,5416
BNE_792451_ccrop.jpg,Neutrophil,unsegmented-band,A_sepakat_band,0,0,0,0,0,7290
BNE_793103_ccrop.jpg,Neutrophil,unsegmented-band,A_sepakat_band,0,0,0,0,0,7812
BNE_795618_ccrop.jpg,Neutrophil,unsegmented-band,A_sepakat_band,0,0,0,0,0,6135
BNE_79688_ccrop.jpg,Neutrophil,unsegmented-band,A_sepakat_band,1,4,4,0,1,4750
BNE_797843_ccrop.jpg,Neutrophil,segmented-bilobed,D_konflik_BNE_segmented,0,0,0,0,0,5832
BNE_79939_ccrop.jpg,Neutrophil,unsegmented-band,A_sepakat_band,0,0,0,0,0,6046
BNE_799391_ccrop.jpg,Neutrophil,unsegmented-band,A_sepakat_band,0,0,0,0,0,5717
BNE_799584_ccrop.jpg,Neutrophil,unsegmented-band,A_sepakat_band,0,0,0,0,0,6949
BNE_800976_ccrop.jpg,Neutrophil,unsegmented-band,A_sepakat_band,1,352,352,0,1,4862
BNE_801234_ccrop.jpg,Neutrophil,irregular,E_lainnya,0,0,0,0,0,5654
BNE_801860_ccrop.jpg,Neutrophil,unsegmented-band,A_sepakat_band,0,0,0,0,0,4792
BNE_802726_ccrop.jpg,Neutrophil,unsegmented-band,A_sepakat_band,0,0,0,0,0,5823
BNE_803184_ccrop.jpg,Neutrophil,unsegmented-band,A_sepakat_band,0,0,0,0,0,5567
BNE_804375_ccrop.jpg,Neutrophil,unsegmented-band,A_sepakat_band,0,0,0,0,0,4868
BNE_804691_ccrop.jpg,Neutrophil,unsegmented-band,A_sepakat_band,0,0,0,0,0,6331
BNE_806131_ccrop.jpg,Neutrophil,segmented-bilobed,D_konflik_BNE_segmented,2,37,36,0,2,5197
BNE_806828_ccrop.jpg,Neutrophil,unsegmented-band,A_sepakat_band,1,171,171,0,1,6722
BNE_808076_ccrop.jpg,Neutrophil,unsegmented-band,A_sepakat_band,0,0,0,0,0,5887
BNE_808310_ccrop.jpg,Neutrophil,unsegmented-band,A_sepakat_band,0,0,0,0,0,5904
BNE_808960_ccrop.jpg,Neutrophil,unsegmented-band,A_sepakat_band,0,0,0,0,0,7355
BNE_809009_ccrop.jpg,Neutrophil,unsegmented-band,A_sepakat_band,0,0,0,0,0,6753
BNE_811882_ccrop.jpg,Neutrophil,unsegmented-band,A_sepakat_band,0,0,0,0,0,6700
BNE_812672_ccrop.jpg,Neutrophil,unsegmented-band,A_sepakat_band,0,0,0,0,0,6772
BNE_815174_ccrop.jpg,Neutrophil,unsegmented-band,A_sepakat_band,1,7,7,0,1,5312
BNE_816231_ccrop.jpg,Neutrophil,unsegmented-band,A_sepakat_band,0,0,0,0,0,5689
BNE_817538_ccrop.jpg,Neutrophil,unsegmented-band,A_sepakat_band,0,0,0,0,0,5304
BNE_81960_ccrop.jpg,Neutrophil,unsegmented-band,A_sepakat_band,0,0,0,0,0,4575
BNE_821631_ccrop.jpg,Neutrophil,unsegmented-band,A_sepakat_band,0,0,0,0,0,5070
BNE_822053_ccrop.jpg,Neutrophil,unsegmented-band,A_sepakat_band,0,0,0,0,0,5814
BNE_822503_ccrop.jpg,Neutrophil,unsegmented-band,A_sepakat_band,0,0,0,0,0,5470
BNE_823036_ccrop.jpg,Neutrophil,unsegmented-band,A_sepakat_band,0,0,0,0,0,5270
BNE_823583_ccrop.jpg,Neutrophil,unsegmented-band,A_sepakat_band,0,0,0,0,0,5022
BNE_823690_ccrop.jpg,Neutrophil,unsegmented-band,A_sepakat_band,0,0,0,0,0,4592
BNE_82472_ccrop.jpg,Neutrophil,unsegmented-band,A_sepakat_band,0,0,0,0,0,5422
BNE_824725_ccrop.jpg,Neutrophil,unsegmented-band,A_sepakat_band,0,0,0,0,0,5560
BNE_824932_ccrop.jpg,Neutrophil,unsegmented-band,A_sepakat_band,0,0,0,0,0,7209
BNE_82534_ccrop.jpg,Neutrophil,unsegmented-band,A_sepakat_band,0,0,0,0,0,6199
BNE_826046_ccrop.jpg,Neutrophil,unsegmented-band,A_sepakat_band,0,0,0,0,0,5217
BNE_827980_ccrop.jpg,Neutrophil,unsegmented-band,A_sepakat_band,0,0,0,0,0,4960
BNE_831028_ccrop.jpg,Neutrophil,unsegmented-band,A_sepakat_band,0,0,0,0,0,6466
BNE_832896_ccrop.jpg,Neutrophil,irregular,E_lainnya,0,0,0,0,0,6500
BNE_834526_ccrop.jpg,Neutrophil,unsegmented-band,A_sepakat_band,0,0,0,0,0,7485
BNE_835325_ccrop.jpg,Neutrophil,unsegmented-band,A_sepakat_band,0,0,0,0,0,4969
BNE_836973_ccrop.jpg,Neutrophil,unsegmented-band,A_sepakat_band,0,0,0,0,0,7617
BNE_83730_ccrop.jpg,Neutrophil,segmented-multilobed,D_konflik_BNE_segmented,4,264,175,0,4,4773
BNE_838831_ccrop.jpg,Neutrophil,unsegmented-band,A_sepakat_band,0,0,0,0,0,6705
BNE_839288_ccrop.jpg,Neutrophil,unsegmented-band,A_sepakat_band,1,803,803,0,1,5262
BNE_839402_ccrop.jpg,Neutrophil,unsegmented-band,A_sepakat_band,0,0,0,0,0,6261
BNE_839791_ccrop.jpg,Neutrophil,unsegmented-band,A_sepakat_band,0,0,0,0,0,5251
BNE_840_ccrop.jpg,Neutrophil,unsegmented-band,A_sepakat_band,0,0,0,0,0,5807
BNE_840660_ccrop.jpg,Neutrophil,irregular,E_lainnya,0,0,0,0,0,5511
BNE_841928_ccrop.jpg,Neutrophil,unsegmented-band,A_sepakat_band,0,0,0,0,0,4255
BNE_843954_ccrop.jpg,Neutrophil,unsegmented-band,A_sepakat_band,0,0,0,0,0,4999
BNE_844957_ccrop.jpg,Neutrophil,unsegmented-band,A_sepakat_band,0,0,0,0,0,5420
BNE_847110_ccrop.jpg,Neutrophil,unsegmented-band,A_sepakat_band,0,0,0,0,0,6589
BNE_848343_ccrop.jpg,Neutrophil,unsegmented-band,A_sepakat_band,0,0,0,0,0,4737
BNE_848534_ccrop.jpg,Neutrophil,unsegmented-band,A_sepakat_band,0,0,0,0,0,8925
BNE_854167_ccrop.jpg,Neutrophil,unsegmented-band,A_sepakat_band,0,0,0,0,0,6609
BNE_856696_ccrop.jpg,Neutrophil,unsegmented-band,A_sepakat_band,3,50,47,0,3,5212
BNE_857398_ccrop.jpg,Neutrophil,unsegmented-band,A_sepakat_band,0,0,0,0,0,5270
BNE_859196_ccrop.jpg,Neutrophil,unsegmented-band,A_sepakat_band,0,0,0,0,0,5866
BNE_859701_ccrop.jpg,Neutrophil,unsegmented-band,A_sepakat_band,0,0,0,0,0,5293
BNE_859996_ccrop.jpg,Neutrophil,unsegmented-band,A_sepakat_band,0,0,0,0,0,6212
BNE_860847_ccrop.jpg,Neutrophil,unsegmented-band,A_sepakat_band,0,0,0,0,0,5655
BNE_862425_ccrop.jpg,Neutrophil,unsegmented-band,A_sepakat_band,0,0,0,0,0,6973
BNE_862711_ccrop.jpg,Neutrophil,unsegmented-band,A_sepakat_band,0,0,0,0,0,4785
BNE_862836_ccrop.jpg,Neutrophil,unsegmented-band,A_sepakat_band,0,0,0,0,0,6412
BNE_864540_ccrop.jpg,Neutrophil,unsegmented-band,A_sepakat_band,0,0,0,0,0,4535
BNE_864705_ccrop.jpg,Neutrophil,unsegmented-band,A_sepakat_band,0,0,0,0,0,5040
BNE_864750_ccrop.jpg,Neutrophil,unsegmented-band,A_sepakat_band,0,0,0,0,0,5066
BNE_866979_ccrop.jpg,Neutrophil,unsegmented-band,A_sepakat_band,0,0,0,0,0,7086
BNE_866984_ccrop.jpg,Neutrophil,unsegmented-band,A_sepakat_band,4,152,128,0,4,5516
BNE_867430_ccrop.jpg,Neutrophil,unsegmented-band,A_sepakat_band,0,0,0,0,0,5727
BNE_868025_ccrop.jpg,Neutrophil,unsegmented-band,A_sepakat_band,1,27,27,0,1,4785
BNE_870136_ccrop.jpg,Neutrophil,unsegmented-band,A_sepakat_band,0,0,0,0,0,6152
BNE_871991_ccrop.jpg,Neutrophil,unsegmented-band,A_sepakat_band,0,0,0,0,0,4271
BNE_873174_ccrop.jpg,Neutrophil,unsegmented-band,A_sepakat_band,0,0,0,0,0,5260
BNE_873673_ccrop.jpg,Neutrophil,unsegmented-band,A_sepakat_band,0,0,0,0,0,6175
BNE_874580_ccrop.jpg,Neutrophil,unsegmented-band,A_sepakat_band,0,0,0,0,0,4671
BNE_875008_ccrop.jpg,Neutrophil,unsegmented-band,A_sepakat_band,0,0,0,0,0,6586
BNE_875631_ccrop.jpg,Neutrophil,unsegmented-band,A_sepakat_band,0,0,0,0,0,5195
BNE_877775_ccrop.jpg,Neutrophil,unsegmented-band,A_sepakat_band,0,0,0,0,0,4709
BNE_878373_ccrop.jpg,Neutrophil,unsegmented-band,A_sepakat_band,0,0,0,0,0,7569
BNE_878990_ccrop.jpg,Neutrophil,unsegmented-band,A_sepakat_band,0,0,0,0,0,8597
BNE_879421_ccrop.jpg,Neutrophil,unsegmented-band,A_sepakat_band,0,0,0,0,0,4066
BNE_881009_ccrop.jpg,Neutrophil,unsegmented-band,A_sepakat_band,0,0,0,0,0,6111
BNE_882003_ccrop.jpg,Neutrophil,unsegmented-band,A_sepakat_band,0,0,0,0,0,5371
BNE_883125_ccrop.jpg,Neutrophil,unsegmented-band,A_sepakat_band,0,0,0,0,0,4823
BNE_883723_ccrop.jpg,Neutrophil,unsegmented-band,A_sepakat_band,0,0,0,0,0,6240
BNE_884373_ccrop.jpg,Neutrophil,unsegmented-band,A_sepakat_band,0,0,0,0,0,4766
BNE_88499_ccrop.jpg,Neutrophil,segmented-bilobed,D_konflik_BNE_segmented,2,110,89,0,2,5037
BNE_885859_ccrop.jpg,Neutrophil,unsegmented-band,A_sepakat_band,0,0,0,0,0,6674
BNE_88749_ccrop.jpg,Neutrophil,unsegmented-band,A_sepakat_band,0,0,0,0,0,5498
BNE_88826_ccrop.jpg,Neutrophil,unsegmented-band,A_sepakat_band,0,0,0,0,0,6533
BNE_889850_ccrop.jpg,Neutrophil,unsegmented-band,A_sepakat_band,0,0,0,0,0,6387
BNE_889884_ccrop.jpg,Neutrophil,unsegmented-band,A_sepakat_band,0,0,0,0,0,4636
BNE_891017_ccrop.jpg,Neutrophil,unsegmented-band,A_sepakat_band,0,0,0,0,0,5356
BNE_894142_ccrop.jpg,Neutrophil,unsegmented-band,A_sepakat_band,0,0,0,0,0,5077
BNE_89466_ccrop.jpg,Neutrophil,unsegmented-band,A_sepakat_band,0,0,0,0,0,6210
BNE_895939_ccrop.jpg,Neutrophil,unsegmented-band,A_sepakat_band,0,0,0,0,0,6255
BNE_896102_ccrop.jpg,Neutrophil,unsegmented-band,A_sepakat_band,0,0,0,0,0,4843
BNE_896296_ccrop.jpg,Neutrophil,unsegmented-band,A_sepakat_band,0,0,0,0,0,6238
BNE_898519_ccrop.jpg,Neutrophil,unsegmented-band,A_sepakat_band,1,73,73,0,1,6367
BNE_898606_ccrop.jpg,Neutrophil,unsegmented-band,A_sepakat_band,0,0,0,0,0,4692
BNE_899254_ccrop.jpg,Neutrophil,segmented-bilobed,D_konflik_BNE_segmented,0,0,0,0,0,4555
BNE_899761_ccrop.jpg,Neutrophil,unsegmented-band,A_sepakat_band,0,0,0,0,0,5490
BNE_900426_ccrop.jpg,Neutrophil,unsegmented-band,A_sepakat_band,0,0,0,0,0,5001
BNE_900566_ccrop.jpg,Neutrophil,unsegmented-band,A_sepakat_band,0,0,0,0,0,5355
BNE_901057_ccrop.jpg,Neutrophil,unsegmented-band,A_sepakat_band,0,0,0,0,0,6013
BNE_901137_ccrop.jpg,Neutrophil,unsegmented-band,A_sepakat_band,0,0,0,0,0,8197
BNE_901592_ccrop.jpg,Neutrophil,unsegmented-band,A_sepakat_band,0,0,0,0,0,4567
BNE_903013_ccrop.jpg,Neutrophil,unsegmented-band,A_sepakat_band,0,0,0,0,0,4601
BNE_903293_ccrop.jpg,Neutrophil,unsegmented-band,A_sepakat_band,0,0,0,0,0,5641
BNE_903821_ccrop.jpg,Neutrophil,unsegmented-band,A_sepakat_band,0,0,0,0,0,6288
BNE_905950_ccrop.jpg,Neutrophil,unsegmented-band,A_sepakat_band,0,0,0,0,0,5240
BNE_906181_ccrop.jpg,Neutrophil,unsegmented-band,A_sepakat_band,0,0,0,0,0,5948
BNE_907973_ccrop.jpg,Neutrophil,unsegmented-band,A_sepakat_band,0,0,0,0,0,4642
BNE_909484_ccrop.jpg,Neutrophil,unsegmented-band,A_sepakat_band,0,0,0,0,0,5100
BNE_910236_ccrop.jpg,Neutrophil,unsegmented-band,A_sepakat_band,0,0,0,0,0,5728
BNE_910472_ccrop.jpg,Neutrophil,unsegmented-band,A_sepakat_band,0,0,0,0,0,5031
BNE_910536_ccrop.jpg,Neutrophil,unsegmented-band,A_sepakat_band,0,0,0,0,0,5189
BNE_910561_ccrop.jpg,Neutrophil,unsegmented-band,A_sepakat_band,0,0,0,0,0,5915
BNE_912319_ccrop.jpg,Neutrophil,unsegmented-band,A_sepakat_band,0,0,0,0,0,6053
BNE_915098_ccrop.jpg,Neutrophil,unsegmented-band,A_sepakat_band,0,0,0,0,0,6354
BNE_915508_ccrop.jpg,Neutrophil,unsegmented-band,A_sepakat_band,0,0,0,0,0,4545
BNE_91614_ccrop.jpg,Neutrophil,unsegmented-band,A_sepakat_band,0,0,0,0,0,7191
BNE_916402_ccrop.jpg,Neutrophil,segmented-bilobed,D_konflik_BNE_segmented,0,0,0,0,0,5525
BNE_918305_ccrop.jpg,Neutrophil,unsegmented-band,A_sepakat_band,0,0,0,0,0,4768
BNE_918429_ccrop.jpg,Neutrophil,unsegmented-band,A_sepakat_band,0,0,0,0,0,4264
BNE_918500_ccrop.jpg,Neutrophil,unsegmented-band,A_sepakat_band,3,4,2,0,3,5397
BNE_921156_ccrop.jpg,Neutrophil,unsegmented-band,A_sepakat_band,0,0,0,0,0,4634
BNE_921626_ccrop.jpg,Neutrophil,unsegmented-band,A_sepakat_band,0,0,0,0,0,5639
BNE_921875_ccrop.jpg,Neutrophil,unsegmented-band,A_sepakat_band,0,0,0,0,0,4914
BNE_92309_ccrop.jpg,Neutrophil,unsegmented-band,A_sepakat_band,1,95,95,0,1,4648
BNE_923268_ccrop.jpg,Neutrophil,unsegmented-band,A_sepakat_band,0,0,0,0,0,6106
BNE_926713_ccrop.jpg,Neutrophil,unsegmented-band,A_sepakat_band,0,0,0,0,0,6404
BNE_927001_ccrop.jpg,Neutrophil,unsegmented-band,A_sepakat_band,0,0,0,0,0,7383
BNE_928146_ccrop.jpg,Neutrophil,unsegmented-band,A_sepakat_band,0,0,0,0,0,5229
BNE_928561_ccrop.jpg,Neutrophil,unsegmented-band,A_sepakat_band,0,0,0,0,0,6409
BNE_929802_ccrop.jpg,Neutrophil,unsegmented-band,A_sepakat_band,0,0,0,0,0,7496
BNE_929997_ccrop.jpg,Neutrophil,unsegmented-band,A_sepakat_band,0,0,0,0,0,7048
BNE_930364_ccrop.jpg,Neutrophil,unsegmented-band,A_sepakat_band,0,0,0,0,0,4720
BNE_930707_ccrop.jpg,Neutrophil,unsegmented-band,A_sepakat_band,0,0,0,0,0,8180
BNE_933305_ccrop.jpg,Neutrophil,unsegmented-band,A_sepakat_band,0,0,0,0,0,5716
BNE_934554_ccrop.jpg,Neutrophil,unsegmented-band,A_sepakat_band,1,71,71,0,1,4262
BNE_935665_ccrop.jpg,Neutrophil,unsegmented-band,A_sepakat_band,0,0,0,0,0,5005
BNE_937085_ccrop.jpg,Neutrophil,unsegmented-band,A_sepakat_band,0,0,0,0,0,5305
BNE_93736_ccrop.jpg,Neutrophil,unsegmented-band,A_sepakat_band,0,0,0,0,0,5109
BNE_937660_ccrop.jpg,Neutrophil,unsegmented-band,A_sepakat_band,0,0,0,0,0,7197
BNE_939116_ccrop.jpg,Neutrophil,unsegmented-band,A_sepakat_band,0,0,0,0,0,4740
BNE_939166_ccrop.jpg,Neutrophil,unsegmented-band,A_sepakat_band,0,0,0,0,0,4601
BNE_939554_ccrop.jpg,Neutrophil,unsegmented-band,A_sepakat_band,0,0,0,0,0,4860
BNE_939753_ccrop.jpg,Neutrophil,unsegmented-band,A_sepakat_band,0,0,0,0,0,6512
BNE_942595_ccrop.jpg,Neutrophil,unsegmented-band,A_sepakat_band,0,0,0,0,0,7926
BNE_943597_ccrop.jpg,Neutrophil,unsegmented-band,A_sepakat_band,0,0,0,0,0,5583
BNE_94378_ccrop.jpg,Neutrophil,irregular,E_lainnya,0,0,0,0,0,5055
BNE_945946_ccrop.jpg,Neutrophil,unsegmented-band,A_sepakat_band,0,0,0,0,0,4045
BNE_947464_ccrop.jpg,Neutrophil,unsegmented-band,A_sepakat_band,0,0,0,0,0,5561
BNE_948682_ccrop.jpg,Neutrophil,unsegmented-band,A_sepakat_band,0,0,0,0,0,5346
BNE_948760_ccrop.jpg,Neutrophil,unsegmented-band,A_sepakat_band,0,0,0,0,0,4742
BNE_949188_ccrop.jpg,Neutrophil,unsegmented-band,A_sepakat_band,0,0,0,0,0,5757
BNE_949615_ccrop.jpg,Neutrophil,unsegmented-band,A_sepakat_band,0,0,0,0,0,6319
BNE_951149_ccrop.jpg,Neutrophil,unsegmented-band,A_sepakat_band,1,1,1,0,1,5610
BNE_951779_ccrop.jpg,Neutrophil,unsegmented-band,A_sepakat_band,0,0,0,0,0,7461
BNE_952597_ccrop.jpg,Neutrophil,unsegmented-band,A_sepakat_band,0,0,0,0,0,4515
BNE_954379_ccrop.jpg,Neutrophil,unsegmented-band,A_sepakat_band,0,0,0,0,0,5278
BNE_955098_ccrop.jpg,Neutrophil,unsegmented-band,A_sepakat_band,0,0,0,0,0,5959
BNE_95555_ccrop.jpg,Neutrophil,unsegmented-band,A_sepakat_band,0,0,0,0,0,5310
BNE_955797_ccrop.jpg,Neutrophil,unsegmented-band,A_sepakat_band,0,0,0,0,0,6413
BNE_956356_ccrop.jpg,Neutrophil,unsegmented-band,A_sepakat_band,0,0,0,0,0,5641
BNE_957531_ccrop.jpg,Neutrophil,unsegmented-band,A_sepakat_band,0,0,0,0,0,5177
BNE_958533_ccrop.jpg,Neutrophil,unsegmented-band,A_sepakat_band,1,2,2,0,1,5390
BNE_958876_ccrop.jpg,Neutrophil,unsegmented-band,A_sepakat_band,0,0,0,0,0,4922
BNE_959253_ccrop.jpg,Neutrophil,unsegmented-band,A_sepakat_band,0,0,0,0,0,5387
BNE_959568_ccrop.jpg,Neutrophil,unsegmented-band,A_sepakat_band,0,0,0,0,0,5738
BNE_960086_ccrop.jpg,Neutrophil,unsegmented-band,A_sepakat_band,0,0,0,0,0,5631
BNE_961507_ccrop.jpg,Neutrophil,unsegmented-band,A_sepakat_band,0,0,0,0,0,5547
BNE_961579_ccrop.jpg,Neutrophil,unsegmented-band,A_sepakat_band,0,0,0,0,0,5263
BNE_962661_ccrop.jpg,Neutrophil,unsegmented-band,A_sepakat_band,0,0,0,0,0,6410
BNE_96422_ccrop.jpg,Neutrophil,unsegmented-band,A_sepakat_band,0,0,0,0,0,4635
BNE_966079_ccrop.jpg,Neutrophil,unsegmented-band,A_sepakat_band,0,0,0,0,0,6161
BNE_967395_ccrop.jpg,Neutrophil,unsegmented-band,A_sepakat_band,0,0,0,0,0,5243
BNE_968691_ccrop.jpg,Neutrophil,unsegmented-band,A_sepakat_band,0,0,0,0,0,6635
BNE_970365_ccrop.jpg,Neutrophil,unsegmented-band,A_sepakat_band,0,0,0,0,0,5591
BNE_971018_ccrop.jpg,Neutrophil,unsegmented-band,A_sepakat_band,0,0,0,0,0,5913
BNE_971092_ccrop.jpg,Neutrophil,unsegmented-band,A_sepakat_band,0,0,0,0,0,4954
BNE_971478_ccrop.jpg,Neutrophil,unsegmented-band,A_sepakat_band,1,214,214,0,1,4948
BNE_972679_ccrop.jpg,Neutrophil,unsegmented-band,A_sepakat_band,1,3,3,0,1,5389
BNE_973117_ccrop.jpg,Neutrophil,unsegmented-band,A_sepakat_band,2,67,45,0,2,5471
BNE_975548_ccrop.jpg,Neutrophil,unsegmented-band,A_sepakat_band,0,0,0,0,0,6705
BNE_975767_ccrop.jpg,Neutrophil,unsegmented-band,A_sepakat_band,0,0,0,0,0,6592
BNE_976624_ccrop.jpg,Neutrophil,unsegmented-band,A_sepakat_band,0,0,0,0,0,6714
BNE_976865_ccrop.jpg,Neutrophil,unsegmented-band,A_sepakat_band,0,0,0,0,0,5553
BNE_977528_ccrop.jpg,Neutrophil,unsegmented-band,A_sepakat_band,0,0,0,0,0,6167
BNE_977614_ccrop.jpg,Neutrophil,unsegmented-band,A_sepakat_band,0,0,0,0,0,4399
BNE_979144_ccrop.jpg,Neutrophil,unsegmented-band,A_sepakat_band,0,0,0,0,0,5653
BNE_980569_ccrop.jpg,Neutrophil,unsegmented-band,A_sepakat_band,0,0,0,0,0,6382
BNE_983264_ccrop.jpg,Neutrophil,unsegmented-band,A_sepakat_band,0,0,0,0,0,6817
BNE_983955_ccrop.jpg,Neutrophil,unsegmented-band,A_sepakat_band,0,0,0,0,0,7140
BNE_985056_ccrop.jpg,Neutrophil,segmented-multilobed,D_konflik_BNE_segmented,0,0,0,0,0,5986
BNE_985168_ccrop.jpg,Neutrophil,unsegmented-band,A_sepakat_band,0,0,0,0,0,4725
BNE_985930_ccrop.jpg,Neutrophil,unsegmented-band,A_sepakat_band,0,0,0,0,0,5250
BNE_985986_ccrop.jpg,Neutrophil,unsegmented-band,A_sepakat_band,0,0,0,0,0,5144
BNE_986103_ccrop.jpg,Neutrophil,unsegmented-band,A_sepakat_band,0,0,0,0,0,6308
BNE_986197_ccrop.jpg,Neutrophil,unsegmented-band,A_sepakat_band,1,56,56,0,1,7151
BNE_986241_ccrop.jpg,Neutrophil,unsegmented-band,A_sepakat_band,0,0,0,0,0,7019
BNE_986323_ccrop.jpg,Neutrophil,unsegmented-band,A_sepakat_band,0,0,0,0,0,5466
BNE_98656_ccrop.jpg,Neutrophil,irregular,E_lainnya,0,0,0,0,0,4243
BNE_987482_ccrop.jpg,Neutrophil,unsegmented-band,A_sepakat_band,0,0,0,0,0,5655
BNE_989723_ccrop.jpg,Neutrophil,unsegmented-band,A_sepakat_band,1,20,20,0,1,6612
BNE_98999_ccrop.jpg,Neutrophil,unsegmented-band,A_sepakat_band,0,0,0,0,0,6223
BNE_990094_ccrop.jpg,Neutrophil,segmented-multilobed,D_konflik_BNE_segmented,2,97,64,0,2,6065
BNE_991039_ccrop.jpg,Neutrophil,unsegmented-band,A_sepakat_band,0,0,0,0,0,6057
BNE_991991_ccrop.jpg,Neutrophil,unsegmented-band,A_sepakat_band,5,71,65,0,5,5685
BNE_992020_ccrop.jpg,Neutrophil,unsegmented-band,A_sepakat_band,0,0,0,0,0,4288
BNE_992159_ccrop.jpg,Neutrophil,segmented-bilobed,D_konflik_BNE_segmented,1,661,661,0,1,6106
BNE_992544_ccrop.jpg,Neutrophil,unsegmented-band,A_sepakat_band,0,0,0,0,0,5570
BNE_993339_ccrop.jpg,Neutrophil,unsegmented-band,A_sepakat_band,0,0,0,0,0,5580
BNE_994510_ccrop.jpg,Neutrophil,unsegmented-band,A_sepakat_band,0,0,0,0,0,5242
BNE_995250_ccrop.jpg,Neutrophil,unsegmented-band,A_sepakat_band,0,0,0,0,0,5742
BNE_995476_ccrop.jpg,Neutrophil,unsegmented-band,A_sepakat_band,0,0,0,0,0,5641
BNE_999232_ccrop.jpg,Neutrophil,unsegmented-band,A_sepakat_band,0,0,0,0,0,4234
EO_1007_ccrop.jpg,Eosinophil,segmented-bilobed,bukan_neutrofil,0,0,0,0,0,7554
EO_101772_ccrop.jpg,Eosinophil,segmented-multilobed,bukan_neutrofil,0,0,0,0,0,6490
EO_103851_ccrop.jpg,Eosinophil,segmented-bilobed,bukan_neutrofil,0,0,0,0,0,4833
EO_104169_ccrop.jpg,Eosinophil,segmented-bilobed,bukan_neutrofil,0,0,0,0,0,6405
EO_105010_ccrop.jpg,Eosinophil,segmented-multilobed,bukan_neutrofil,0,0,0,0,0,5978
EO_105272_ccrop.jpg,Eosinophil,segmented-bilobed,bukan_neutrofil,0,0,0,0,0,5911
EO_105327_ccrop.jpg,Eosinophil,segmented-bilobed,bukan_neutrofil,0,0,0,0,0,6096
EO_106056_ccrop.jpg,Eosinophil,segmented-bilobed,bukan_neutrofil,0,0,0,0,0,5257
EO_106191_ccrop.jpg,Eosinophil,segmented-multilobed,bukan_neutrofil,1,89,89,0,1,6565
EO_108089_ccrop.jpg,Eosinophil,segmented-bilobed,bukan_neutrofil,0,0,0,0,0,7475
EO_108385_ccrop.jpg,Eosinophil,segmented-bilobed,bukan_neutrofil,0,0,0,0,0,5591
EO_109736_ccrop.jpg,Eosinophil,segmented-bilobed,bukan_neutrofil,0,0,0,0,0,7838
EO_109766_ccrop.jpg,Eosinophil,segmented-bilobed,bukan_neutrofil,0,0,0,0,0,5795
EO_110764_ccrop.jpg,Eosinophil,segmented-bilobed,bukan_neutrofil,0,0,0,0,0,5777
EO_111417_ccrop.jpg,Eosinophil,segmented-bilobed,bukan_neutrofil,0,0,0,0,0,5493
EO_112391_ccrop.jpg,Eosinophil,segmented-bilobed,bukan_neutrofil,0,0,0,0,0,5616
EO_112463_ccrop.jpg,Eosinophil,segmented-bilobed,bukan_neutrofil,0,0,0,0,0,6697
EO_112884_ccrop.jpg,Eosinophil,segmented-bilobed,bukan_neutrofil,1,367,367,0,1,5539
EO_113517_ccrop.jpg,Eosinophil,segmented-bilobed,bukan_neutrofil,0,0,0,0,0,5950
EO_113603_ccrop.jpg,Eosinophil,segmented-bilobed,bukan_neutrofil,0,0,0,0,0,5203
EO_114080_ccrop.jpg,Eosinophil,segmented-multilobed,bukan_neutrofil,0,0,0,0,0,5569
EO_114140_ccrop.jpg,Eosinophil,segmented-bilobed,bukan_neutrofil,0,0,0,0,0,6167
EO_114381_ccrop.jpg,Eosinophil,segmented-bilobed,bukan_neutrofil,0,0,0,0,0,6717
EO_114533_ccrop.jpg,Eosinophil,segmented-bilobed,bukan_neutrofil,0,0,0,0,0,6913
EO_114903_ccrop.jpg,Eosinophil,segmented-bilobed,bukan_neutrofil,0,0,0,0,0,5554
EO_115486_ccrop.jpg,Eosinophil,segmented-multilobed,bukan_neutrofil,0,0,0,0,0,5039
EO_115792_ccrop.jpg,Eosinophil,segmented-bilobed,bukan_neutrofil,0,0,0,0,0,4203
EO_115822_ccrop.jpg,Eosinophil,segmented-bilobed,bukan_neutrofil,0,0,0,0,0,6430
EO_117353_ccrop.jpg,Eosinophil,segmented-bilobed,bukan_neutrofil,0,0,0,0,0,6947
EO_117811_ccrop.jpg,Eosinophil,segmented-bilobed,bukan_neutrofil,0,0,0,0,0,5214
EO_118266_ccrop.jpg,Eosinophil,segmented-bilobed,bukan_neutrofil,0,0,0,0,0,7776
EO_118338_ccrop.jpg,Eosinophil,segmented-bilobed,bukan_neutrofil,0,0,0,0,0,5467
EO_118851_ccrop.jpg,Eosinophil,segmented-bilobed,bukan_neutrofil,0,0,0,0,0,6333
EO_118894_ccrop.jpg,Eosinophil,segmented-bilobed,bukan_neutrofil,0,0,0,0,0,5751
EO_118939_ccrop.jpg,Eosinophil,segmented-bilobed,bukan_neutrofil,0,0,0,0,0,5563
EO_119318_ccrop.jpg,Eosinophil,segmented-bilobed,bukan_neutrofil,0,0,0,0,0,6069
EO_119662_ccrop.jpg,Eosinophil,segmented-bilobed,bukan_neutrofil,0,0,0,0,0,5323
EO_119952_ccrop.jpg,Eosinophil,segmented-bilobed,bukan_neutrofil,0,0,0,0,0,5166
EO_120534_ccrop.jpg,Eosinophil,segmented-multilobed,bukan_neutrofil,1,6,6,0,1,7394
EO_122055_ccrop.jpg,Eosinophil,segmented-bilobed,bukan_neutrofil,0,0,0,0,0,6287
EO_122433_ccrop.jpg,Eosinophil,segmented-bilobed,bukan_neutrofil,0,0,0,0,0,4851
EO_122588_ccrop.jpg,Eosinophil,segmented-bilobed,bukan_neutrofil,0,0,0,0,0,6987
EO_122871_ccrop.jpg,Eosinophil,segmented-bilobed,bukan_neutrofil,0,0,0,0,0,7218
EO_123299_ccrop.jpg,Eosinophil,segmented-bilobed,bukan_neutrofil,0,0,0,0,0,5963
EO_124039_ccrop.jpg,Eosinophil,segmented-bilobed,bukan_neutrofil,0,0,0,0,0,7618
EO_124265_ccrop.jpg,Eosinophil,segmented-bilobed,bukan_neutrofil,0,0,0,0,0,6671
EO_124684_ccrop.jpg,Eosinophil,segmented-bilobed,bukan_neutrofil,0,0,0,0,0,5339
EO_124886_ccrop.jpg,Eosinophil,segmented-bilobed,bukan_neutrofil,0,0,0,0,0,5512
EO_125106_ccrop.jpg,Eosinophil,segmented-bilobed,bukan_neutrofil,0,0,0,0,0,6282
EO_125389_ccrop.jpg,Eosinophil,segmented-bilobed,bukan_neutrofil,0,0,0,0,0,5736
EO_125411_ccrop.jpg,Eosinophil,segmented-bilobed,bukan_neutrofil,0,0,0,0,0,6002
EO_125499_ccrop.jpg,Eosinophil,segmented-bilobed,bukan_neutrofil,0,0,0,0,0,4706
EO_126623_ccrop.jpg,Eosinophil,segmented-bilobed,bukan_neutrofil,1,1123,1123,0,1,6173
EO_128238_ccrop.jpg,Eosinophil,segmented-bilobed,bukan_neutrofil,0,0,0,0,0,5915
EO_128298_ccrop.jpg,Eosinophil,segmented-bilobed,bukan_neutrofil,1,9,9,0,1,6057
EO_129196_ccrop.jpg,Eosinophil,segmented-multilobed,bukan_neutrofil,0,0,0,0,0,5004
EO_129271_ccrop.jpg,Eosinophil,segmented-bilobed,bukan_neutrofil,0,0,0,0,0,5312
EO_129300_ccrop.jpg,Eosinophil,segmented-multilobed,bukan_neutrofil,0,0,0,0,0,5097
EO_129360_ccrop.jpg,Eosinophil,segmented-bilobed,bukan_neutrofil,0,0,0,0,0,7433
EO_130195_ccrop.jpg,Eosinophil,segmented-multilobed,bukan_neutrofil,1,1988,1988,0,1,7495
EO_131707_ccrop.jpg,Eosinophil,segmented-bilobed,bukan_neutrofil,0,0,0,0,0,6650
EO_132515_ccrop.jpg,Eosinophil,segmented-bilobed,bukan_neutrofil,1,1,1,0,1,5968
EO_133581_ccrop.jpg,Eosinophil,segmented-multilobed,bukan_neutrofil,1,397,397,0,1,7011
EO_1340_ccrop.jpg,Eosinophil,segmented-bilobed,bukan_neutrofil,0,0,0,0,0,6446
EO_134423_ccrop.jpg,Eosinophil,segmented-bilobed,bukan_neutrofil,0,0,0,0,0,6679
EO_134458_ccrop.jpg,Eosinophil,segmented-multilobed,bukan_neutrofil,0,0,0,0,0,6301
EO_135534_ccrop.jpg,Eosinophil,segmented-multilobed,bukan_neutrofil,0,0,0,0,0,6855
EO_136851_ccrop.jpg,Eosinophil,segmented-bilobed,bukan_neutrofil,1,5,5,0,1,7447
EO_138253_ccrop.jpg,Eosinophil,segmented-multilobed,bukan_neutrofil,0,0,0,0,0,7185
EO_139844_ccrop.jpg,Eosinophil,segmented-multilobed,bukan_neutrofil,2,224,138,0,2,6248
EO_140419_ccrop.jpg,Eosinophil,unsegmented-band,bukan_neutrofil,0,0,0,0,0,5382
EO_141807_ccrop.jpg,Eosinophil,segmented-bilobed,bukan_neutrofil,0,0,0,0,0,5503
EO_142659_ccrop.jpg,Eosinophil,segmented-bilobed,bukan_neutrofil,0,0,0,0,0,6015
EO_143764_ccrop.jpg,Eosinophil,segmented-bilobed,bukan_neutrofil,0,0,0,0,0,5108
EO_144566_ccrop.jpg,Eosinophil,segmented-multilobed,bukan_neutrofil,0,0,0,0,0,5908
EO_146319_ccrop.jpg,Eosinophil,segmented-bilobed,bukan_neutrofil,0,0,0,0,0,5180
EO_146780_ccrop.jpg,Eosinophil,segmented-multilobed,bukan_neutrofil,0,0,0,0,0,6654
EO_147032_ccrop.jpg,Eosinophil,segmented-multilobed,bukan_neutrofil,0,0,0,0,0,5501
EO_147843_ccrop.jpg,Eosinophil,irregular,bukan_neutrofil,2,150,107,0,2,9629
EO_147951_ccrop.jpg,Eosinophil,segmented-bilobed,bukan_neutrofil,0,0,0,0,0,4938
EO_149695_ccrop.jpg,Eosinophil,segmented-multilobed,bukan_neutrofil,0,0,0,0,0,5782
EO_149787_ccrop.jpg,Eosinophil,segmented-bilobed,bukan_neutrofil,0,0,0,0,0,7969
EO_150121_ccrop.jpg,Eosinophil,segmented-bilobed,bukan_neutrofil,0,0,0,0,0,5963
EO_150361_ccrop.jpg,Eosinophil,segmented-bilobed,bukan_neutrofil,0,0,0,0,0,6951
EO_15074093_ccrop.jpg,Eosinophil,irregular,bukan_neutrofil,0,0,0,0,0,12338
EO_151527_ccrop.jpg,Eosinophil,segmented-bilobed,bukan_neutrofil,0,0,0,0,0,5197
EO_152071_ccrop.jpg,Eosinophil,segmented-bilobed,bukan_neutrofil,0,0,0,0,0,6937
EO_152760_ccrop.jpg,Eosinophil,segmented-bilobed,bukan_neutrofil,0,0,0,0,0,4760
EO_152922_ccrop.jpg,Eosinophil,segmented-bilobed,bukan_neutrofil,0,0,0,0,0,3318
EO_154678_ccrop.jpg,Eosinophil,segmented-bilobed,bukan_neutrofil,0,0,0,0,0,5342
EO_155105_ccrop.jpg,Eosinophil,segmented-bilobed,bukan_neutrofil,0,0,0,0,0,10627
EO_1554_ccrop.jpg,Eosinophil,segmented-bilobed,bukan_neutrofil,0,0,0,0,0,6269
EO_155442_ccrop.jpg,Eosinophil,segmented-multilobed,bukan_neutrofil,6,51,28,0,6,6726
EO_155874_ccrop.jpg,Eosinophil,unsegmented-band,bukan_neutrofil,0,0,0,0,0,5712
EO_1567_ccrop.jpg,Eosinophil,segmented-bilobed,bukan_neutrofil,0,0,0,0,0,5756
EO_157176_ccrop.jpg,Eosinophil,segmented-multilobed,bukan_neutrofil,0,0,0,0,0,6101
EO_157965_ccrop.jpg,Eosinophil,segmented-bilobed,bukan_neutrofil,0,0,0,0,0,6240
EO_158003_ccrop.jpg,Eosinophil,segmented-bilobed,bukan_neutrofil,0,0,0,0,0,5086
EO_158113_ccrop.jpg,Eosinophil,unsegmented-band,bukan_neutrofil,2,209,208,0,2,5905
EO_158845_ccrop.jpg,Eosinophil,segmented-bilobed,bukan_neutrofil,0,0,0,0,0,5831
EO_159306_ccrop.jpg,Eosinophil,segmented-bilobed,bukan_neutrofil,0,0,0,0,0,5279
EO_159731_ccrop.jpg,Eosinophil,segmented-bilobed,bukan_neutrofil,0,0,0,0,0,5487
EO_159892_ccrop.jpg,Eosinophil,segmented-bilobed,bukan_neutrofil,0,0,0,0,0,6581
EO_16004_ccrop.jpg,Eosinophil,segmented-bilobed,bukan_neutrofil,0,0,0,0,0,5445
EO_160566_ccrop.jpg,Eosinophil,segmented-bilobed,bukan_neutrofil,0,0,0,0,0,7729
EO_161474_ccrop.jpg,Eosinophil,segmented-multilobed,bukan_neutrofil,0,0,0,0,0,6173
EO_161563_ccrop.jpg,Eosinophil,segmented-bilobed,bukan_neutrofil,0,0,0,0,0,6294
EO_161656_ccrop.jpg,Eosinophil,segmented-bilobed,bukan_neutrofil,0,0,0,0,0,6756
EO_161989_ccrop.jpg,Eosinophil,unsegmented-indented,bukan_neutrofil,0,0,0,0,0,7681
EO_162015_ccrop.jpg,Eosinophil,unsegmented-band,bukan_neutrofil,0,0,0,0,0,5305
EO_162059_ccrop.jpg,Eosinophil,segmented-bilobed,bukan_neutrofil,0,0,0,0,0,6105
EO_162162_ccrop.jpg,Eosinophil,segmented-bilobed,bukan_neutrofil,0,0,0,0,0,7665
EO_16249708_ccrop.jpg,Eosinophil,segmented-bilobed,bukan_neutrofil,0,0,0,0,0,6392
EO_162984_ccrop.jpg,Eosinophil,segmented-bilobed,bukan_neutrofil,0,0,0,0,0,5258
EO_163661_ccrop.jpg,Eosinophil,segmented-multilobed,bukan_neutrofil,0,0,0,0,0,6802
EO_163905_ccrop.jpg,Eosinophil,segmented-bilobed,bukan_neutrofil,2,11,9,0,2,6017
EO_16412_ccrop.jpg,Eosinophil,segmented-bilobed,bukan_neutrofil,0,0,0,0,0,5505
EO_164277_ccrop.jpg,Eosinophil,segmented-bilobed,bukan_neutrofil,0,0,0,0,0,5647
EO_164354_ccrop.jpg,Eosinophil,segmented-multilobed,bukan_neutrofil,0,0,0,0,0,5652
EO_164571_ccrop.jpg,Eosinophil,segmented-multilobed,bukan_neutrofil,0,0,0,0,0,6799
EO_164591_ccrop.jpg,Eosinophil,segmented-bilobed,bukan_neutrofil,0,0,0,0,0,6088
EO_164931_ccrop.jpg,Eosinophil,segmented-bilobed,bukan_neutrofil,0,0,0,0,0,5355
EO_1651_ccrop.jpg,Eosinophil,segmented-bilobed,bukan_neutrofil,0,0,0,0,0,4534
EO_165152_ccrop.jpg,Eosinophil,segmented-multilobed,bukan_neutrofil,0,0,0,0,0,6266
EO_165454_ccrop.jpg,Eosinophil,segmented-bilobed,bukan_neutrofil,0,0,0,0,0,5363
EO_165986_ccrop.jpg,Eosinophil,segmented-bilobed,bukan_neutrofil,0,0,0,0,0,7858
EO_166013_ccrop.jpg,Eosinophil,segmented-bilobed,bukan_neutrofil,0,0,0,0,0,5687
EO_166195_ccrop.jpg,Eosinophil,segmented-bilobed,bukan_neutrofil,0,0,0,0,0,5061
EO_166242_ccrop.jpg,Eosinophil,segmented-bilobed,bukan_neutrofil,0,0,0,0,0,5232
EO_166340_ccrop.jpg,Eosinophil,segmented-bilobed,bukan_neutrofil,0,0,0,0,0,5525
EO_166572_ccrop.jpg,Eosinophil,segmented-bilobed,bukan_neutrofil,0,0,0,0,0,4642
EO_166978_ccrop.jpg,Eosinophil,segmented-multilobed,bukan_neutrofil,0,0,0,0,0,5545
EO_168740_ccrop.jpg,Eosinophil,segmented-bilobed,bukan_neutrofil,0,0,0,0,0,5096
EO_168745_ccrop.jpg,Eosinophil,segmented-multilobed,bukan_neutrofil,0,0,0,0,0,5396
EO_16926_ccrop.jpg,Eosinophil,segmented-bilobed,bukan_neutrofil,1,188,188,0,1,5960
EO_169661_ccrop.jpg,Eosinophil,unsegmented-band,bukan_neutrofil,0,0,0,0,0,7229
EO_170131_ccrop.jpg,Eosinophil,segmented-multilobed,bukan_neutrofil,1,345,345,0,1,5683
EO_17039_ccrop.jpg,Eosinophil,segmented-bilobed,bukan_neutrofil,0,0,0,0,0,5342
EO_170468_ccrop.jpg,Eosinophil,unsegmented-band,bukan_neutrofil,0,0,0,0,0,6408
EO_170787_ccrop.jpg,Eosinophil,segmented-multilobed,bukan_neutrofil,0,0,0,0,0,5575
EO_170889_ccrop.jpg,Eosinophil,segmented-multilobed,bukan_neutrofil,0,0,0,0,0,5364
EO_171660_ccrop.jpg,Eosinophil,segmented-bilobed,bukan_neutrofil,0,0,0,0,0,5113
EO_171706_ccrop.jpg,Eosinophil,segmented-multilobed,bukan_neutrofil,0,0,0,0,0,6782
EO_172217_ccrop.jpg,Eosinophil,unsegmented-band,bukan_neutrofil,0,0,0,0,0,6744
EO_172593_ccrop.jpg,Eosinophil,unsegmented-indented,bukan_neutrofil,3,212,209,0,3,5565
EO_172632_ccrop.jpg,Eosinophil,unsegmented-band,bukan_neutrofil,0,0,0,0,0,5180
EO_173647_ccrop.jpg,Eosinophil,segmented-bilobed,bukan_neutrofil,0,0,0,0,0,6431
EO_174385_ccrop.jpg,Eosinophil,segmented-bilobed,bukan_neutrofil,0,0,0,0,0,5666
EO_174410_ccrop.jpg,Eosinophil,segmented-multilobed,bukan_neutrofil,0,0,0,0,0,5995
EO_175923_ccrop.jpg,Eosinophil,segmented-bilobed,bukan_neutrofil,1,106,106,0,1,6330
EO_177975_ccrop.jpg,Eosinophil,segmented-bilobed,bukan_neutrofil,0,0,0,0,0,6172
EO_178324_ccrop.jpg,Eosinophil,segmented-bilobed,bukan_neutrofil,0,0,0,0,0,6797
EO_179046_ccrop.jpg,Eosinophil,segmented-multilobed,bukan_neutrofil,0,0,0,0,0,12856
EO_180121_ccrop.jpg,Eosinophil,segmented-multilobed,bukan_neutrofil,0,0,0,0,0,5318
EO_180811_ccrop.jpg,Eosinophil,segmented-multilobed,bukan_neutrofil,0,0,0,0,0,7181
EO_18363_ccrop.jpg,Eosinophil,segmented-multilobed,bukan_neutrofil,0,0,0,0,0,7580
EO_18395_ccrop.jpg,Eosinophil,segmented-multilobed,bukan_neutrofil,0,0,0,0,0,6231
EO_185749_ccrop.jpg,Eosinophil,segmented-multilobed,bukan_neutrofil,1,42,42,0,1,5060
EO_186769_ccrop.jpg,Eosinophil,segmented-bilobed,bukan_neutrofil,0,0,0,0,0,5223
EO_18685_ccrop.jpg,Eosinophil,segmented-bilobed,bukan_neutrofil,0,0,0,0,0,7709
EO_188199_ccrop.jpg,Eosinophil,segmented-bilobed,bukan_neutrofil,0,0,0,0,0,5793
EO_188612_ccrop.jpg,Eosinophil,segmented-bilobed,bukan_neutrofil,0,0,0,0,0,5682
EO_188943_ccrop.jpg,Eosinophil,segmented-bilobed,bukan_neutrofil,0,0,0,0,0,7659
EO_189266_ccrop.jpg,Eosinophil,segmented-bilobed,bukan_neutrofil,0,0,0,0,0,6221
EO_189413_ccrop.jpg,Eosinophil,segmented-bilobed,bukan_neutrofil,0,0,0,0,0,6641
EO_189430_ccrop.jpg,Eosinophil,segmented-bilobed,bukan_neutrofil,0,0,0,0,0,5965
EO_189610_ccrop.jpg,Eosinophil,segmented-bilobed,bukan_neutrofil,1,443,443,0,1,5713
EO_189922_ccrop.jpg,Eosinophil,segmented-bilobed,bukan_neutrofil,1,691,691,0,1,6193
EO_19043_ccrop.jpg,Eosinophil,segmented-multilobed,bukan_neutrofil,0,0,0,0,0,6043
EO_190539_ccrop.jpg,Eosinophil,segmented-bilobed,bukan_neutrofil,0,0,0,0,0,5472
EO_190993_ccrop.jpg,Eosinophil,segmented-bilobed,bukan_neutrofil,0,0,0,0,0,5419
EO_191029_ccrop.jpg,Eosinophil,segmented-bilobed,bukan_neutrofil,0,0,0,0,0,6870
EO_192128_ccrop.jpg,Eosinophil,segmented-multilobed,bukan_neutrofil,0,0,0,0,0,6107
EO_192449_ccrop.jpg,Eosinophil,segmented-multilobed,bukan_neutrofil,0,0,0,0,0,5949
EO_192945_ccrop.jpg,Eosinophil,segmented-bilobed,bukan_neutrofil,0,0,0,0,0,6495
EO_194014_ccrop.jpg,Eosinophil,segmented-multilobed,bukan_neutrofil,0,0,0,0,0,7471
EO_194256_ccrop.jpg,Eosinophil,segmented-bilobed,bukan_neutrofil,0,0,0,0,0,8311
EO_195559_ccrop.jpg,Eosinophil,segmented-bilobed,bukan_neutrofil,0,0,0,0,0,5390
EO_195564_ccrop.jpg,Eosinophil,segmented-bilobed,bukan_neutrofil,0,0,0,0,0,5342
EO_195696_ccrop.jpg,Eosinophil,segmented-bilobed,bukan_neutrofil,0,0,0,0,0,6578
EO_196236_ccrop.jpg,Eosinophil,segmented-multilobed,bukan_neutrofil,0,0,0,0,0,4570
EO_197001_ccrop.jpg,Eosinophil,segmented-bilobed,bukan_neutrofil,0,0,0,0,0,4779
EO_197212_ccrop.jpg,Eosinophil,segmented-bilobed,bukan_neutrofil,0,0,0,0,0,6387
EO_197217_ccrop.jpg,Eosinophil,segmented-bilobed,bukan_neutrofil,0,0,0,0,0,7345
EO_197585_ccrop.jpg,Eosinophil,segmented-multilobed,bukan_neutrofil,0,0,0,0,0,5804
EO_198519_ccrop.jpg,Eosinophil,segmented-bilobed,bukan_neutrofil,0,0,0,0,0,6869
EO_199314_ccrop.jpg,Eosinophil,unsegmented-indented,bukan_neutrofil,0,0,0,0,0,8892
EO_199651_ccrop.jpg,Eosinophil,segmented-bilobed,bukan_neutrofil,2,143,100,0,2,6595
EO_200824_ccrop.jpg,Eosinophil,segmented-bilobed,bukan_neutrofil,0,0,0,0,0,6402
EO_200974_ccrop.jpg,Eosinophil,segmented-bilobed,bukan_neutrofil,0,0,0,0,0,7164
EO_201431_ccrop.jpg,Eosinophil,segmented-multilobed,bukan_neutrofil,0,0,0,0,0,7227
EO_201647_ccrop.jpg,Eosinophil,segmented-bilobed,bukan_neutrofil,0,0,0,0,0,5820
EO_202912_ccrop.jpg,Eosinophil,segmented-bilobed,bukan_neutrofil,0,0,0,0,0,5840
EO_20293_ccrop.jpg,Eosinophil,segmented-multilobed,bukan_neutrofil,0,0,0,0,0,6498
EO_204284_ccrop.jpg,Eosinophil,segmented-bilobed,bukan_neutrofil,0,0,0,0,0,5433
EO_204781_ccrop.jpg,Eosinophil,segmented-bilobed,bukan_neutrofil,0,0,0,0,0,5513
EO_206279_ccrop.jpg,Eosinophil,segmented-multilobed,bukan_neutrofil,1,73,73,0,1,6106
EO_20674_ccrop.jpg,Eosinophil,segmented-bilobed,bukan_neutrofil,0,0,0,0,0,6097
EO_207420_ccrop.jpg,Eosinophil,segmented-bilobed,bukan_neutrofil,0,0,0,0,0,5842
EO_207951_ccrop.jpg,Eosinophil,segmented-bilobed,bukan_neutrofil,0,0,0,0,0,6802
EO_208094_ccrop.jpg,Eosinophil,unsegmented-band,bukan_neutrofil,0,0,0,0,0,4915
EO_209177_ccrop.jpg,Eosinophil,segmented-bilobed,bukan_neutrofil,0,0,0,0,0,6273
EO_209227_ccrop.jpg,Eosinophil,unsegmented-band,bukan_neutrofil,0,0,0,0,0,5619
EO_209322_ccrop.jpg,Eosinophil,segmented-bilobed,bukan_neutrofil,0,0,0,0,0,5271
EO_20991_ccrop.jpg,Eosinophil,segmented-bilobed,bukan_neutrofil,1,205,205,0,1,7395
EO_210291_ccrop.jpg,Eosinophil,segmented-bilobed,bukan_neutrofil,0,0,0,0,0,5996
EO_210368_ccrop.jpg,Eosinophil,segmented-bilobed,bukan_neutrofil,1,119,119,0,1,6000
EO_210789_ccrop.jpg,Eosinophil,segmented-bilobed,bukan_neutrofil,0,0,0,0,0,5754
EO_211090_ccrop.jpg,Eosinophil,segmented-multilobed,bukan_neutrofil,0,0,0,0,0,8260
EO_211405_ccrop.jpg,Eosinophil,segmented-bilobed,bukan_neutrofil,0,0,0,0,0,6127
EO_212014_ccrop.jpg,Eosinophil,segmented-bilobed,bukan_neutrofil,0,0,0,0,0,7363
EO_212482_ccrop.jpg,Eosinophil,segmented-bilobed,bukan_neutrofil,0,0,0,0,0,4312
EO_212509_ccrop.jpg,Eosinophil,segmented-bilobed,bukan_neutrofil,0,0,0,0,0,4954
EO_212511_ccrop.jpg,Eosinophil,segmented-multilobed,bukan_neutrofil,3,267,202,0,3,6116
EO_213116_ccrop.jpg,Eosinophil,segmented-bilobed,bukan_neutrofil,0,0,0,0,0,4891
EO_213515_ccrop.jpg,Eosinophil,segmented-bilobed,bukan_neutrofil,0,0,0,0,0,6618
EO_213595_ccrop.jpg,Eosinophil,segmented-bilobed,bukan_neutrofil,0,0,0,0,0,6088
EO_214115_ccrop.jpg,Eosinophil,segmented-bilobed,bukan_neutrofil,0,0,0,0,0,8140
EO_214340_ccrop.jpg,Eosinophil,segmented-bilobed,bukan_neutrofil,0,0,0,0,0,6356
EO_214664_ccrop.jpg,Eosinophil,segmented-bilobed,bukan_neutrofil,1,57,57,0,1,5224
EO_214761_ccrop.jpg,Eosinophil,segmented-bilobed,bukan_neutrofil,0,0,0,0,0,6643
EO_215945_ccrop.jpg,Eosinophil,segmented-bilobed,bukan_neutrofil,0,0,0,0,0,6681
EO_216756_ccrop.jpg,Eosinophil,segmented-bilobed,bukan_neutrofil,0,0,0,0,0,5914
EO_216862_ccrop.jpg,Eosinophil,unsegmented-band,bukan_neutrofil,0,0,0,0,0,6357
EO_217069_ccrop.jpg,Eosinophil,segmented-multilobed,bukan_neutrofil,0,0,0,0,0,6309
EO_218066_ccrop.jpg,Eosinophil,segmented-bilobed,bukan_neutrofil,0,0,0,0,0,5344
EO_218071_ccrop.jpg,Eosinophil,unsegmented-indented,bukan_neutrofil,0,0,0,0,0,6224
EO_218637_ccrop.jpg,Eosinophil,segmented-bilobed,bukan_neutrofil,0,0,0,0,0,5162
EO_219068_ccrop.jpg,Eosinophil,segmented-bilobed,bukan_neutrofil,1,13,13,0,1,6207
EO_219842_ccrop.jpg,Eosinophil,segmented-bilobed,bukan_neutrofil,0,0,0,0,0,6029
EO_219955_ccrop.jpg,Eosinophil,segmented-multilobed,bukan_neutrofil,0,0,0,0,0,6380
EO_220099_ccrop.jpg,Eosinophil,segmented-multilobed,bukan_neutrofil,0,0,0,0,0,5992
EO_220125_ccrop.jpg,Eosinophil,segmented-bilobed,bukan_neutrofil,0,0,0,0,0,5506
EO_220632_ccrop.jpg,Eosinophil,segmented-bilobed,bukan_neutrofil,6,90,82,0,6,5745
EO_220741_ccrop.jpg,Eosinophil,segmented-bilobed,bukan_neutrofil,0,0,0,0,0,5554
EO_220789_ccrop.jpg,Eosinophil,segmented-multilobed,bukan_neutrofil,0,0,0,0,0,6387
EO_220816_ccrop.jpg,Eosinophil,segmented-bilobed,bukan_neutrofil,0,0,0,0,0,5044
EO_220964_ccrop.jpg,Eosinophil,segmented-bilobed,bukan_neutrofil,1,163,163,0,1,6634
EO_220987_ccrop.jpg,Eosinophil,segmented-multilobed,bukan_neutrofil,0,0,0,0,0,5754
EO_221941_ccrop.jpg,Eosinophil,segmented-multilobed,bukan_neutrofil,0,0,0,0,0,5894
EO_221996_ccrop.jpg,Eosinophil,segmented-bilobed,bukan_neutrofil,0,0,0,0,0,7592
EO_222279_ccrop.jpg,Eosinophil,segmented-bilobed,bukan_neutrofil,0,0,0,0,0,7300
EO_222692_ccrop.jpg,Eosinophil,segmented-bilobed,bukan_neutrofil,0,0,0,0,0,7766
EO_223595_ccrop.jpg,Eosinophil,segmented-multilobed,bukan_neutrofil,0,0,0,0,0,6106
EO_223868_ccrop.jpg,Eosinophil,segmented-bilobed,bukan_neutrofil,0,0,0,0,0,6499
EO_224009_ccrop.jpg,Eosinophil,segmented-bilobed,bukan_neutrofil,0,0,0,0,0,7133
EO_224302_ccrop.jpg,Eosinophil,segmented-bilobed,bukan_neutrofil,0,0,0,0,0,5351
EO_224498_ccrop.jpg,Eosinophil,segmented-multilobed,bukan_neutrofil,0,0,0,0,0,5804
EO_225016_ccrop.jpg,Eosinophil,segmented-bilobed,bukan_neutrofil,0,0,0,0,0,5891
EO_225123_ccrop.jpg,Eosinophil,segmented-bilobed,bukan_neutrofil,0,0,0,0,0,6353
EO_225257_ccrop.jpg,Eosinophil,segmented-bilobed,bukan_neutrofil,0,0,0,0,0,5524
EO_2253_ccrop.jpg,Eosinophil,segmented-multilobed,bukan_neutrofil,0,0,0,0,0,7002
EO_225481_ccrop.jpg,Eosinophil,segmented-bilobed,bukan_neutrofil,0,0,0,0,0,4467
EO_225755_ccrop.jpg,Eosinophil,segmented-bilobed,bukan_neutrofil,0,0,0,0,0,5785
EO_226872_ccrop.jpg,Eosinophil,segmented-multilobed,bukan_neutrofil,1,128,128,0,1,6012
EO_227113_ccrop.jpg,Eosinophil,segmented-bilobed,bukan_neutrofil,0,0,0,0,0,6229
EO_227519_ccrop.jpg,Eosinophil,segmented-bilobed,bukan_neutrofil,0,0,0,0,0,6009
EO_228035_ccrop.jpg,Eosinophil,segmented-bilobed,bukan_neutrofil,1,10,10,0,1,5452
EO_22814_ccrop.jpg,Eosinophil,segmented-bilobed,bukan_neutrofil,0,0,0,0,0,6174
EO_229336_ccrop.jpg,Eosinophil,segmented-bilobed,bukan_neutrofil,1,11,11,0,1,5819
EO_229348_ccrop.jpg,Eosinophil,irregular,bukan_neutrofil,1,46,46,0,1,13948
EO_229495_ccrop.jpg,Eosinophil,segmented-bilobed,bukan_neutrofil,0,0,0,0,0,5400
EO_229502_ccrop.jpg,Eosinophil,segmented-bilobed,bukan_neutrofil,0,0,0,0,0,5277
EO_230241_ccrop.jpg,Eosinophil,segmented-bilobed,bukan_neutrofil,0,0,0,0,0,5321
EO_230870_ccrop.jpg,Eosinophil,segmented-bilobed,bukan_neutrofil,1,12,12,0,1,3164
EO_230938_ccrop.jpg,Eosinophil,segmented-bilobed,bukan_neutrofil,0,0,0,0,0,6187
EO_231321_ccrop.jpg,Eosinophil,segmented-multilobed,bukan_neutrofil,0,0,0,0,0,5045
EO_23194_ccrop.jpg,Eosinophil,segmented-bilobed,bukan_neutrofil,0,0,0,0,0,5806
EO_232464_ccrop.jpg,Eosinophil,segmented-bilobed,bukan_neutrofil,0,0,0,0,0,5848
EO_232961_ccrop.jpg,Eosinophil,segmented-bilobed,bukan_neutrofil,0,0,0,0,0,6263
EO_233225_ccrop.jpg,Eosinophil,segmented-multilobed,bukan_neutrofil,0,0,0,0,0,6028
EO_233482_ccrop.jpg,Eosinophil,segmented-multilobed,bukan_neutrofil,0,0,0,0,0,7556
EO_233502_ccrop.jpg,Eosinophil,segmented-multilobed,bukan_neutrofil,1,79,79,0,1,7164
EO_233532_ccrop.jpg,Eosinophil,segmented-bilobed,bukan_neutrofil,0,0,0,0,0,6072
EO_234166_ccrop.jpg,Eosinophil,segmented-bilobed,bukan_neutrofil,0,0,0,0,0,5299
EO_23571_ccrop.jpg,Eosinophil,segmented-bilobed,bukan_neutrofil,0,0,0,0,0,4973
EO_235932_ccrop.jpg,Eosinophil,segmented-bilobed,bukan_neutrofil,0,0,0,0,0,6982
EO_236288_ccrop.jpg,Eosinophil,segmented-multilobed,bukan_neutrofil,0,0,0,0,0,6223
EO_236852_ccrop.jpg,Eosinophil,segmented-bilobed,bukan_neutrofil,1,1,1,0,1,6846
EO_236965_ccrop.jpg,Eosinophil,segmented-bilobed,bukan_neutrofil,0,0,0,0,0,6029
EO_23704_ccrop.jpg,Eosinophil,segmented-multilobed,bukan_neutrofil,0,0,0,0,0,6385
EO_237789_ccrop.jpg,Eosinophil,segmented-bilobed,bukan_neutrofil,1,49,49,0,1,4939
EO_237851_ccrop.jpg,Eosinophil,unsegmented-band,bukan_neutrofil,0,0,0,0,0,7658
EO_238985_ccrop.jpg,Eosinophil,unsegmented-band,bukan_neutrofil,0,0,0,0,0,4734
EO_239013_ccrop.jpg,Eosinophil,segmented-bilobed,bukan_neutrofil,1,1,1,0,1,6474
EO_239340_ccrop.jpg,Eosinophil,segmented-bilobed,bukan_neutrofil,0,0,0,0,0,6123
EO_23944298_ccrop.jpg,Eosinophil,segmented-bilobed,bukan_neutrofil,0,0,0,0,0,5646
EO_239936_ccrop.jpg,Eosinophil,segmented-multilobed,bukan_neutrofil,0,0,0,0,0,6806
EO_240232_ccrop.jpg,Eosinophil,segmented-bilobed,bukan_neutrofil,0,0,0,0,0,5651
EO_240352_ccrop.jpg,Eosinophil,segmented-bilobed,bukan_neutrofil,0,0,0,0,0,6110
EO_24074_ccrop.jpg,Eosinophil,segmented-bilobed,bukan_neutrofil,0,0,0,0,0,6814
EO_240829_ccrop.jpg,Eosinophil,segmented-multilobed,bukan_neutrofil,0,0,0,0,0,6280
EO_241392_ccrop.jpg,Eosinophil,segmented-bilobed,bukan_neutrofil,0,0,0,0,0,6711
EO_241482_ccrop.jpg,Eosinophil,segmented-bilobed,bukan_neutrofil,0,0,0,0,0,5886
EO_241971_ccrop.jpg,Eosinophil,segmented-bilobed,bukan_neutrofil,0,0,0,0,0,6595
EO_242314_ccrop.jpg,Eosinophil,segmented-bilobed,bukan_neutrofil,2,118,89,0,2,7360
EO_244789_ccrop.jpg,Eosinophil,segmented-bilobed,bukan_neutrofil,0,0,0,0,0,5251
EO_244915_ccrop.jpg,Eosinophil,segmented-multilobed,bukan_neutrofil,1,528,528,0,1,6426
EO_24568_ccrop.jpg,Eosinophil,segmented-multilobed,bukan_neutrofil,0,0,0,0,0,5718
EO_24569_ccrop.jpg,Eosinophil,segmented-bilobed,bukan_neutrofil,0,0,0,0,0,4938
EO_245768_ccrop.jpg,Eosinophil,segmented-multilobed,bukan_neutrofil,1,77,77,0,1,6297
EO_246684_ccrop.jpg,Eosinophil,segmented-multilobed,bukan_neutrofil,0,0,0,0,0,5671
EO_247048_ccrop.jpg,Eosinophil,segmented-bilobed,bukan_neutrofil,0,0,0,0,0,7317
EO_247089_ccrop.jpg,Eosinophil,segmented-multilobed,bukan_neutrofil,0,0,0,0,0,4456
EO_247113_ccrop.jpg,Eosinophil,segmented-bilobed,bukan_neutrofil,0,0,0,0,0,6256
EO_247374_ccrop.jpg,Eosinophil,segmented-multilobed,bukan_neutrofil,0,0,0,0,0,5974
EO_24753_ccrop.jpg,Eosinophil,segmented-bilobed,bukan_neutrofil,0,0,0,0,0,5691
EO_247533_ccrop.jpg,Eosinophil,segmented-multilobed,bukan_neutrofil,0,0,0,0,0,5586
EO_247560_ccrop.jpg,Eosinophil,segmented-bilobed,bukan_neutrofil,1,47,47,0,1,6166
EO_247735_ccrop.jpg,Eosinophil,segmented-multilobed,bukan_neutrofil,0,0,0,0,0,5833
EO_247944_ccrop.jpg,Eosinophil,segmented-multilobed,bukan_neutrofil,0,0,0,0,0,7580
EO_248363_ccrop.jpg,Eosinophil,segmented-multilobed,bukan_neutrofil,1,71,71,0,1,5337
EO_248809_ccrop.jpg,Eosinophil,segmented-multilobed,bukan_neutrofil,0,0,0,0,0,5732
EO_248889_ccrop.jpg,Eosinophil,segmented-bilobed,bukan_neutrofil,0,0,0,0,0,6653
EO_249533_ccrop.jpg,Eosinophil,segmented-bilobed,bukan_neutrofil,0,0,0,0,0,5643
EO_249877_ccrop.jpg,Eosinophil,segmented-multilobed,bukan_neutrofil,1,15,15,0,1,6572
EO_250252_ccrop.jpg,Eosinophil,segmented-bilobed,bukan_neutrofil,0,0,0,0,0,6263
EO_250649_ccrop.jpg,Eosinophil,segmented-multilobed,bukan_neutrofil,0,0,0,0,0,6403
EO_250701_ccrop.jpg,Eosinophil,segmented-bilobed,bukan_neutrofil,1,223,223,0,1,6108
EO_251668_ccrop.jpg,Eosinophil,segmented-bilobed,bukan_neutrofil,1,193,193,0,1,4280
EO_251778_ccrop.jpg,Eosinophil,segmented-bilobed,bukan_neutrofil,0,0,0,0,0,4992
EO_252025_ccrop.jpg,Eosinophil,segmented-bilobed,bukan_neutrofil,1,94,94,0,1,5695
EO_252552_ccrop.jpg,Eosinophil,segmented-bilobed,bukan_neutrofil,2,365,362,0,2,6030
EO_253192_ccrop.jpg,Eosinophil,segmented-bilobed,bukan_neutrofil,0,0,0,0,0,5303
EO_253370_ccrop.jpg,Eosinophil,segmented-multilobed,bukan_neutrofil,0,0,0,0,0,5952
EO_253430_ccrop.jpg,Eosinophil,segmented-bilobed,bukan_neutrofil,0,0,0,0,0,5357
EO_25350_ccrop.jpg,Eosinophil,segmented-bilobed,bukan_neutrofil,0,0,0,0,0,5906
EO_253983_ccrop.jpg,Eosinophil,segmented-bilobed,bukan_neutrofil,0,0,0,0,0,5961
EO_255151_ccrop.jpg,Eosinophil,segmented-multilobed,bukan_neutrofil,0,0,0,0,0,5841
EO_255718_ccrop.jpg,Eosinophil,segmented-bilobed,bukan_neutrofil,0,0,0,0,0,7669
EO_256369_ccrop.jpg,Eosinophil,segmented-bilobed,bukan_neutrofil,0,0,0,0,0,3741
EO_256532_ccrop.jpg,Eosinophil,segmented-bilobed,bukan_neutrofil,0,0,0,0,0,6183
EO_2590_ccrop.jpg,Eosinophil,segmented-bilobed,bukan_neutrofil,0,0,0,0,0,6885
EO_259488_ccrop.jpg,Eosinophil,segmented-multilobed,bukan_neutrofil,0,0,0,0,0,6919
EO_259856_ccrop.jpg,Eosinophil,segmented-bilobed,bukan_neutrofil,0,0,0,0,0,5628
EO_2603_ccrop.jpg,Eosinophil,segmented-bilobed,bukan_neutrofil,1,17,17,0,1,5779
EO_260857_ccrop.jpg,Eosinophil,segmented-multilobed,bukan_neutrofil,0,0,0,0,0,5107
EO_261009_ccrop.jpg,Eosinophil,segmented-multilobed,bukan_neutrofil,0,0,0,0,0,5507
EO_261787_ccrop.jpg,Eosinophil,segmented-multilobed,bukan_neutrofil,1,138,138,0,1,5669
EO_262665_ccrop.jpg,Eosinophil,unsegmented-band,bukan_neutrofil,0,0,0,0,0,5653
EO_263359_ccrop.jpg,Eosinophil,segmented-bilobed,bukan_neutrofil,0,0,0,0,0,7952
EO_263727_ccrop.jpg,Eosinophil,unsegmented-band,bukan_neutrofil,1,49,49,0,1,4323
EO_263916_ccrop.jpg,Eosinophil,segmented-bilobed,bukan_neutrofil,0,0,0,0,0,4885
EO_26404_ccrop.jpg,Eosinophil,segmented-multilobed,bukan_neutrofil,0,0,0,0,0,5841
EO_264233_ccrop.jpg,Eosinophil,segmented-bilobed,bukan_neutrofil,1,2822,2822,0,1,7401
EO_264654_ccrop.jpg,Eosinophil,segmented-multilobed,bukan_neutrofil,1,826,826,0,1,6221
EO_265982_ccrop.jpg,Eosinophil,segmented-bilobed,bukan_neutrofil,0,0,0,0,0,6591
EO_266350_ccrop.jpg,Eosinophil,segmented-bilobed,bukan_neutrofil,0,0,0,0,0,5702
EO_268014_ccrop.jpg,Eosinophil,segmented-bilobed,bukan_neutrofil,0,0,0,0,0,6075
EO_268211_ccrop.jpg,Eosinophil,unsegmented-band,bukan_neutrofil,0,0,0,0,0,7733
EO_2683_ccrop.jpg,Eosinophil,segmented-bilobed,bukan_neutrofil,0,0,0,0,0,5332
EO_26841_ccrop.jpg,Eosinophil,segmented-multilobed,bukan_neutrofil,0,0,0,0,0,4925
EO_268868_ccrop.jpg,Eosinophil,segmented-bilobed,bukan_neutrofil,0,0,0,0,0,7015
EO_27_ccrop.jpg,Eosinophil,segmented-multilobed,bukan_neutrofil,0,0,0,0,0,8193
EO_270508_ccrop.jpg,Eosinophil,segmented-bilobed,bukan_neutrofil,3,4,2,0,3,4865
EO_270748_ccrop.jpg,Eosinophil,segmented-multilobed,bukan_neutrofil,0,0,0,0,0,6699
EO_270753_ccrop.jpg,Eosinophil,segmented-multilobed,bukan_neutrofil,0,0,0,0,0,6671
EO_270764_ccrop.jpg,Eosinophil,segmented-bilobed,bukan_neutrofil,0,0,0,0,0,6053
EO_272663_ccrop.jpg,Eosinophil,segmented-bilobed,bukan_neutrofil,0,0,0,0,0,5506
EO_273049_ccrop.jpg,Eosinophil,segmented-bilobed,bukan_neutrofil,0,0,0,0,0,4857
EO_273741_ccrop.jpg,Eosinophil,segmented-multilobed,bukan_neutrofil,0,0,0,0,0,6903
EO_27382_ccrop.jpg,Eosinophil,segmented-multilobed,bukan_neutrofil,0,0,0,0,0,5858
EO_274103_ccrop.jpg,Eosinophil,segmented-multilobed,bukan_neutrofil,0,0,0,0,0,7279
EO_27437_ccrop.jpg,Eosinophil,segmented-bilobed,bukan_neutrofil,0,0,0,0,0,6290
EO_274435_ccrop.jpg,Eosinophil,segmented-bilobed,bukan_neutrofil,0,0,0,0,0,7188
EO_274458_ccrop.jpg,Eosinophil,unsegmented-band,bukan_neutrofil,0,0,0,0,0,5198
EO_274822_ccrop.jpg,Eosinophil,segmented-bilobed,bukan_neutrofil,0,0,0,0,0,6357
EO_27502_ccrop.jpg,Eosinophil,segmented-bilobed,bukan_neutrofil,0,0,0,0,0,5464
EO_275142_ccrop.jpg,Eosinophil,segmented-multilobed,bukan_neutrofil,0,0,0,0,0,5449
EO_276058_ccrop.jpg,Eosinophil,segmented-multilobed,bukan_neutrofil,0,0,0,0,0,5966
EO_276119_ccrop.jpg,Eosinophil,segmented-bilobed,bukan_neutrofil,0,0,0,0,0,6338
EO_276280_ccrop.jpg,Eosinophil,segmented-bilobed,bukan_neutrofil,0,0,0,0,0,6935
EO_276552_ccrop.jpg,Eosinophil,segmented-multilobed,bukan_neutrofil,0,0,0,0,0,5328
EO_276645_ccrop.jpg,Eosinophil,segmented-multilobed,bukan_neutrofil,1,214,214,0,1,5348
EO_277497_ccrop.jpg,Eosinophil,segmented-multilobed,bukan_neutrofil,0,0,0,0,0,7362
EO_277857_ccrop.jpg,Eosinophil,segmented-bilobed,bukan_neutrofil,0,0,0,0,0,6186
EO_27809_ccrop.jpg,Eosinophil,segmented-bilobed,bukan_neutrofil,0,0,0,0,0,6141
EO_278121_ccrop.jpg,Eosinophil,segmented-bilobed,bukan_neutrofil,0,0,0,0,0,6500
EO_278343_ccrop.jpg,Eosinophil,segmented-bilobed,bukan_neutrofil,0,0,0,0,0,6681
EO_278427_ccrop.jpg,Eosinophil,segmented-bilobed,bukan_neutrofil,0,0,0,0,0,5393
EO_278488_ccrop.jpg,Eosinophil,segmented-bilobed,bukan_neutrofil,0,0,0,0,0,5419
EO_278802_ccrop.jpg,Eosinophil,segmented-bilobed,bukan_neutrofil,0,0,0,0,0,6816
EO_280653_ccrop.jpg,Eosinophil,segmented-multilobed,bukan_neutrofil,0,0,0,0,0,5966
EO_28080_ccrop.jpg,Eosinophil,segmented-bilobed,bukan_neutrofil,0,0,0,0,0,6936
EO_281130_ccrop.jpg,Eosinophil,segmented-bilobed,bukan_neutrofil,0,0,0,0,0,5779
EO_282946_ccrop.jpg,Eosinophil,segmented-bilobed,bukan_neutrofil,0,0,0,0,0,7180
EO_283475_ccrop.jpg,Eosinophil,segmented-multilobed,bukan_neutrofil,0,0,0,0,0,5998
EO_283618_ccrop.jpg,Eosinophil,segmented-bilobed,bukan_neutrofil,0,0,0,0,0,9156
EO_283790_ccrop.jpg,Eosinophil,segmented-bilobed,bukan_neutrofil,0,0,0,0,0,5074
EO_283906_ccrop.jpg,Eosinophil,unsegmented-band,bukan_neutrofil,0,0,0,0,0,6484
EO_284748_ccrop.jpg,Eosinophil,segmented-multilobed,bukan_neutrofil,0,0,0,0,0,7918
EO_284757_ccrop.jpg,Eosinophil,segmented-bilobed,bukan_neutrofil,2,2,1,0,2,6719
EO_284934_ccrop.jpg,Eosinophil,segmented-bilobed,bukan_neutrofil,0,0,0,0,0,7527
EO_285081_ccrop.jpg,Eosinophil,segmented-bilobed,bukan_neutrofil,0,0,0,0,0,5189
EO_285269_ccrop.jpg,Eosinophil,segmented-multilobed,bukan_neutrofil,0,0,0,0,0,5349
EO_285354_ccrop.jpg,Eosinophil,segmented-bilobed,bukan_neutrofil,0,0,0,0,0,5469
EO_285640_ccrop.jpg,Eosinophil,segmented-bilobed,bukan_neutrofil,0,0,0,0,0,5385
EO_286184_ccrop.jpg,Eosinophil,segmented-bilobed,bukan_neutrofil,0,0,0,0,0,4917
EO_286409_ccrop.jpg,Eosinophil,segmented-bilobed,bukan_neutrofil,0,0,0,0,0,6138
EO_287394_ccrop.jpg,Eosinophil,unsegmented-indented,bukan_neutrofil,0,0,0,0,0,6430
EO_28765_ccrop.jpg,Eosinophil,segmented-multilobed,bukan_neutrofil,0,0,0,0,0,5721
EO_287859_ccrop.jpg,Eosinophil,segmented-bilobed,bukan_neutrofil,0,0,0,0,0,5401
EO_287969_ccrop.jpg,Eosinophil,segmented-bilobed,bukan_neutrofil,0,0,0,0,0,7819
EO_287976_ccrop.jpg,Eosinophil,segmented-multilobed,bukan_neutrofil,0,0,0,0,0,6350
EO_288126_ccrop.jpg,Eosinophil,segmented-bilobed,bukan_neutrofil,0,0,0,0,0,5903
EO_288460_ccrop.jpg,Eosinophil,segmented-bilobed,bukan_neutrofil,0,0,0,0,0,5453
EO_289878_ccrop.jpg,Eosinophil,unsegmented-band,bukan_neutrofil,0,0,0,0,0,5688
EO_290013_ccrop.jpg,Eosinophil,segmented-bilobed,bukan_neutrofil,0,0,0,0,0,6686
EO_290103_ccrop.jpg,Eosinophil,segmented-bilobed,bukan_neutrofil,0,0,0,0,0,5749
EO_291138_ccrop.jpg,Eosinophil,segmented-bilobed,bukan_neutrofil,0,0,0,0,0,6091
EO_291250_ccrop.jpg,Eosinophil,segmented-bilobed,bukan_neutrofil,0,0,0,0,0,7028
EO_291508_ccrop.jpg,Eosinophil,segmented-bilobed,bukan_neutrofil,0,0,0,0,0,8080
EO_292022_ccrop.jpg,Eosinophil,segmented-bilobed,bukan_neutrofil,0,0,0,0,0,6237
EO_292560_ccrop.jpg,Eosinophil,segmented-bilobed,bukan_neutrofil,0,0,0,0,0,6610
EO_293968_ccrop.jpg,Eosinophil,segmented-bilobed,bukan_neutrofil,1,284,284,0,1,6682
EO_294174_ccrop.jpg,Eosinophil,segmented-bilobed,bukan_neutrofil,0,0,0,0,0,6651
EO_294218_ccrop.jpg,Eosinophil,segmented-bilobed,bukan_neutrofil,0,0,0,0,0,8255
EO_294378_ccrop.jpg,Eosinophil,segmented-bilobed,bukan_neutrofil,0,0,0,0,0,6686
EO_294492_ccrop.jpg,Eosinophil,segmented-bilobed,bukan_neutrofil,0,0,0,0,0,5646
EO_294566_ccrop.jpg,Eosinophil,segmented-multilobed,bukan_neutrofil,0,0,0,0,0,8139
EO_294946_ccrop.jpg,Eosinophil,segmented-bilobed,bukan_neutrofil,0,0,0,0,0,6130
EO_295602_ccrop.jpg,Eosinophil,segmented-bilobed,bukan_neutrofil,0,0,0,0,0,6852
EO_295726_ccrop.jpg,Eosinophil,segmented-bilobed,bukan_neutrofil,3,14,8,0,3,6318
EO_296431_ccrop.jpg,Eosinophil,segmented-bilobed,bukan_neutrofil,0,0,0,0,0,6009
EO_29702_ccrop.jpg,Eosinophil,unsegmented-band,bukan_neutrofil,0,0,0,0,0,6735
EO_297333_ccrop.jpg,Eosinophil,segmented-bilobed,bukan_neutrofil,0,0,0,0,0,6157
EO_297372_ccrop.jpg,Eosinophil,segmented-bilobed,bukan_neutrofil,0,0,0,0,0,6902
EO_29763_ccrop.jpg,Eosinophil,unsegmented-band,bukan_neutrofil,1,734,734,0,1,5172
EO_298214_ccrop.jpg,Eosinophil,segmented-multilobed,bukan_neutrofil,0,0,0,0,0,6419
EO_298423_ccrop.jpg,Eosinophil,segmented-bilobed,bukan_neutrofil,0,0,0,0,0,6036
EO_29868_ccrop.jpg,Eosinophil,segmented-bilobed,bukan_neutrofil,0,0,0,0,0,6698
EO_299128_ccrop.jpg,Eosinophil,segmented-bilobed,bukan_neutrofil,0,0,0,0,0,6307
EO_29954_ccrop.jpg,Eosinophil,unsegmented-band,bukan_neutrofil,0,0,0,0,0,5111
EO_301146_ccrop.jpg,Eosinophil,segmented-multilobed,bukan_neutrofil,0,0,0,0,0,5920
EO_301432_ccrop.jpg,Eosinophil,segmented-bilobed,bukan_neutrofil,0,0,0,0,0,6758
EO_301622_ccrop.jpg,Eosinophil,segmented-multilobed,bukan_neutrofil,0,0,0,0,0,6297
EO_30192_ccrop.jpg,Eosinophil,segmented-bilobed,bukan_neutrofil,0,0,0,0,0,5767
EO_302263_ccrop.jpg,Eosinophil,segmented-bilobed,bukan_neutrofil,0,0,0,0,0,6498
EO_303238_ccrop.jpg,Eosinophil,unsegmented-band,bukan_neutrofil,0,0,0,0,0,5209
EO_303353_ccrop.jpg,Eosinophil,segmented-bilobed,bukan_neutrofil,0,0,0,0,0,7012
EO_303442_ccrop.jpg,Eosinophil,segmented-multilobed,bukan_neutrofil,1,112,112,0,1,6100
EO_304439_ccrop.jpg,Eosinophil,segmented-bilobed,bukan_neutrofil,0,0,0,0,0,5732
EO_304840_ccrop.jpg,Eosinophil,segmented-bilobed,bukan_neutrofil,0,0,0,0,0,7708
EO_306876_ccrop.jpg,Eosinophil,segmented-bilobed,bukan_neutrofil,0,0,0,0,0,7513
EO_307124_ccrop.jpg,Eosinophil,segmented-multilobed,bukan_neutrofil,0,0,0,0,0,7782
EO_307413_ccrop.jpg,Eosinophil,segmented-multilobed,bukan_neutrofil,0,0,0,0,0,9397
EO_307912_ccrop.jpg,Eosinophil,segmented-multilobed,bukan_neutrofil,0,0,0,0,0,4496
EO_308825_ccrop.jpg,Eosinophil,segmented-multilobed,bukan_neutrofil,0,0,0,0,0,6237
EO_309157_ccrop.jpg,Eosinophil,segmented-multilobed,bukan_neutrofil,0,0,0,0,0,4958
EO_309479_ccrop.jpg,Eosinophil,segmented-bilobed,bukan_neutrofil,0,0,0,0,0,6489
EO_309740_ccrop.jpg,Eosinophil,segmented-bilobed,bukan_neutrofil,0,0,0,0,0,5953
EO_309854_ccrop.jpg,Eosinophil,segmented-bilobed,bukan_neutrofil,0,0,0,0,0,6095
EO_31159_ccrop.jpg,Eosinophil,segmented-bilobed,bukan_neutrofil,1,1,1,0,1,6658
EO_312103_ccrop.jpg,Eosinophil,segmented-bilobed,bukan_neutrofil,0,0,0,0,0,7132
EO_312938_ccrop.jpg,Eosinophil,unsegmented-band,bukan_neutrofil,0,0,0,0,0,9130
EO_313186_ccrop.jpg,Eosinophil,segmented-bilobed,bukan_neutrofil,0,0,0,0,0,5470
EO_313229_ccrop.jpg,Eosinophil,segmented-bilobed,bukan_neutrofil,0,0,0,0,0,6647
EO_31352_ccrop.jpg,Eosinophil,segmented-bilobed,bukan_neutrofil,0,0,0,0,0,5263
EO_315374_ccrop.jpg,Eosinophil,segmented-bilobed,bukan_neutrofil,0,0,0,0,0,4330
EO_316082_ccrop.jpg,Eosinophil,segmented-multilobed,bukan_neutrofil,0,0,0,0,0,5107
EO_316227_ccrop.jpg,Eosinophil,unsegmented-band,bukan_neutrofil,0,0,0,0,0,5874
EO_317336_ccrop.jpg,Eosinophil,unsegmented-band,bukan_neutrofil,0,0,0,0,0,6139
EO_317454_ccrop.jpg,Eosinophil,segmented-bilobed,bukan_neutrofil,0,0,0,0,0,6352
EO_318637_ccrop.jpg,Eosinophil,segmented-bilobed,bukan_neutrofil,0,0,0,0,0,6432
EO_31947_ccrop.jpg,Eosinophil,segmented-bilobed,bukan_neutrofil,0,0,0,0,0,6983
EO_319771_ccrop.jpg,Eosinophil,segmented-multilobed,bukan_neutrofil,0,0,0,0,0,5847
EO_3205_ccrop.jpg,Eosinophil,segmented-multilobed,bukan_neutrofil,1,35,35,0,1,6144
EO_321089_ccrop.jpg,Eosinophil,segmented-multilobed,bukan_neutrofil,0,0,0,0,0,5491
EO_321528_ccrop.jpg,Eosinophil,segmented-bilobed,bukan_neutrofil,0,0,0,0,0,7939
EO_323763_ccrop.jpg,Eosinophil,segmented-bilobed,bukan_neutrofil,1,24,24,0,1,6336
EO_323955_ccrop.jpg,Eosinophil,segmented-multilobed,bukan_neutrofil,0,0,0,0,0,6143
EO_324141_ccrop.jpg,Eosinophil,unsegmented-band,bukan_neutrofil,0,0,0,0,0,5437
EO_325253_ccrop.jpg,Eosinophil,segmented-multilobed,bukan_neutrofil,0,0,0,0,0,6530
EO_325473_ccrop.jpg,Eosinophil,segmented-bilobed,bukan_neutrofil,0,0,0,0,0,6510
EO_326103_ccrop.jpg,Eosinophil,segmented-bilobed,bukan_neutrofil,0,0,0,0,0,7168
EO_326334_ccrop.jpg,Eosinophil,segmented-bilobed,bukan_neutrofil,0,0,0,0,0,6465
EO_326543_ccrop.jpg,Eosinophil,segmented-bilobed,bukan_neutrofil,0,0,0,0,0,5451
EO_326829_ccrop.jpg,Eosinophil,segmented-bilobed,bukan_neutrofil,0,0,0,0,0,6971
EO_32702_ccrop.jpg,Eosinophil,segmented-multilobed,bukan_neutrofil,0,0,0,0,0,6056
EO_327236_ccrop.jpg,Eosinophil,unsegmented-band,bukan_neutrofil,0,0,0,0,0,6147
EO_327676_ccrop.jpg,Eosinophil,segmented-bilobed,bukan_neutrofil,0,0,0,0,0,5894
EO_327928_ccrop.jpg,Eosinophil,segmented-bilobed,bukan_neutrofil,0,0,0,0,0,5259
EO_329975_ccrop.jpg,Eosinophil,segmented-bilobed,bukan_neutrofil,0,0,0,0,0,5334
EO_330411_ccrop.jpg,Eosinophil,segmented-bilobed,bukan_neutrofil,0,0,0,0,0,8756
EO_330708_ccrop.jpg,Eosinophil,segmented-bilobed,bukan_neutrofil,0,0,0,0,0,8221
EO_330760_ccrop.jpg,Eosinophil,segmented-multilobed,bukan_neutrofil,0,0,0,0,0,5720
EO_330791_ccrop.jpg,Eosinophil,segmented-multilobed,bukan_neutrofil,1,49,49,0,1,6135
EO_331211_ccrop.jpg,Eosinophil,segmented-bilobed,bukan_neutrofil,0,0,0,0,0,7135
EO_331701_ccrop.jpg,Eosinophil,segmented-bilobed,bukan_neutrofil,0,0,0,0,0,5463
EO_331982_ccrop.jpg,Eosinophil,segmented-bilobed,bukan_neutrofil,0,0,0,0,0,5204
EO_332005_ccrop.jpg,Eosinophil,segmented-multilobed,bukan_neutrofil,0,0,0,0,0,5679
EO_332343_ccrop.jpg,Eosinophil,segmented-bilobed,bukan_neutrofil,0,0,0,0,0,5788
EO_333590_ccrop.jpg,Eosinophil,segmented-bilobed,bukan_neutrofil,0,0,0,0,0,5336
EO_334306_ccrop.jpg,Eosinophil,segmented-multilobed,bukan_neutrofil,0,0,0,0,0,6574
EO_33518_ccrop.jpg,Eosinophil,segmented-bilobed,bukan_neutrofil,0,0,0,0,0,5797
EO_335540_ccrop.jpg,Eosinophil,segmented-multilobed,bukan_neutrofil,0,0,0,0,0,6206
EO_336291_ccrop.jpg,Eosinophil,segmented-bilobed,bukan_neutrofil,0,0,0,0,0,5886
EO_336686_ccrop.jpg,Eosinophil,unsegmented-band,bukan_neutrofil,0,0,0,0,0,5653
EO_337928_ccrop.jpg,Eosinophil,segmented-multilobed,bukan_neutrofil,0,0,0,0,0,5853
EO_338307_ccrop.jpg,Eosinophil,segmented-multilobed,bukan_neutrofil,0,0,0,0,0,5588
EO_338378_ccrop.jpg,Eosinophil,segmented-multilobed,bukan_neutrofil,3,14,12,0,3,5572
EO_33913_ccrop.jpg,Eosinophil,segmented-bilobed,bukan_neutrofil,0,0,0,0,0,5661
EO_339625_ccrop.jpg,Eosinophil,segmented-bilobed,bukan_neutrofil,0,0,0,0,0,5316
EO_340029_ccrop.jpg,Eosinophil,segmented-bilobed,bukan_neutrofil,0,0,0,0,0,7481
EO_340636_ccrop.jpg,Eosinophil,segmented-bilobed,bukan_neutrofil,1,294,294,0,1,5920
EO_340997_ccrop.jpg,Eosinophil,segmented-bilobed,bukan_neutrofil,1,86,86,0,1,18351
EO_341028_ccrop.jpg,Eosinophil,unsegmented-indented,bukan_neutrofil,0,0,0,0,0,5591
EO_341940_ccrop.jpg,Eosinophil,segmented-bilobed,bukan_neutrofil,0,0,0,0,0,6185
EO_342801_ccrop.jpg,Eosinophil,segmented-bilobed,bukan_neutrofil,1,125,125,0,1,6048
EO_343437_ccrop.jpg,Eosinophil,segmented-bilobed,bukan_neutrofil,0,0,0,0,0,7263
EO_343910_ccrop.jpg,Eosinophil,segmented-bilobed,bukan_neutrofil,0,0,0,0,0,4989
EO_344745_ccrop.jpg,Eosinophil,unsegmented-band,bukan_neutrofil,0,0,0,0,0,6038
EO_344943_ccrop.jpg,Eosinophil,segmented-bilobed,bukan_neutrofil,0,0,0,0,0,2254
EO_345129_ccrop.jpg,Eosinophil,unsegmented-band,bukan_neutrofil,0,0,0,0,0,5905
EO_345452_ccrop.jpg,Eosinophil,segmented-bilobed,bukan_neutrofil,0,0,0,0,0,6723
EO_345969_ccrop.jpg,Eosinophil,segmented-bilobed,bukan_neutrofil,0,0,0,0,0,5166
EO_346443_ccrop.jpg,Eosinophil,segmented-bilobed,bukan_neutrofil,0,0,0,0,0,5757
EO_347529_ccrop.jpg,Eosinophil,segmented-bilobed,bukan_neutrofil,1,115,115,0,1,5392
EO_347586_ccrop.jpg,Eosinophil,segmented-bilobed,bukan_neutrofil,0,0,0,0,0,6521
EO_348160_ccrop.jpg,Eosinophil,segmented-bilobed,bukan_neutrofil,0,0,0,0,0,5545
EO_348748_ccrop.jpg,Eosinophil,segmented-bilobed,bukan_neutrofil,0,0,0,0,0,6333
EO_350556_ccrop.jpg,Eosinophil,segmented-bilobed,bukan_neutrofil,0,0,0,0,0,6886
EO_350584_ccrop.jpg,Eosinophil,segmented-multilobed,bukan_neutrofil,1,299,299,0,1,5667
EO_351326_ccrop.jpg,Eosinophil,segmented-bilobed,bukan_neutrofil,0,0,0,0,0,7292
EO_352853_ccrop.jpg,Eosinophil,segmented-multilobed,bukan_neutrofil,0,0,0,0,0,5423
EO_353231_ccrop.jpg,Eosinophil,segmented-bilobed,bukan_neutrofil,0,0,0,0,0,7399
EO_353893_ccrop.jpg,Eosinophil,segmented-multilobed,bukan_neutrofil,0,0,0,0,0,5482
EO_354514_ccrop.jpg,Eosinophil,segmented-multilobed,bukan_neutrofil,0,0,0,0,0,5866
EO_355022_ccrop.jpg,Eosinophil,segmented-bilobed,bukan_neutrofil,0,0,0,0,0,5918
EO_355269_ccrop.jpg,Eosinophil,segmented-bilobed,bukan_neutrofil,0,0,0,0,0,8133
EO_355778_ccrop.jpg,Eosinophil,unsegmented-band,bukan_neutrofil,0,0,0,0,0,6251
EO_356298_ccrop.jpg,Eosinophil,segmented-bilobed,bukan_neutrofil,0,0,0,0,0,6322
EO_356579_ccrop.jpg,Eosinophil,segmented-bilobed,bukan_neutrofil,0,0,0,0,0,6858
EO_357314_ccrop.jpg,Eosinophil,segmented-bilobed,bukan_neutrofil,0,0,0,0,0,4959
EO_357600_ccrop.jpg,Eosinophil,irregular,bukan_neutrofil,0,0,0,0,0,12892
EO_358349_ccrop.jpg,Eosinophil,segmented-bilobed,bukan_neutrofil,0,0,0,0,0,4892
EO_358411_ccrop.jpg,Eosinophil,segmented-bilobed,bukan_neutrofil,0,0,0,0,0,6430
EO_358594_ccrop.jpg,Eosinophil,unsegmented-band,bukan_neutrofil,0,0,0,0,0,7225
EO_35880_ccrop.jpg,Eosinophil,segmented-bilobed,bukan_neutrofil,0,0,0,0,0,5493
EO_358827_ccrop.jpg,Eosinophil,segmented-multilobed,bukan_neutrofil,0,0,0,0,0,6209
EO_359155_ccrop.jpg,Eosinophil,unsegmented-band,bukan_neutrofil,0,0,0,0,0,5684
EO_359161_ccrop.jpg,Eosinophil,segmented-bilobed,bukan_neutrofil,0,0,0,0,0,5448
EO_359857_ccrop.jpg,Eosinophil,segmented-multilobed,bukan_neutrofil,0,0,0,0,0,6314
EO_360228_ccrop.jpg,Eosinophil,segmented-multilobed,bukan_neutrofil,0,0,0,0,0,6271
EO_36065_ccrop.jpg,Eosinophil,segmented-bilobed,bukan_neutrofil,0,0,0,0,0,6317
EO_361122_ccrop.jpg,Eosinophil,unsegmented-band,bukan_neutrofil,0,0,0,0,0,7164
EO_361149_ccrop.jpg,Eosinophil,segmented-bilobed,bukan_neutrofil,0,0,0,0,0,6123
EO_361403_ccrop.jpg,Eosinophil,segmented-bilobed,bukan_neutrofil,0,0,0,0,0,5333
EO_361838_ccrop.jpg,Eosinophil,segmented-bilobed,bukan_neutrofil,0,0,0,0,0,5737
EO_36361_ccrop.jpg,Eosinophil,segmented-bilobed,bukan_neutrofil,0,0,0,0,0,5720
EO_363808_ccrop.jpg,Eosinophil,segmented-bilobed,bukan_neutrofil,1,29,29,0,1,6128
EO_364257_ccrop.jpg,Eosinophil,segmented-multilobed,bukan_neutrofil,0,0,0,0,0,6390
EO_364407_ccrop.jpg,Eosinophil,unsegmented-band,bukan_neutrofil,0,0,0,0,0,5496
EO_36495_ccrop.jpg,Eosinophil,segmented-bilobed,bukan_neutrofil,0,0,0,0,0,5244
EO_365314_ccrop.jpg,Eosinophil,segmented-bilobed,bukan_neutrofil,0,0,0,0,0,6341
EO_365446_ccrop.jpg,Eosinophil,segmented-bilobed,bukan_neutrofil,0,0,0,0,0,5208
EO_365929_ccrop.jpg,Eosinophil,segmented-bilobed,bukan_neutrofil,0,0,0,0,0,7137
EO_367128_ccrop.jpg,Eosinophil,segmented-bilobed,bukan_neutrofil,0,0,0,0,0,7522
EO_367643_ccrop.jpg,Eosinophil,segmented-multilobed,bukan_neutrofil,0,0,0,0,0,6170
EO_367768_ccrop.jpg,Eosinophil,segmented-bilobed,bukan_neutrofil,0,0,0,0,0,4328
EO_367818_ccrop.jpg,Eosinophil,segmented-multilobed,bukan_neutrofil,0,0,0,0,0,6045
EO_368144_ccrop.jpg,Eosinophil,unsegmented-round,bukan_neutrofil,0,0,0,0,0,5176
EO_370156_ccrop.jpg,Eosinophil,segmented-multilobed,bukan_neutrofil,0,0,0,0,0,6401
EO_370453_ccrop.jpg,Eosinophil,unsegmented-band,bukan_neutrofil,0,0,0,0,0,6030
EO_370621_ccrop.jpg,Eosinophil,segmented-multilobed,bukan_neutrofil,1,2421,2421,0,1,6013
EO_370751_ccrop.jpg,Eosinophil,segmented-bilobed,bukan_neutrofil,0,0,0,0,0,7755
EO_371261_ccrop.jpg,Eosinophil,segmented-bilobed,bukan_neutrofil,0,0,0,0,0,5939
EO_371583_ccrop.jpg,Eosinophil,segmented-multilobed,bukan_neutrofil,0,0,0,0,0,5581
EO_372410_ccrop.jpg,Eosinophil,segmented-bilobed,bukan_neutrofil,0,0,0,0,0,6237
EO_372511_ccrop.jpg,Eosinophil,segmented-bilobed,bukan_neutrofil,0,0,0,0,0,5210
EO_373666_ccrop.jpg,Eosinophil,segmented-bilobed,bukan_neutrofil,0,0,0,0,0,7057
EO_373897_ccrop.jpg,Eosinophil,segmented-bilobed,bukan_neutrofil,0,0,0,0,0,5632
EO_373898_ccrop.jpg,Eosinophil,segmented-bilobed,bukan_neutrofil,0,0,0,0,0,6386
EO_374119_ccrop.jpg,Eosinophil,unsegmented-round,bukan_neutrofil,0,0,0,0,0,7993
EO_375178_ccrop.jpg,Eosinophil,segmented-multilobed,bukan_neutrofil,0,0,0,0,0,5778
EO_375633_ccrop.jpg,Eosinophil,segmented-multilobed,bukan_neutrofil,1,37,37,0,1,5911
EO_375714_ccrop.jpg,Eosinophil,segmented-multilobed,bukan_neutrofil,1,163,163,0,1,6313
EO_377573_ccrop.jpg,Eosinophil,segmented-bilobed,bukan_neutrofil,0,0,0,0,0,7448
EO_377859_ccrop.jpg,Eosinophil,segmented-bilobed,bukan_neutrofil,0,0,0,0,0,5317
EO_37796_ccrop.jpg,Eosinophil,segmented-bilobed,bukan_neutrofil,0,0,0,0,0,5789
EO_379164_ccrop.jpg,Eosinophil,segmented-multilobed,bukan_neutrofil,0,0,0,0,0,6634
EO_379614_ccrop.jpg,Eosinophil,segmented-bilobed,bukan_neutrofil,0,0,0,0,0,6287
EO_379753_ccrop.jpg,Eosinophil,segmented-bilobed,bukan_neutrofil,0,0,0,0,0,6335
EO_381092_ccrop.jpg,Eosinophil,segmented-multilobed,bukan_neutrofil,0,0,0,0,0,7744
EO_382349_ccrop.jpg,Eosinophil,segmented-bilobed,bukan_neutrofil,0,0,0,0,0,6698
EO_383072_ccrop.jpg,Eosinophil,segmented-multilobed,bukan_neutrofil,3,75,73,0,3,6987
EO_383219_ccrop.jpg,Eosinophil,segmented-multilobed,bukan_neutrofil,0,0,0,0,0,6306
EO_383400_ccrop.jpg,Eosinophil,segmented-bilobed,bukan_neutrofil,1,152,152,0,1,5750
EO_383654_ccrop.jpg,Eosinophil,segmented-bilobed,bukan_neutrofil,1,50,50,0,1,5130
EO_383740_ccrop.jpg,Eosinophil,unsegmented-indented,bukan_neutrofil,0,0,0,0,0,6485
EO_384027_ccrop.jpg,Eosinophil,segmented-bilobed,bukan_neutrofil,0,0,0,0,0,6050
EO_384138_ccrop.jpg,Eosinophil,unsegmented-round,bukan_neutrofil,1,47,47,0,1,7482
EO_384158_ccrop.jpg,Eosinophil,segmented-multilobed,bukan_neutrofil,0,0,0,0,0,7228
EO_384169_ccrop.jpg,Eosinophil,segmented-bilobed,bukan_neutrofil,1,971,971,0,1,6378
EO_386448_ccrop.jpg,Eosinophil,segmented-bilobed,bukan_neutrofil,0,0,0,0,0,5772
EO_386747_ccrop.jpg,Eosinophil,segmented-bilobed,bukan_neutrofil,0,0,0,0,0,6163
EO_387805_ccrop.jpg,Eosinophil,segmented-bilobed,bukan_neutrofil,0,0,0,0,0,6713
EO_388405_ccrop.jpg,Eosinophil,segmented-multilobed,bukan_neutrofil,0,0,0,0,0,7339
EO_389227_ccrop.jpg,Eosinophil,segmented-bilobed,bukan_neutrofil,0,0,0,0,0,6136
EO_389300_ccrop.jpg,Eosinophil,segmented-multilobed,bukan_neutrofil,1,213,213,0,1,5565
EO_389584_ccrop.jpg,Eosinophil,segmented-bilobed,bukan_neutrofil,0,0,0,0,0,6542
EO_390531_ccrop.jpg,Eosinophil,segmented-bilobed,bukan_neutrofil,0,0,0,0,0,7034
EO_390633_ccrop.jpg,Eosinophil,segmented-bilobed,bukan_neutrofil,0,0,0,0,0,7268
EO_392003_ccrop.jpg,Eosinophil,segmented-multilobed,bukan_neutrofil,0,0,0,0,0,7032
EO_39294_ccrop.jpg,Eosinophil,segmented-bilobed,bukan_neutrofil,0,0,0,0,0,6900
EO_392948_ccrop.jpg,Eosinophil,segmented-bilobed,bukan_neutrofil,0,0,0,0,0,6103
EO_393434_ccrop.jpg,Eosinophil,segmented-bilobed,bukan_neutrofil,0,0,0,0,0,5549
EO_393793_ccrop.jpg,Eosinophil,unsegmented-band,bukan_neutrofil,0,0,0,0,0,6479
EO_393795_ccrop.jpg,Eosinophil,segmented-bilobed,bukan_neutrofil,0,0,0,0,0,6409
EO_3941_ccrop.jpg,Eosinophil,segmented-multilobed,bukan_neutrofil,0,0,0,0,0,7063
EO_394672_ccrop.jpg,Eosinophil,segmented-bilobed,bukan_neutrofil,0,0,0,0,0,7411
EO_395189_ccrop.jpg,Eosinophil,segmented-bilobed,bukan_neutrofil,0,0,0,0,0,7664
EO_396711_ccrop.jpg,Eosinophil,segmented-bilobed,bukan_neutrofil,0,0,0,0,0,6040
EO_397155_ccrop.jpg,Eosinophil,segmented-bilobed,bukan_neutrofil,0,0,0,0,0,5898
EO_397978_ccrop.jpg,Eosinophil,segmented-bilobed,bukan_neutrofil,0,0,0,0,0,5212
EO_398624_ccrop.jpg,Eosinophil,segmented-bilobed,bukan_neutrofil,0,0,0,0,0,5968
EO_39961_ccrop.jpg,Eosinophil,segmented-bilobed,bukan_neutrofil,2,54,40,0,2,4714
EO_400135_ccrop.jpg,Eosinophil,segmented-bilobed,bukan_neutrofil,0,0,0,0,0,5892
EO_401030_ccrop.jpg,Eosinophil,segmented-multilobed,bukan_neutrofil,1,51,51,0,1,6917
EO_401149_ccrop.jpg,Eosinophil,segmented-bilobed,bukan_neutrofil,1,224,224,0,1,7439
EO_401307_ccrop.jpg,Eosinophil,segmented-bilobed,bukan_neutrofil,0,0,0,0,0,5137
EO_401716_ccrop.jpg,Eosinophil,segmented-bilobed,bukan_neutrofil,0,0,0,0,0,6446
EO_402264_ccrop.jpg,Eosinophil,segmented-bilobed,bukan_neutrofil,0,0,0,0,0,5390
EO_403927_ccrop.jpg,Eosinophil,segmented-bilobed,bukan_neutrofil,0,0,0,0,0,6820
EO_404092_ccrop.jpg,Eosinophil,unsegmented-band,bukan_neutrofil,0,0,0,0,0,5597
EO_404154_ccrop.jpg,Eosinophil,segmented-bilobed,bukan_neutrofil,3,79,75,0,3,5915
EO_404396_ccrop.jpg,Eosinophil,segmented-bilobed,bukan_neutrofil,1,1385,1385,0,1,7746
EO_404437_ccrop.jpg,Eosinophil,unsegmented-band,bukan_neutrofil,0,0,0,0,0,6969
EO_404546_ccrop.jpg,Eosinophil,segmented-bilobed,bukan_neutrofil,0,0,0,0,0,8214
EO_405046_ccrop.jpg,Eosinophil,segmented-multilobed,bukan_neutrofil,0,0,0,0,0,7363
EO_405613_ccrop.jpg,Eosinophil,segmented-bilobed,bukan_neutrofil,0,0,0,0,0,6457
EO_40758_ccrop.jpg,Eosinophil,segmented-bilobed,bukan_neutrofil,1,43,43,0,1,4673
EO_408607_ccrop.jpg,Eosinophil,segmented-bilobed,bukan_neutrofil,0,0,0,0,0,6509
EO_408710_ccrop.jpg,Eosinophil,segmented-multilobed,bukan_neutrofil,0,0,0,0,0,7671
EO_409320_ccrop.jpg,Eosinophil,segmented-bilobed,bukan_neutrofil,0,0,0,0,0,6849
EO_409717_ccrop.jpg,Eosinophil,segmented-multilobed,bukan_neutrofil,0,0,0,0,0,5667
EO_410459_ccrop.jpg,Eosinophil,segmented-bilobed,bukan_neutrofil,0,0,0,0,0,7694
EO_412268_ccrop.jpg,Eosinophil,segmented-bilobed,bukan_neutrofil,0,0,0,0,0,7937
EO_412544_ccrop.jpg,Eosinophil,segmented-multilobed,bukan_neutrofil,0,0,0,0,0,5768
EO_412649_ccrop.jpg,Eosinophil,segmented-bilobed,bukan_neutrofil,0,0,0,0,0,6179
EO_413926_ccrop.jpg,Eosinophil,segmented-bilobed,bukan_neutrofil,0,0,0,0,0,5906
EO_414115_ccrop.jpg,Eosinophil,segmented-bilobed,bukan_neutrofil,0,0,0,0,0,5543
EO_414189_ccrop.jpg,Eosinophil,segmented-bilobed,bukan_neutrofil,0,0,0,0,0,5875
EO_414564_ccrop.jpg,Eosinophil,segmented-bilobed,bukan_neutrofil,0,0,0,0,0,7004
EO_414580_ccrop.jpg,Eosinophil,segmented-multilobed,bukan_neutrofil,0,0,0,0,0,7016
EO_414685_ccrop.jpg,Eosinophil,segmented-bilobed,bukan_neutrofil,0,0,0,0,0,6459
EO_415104_ccrop.jpg,Eosinophil,segmented-bilobed,bukan_neutrofil,0,0,0,0,0,6834
EO_415124_ccrop.jpg,Eosinophil,segmented-bilobed,bukan_neutrofil,2,68,60,0,2,7046
EO_415150_ccrop.jpg,Eosinophil,segmented-bilobed,bukan_neutrofil,0,0,0,0,0,5525
EO_415390_ccrop.jpg,Eosinophil,segmented-multilobed,bukan_neutrofil,0,0,0,0,0,6672
EO_416449_ccrop.jpg,Eosinophil,segmented-bilobed,bukan_neutrofil,0,0,0,0,0,6425
EO_417463_ccrop.jpg,Eosinophil,segmented-multilobed,bukan_neutrofil,0,0,0,0,0,5561
EO_418465_ccrop.jpg,Eosinophil,segmented-bilobed,bukan_neutrofil,0,0,0,0,0,5380
EO_419020_ccrop.jpg,Eosinophil,segmented-bilobed,bukan_neutrofil,1,16,16,0,1,5880
EO_419252_ccrop.jpg,Eosinophil,segmented-bilobed,bukan_neutrofil,0,0,0,0,0,5706
EO_419430_ccrop.jpg,Eosinophil,segmented-bilobed,bukan_neutrofil,0,0,0,0,0,5316
EO_420434_ccrop.jpg,Eosinophil,segmented-bilobed,bukan_neutrofil,0,0,0,0,0,5116
EO_421_ccrop.jpg,Eosinophil,segmented-multilobed,bukan_neutrofil,0,0,0,0,0,6382
EO_422549_ccrop.jpg,Eosinophil,segmented-bilobed,bukan_neutrofil,0,0,0,0,0,6467
EO_424085_ccrop.jpg,Eosinophil,segmented-bilobed,bukan_neutrofil,0,0,0,0,0,6962
EO_424207_ccrop.jpg,Eosinophil,segmented-bilobed,bukan_neutrofil,3,68,57,0,3,6573
EO_42441_ccrop.jpg,Eosinophil,segmented-bilobed,bukan_neutrofil,0,0,0,0,0,4799
EO_424827_ccrop.jpg,Eosinophil,segmented-bilobed,bukan_neutrofil,0,0,0,0,0,6156
EO_424918_ccrop.jpg,Eosinophil,segmented-bilobed,bukan_neutrofil,0,0,0,0,0,6149
EO_425079_ccrop.jpg,Eosinophil,segmented-bilobed,bukan_neutrofil,0,0,0,0,0,7266
EO_425659_ccrop.jpg,Eosinophil,segmented-bilobed,bukan_neutrofil,0,0,0,0,0,6760
EO_425984_ccrop.jpg,Eosinophil,segmented-bilobed,bukan_neutrofil,0,0,0,0,0,5858
EO_426270_ccrop.jpg,Eosinophil,segmented-bilobed,bukan_neutrofil,1,268,268,0,1,5560
EO_42732_ccrop.jpg,Eosinophil,segmented-bilobed,bukan_neutrofil,0,0,0,0,0,7158
EO_427585_ccrop.jpg,Eosinophil,segmented-multilobed,bukan_neutrofil,0,0,0,0,0,7154
EO_427956_ccrop.jpg,Eosinophil,segmented-multilobed,bukan_neutrofil,0,0,0,0,0,8116
EO_428275_ccrop.jpg,Eosinophil,segmented-multilobed,bukan_neutrofil,0,0,0,0,0,6708
EO_42951_ccrop.jpg,Eosinophil,segmented-bilobed,bukan_neutrofil,0,0,0,0,0,4787
EO_43054_ccrop.jpg,Eosinophil,segmented-bilobed,bukan_neutrofil,0,0,0,0,0,6605
EO_430628_ccrop.jpg,Eosinophil,segmented-multilobed,bukan_neutrofil,0,0,0,0,0,6730
EO_431365_ccrop.jpg,Eosinophil,segmented-bilobed,bukan_neutrofil,0,0,0,0,0,5452
EO_432369_ccrop.jpg,Eosinophil,segmented-bilobed,bukan_neutrofil,0,0,0,0,0,5925
EO_432899_ccrop.jpg,Eosinophil,segmented-bilobed,bukan_neutrofil,0,0,0,0,0,6620
EO_433229_ccrop.jpg,Eosinophil,segmented-bilobed,bukan_neutrofil,1,74,74,0,1,5428
EO_434299_ccrop.jpg,Eosinophil,segmented-bilobed,bukan_neutrofil,0,0,0,0,0,6166
EO_434365_ccrop.jpg,Eosinophil,segmented-bilobed,bukan_neutrofil,0,0,0,0,0,5460
EO_435115_ccrop.jpg,Eosinophil,segmented-bilobed,bukan_neutrofil,1,134,134,0,1,5667
EO_435128_ccrop.jpg,Eosinophil,segmented-bilobed,bukan_neutrofil,0,0,0,0,0,6459
EO_435673_ccrop.jpg,Eosinophil,segmented-multilobed,bukan_neutrofil,0,0,0,0,0,6520
EO_43667_ccrop.jpg,Eosinophil,segmented-multilobed,bukan_neutrofil,0,0,0,0,0,7051
EO_43692_ccrop.jpg,Eosinophil,segmented-bilobed,bukan_neutrofil,2,61,60,0,2,13320
EO_437658_ccrop.jpg,Eosinophil,segmented-multilobed,bukan_neutrofil,0,0,0,0,0,5049
EO_438160_ccrop.jpg,Eosinophil,segmented-bilobed,bukan_neutrofil,1,176,176,0,1,5677
EO_438563_ccrop.jpg,Eosinophil,segmented-bilobed,bukan_neutrofil,0,0,0,0,0,6070
EO_439200_ccrop.jpg,Eosinophil,segmented-multilobed,bukan_neutrofil,0,0,0,0,0,6875
EO_439202_ccrop.jpg,Eosinophil,segmented-bilobed,bukan_neutrofil,0,0,0,0,0,7195
EO_439765_ccrop.jpg,Eosinophil,segmented-bilobed,bukan_neutrofil,0,0,0,0,0,6411
EO_440210_ccrop.jpg,Eosinophil,segmented-multilobed,bukan_neutrofil,0,0,0,0,0,6254
EO_440848_ccrop.jpg,Eosinophil,segmented-bilobed,bukan_neutrofil,0,0,0,0,0,6716
EO_441092_ccrop.jpg,Eosinophil,segmented-bilobed,bukan_neutrofil,0,0,0,0,0,6272
EO_441794_ccrop.jpg,Eosinophil,segmented-bilobed,bukan_neutrofil,0,0,0,0,0,5897
EO_442_ccrop.jpg,Eosinophil,segmented-bilobed,bukan_neutrofil,0,0,0,0,0,6449
EO_442649_ccrop.jpg,Eosinophil,segmented-bilobed,bukan_neutrofil,0,0,0,0,0,5991
EO_442987_ccrop.jpg,Eosinophil,segmented-bilobed,bukan_neutrofil,0,0,0,0,0,7001
EO_44307_ccrop.jpg,Eosinophil,segmented-bilobed,bukan_neutrofil,0,0,0,0,0,4963
EO_443281_ccrop.jpg,Eosinophil,segmented-bilobed,bukan_neutrofil,0,0,0,0,0,5676
EO_443713_ccrop.jpg,Eosinophil,irregular,bukan_neutrofil,0,0,0,0,0,6182
EO_444535_ccrop.jpg,Eosinophil,segmented-bilobed,bukan_neutrofil,0,0,0,0,0,7233
EO_444788_ccrop.jpg,Eosinophil,segmented-bilobed,bukan_neutrofil,0,0,0,0,0,5870
EO_445349_ccrop.jpg,Eosinophil,segmented-bilobed,bukan_neutrofil,0,0,0,0,0,5843
EO_446902_ccrop.jpg,Eosinophil,segmented-bilobed,bukan_neutrofil,0,0,0,0,0,5650
EO_447137_ccrop.jpg,Eosinophil,segmented-bilobed,bukan_neutrofil,0,0,0,0,0,7914
EO_447756_ccrop.jpg,Eosinophil,segmented-bilobed,bukan_neutrofil,0,0,0,0,0,6310
EO_447857_ccrop.jpg,Eosinophil,segmented-multilobed,bukan_neutrofil,5,26,10,0,5,8294
EO_448200_ccrop.jpg,Eosinophil,segmented-bilobed,bukan_neutrofil,0,0,0,0,0,7450
EO_448399_ccrop.jpg,Eosinophil,segmented-multilobed,bukan_neutrofil,0,0,0,0,0,6933
EO_448998_ccrop.jpg,Eosinophil,segmented-bilobed,bukan_neutrofil,0,0,0,0,0,6910
EO_449091_ccrop.jpg,Eosinophil,segmented-multilobed,bukan_neutrofil,0,0,0,0,0,6923
EO_449240_ccrop.jpg,Eosinophil,unsegmented-band,bukan_neutrofil,0,0,0,0,0,5820
EO_449362_ccrop.jpg,Eosinophil,segmented-bilobed,bukan_neutrofil,0,0,0,0,0,5008
EO_451494_ccrop.jpg,Eosinophil,segmented-bilobed,bukan_neutrofil,0,0,0,0,0,6413
EO_452374_ccrop.jpg,Eosinophil,segmented-bilobed,bukan_neutrofil,0,0,0,0,0,6889
EO_452455_ccrop.jpg,Eosinophil,segmented-bilobed,bukan_neutrofil,0,0,0,0,0,5040
EO_452888_ccrop.jpg,Eosinophil,segmented-bilobed,bukan_neutrofil,0,0,0,0,0,6014
EO_45291_ccrop.jpg,Eosinophil,segmented-bilobed,bukan_neutrofil,0,0,0,0,0,6297
EO_452949_ccrop.jpg,Eosinophil,segmented-bilobed,bukan_neutrofil,1,135,135,0,1,5285
EO_453229_ccrop.jpg,Eosinophil,segmented-bilobed,bukan_neutrofil,0,0,0,0,0,6434
EO_453486_ccrop.jpg,Eosinophil,segmented-multilobed,bukan_neutrofil,0,0,0,0,0,8096
EO_453795_ccrop.jpg,Eosinophil,segmented-bilobed,bukan_neutrofil,0,0,0,0,0,7165
EO_454218_ccrop.jpg,Eosinophil,segmented-bilobed,bukan_neutrofil,0,0,0,0,0,6031
EO_455100_ccrop.jpg,Eosinophil,unsegmented-band,bukan_neutrofil,1,62,62,0,1,5528
EO_455519_ccrop.jpg,Eosinophil,segmented-multilobed,bukan_neutrofil,0,0,0,0,0,7558
EO_455970_ccrop.jpg,Eosinophil,segmented-multilobed,bukan_neutrofil,0,0,0,0,0,5823
EO_456048_ccrop.jpg,Eosinophil,segmented-bilobed,bukan_neutrofil,0,0,0,0,0,7057
EO_456329_ccrop.jpg,Eosinophil,segmented-bilobed,bukan_neutrofil,0,0,0,0,0,5806
EO_456484_ccrop.jpg,Eosinophil,segmented-bilobed,bukan_neutrofil,0,0,0,0,0,7708
EO_45659_ccrop.jpg,Eosinophil,segmented-multilobed,bukan_neutrofil,0,0,0,0,0,7003
EO_45684_ccrop.jpg,Eosinophil,segmented-multilobed,bukan_neutrofil,0,0,0,0,0,7413
EO_456904_ccrop.jpg,Eosinophil,segmented-bilobed,bukan_neutrofil,0,0,0,0,0,5529
EO_457339_ccrop.jpg,Eosinophil,segmented-bilobed,bukan_neutrofil,0,0,0,0,0,5596
EO_457748_ccrop.jpg,Eosinophil,segmented-multilobed,bukan_neutrofil,0,0,0,0,0,5839
EO_457756_ccrop.jpg,Eosinophil,segmented-bilobed,bukan_neutrofil,0,0,0,0,0,5355
EO_457772_ccrop.jpg,Eosinophil,segmented-bilobed,bukan_neutrofil,0,0,0,0,0,5977
EO_459590_ccrop.jpg,Eosinophil,segmented-bilobed,bukan_neutrofil,0,0,0,0,0,5254
EO_460463_ccrop.jpg,Eosinophil,segmented-bilobed,bukan_neutrofil,1,580,580,0,1,6287
EO_462115_ccrop.jpg,Eosinophil,unsegmented-band,bukan_neutrofil,0,0,0,0,0,4162
EO_463820_ccrop.jpg,Eosinophil,segmented-bilobed,bukan_neutrofil,0,0,0,0,0,7110
EO_464387_ccrop.jpg,Eosinophil,segmented-multilobed,bukan_neutrofil,1,72,72,0,1,8129
EO_464699_ccrop.jpg,Eosinophil,segmented-bilobed,bukan_neutrofil,0,0,0,0,0,4961
EO_465089_ccrop.jpg,Eosinophil,unsegmented-band,bukan_neutrofil,1,18,18,0,1,7659
EO_466494_ccrop.jpg,Eosinophil,segmented-bilobed,bukan_neutrofil,0,0,0,0,0,6631
EO_466655_ccrop.jpg,Eosinophil,segmented-bilobed,bukan_neutrofil,0,0,0,0,0,13632
EO_467442_ccrop.jpg,Eosinophil,unsegmented-band,bukan_neutrofil,0,0,0,0,0,5520
EO_469045_ccrop.jpg,Eosinophil,segmented-bilobed,bukan_neutrofil,0,0,0,0,0,6132
EO_469322_ccrop.jpg,Eosinophil,unsegmented-band,bukan_neutrofil,0,0,0,0,0,6258
EO_470500_ccrop.jpg,Eosinophil,segmented-bilobed,bukan_neutrofil,0,0,0,0,0,7259
EO_470880_ccrop.jpg,Eosinophil,segmented-bilobed,bukan_neutrofil,0,0,0,0,0,6050
EO_471446_ccrop.jpg,Eosinophil,segmented-bilobed,bukan_neutrofil,0,0,0,0,0,6039
EO_471626_ccrop.jpg,Eosinophil,segmented-multilobed,bukan_neutrofil,0,0,0,0,0,4921
EO_472619_ccrop.jpg,Eosinophil,segmented-bilobed,bukan_neutrofil,3,282,279,0,3,4787
EO_473693_ccrop.jpg,Eosinophil,segmented-bilobed,bukan_neutrofil,0,0,0,0,0,6199
EO_474075_ccrop.jpg,Eosinophil,segmented-bilobed,bukan_neutrofil,0,0,0,0,0,6345
EO_47420_ccrop.jpg,Eosinophil,segmented-multilobed,bukan_neutrofil,1,29,29,0,1,4861
EO_474537_ccrop.jpg,Eosinophil,segmented-bilobed,bukan_neutrofil,0,0,0,0,0,6089
EO_474938_ccrop.jpg,Eosinophil,segmented-bilobed,bukan_neutrofil,2,346,313,0,2,7922
EO_475336_ccrop.jpg,Eosinophil,segmented-bilobed,bukan_neutrofil,0,0,0,0,0,6685
EO_475490_ccrop.jpg,Eosinophil,unsegmented-band,bukan_neutrofil,0,0,0,0,0,5841
EO_475510_ccrop.jpg,Eosinophil,segmented-multilobed,bukan_neutrofil,1,12,12,0,1,6097
EO_476034_ccrop.jpg,Eosinophil,segmented-bilobed,bukan_neutrofil,0,0,0,0,0,6356
EO_476186_ccrop.jpg,Eosinophil,segmented-multilobed,bukan_neutrofil,0,0,0,0,0,6099
EO_476571_ccrop.jpg,Eosinophil,segmented-bilobed,bukan_neutrofil,0,0,0,0,0,6025
EO_477622_ccrop.jpg,Eosinophil,segmented-multilobed,bukan_neutrofil,0,0,0,0,0,5489
EO_478083_ccrop.jpg,Eosinophil,segmented-bilobed,bukan_neutrofil,1,221,221,0,1,5327
EO_47816_ccrop.jpg,Eosinophil,segmented-bilobed,bukan_neutrofil,0,0,0,0,0,5877
EO_478403_ccrop.jpg,Eosinophil,segmented-multilobed,bukan_neutrofil,0,0,0,0,0,6408
EO_478414_ccrop.jpg,Eosinophil,segmented-bilobed,bukan_neutrofil,0,0,0,0,0,8918
EO_47902_ccrop.jpg,Eosinophil,segmented-bilobed,bukan_neutrofil,0,0,0,0,0,7012
EO_479520_ccrop.jpg,Eosinophil,segmented-bilobed,bukan_neutrofil,0,0,0,0,0,4836
EO_480622_ccrop.jpg,Eosinophil,segmented-bilobed,bukan_neutrofil,0,0,0,0,0,6145
EO_481425_ccrop.jpg,Eosinophil,segmented-bilobed,bukan_neutrofil,0,0,0,0,0,5067
EO_481640_ccrop.jpg,Eosinophil,segmented-bilobed,bukan_neutrofil,0,0,0,0,0,6814
EO_481654_ccrop.jpg,Eosinophil,segmented-bilobed,bukan_neutrofil,0,0,0,0,0,4936
EO_481680_ccrop.jpg,Eosinophil,segmented-bilobed,bukan_neutrofil,0,0,0,0,0,5775
EO_481757_ccrop.jpg,Eosinophil,unsegmented-band,bukan_neutrofil,0,0,0,0,0,5153
EO_48196_ccrop.jpg,Eosinophil,segmented-bilobed,bukan_neutrofil,1,66,66,0,1,7073
EO_482215_ccrop.jpg,Eosinophil,segmented-bilobed,bukan_neutrofil,0,0,0,0,0,5462
EO_482398_ccrop.jpg,Eosinophil,segmented-bilobed,bukan_neutrofil,0,0,0,0,0,6469
EO_48254_ccrop.jpg,Eosinophil,segmented-bilobed,bukan_neutrofil,0,0,0,0,0,7097
EO_482568_ccrop.jpg,Eosinophil,segmented-bilobed,bukan_neutrofil,0,0,0,0,0,7751
EO_483355_ccrop.jpg,Eosinophil,segmented-bilobed,bukan_neutrofil,0,0,0,0,0,5900
EO_483445_ccrop.jpg,Eosinophil,segmented-bilobed,bukan_neutrofil,0,0,0,0,0,6332
EO_483625_ccrop.jpg,Eosinophil,unsegmented-band,bukan_neutrofil,0,0,0,0,0,7280
EO_483703_ccrop.jpg,Eosinophil,segmented-multilobed,bukan_neutrofil,0,0,0,0,0,7054
EO_484252_ccrop.jpg,Eosinophil,segmented-bilobed,bukan_neutrofil,0,0,0,0,0,4591
EO_48474_ccrop.jpg,Eosinophil,segmented-bilobed,bukan_neutrofil,0,0,0,0,0,5745
EO_484849_ccrop.jpg,Eosinophil,segmented-bilobed,bukan_neutrofil,0,0,0,0,0,6476
EO_485580_ccrop.jpg,Eosinophil,segmented-bilobed,bukan_neutrofil,0,0,0,0,0,6473
EO_485946_ccrop.jpg,Eosinophil,segmented-bilobed,bukan_neutrofil,0,0,0,0,0,6397
EO_486026_ccrop.jpg,Eosinophil,segmented-bilobed,bukan_neutrofil,0,0,0,0,0,4876
EO_486066_ccrop.jpg,Eosinophil,segmented-multilobed,bukan_neutrofil,0,0,0,0,0,13973
EO_486340_ccrop.jpg,Eosinophil,segmented-bilobed,bukan_neutrofil,0,0,0,0,0,6275
EO_486747_ccrop.jpg,Eosinophil,segmented-bilobed,bukan_neutrofil,0,0,0,0,0,6322
EO_487107_ccrop.jpg,Eosinophil,segmented-bilobed,bukan_neutrofil,0,0,0,0,0,6277
EO_488279_ccrop.jpg,Eosinophil,segmented-bilobed,bukan_neutrofil,0,0,0,0,0,6558
EO_488535_ccrop.jpg,Eosinophil,segmented-multilobed,bukan_neutrofil,1,3,3,0,1,7032
EO_488643_ccrop.jpg,Eosinophil,segmented-bilobed,bukan_neutrofil,0,0,0,0,0,5449
EO_489018_ccrop.jpg,Eosinophil,segmented-bilobed,bukan_neutrofil,0,0,0,0,0,5378
EO_489802_ccrop.jpg,Eosinophil,segmented-bilobed,bukan_neutrofil,0,0,0,0,0,6602
EO_489810_ccrop.jpg,Eosinophil,segmented-bilobed,bukan_neutrofil,0,0,0,0,0,5767
EO_489916_ccrop.jpg,Eosinophil,segmented-bilobed,bukan_neutrofil,0,0,0,0,0,6982
EO_489929_ccrop.jpg,Eosinophil,segmented-bilobed,bukan_neutrofil,0,0,0,0,0,6118
EO_490376_ccrop.jpg,Eosinophil,segmented-bilobed,bukan_neutrofil,0,0,0,0,0,5739
EO_490942_ccrop.jpg,Eosinophil,segmented-multilobed,bukan_neutrofil,0,0,0,0,0,6557
EO_491368_ccrop.jpg,Eosinophil,segmented-bilobed,bukan_neutrofil,1,86,86,0,1,4843
EO_491904_ccrop.jpg,Eosinophil,segmented-multilobed,bukan_neutrofil,0,0,0,0,0,5887
EO_492164_ccrop.jpg,Eosinophil,segmented-multilobed,bukan_neutrofil,0,0,0,0,0,5090
EO_492353_ccrop.jpg,Eosinophil,segmented-bilobed,bukan_neutrofil,0,0,0,0,0,6010
EO_492356_ccrop.jpg,Eosinophil,unsegmented-band,bukan_neutrofil,0,0,0,0,0,5431
EO_492401_ccrop.jpg,Eosinophil,segmented-bilobed,bukan_neutrofil,0,0,0,0,0,5546
EO_493004_ccrop.jpg,Eosinophil,unsegmented-band,bukan_neutrofil,0,0,0,0,0,5975
EO_493576_ccrop.jpg,Eosinophil,segmented-bilobed,bukan_neutrofil,0,0,0,0,0,6147
EO_49375_ccrop.jpg,Eosinophil,segmented-multilobed,bukan_neutrofil,0,0,0,0,0,7337
EO_493789_ccrop.jpg,Eosinophil,segmented-bilobed,bukan_neutrofil,0,0,0,0,0,6284
EO_494252_ccrop.jpg,Eosinophil,segmented-multilobed,bukan_neutrofil,0,0,0,0,0,5523
EO_494403_ccrop.jpg,Eosinophil,segmented-multilobed,bukan_neutrofil,0,0,0,0,0,6093
EO_49445_ccrop.jpg,Eosinophil,segmented-bilobed,bukan_neutrofil,0,0,0,0,0,6089
EO_494662_ccrop.jpg,Eosinophil,segmented-bilobed,bukan_neutrofil,2,777,773,0,2,6850
EO_49482_ccrop.jpg,Eosinophil,segmented-bilobed,bukan_neutrofil,0,0,0,0,0,5469
EO_495127_ccrop.jpg,Eosinophil,segmented-bilobed,bukan_neutrofil,0,0,0,0,0,6606
EO_49559_ccrop.jpg,Eosinophil,segmented-bilobed,bukan_neutrofil,0,0,0,0,0,4844
EO_495956_ccrop.jpg,Eosinophil,unsegmented-band,bukan_neutrofil,0,0,0,0,0,5162
EO_496077_ccrop.jpg,Eosinophil,segmented-bilobed,bukan_neutrofil,0,0,0,0,0,6263
EO_496598_ccrop.jpg,Eosinophil,segmented-bilobed,bukan_neutrofil,0,0,0,0,0,5214
EO_497408_ccrop.jpg,Eosinophil,segmented-bilobed,bukan_neutrofil,0,0,0,0,0,7184
EO_498178_ccrop.jpg,Eosinophil,unsegmented-band,bukan_neutrofil,1,31,31,0,1,6087
EO_498223_ccrop.jpg,Eosinophil,unsegmented-band,bukan_neutrofil,0,0,0,0,0,5771
EO_49826_ccrop.jpg,Eosinophil,segmented-bilobed,bukan_neutrofil,0,0,0,0,0,5357
EO_498358_ccrop.jpg,Eosinophil,segmented-bilobed,bukan_neutrofil,0,0,0,0,0,6751
EO_499536_ccrop.jpg,Eosinophil,segmented-multilobed,bukan_neutrofil,0,0,0,0,0,6164
EO_49977_ccrop.jpg,Eosinophil,segmented-multilobed,bukan_neutrofil,0,0,0,0,0,5975
EO_499786_ccrop.jpg,Eosinophil,segmented-bilobed,bukan_neutrofil,0,0,0,0,0,8147
EO_500122_ccrop.jpg,Eosinophil,segmented-multilobed,bukan_neutrofil,0,0,0,0,0,6484
EO_500452_ccrop.jpg,Eosinophil,segmented-bilobed,bukan_neutrofil,0,0,0,0,0,5951
EO_501087_ccrop.jpg,Eosinophil,unsegmented-band,bukan_neutrofil,0,0,0,0,0,6020
EO_503205_ccrop.jpg,Eosinophil,segmented-bilobed,bukan_neutrofil,0,0,0,0,0,5548
EO_504106_ccrop.jpg,Eosinophil,segmented-multilobed,bukan_neutrofil,0,0,0,0,0,5487
EO_504354_ccrop.jpg,Eosinophil,segmented-bilobed,bukan_neutrofil,0,0,0,0,0,6215
EO_504568_ccrop.jpg,Eosinophil,segmented-bilobed,bukan_neutrofil,0,0,0,0,0,5687
EO_505246_ccrop.jpg,Eosinophil,segmented-bilobed,bukan_neutrofil,0,0,0,0,0,6989
EO_505506_ccrop.jpg,Eosinophil,segmented-multilobed,bukan_neutrofil,0,0,0,0,0,5844
EO_505902_ccrop.jpg,Eosinophil,segmented-bilobed,bukan_neutrofil,0,0,0,0,0,5314
EO_506171_ccrop.jpg,Eosinophil,irregular,bukan_neutrofil,1,5,5,0,1,5689
EO_506281_ccrop.jpg,Eosinophil,segmented-bilobed,bukan_neutrofil,0,0,0,0,0,6947
EO_506761_ccrop.jpg,Eosinophil,segmented-bilobed,bukan_neutrofil,0,0,0,0,0,5853
EO_506910_ccrop.jpg,Eosinophil,segmented-bilobed,bukan_neutrofil,0,0,0,0,0,5792
EO_507083_ccrop.jpg,Eosinophil,segmented-multilobed,bukan_neutrofil,1,156,156,0,1,6821
EO_508324_ccrop.jpg,Eosinophil,segmented-bilobed,bukan_neutrofil,0,0,0,0,0,8062
EO_508637_ccrop.jpg,Eosinophil,segmented-bilobed,bukan_neutrofil,0,0,0,0,0,4709
EO_508897_ccrop.jpg,Eosinophil,unsegmented-band,bukan_neutrofil,0,0,0,0,0,5893
EO_509604_ccrop.jpg,Eosinophil,segmented-bilobed,bukan_neutrofil,0,0,0,0,0,4737
EO_510060_ccrop.jpg,Eosinophil,segmented-bilobed,bukan_neutrofil,0,0,0,0,0,6604
EO_510096_ccrop.jpg,Eosinophil,segmented-bilobed,bukan_neutrofil,0,0,0,0,0,4897
EO_510482_ccrop.jpg,Eosinophil,segmented-multilobed,bukan_neutrofil,0,0,0,0,0,8058
EO_511115_ccrop.jpg,Eosinophil,segmented-bilobed,bukan_neutrofil,0,0,0,0,0,5853
EO_511334_ccrop.jpg,Eosinophil,segmented-bilobed,bukan_neutrofil,0,0,0,0,0,6067
EO_511369_ccrop.jpg,Eosinophil,segmented-bilobed,bukan_neutrofil,1,224,224,0,1,6792
EO_51138_ccrop.jpg,Eosinophil,segmented-bilobed,bukan_neutrofil,0,0,0,0,0,5979
EO_512229_ccrop.jpg,Eosinophil,segmented-bilobed,bukan_neutrofil,0,0,0,0,0,5864
EO_512894_ccrop.jpg,Eosinophil,segmented-bilobed,bukan_neutrofil,0,0,0,0,0,5479
EO_513200_ccrop.jpg,Eosinophil,segmented-bilobed,bukan_neutrofil,0,0,0,0,0,5334
EO_514638_ccrop.jpg,Eosinophil,segmented-bilobed,bukan_neutrofil,0,0,0,0,0,6754
EO_51563_ccrop.jpg,Eosinophil,segmented-multilobed,bukan_neutrofil,0,0,0,0,0,5285
EO_515942_ccrop.jpg,Eosinophil,segmented-bilobed,bukan_neutrofil,0,0,0,0,0,6642
EO_516058_ccrop.jpg,Eosinophil,segmented-bilobed,bukan_neutrofil,0,0,0,0,0,6518
EO_516265_ccrop.jpg,Eosinophil,unsegmented-band,bukan_neutrofil,0,0,0,0,0,6527
EO_516632_ccrop.jpg,Eosinophil,segmented-multilobed,bukan_neutrofil,1,30,30,0,1,6055
EO_516640_ccrop.jpg,Eosinophil,segmented-multilobed,bukan_neutrofil,0,0,0,0,0,6712
EO_516662_ccrop.jpg,Eosinophil,irregular,bukan_neutrofil,1,1,1,0,1,8345
EO_517855_ccrop.jpg,Eosinophil,unsegmented-band,bukan_neutrofil,0,0,0,0,0,5745
EO_518015_ccrop.jpg,Eosinophil,segmented-bilobed,bukan_neutrofil,0,0,0,0,0,5920
EO_51829_ccrop.jpg,Eosinophil,segmented-bilobed,bukan_neutrofil,0,0,0,0,0,6633
EO_519146_ccrop.jpg,Eosinophil,segmented-bilobed,bukan_neutrofil,0,0,0,0,0,6076
EO_519769_ccrop.jpg,Eosinophil,segmented-bilobed,bukan_neutrofil,1,497,497,0,1,9210
EO_519910_ccrop.jpg,Eosinophil,segmented-multilobed,bukan_neutrofil,0,0,0,0,0,6134
EO_520428_ccrop.jpg,Eosinophil,segmented-bilobed,bukan_neutrofil,0,0,0,0,0,4705
EO_520526_ccrop.jpg,Eosinophil,segmented-bilobed,bukan_neutrofil,0,0,0,0,0,7241
EO_520791_ccrop.jpg,Eosinophil,segmented-bilobed,bukan_neutrofil,0,0,0,0,0,5062
EO_521034_ccrop.jpg,Eosinophil,segmented-bilobed,bukan_neutrofil,0,0,0,0,0,6015
EO_521046_ccrop.jpg,Eosinophil,unsegmented-band,bukan_neutrofil,0,0,0,0,0,5826
EO_521097_ccrop.jpg,Eosinophil,segmented-bilobed,bukan_neutrofil,0,0,0,0,0,5736
EO_521159_ccrop.jpg,Eosinophil,unsegmented-band,bukan_neutrofil,0,0,0,0,0,5645
EO_522232_ccrop.jpg,Eosinophil,unsegmented-band,bukan_neutrofil,0,0,0,0,0,7448
EO_523268_ccrop.jpg,Eosinophil,segmented-bilobed,bukan_neutrofil,2,66,39,0,2,6070
EO_523473_ccrop.jpg,Eosinophil,segmented-bilobed,bukan_neutrofil,1,35,35,0,1,5059
EO_523868_ccrop.jpg,Eosinophil,segmented-bilobed,bukan_neutrofil,0,0,0,0,0,5741
EO_524648_ccrop.jpg,Eosinophil,unsegmented-band,bukan_neutrofil,0,0,0,0,0,5313
EO_525311_ccrop.jpg,Eosinophil,segmented-bilobed,bukan_neutrofil,0,0,0,0,0,4962
EO_526125_ccrop.jpg,Eosinophil,segmented-bilobed,bukan_neutrofil,0,0,0,0,0,6731
EO_526407_ccrop.jpg,Eosinophil,segmented-bilobed,bukan_neutrofil,0,0,0,0,0,5817
EO_526434_ccrop.jpg,Eosinophil,segmented-bilobed,bukan_neutrofil,0,0,0,0,0,7350
EO_526573_ccrop.jpg,Eosinophil,segmented-bilobed,bukan_neutrofil,1,26,26,0,1,6168
EO_526624_ccrop.jpg,Eosinophil,unsegmented-band,bukan_neutrofil,0,0,0,0,0,5572
EO_527485_ccrop.jpg,Eosinophil,segmented-bilobed,bukan_neutrofil,0,0,0,0,0,6183
EO_527490_ccrop.jpg,Eosinophil,segmented-bilobed,bukan_neutrofil,0,0,0,0,0,5293
EO_528469_ccrop.jpg,Eosinophil,segmented-bilobed,bukan_neutrofil,0,0,0,0,0,8248
EO_528572_ccrop.jpg,Eosinophil,segmented-bilobed,bukan_neutrofil,0,0,0,0,0,5902
EO_529831_ccrop.jpg,Eosinophil,segmented-multilobed,bukan_neutrofil,1,106,106,0,1,5743
EO_53024_ccrop.jpg,Eosinophil,segmented-multilobed,bukan_neutrofil,0,0,0,0,0,6880
EO_531157_ccrop.jpg,Eosinophil,segmented-bilobed,bukan_neutrofil,0,0,0,0,0,5920
EO_531180_ccrop.jpg,Eosinophil,segmented-bilobed,bukan_neutrofil,0,0,0,0,0,5789
EO_531455_ccrop.jpg,Eosinophil,unsegmented-band,bukan_neutrofil,0,0,0,0,0,5432
EO_533476_ccrop.jpg,Eosinophil,unsegmented-band,bukan_neutrofil,0,0,0,0,0,7437
EO_533757_ccrop.jpg,Eosinophil,unsegmented-band,bukan_neutrofil,0,0,0,0,0,6032
EO_533759_ccrop.jpg,Eosinophil,segmented-bilobed,bukan_neutrofil,0,0,0,0,0,5221
EO_534414_ccrop.jpg,Eosinophil,segmented-bilobed,bukan_neutrofil,0,0,0,0,0,6181
EO_534614_ccrop.jpg,Eosinophil,segmented-bilobed,bukan_neutrofil,0,0,0,0,0,5646
EO_53483_ccrop.jpg,Eosinophil,segmented-bilobed,bukan_neutrofil,0,0,0,0,0,6009
EO_536327_ccrop.jpg,Eosinophil,segmented-bilobed,bukan_neutrofil,0,0,0,0,0,6825
EO_536417_ccrop.jpg,Eosinophil,segmented-bilobed,bukan_neutrofil,0,0,0,0,0,5817
EO_536854_ccrop.jpg,Eosinophil,segmented-bilobed,bukan_neutrofil,0,0,0,0,0,5013
EO_537047_ccrop.jpg,Eosinophil,segmented-bilobed,bukan_neutrofil,0,0,0,0,0,5873
EO_538351_ccrop.jpg,Eosinophil,segmented-bilobed,bukan_neutrofil,0,0,0,0,0,5417
EO_538680_ccrop.jpg,Eosinophil,segmented-bilobed,bukan_neutrofil,0,0,0,0,0,5246
EO_538821_ccrop.jpg,Eosinophil,segmented-bilobed,bukan_neutrofil,0,0,0,0,0,7326
EO_539468_ccrop.jpg,Eosinophil,segmented-multilobed,bukan_neutrofil,0,0,0,0,0,8554
EO_539969_ccrop.jpg,Eosinophil,segmented-bilobed,bukan_neutrofil,0,0,0,0,0,6364
EO_541020_ccrop.jpg,Eosinophil,segmented-bilobed,bukan_neutrofil,0,0,0,0,0,7420
EO_543030_ccrop.jpg,Eosinophil,segmented-bilobed,bukan_neutrofil,0,0,0,0,0,6892
EO_543746_ccrop.jpg,Eosinophil,segmented-bilobed,bukan_neutrofil,0,0,0,0,0,6608
EO_544087_ccrop.jpg,Eosinophil,segmented-bilobed,bukan_neutrofil,0,0,0,0,0,4262
EO_544153_ccrop.jpg,Eosinophil,segmented-bilobed,bukan_neutrofil,0,0,0,0,0,6169
EO_544538_ccrop.jpg,Eosinophil,segmented-bilobed,bukan_neutrofil,0,0,0,0,0,6522
EO_544788_ccrop.jpg,Eosinophil,segmented-bilobed,bukan_neutrofil,0,0,0,0,0,5373
EO_544830_ccrop.jpg,Eosinophil,segmented-multilobed,bukan_neutrofil,0,0,0,0,0,6257
EO_545473_ccrop.jpg,Eosinophil,segmented-bilobed,bukan_neutrofil,0,0,0,0,0,6957
EO_545808_ccrop.jpg,Eosinophil,segmented-bilobed,bukan_neutrofil,0,0,0,0,0,5855
EO_545985_ccrop.jpg,Eosinophil,segmented-bilobed,bukan_neutrofil,2,97,50,0,2,5982
EO_546748_ccrop.jpg,Eosinophil,segmented-bilobed,bukan_neutrofil,0,0,0,0,0,7075
EO_54678_ccrop.jpg,Eosinophil,segmented-bilobed,bukan_neutrofil,0,0,0,0,0,6781
EO_54685_ccrop.jpg,Eosinophil,segmented-bilobed,bukan_neutrofil,1,12,12,0,1,5988
EO_547489_ccrop.jpg,Eosinophil,unsegmented-band,bukan_neutrofil,0,0,0,0,0,6787
EO_547565_ccrop.jpg,Eosinophil,segmented-bilobed,bukan_neutrofil,0,0,0,0,0,4971
EO_547729_ccrop.jpg,Eosinophil,segmented-bilobed,bukan_neutrofil,0,0,0,0,0,7154
EO_548290_ccrop.jpg,Eosinophil,segmented-bilobed,bukan_neutrofil,2,9,8,0,2,7280
EO_548421_ccrop.jpg,Eosinophil,segmented-bilobed,bukan_neutrofil,0,0,0,0,0,9420
EO_548865_ccrop.jpg,Eosinophil,unsegmented-band,bukan_neutrofil,0,0,0,0,0,12196
EO_548873_ccrop.jpg,Eosinophil,segmented-bilobed,bukan_neutrofil,0,0,0,0,0,5710
EO_549367_ccrop.jpg,Eosinophil,segmented-bilobed,bukan_neutrofil,1,113,113,0,1,7288
EO_549513_ccrop.jpg,Eosinophil,segmented-bilobed,bukan_neutrofil,0,0,0,0,0,6363
EO_551483_ccrop.jpg,Eosinophil,segmented-bilobed,bukan_neutrofil,0,0,0,0,0,6092
EO_551504_ccrop.jpg,Eosinophil,segmented-multilobed,bukan_neutrofil,0,0,0,0,0,5601
EO_552117_ccrop.jpg,Eosinophil,segmented-bilobed,bukan_neutrofil,3,83,71,0,3,5824
EO_552330_ccrop.jpg,Eosinophil,unsegmented-band,bukan_neutrofil,0,0,0,0,0,6084
EO_552623_ccrop.jpg,Eosinophil,segmented-bilobed,bukan_neutrofil,0,0,0,0,0,6113
EO_552660_ccrop.jpg,Eosinophil,segmented-multilobed,bukan_neutrofil,0,0,0,0,0,5906
EO_553108_ccrop.jpg,Eosinophil,segmented-multilobed,bukan_neutrofil,0,0,0,0,0,6521
EO_553205_ccrop.jpg,Eosinophil,segmented-bilobed,bukan_neutrofil,1,1,1,0,1,7135
EO_553328_ccrop.jpg,Eosinophil,segmented-bilobed,bukan_neutrofil,0,0,0,0,0,6576
EO_553474_ccrop.jpg,Eosinophil,segmented-bilobed,bukan_neutrofil,0,0,0,0,0,6247
EO_553758_ccrop.jpg,Eosinophil,segmented-bilobed,bukan_neutrofil,1,3,3,0,1,7129
EO_553880_ccrop.jpg,Eosinophil,segmented-multilobed,bukan_neutrofil,0,0,0,0,0,5978
EO_554725_ccrop.jpg,Eosinophil,segmented-bilobed,bukan_neutrofil,0,0,0,0,0,6410
EO_554820_ccrop.jpg,Eosinophil,segmented-bilobed,bukan_neutrofil,0,0,0,0,0,6559
EO_55519_ccrop.jpg,Eosinophil,unsegmented-band,bukan_neutrofil,0,0,0,0,0,6463
EO_555484_ccrop.jpg,Eosinophil,segmented-bilobed,bukan_neutrofil,0,0,0,0,0,5373
EO_555907_ccrop.jpg,Eosinophil,segmented-bilobed,bukan_neutrofil,0,0,0,0,0,7833
EO_55694_ccrop.jpg,Eosinophil,unsegmented-band,bukan_neutrofil,0,0,0,0,0,6977
EO_557445_ccrop.jpg,Eosinophil,segmented-bilobed,bukan_neutrofil,1,371,371,0,1,5331
EO_557765_ccrop.jpg,Eosinophil,segmented-bilobed,bukan_neutrofil,0,0,0,0,0,6606
EO_557935_ccrop.jpg,Eosinophil,segmented-bilobed,bukan_neutrofil,0,0,0,0,0,5117
EO_558546_ccrop.jpg,Eosinophil,segmented-bilobed,bukan_neutrofil,0,0,0,0,0,4664
EO_558714_ccrop.jpg,Eosinophil,segmented-bilobed,bukan_neutrofil,0,0,0,0,0,5675
EO_559117_ccrop.jpg,Eosinophil,unsegmented-band,bukan_neutrofil,0,0,0,0,0,6894
EO_559297_ccrop.jpg,Eosinophil,segmented-bilobed,bukan_neutrofil,1,1314,1314,0,1,6709
EO_56116_ccrop.jpg,Eosinophil,segmented-bilobed,bukan_neutrofil,0,0,0,0,0,5929
EO_562066_ccrop.jpg,Eosinophil,segmented-bilobed,bukan_neutrofil,0,0,0,0,0,5238
EO_564833_ccrop.jpg,Eosinophil,unsegmented-band,bukan_neutrofil,0,0,0,0,0,5944
EO_565002_ccrop.jpg,Eosinophil,segmented-bilobed,bukan_neutrofil,0,0,0,0,0,5073
EO_565060_ccrop.jpg,Eosinophil,segmented-multilobed,bukan_neutrofil,0,0,0,0,0,5103
EO_565721_ccrop.jpg,Eosinophil,segmented-bilobed,bukan_neutrofil,0,0,0,0,0,6192
EO_567875_ccrop.jpg,Eosinophil,unsegmented-band,bukan_neutrofil,0,0,0,0,0,6416
EO_568062_ccrop.jpg,Eosinophil,segmented-bilobed,bukan_neutrofil,0,0,0,0,0,6162
EO_568586_ccrop.jpg,Eosinophil,segmented-bilobed,bukan_neutrofil,0,0,0,0,0,5224
EO_569107_ccrop.jpg,Eosinophil,unsegmented-band,bukan_neutrofil,0,0,0,0,0,6048
EO_569620_ccrop.jpg,Eosinophil,segmented-bilobed,bukan_neutrofil,0,0,0,0,0,7822
EO_569742_ccrop.jpg,Eosinophil,unsegmented-band,bukan_neutrofil,0,0,0,0,0,5695
EO_570111_ccrop.jpg,Eosinophil,segmented-bilobed,bukan_neutrofil,1,2,2,0,1,5716
EO_570709_ccrop.jpg,Eosinophil,segmented-multilobed,bukan_neutrofil,0,0,0,0,0,6387
EO_571184_ccrop.jpg,Eosinophil,segmented-bilobed,bukan_neutrofil,2,4,3,0,2,4926
EO_571485_ccrop.jpg,Eosinophil,unsegmented-band,bukan_neutrofil,0,0,0,0,0,4280
EO_571493_ccrop.jpg,Eosinophil,segmented-bilobed,bukan_neutrofil,2,3,2,0,2,6695
EO_57183_ccrop.jpg,Eosinophil,segmented-multilobed,bukan_neutrofil,1,380,380,0,1,5252
EO_572068_ccrop.jpg,Eosinophil,segmented-bilobed,bukan_neutrofil,0,0,0,0,0,7018
EO_573632_ccrop.jpg,Eosinophil,segmented-bilobed,bukan_neutrofil,0,0,0,0,0,5772
EO_574965_ccrop.jpg,Eosinophil,segmented-bilobed,bukan_neutrofil,1,26,26,0,1,6249
EO_575404_ccrop.jpg,Eosinophil,segmented-bilobed,bukan_neutrofil,0,0,0,0,0,5784
EO_575793_ccrop.jpg,Eosinophil,unsegmented-band,bukan_neutrofil,0,0,0,0,0,7039
EO_575935_ccrop.jpg,Eosinophil,segmented-bilobed,bukan_neutrofil,1,16,16,0,1,5846
EO_577498_ccrop.jpg,Eosinophil,segmented-multilobed,bukan_neutrofil,0,0,0,0,0,6610
EO_577940_ccrop.jpg,Eosinophil,unsegmented-band,bukan_neutrofil,0,0,0,0,0,5758
EO_578411_ccrop.jpg,Eosinophil,segmented-bilobed,bukan_neutrofil,0,0,0,0,0,5163
EO_578965_ccrop.jpg,Eosinophil,segmented-bilobed,bukan_neutrofil,0,0,0,0,0,6444
EO_57907_ccrop.jpg,Eosinophil,segmented-bilobed,bukan_neutrofil,0,0,0,0,0,6142
EO_579119_ccrop.jpg,Eosinophil,segmented-bilobed,bukan_neutrofil,0,0,0,0,0,5540
EO_579284_ccrop.jpg,Eosinophil,segmented-bilobed,bukan_neutrofil,0,0,0,0,0,5385
EO_579761_ccrop.jpg,Eosinophil,segmented-bilobed,bukan_neutrofil,0,0,0,0,0,6740
EO_581439_ccrop.jpg,Eosinophil,segmented-bilobed,bukan_neutrofil,0,0,0,0,0,5764
EO_581765_ccrop.jpg,Eosinophil,segmented-bilobed,bukan_neutrofil,0,0,0,0,0,4994
EO_581948_ccrop.jpg,Eosinophil,segmented-multilobed,bukan_neutrofil,0,0,0,0,0,5216
EO_582920_ccrop.jpg,Eosinophil,segmented-bilobed,bukan_neutrofil,0,0,0,0,0,5489
EO_582940_ccrop.jpg,Eosinophil,segmented-bilobed,bukan_neutrofil,0,0,0,0,0,6260
EO_583076_ccrop.jpg,Eosinophil,unsegmented-band,bukan_neutrofil,0,0,0,0,0,5579
EO_583142_ccrop.jpg,Eosinophil,unsegmented-band,bukan_neutrofil,0,0,0,0,0,5407
EO_583633_ccrop.jpg,Eosinophil,segmented-bilobed,bukan_neutrofil,0,0,0,0,0,5814
EO_583880_ccrop.jpg,Eosinophil,segmented-bilobed,bukan_neutrofil,0,0,0,0,0,4710
EO_583975_ccrop.jpg,Eosinophil,segmented-bilobed,bukan_neutrofil,0,0,0,0,0,5022
EO_58611_ccrop.jpg,Eosinophil,segmented-multilobed,bukan_neutrofil,0,0,0,0,0,6073
EO_586118_ccrop.jpg,Eosinophil,segmented-bilobed,bukan_neutrofil,0,0,0,0,0,5986
EO_586198_ccrop.jpg,Eosinophil,segmented-bilobed,bukan_neutrofil,0,0,0,0,0,5867
EO_586528_ccrop.jpg,Eosinophil,segmented-bilobed,bukan_neutrofil,0,0,0,0,0,5154
EO_587264_ccrop.jpg,Eosinophil,unsegmented-band,bukan_neutrofil,5,45,30,0,5,5792
EO_588367_ccrop.jpg,Eosinophil,segmented-multilobed,bukan_neutrofil,0,0,0,0,0,4802
EO_588423_ccrop.jpg,Eosinophil,unsegmented-band,bukan_neutrofil,0,0,0,0,0,5711
EO_589553_ccrop.jpg,Eosinophil,segmented-multilobed,bukan_neutrofil,0,0,0,0,0,5189
EO_589782_ccrop.jpg,Eosinophil,segmented-multilobed,bukan_neutrofil,1,9,9,0,1,6563
EO_589850_ccrop.jpg,Eosinophil,segmented-bilobed,bukan_neutrofil,0,0,0,0,0,8039
EO_589890_ccrop.jpg,Eosinophil,segmented-bilobed,bukan_neutrofil,0,0,0,0,0,5063
EO_590420_ccrop.jpg,Eosinophil,segmented-bilobed,bukan_neutrofil,1,12,12,0,1,5657
EO_590431_ccrop.jpg,Eosinophil,segmented-multilobed,bukan_neutrofil,1,102,102,0,1,6429
EO_591060_ccrop.jpg,Eosinophil,segmented-bilobed,bukan_neutrofil,0,0,0,0,0,6848
EO_59160_ccrop.jpg,Eosinophil,segmented-bilobed,bukan_neutrofil,0,0,0,0,0,6756
EO_592605_ccrop.jpg,Eosinophil,segmented-multilobed,bukan_neutrofil,0,0,0,0,0,6007
EO_596736_ccrop.jpg,Eosinophil,segmented-bilobed,bukan_neutrofil,0,0,0,0,0,5405
EO_596923_ccrop.jpg,Eosinophil,segmented-bilobed,bukan_neutrofil,0,0,0,0,0,5193
EO_598317_ccrop.jpg,Eosinophil,segmented-bilobed,bukan_neutrofil,0,0,0,0,0,5429
EO_599236_ccrop.jpg,Eosinophil,unsegmented-band,bukan_neutrofil,0,0,0,0,0,7190
EO_600107_ccrop.jpg,Eosinophil,segmented-bilobed,bukan_neutrofil,0,0,0,0,0,7284
EO_60036_ccrop.jpg,Eosinophil,segmented-multilobed,bukan_neutrofil,0,0,0,0,0,6616
EO_601402_ccrop.jpg,Eosinophil,segmented-bilobed,bukan_neutrofil,0,0,0,0,0,6429
EO_602757_ccrop.jpg,Eosinophil,segmented-bilobed,bukan_neutrofil,0,0,0,0,0,5966
EO_603195_ccrop.jpg,Eosinophil,segmented-bilobed,bukan_neutrofil,0,0,0,0,0,6377
EO_603252_ccrop.jpg,Eosinophil,irregular,bukan_neutrofil,0,0,0,0,0,5261
EO_603440_ccrop.jpg,Eosinophil,segmented-bilobed,bukan_neutrofil,0,0,0,0,0,5900
EO_604677_ccrop.jpg,Eosinophil,segmented-bilobed,bukan_neutrofil,0,0,0,0,0,7165
EO_606051_ccrop.jpg,Eosinophil,segmented-bilobed,bukan_neutrofil,3,161,138,0,3,6625
EO_606125_ccrop.jpg,Eosinophil,segmented-multilobed,bukan_neutrofil,0,0,0,0,0,5234
EO_606430_ccrop.jpg,Eosinophil,segmented-multilobed,bukan_neutrofil,0,0,0,0,0,7218
EO_606439_ccrop.jpg,Eosinophil,segmented-bilobed,bukan_neutrofil,0,0,0,0,0,6723
EO_606513_ccrop.jpg,Eosinophil,unsegmented-band,bukan_neutrofil,0,0,0,0,0,6219
EO_606717_ccrop.jpg,Eosinophil,segmented-bilobed,bukan_neutrofil,0,0,0,0,0,6480
EO_606806_ccrop.jpg,Eosinophil,segmented-bilobed,bukan_neutrofil,0,0,0,0,0,5882
EO_606814_ccrop.jpg,Eosinophil,segmented-multilobed,bukan_neutrofil,0,0,0,0,0,5721
EO_607566_ccrop.jpg,Eosinophil,unsegmented-band,bukan_neutrofil,0,0,0,0,0,6233
EO_608062_ccrop.jpg,Eosinophil,segmented-bilobed,bukan_neutrofil,0,0,0,0,0,5303
EO_6091_ccrop.jpg,Eosinophil,segmented-bilobed,bukan_neutrofil,1,658,658,0,1,6339
EO_609731_ccrop.jpg,Eosinophil,segmented-bilobed,bukan_neutrofil,0,0,0,0,0,5527
EO_60977_ccrop.jpg,Eosinophil,segmented-bilobed,bukan_neutrofil,0,0,0,0,0,6494
EO_610425_ccrop.jpg,Eosinophil,segmented-bilobed,bukan_neutrofil,0,0,0,0,0,7235
EO_610906_ccrop.jpg,Eosinophil,segmented-bilobed,bukan_neutrofil,0,0,0,0,0,6636
EO_610957_ccrop.jpg,Eosinophil,segmented-bilobed,bukan_neutrofil,0,0,0,0,0,6471
EO_611081_ccrop.jpg,Eosinophil,unsegmented-band,bukan_neutrofil,0,0,0,0,0,6785
EO_611367_ccrop.jpg,Eosinophil,segmented-bilobed,bukan_neutrofil,0,0,0,0,0,6548
EO_611719_ccrop.jpg,Eosinophil,segmented-bilobed,bukan_neutrofil,0,0,0,0,0,4842
EO_612498_ccrop.jpg,Eosinophil,segmented-bilobed,bukan_neutrofil,0,0,0,0,0,7579
EO_61251_ccrop.jpg,Eosinophil,segmented-bilobed,bukan_neutrofil,0,0,0,0,0,6911
EO_612669_ccrop.jpg,Eosinophil,segmented-bilobed,bukan_neutrofil,0,0,0,0,0,6130
EO_612890_ccrop.jpg,Eosinophil,unsegmented-band,bukan_neutrofil,0,0,0,0,0,5566
EO_613088_ccrop.jpg,Eosinophil,segmented-bilobed,bukan_neutrofil,0,0,0,0,0,6011
EO_613295_ccrop.jpg,Eosinophil,unsegmented-band,bukan_neutrofil,0,0,0,0,0,5252
EO_614405_ccrop.jpg,Eosinophil,unsegmented-band,bukan_neutrofil,0,0,0,0,0,4967
EO_614883_ccrop.jpg,Eosinophil,unsegmented-band,bukan_neutrofil,0,0,0,0,0,5703
EO_615294_ccrop.jpg,Eosinophil,segmented-bilobed,bukan_neutrofil,0,0,0,0,0,5586
EO_615464_ccrop.jpg,Eosinophil,segmented-bilobed,bukan_neutrofil,0,0,0,0,0,4945
EO_615642_ccrop.jpg,Eosinophil,segmented-bilobed,bukan_neutrofil,1,3,3,0,1,5901
EO_615750_ccrop.jpg,Eosinophil,segmented-bilobed,bukan_neutrofil,0,0,0,0,0,5818
EO_61615_ccrop.jpg,Eosinophil,segmented-bilobed,bukan_neutrofil,5,294,202,0,5,6858
EO_616202_ccrop.jpg,Eosinophil,segmented-bilobed,bukan_neutrofil,0,0,0,0,0,11873
EO_616795_ccrop.jpg,Eosinophil,segmented-bilobed,bukan_neutrofil,1,8,8,0,1,5141
EO_618577_ccrop.jpg,Eosinophil,unsegmented-band,bukan_neutrofil,0,0,0,0,0,4372
EO_61876_ccrop.jpg,Eosinophil,segmented-bilobed,bukan_neutrofil,0,0,0,0,0,5364
EO_618763_ccrop.jpg,Eosinophil,segmented-bilobed,bukan_neutrofil,0,0,0,0,0,7826
EO_618837_ccrop.jpg,Eosinophil,segmented-multilobed,bukan_neutrofil,0,0,0,0,0,5778
EO_619367_ccrop.jpg,Eosinophil,irregular,bukan_neutrofil,1,15,15,0,1,6766
EO_619509_ccrop.jpg,Eosinophil,unsegmented-band,bukan_neutrofil,0,0,0,0,0,5289
EO_620469_ccrop.jpg,Eosinophil,segmented-bilobed,bukan_neutrofil,1,1280,1280,0,1,6496
EO_62120_ccrop.jpg,Eosinophil,segmented-bilobed,bukan_neutrofil,0,0,0,0,0,5755
EO_621337_ccrop.jpg,Eosinophil,unsegmented-band,bukan_neutrofil,0,0,0,0,0,5946
EO_621367_ccrop.jpg,Eosinophil,segmented-multilobed,bukan_neutrofil,0,0,0,0,0,5978
EO_621495_ccrop.jpg,Eosinophil,segmented-bilobed,bukan_neutrofil,1,12,12,0,1,6347
EO_621854_ccrop.jpg,Eosinophil,unsegmented-band,bukan_neutrofil,1,2,2,0,1,5707
EO_624675_ccrop.jpg,Eosinophil,segmented-bilobed,bukan_neutrofil,0,0,0,0,0,5053
EO_624887_ccrop.jpg,Eosinophil,segmented-bilobed,bukan_neutrofil,0,0,0,0,0,7785
EO_625665_ccrop.jpg,Eosinophil,segmented-bilobed,bukan_neutrofil,0,0,0,0,0,6419
EO_625983_ccrop.jpg,Eosinophil,segmented-bilobed,bukan_neutrofil,0,0,0,0,0,6443
EO_626307_ccrop.jpg,Eosinophil,segmented-bilobed,bukan_neutrofil,0,0,0,0,0,5608
EO_626322_ccrop.jpg,Eosinophil,segmented-bilobed,bukan_neutrofil,0,0,0,0,0,5830
EO_626837_ccrop.jpg,Eosinophil,segmented-bilobed,bukan_neutrofil,0,0,0,0,0,6114
EO_626851_ccrop.jpg,Eosinophil,segmented-bilobed,bukan_neutrofil,0,0,0,0,0,6311
EO_627671_ccrop.jpg,Eosinophil,segmented-bilobed,bukan_neutrofil,1,157,157,0,1,5734
EO_62793_ccrop.jpg,Eosinophil,segmented-multilobed,bukan_neutrofil,0,0,0,0,0,4681
EO_628783_ccrop.jpg,Eosinophil,segmented-bilobed,bukan_neutrofil,0,0,0,0,0,5275
EO_629662_ccrop.jpg,Eosinophil,segmented-bilobed,bukan_neutrofil,0,0,0,0,0,5643
EO_630492_ccrop.jpg,Eosinophil,segmented-multilobed,bukan_neutrofil,2,45,26,0,2,5619
EO_630713_ccrop.jpg,Eosinophil,segmented-bilobed,bukan_neutrofil,0,0,0,0,0,5575
EO_631496_ccrop.jpg,Eosinophil,segmented-bilobed,bukan_neutrofil,0,0,0,0,0,7867
EO_631783_ccrop.jpg,Eosinophil,segmented-bilobed,bukan_neutrofil,0,0,0,0,0,5649
EO_631978_ccrop.jpg,Eosinophil,unsegmented-band,bukan_neutrofil,0,0,0,0,0,6042
EO_633307_ccrop.jpg,Eosinophil,segmented-bilobed,bukan_neutrofil,4,314,307,0,4,6887
EO_633427_ccrop.jpg,Eosinophil,segmented-multilobed,bukan_neutrofil,0,0,0,0,0,5903
EO_633545_ccrop.jpg,Eosinophil,segmented-bilobed,bukan_neutrofil,0,0,0,0,0,7028
EO_634772_ccrop.jpg,Eosinophil,segmented-bilobed,bukan_neutrofil,0,0,0,0,0,6163
EO_635751_ccrop.jpg,Eosinophil,unsegmented-band,bukan_neutrofil,1,75,75,0,1,7723
EO_63600_ccrop.jpg,Eosinophil,segmented-bilobed,bukan_neutrofil,0,0,0,0,0,5331
EO_636396_ccrop.jpg,Eosinophil,segmented-bilobed,bukan_neutrofil,0,0,0,0,0,6137
EO_637854_ccrop.jpg,Eosinophil,unsegmented-band,bukan_neutrofil,0,0,0,0,0,6371
EO_638125_ccrop.jpg,Eosinophil,segmented-bilobed,bukan_neutrofil,1,143,143,0,1,5112
EO_638828_ccrop.jpg,Eosinophil,segmented-bilobed,bukan_neutrofil,2,238,237,0,2,5885
EO_639559_ccrop.jpg,Eosinophil,segmented-multilobed,bukan_neutrofil,0,0,0,0,0,7942
EO_640834_ccrop.jpg,Eosinophil,segmented-bilobed,bukan_neutrofil,0,0,0,0,0,6738
EO_641431_ccrop.jpg,Eosinophil,segmented-bilobed,bukan_neutrofil,0,0,0,0,0,6474
EO_641461_ccrop.jpg,Eosinophil,segmented-bilobed,bukan_neutrofil,0,0,0,0,0,4917
EO_641852_ccrop.jpg,Eosinophil,segmented-bilobed,bukan_neutrofil,4,76,70,0,4,6360
EO_641939_ccrop.jpg,Eosinophil,segmented-bilobed,bukan_neutrofil,0,0,0,0,0,5399
EO_641941_ccrop.jpg,Eosinophil,segmented-bilobed,bukan_neutrofil,0,0,0,0,0,5917
EO_642065_ccrop.jpg,Eosinophil,segmented-bilobed,bukan_neutrofil,0,0,0,0,0,5852
EO_642349_ccrop.jpg,Eosinophil,segmented-multilobed,bukan_neutrofil,0,0,0,0,0,5834
EO_642604_ccrop.jpg,Eosinophil,segmented-bilobed,bukan_neutrofil,0,0,0,0,0,7119
EO_642785_ccrop.jpg,Eosinophil,segmented-multilobed,bukan_neutrofil,0,0,0,0,0,6827
EO_642798_ccrop.jpg,Eosinophil,segmented-multilobed,bukan_neutrofil,2,86,59,0,2,5448
EO_643199_ccrop.jpg,Eosinophil,segmented-bilobed,bukan_neutrofil,0,0,0,0,0,5113
EO_644374_ccrop.jpg,Eosinophil,segmented-bilobed,bukan_neutrofil,2,54,44,0,2,6010
EO_64440_ccrop.jpg,Eosinophil,segmented-bilobed,bukan_neutrofil,1,91,91,0,1,6315
EO_645334_ccrop.jpg,Eosinophil,unsegmented-indented,bukan_neutrofil,0,0,0,0,0,7504
EO_645824_ccrop.jpg,Eosinophil,segmented-bilobed,bukan_neutrofil,0,0,0,0,0,5614
EO_646720_ccrop.jpg,Eosinophil,unsegmented-band,bukan_neutrofil,0,0,0,0,0,4351
EO_647876_ccrop.jpg,Eosinophil,segmented-bilobed,bukan_neutrofil,1,41,41,0,1,5077
EO_648206_ccrop.jpg,Eosinophil,irregular,bukan_neutrofil,1,288,288,0,1,6447
EO_648225_ccrop.jpg,Eosinophil,segmented-bilobed,bukan_neutrofil,0,0,0,0,0,6310
EO_648641_ccrop.jpg,Eosinophil,unsegmented-indented,bukan_neutrofil,0,0,0,0,0,5887
EO_6489_ccrop.jpg,Eosinophil,segmented-bilobed,bukan_neutrofil,0,0,0,0,0,5355
EO_648962_ccrop.jpg,Eosinophil,segmented-bilobed,bukan_neutrofil,0,0,0,0,0,7075
EO_649430_ccrop.jpg,Eosinophil,segmented-bilobed,bukan_neutrofil,0,0,0,0,0,8248
EO_649723_ccrop.jpg,Eosinophil,segmented-bilobed,bukan_neutrofil,0,0,0,0,0,6345
EO_649946_ccrop.jpg,Eosinophil,segmented-multilobed,bukan_neutrofil,0,0,0,0,0,4985
EO_649958_ccrop.jpg,Eosinophil,segmented-bilobed,bukan_neutrofil,0,0,0,0,0,5689
EO_650034_ccrop.jpg,Eosinophil,unsegmented-band,bukan_neutrofil,0,0,0,0,0,5858
EO_650226_ccrop.jpg,Eosinophil,segmented-bilobed,bukan_neutrofil,0,0,0,0,0,5548
EO_651241_ccrop.jpg,Eosinophil,irregular,bukan_neutrofil,0,0,0,0,0,7082
EO_652099_ccrop.jpg,Eosinophil,segmented-bilobed,bukan_neutrofil,0,0,0,0,0,6919
EO_652278_ccrop.jpg,Eosinophil,segmented-bilobed,bukan_neutrofil,0,0,0,0,0,6441
EO_652285_ccrop.jpg,Eosinophil,segmented-bilobed,bukan_neutrofil,0,0,0,0,0,7162
EO_655132_ccrop.jpg,Eosinophil,segmented-multilobed,bukan_neutrofil,0,0,0,0,0,6299
EO_655234_ccrop.jpg,Eosinophil,segmented-bilobed,bukan_neutrofil,0,0,0,0,0,6728
EO_655398_ccrop.jpg,Eosinophil,unsegmented-band,bukan_neutrofil,0,0,0,0,0,6105
EO_65638_ccrop.jpg,Eosinophil,segmented-bilobed,bukan_neutrofil,0,0,0,0,0,6660
EO_656959_ccrop.jpg,Eosinophil,segmented-bilobed,bukan_neutrofil,1,65,65,0,1,5700
EO_657993_ccrop.jpg,Eosinophil,segmented-bilobed,bukan_neutrofil,1,51,51,0,1,7630
EO_658500_ccrop.jpg,Eosinophil,segmented-bilobed,bukan_neutrofil,0,0,0,0,0,6639
EO_658954_ccrop.jpg,Eosinophil,segmented-multilobed,bukan_neutrofil,0,0,0,0,0,5422
EO_660629_ccrop.jpg,Eosinophil,unsegmented-band,bukan_neutrofil,1,1,1,0,1,6824
EO_660837_ccrop.jpg,Eosinophil,segmented-bilobed,bukan_neutrofil,0,0,0,0,0,6302
EO_661159_ccrop.jpg,Eosinophil,segmented-multilobed,bukan_neutrofil,1,121,121,0,1,6198
EO_661288_ccrop.jpg,Eosinophil,segmented-bilobed,bukan_neutrofil,0,0,0,0,0,6053
EO_661771_ccrop.jpg,Eosinophil,segmented-multilobed,bukan_neutrofil,1,1,1,0,1,5407
EO_663258_ccrop.jpg,Eosinophil,segmented-bilobed,bukan_neutrofil,0,0,0,0,0,5774
EO_663635_ccrop.jpg,Eosinophil,segmented-multilobed,bukan_neutrofil,0,0,0,0,0,7054
EO_663939_ccrop.jpg,Eosinophil,segmented-bilobed,bukan_neutrofil,0,0,0,0,0,6474
EO_66408_ccrop.jpg,Eosinophil,segmented-bilobed,bukan_neutrofil,0,0,0,0,0,5697
EO_664204_ccrop.jpg,Eosinophil,segmented-bilobed,bukan_neutrofil,0,0,0,0,0,8670
EO_665644_ccrop.jpg,Eosinophil,segmented-bilobed,bukan_neutrofil,0,0,0,0,0,5592
EO_665649_ccrop.jpg,Eosinophil,segmented-bilobed,bukan_neutrofil,0,0,0,0,0,3964
EO_665862_ccrop.jpg,Eosinophil,segmented-bilobed,bukan_neutrofil,0,0,0,0,0,6488
EO_666951_ccrop.jpg,Eosinophil,segmented-bilobed,bukan_neutrofil,0,0,0,0,0,6448
EO_667158_ccrop.jpg,Eosinophil,unsegmented-band,bukan_neutrofil,0,0,0,0,0,5906
EO_667264_ccrop.jpg,Eosinophil,segmented-bilobed,bukan_neutrofil,1,1,1,0,1,6434
EO_667326_ccrop.jpg,Eosinophil,segmented-bilobed,bukan_neutrofil,0,0,0,0,0,7053
EO_668438_ccrop.jpg,Eosinophil,segmented-bilobed,bukan_neutrofil,0,0,0,0,0,5133
EO_66860_ccrop.jpg,Eosinophil,segmented-bilobed,bukan_neutrofil,0,0,0,0,0,6225
EO_668693_ccrop.jpg,Eosinophil,segmented-bilobed,bukan_neutrofil,0,0,0,0,0,6496
EO_668711_ccrop.jpg,Eosinophil,segmented-bilobed,bukan_neutrofil,0,0,0,0,0,6572
EO_669175_ccrop.jpg,Eosinophil,unsegmented-band,bukan_neutrofil,0,0,0,0,0,5141
EO_669194_ccrop.jpg,Eosinophil,segmented-bilobed,bukan_neutrofil,0,0,0,0,0,6228
EO_669373_ccrop.jpg,Eosinophil,segmented-bilobed,bukan_neutrofil,0,0,0,0,0,5962
EO_669459_ccrop.jpg,Eosinophil,segmented-bilobed,bukan_neutrofil,1,2470,2470,0,1,6053
EO_669531_ccrop.jpg,Eosinophil,segmented-multilobed,bukan_neutrofil,1,2,2,0,1,5411
EO_669624_ccrop.jpg,Eosinophil,segmented-bilobed,bukan_neutrofil,0,0,0,0,0,6364
EO_66965_ccrop.jpg,Eosinophil,unsegmented-band,bukan_neutrofil,0,0,0,0,0,6118
EO_67081_ccrop.jpg,Eosinophil,segmented-bilobed,bukan_neutrofil,0,0,0,0,0,4732
EO_671075_ccrop.jpg,Eosinophil,segmented-multilobed,bukan_neutrofil,1,54,54,0,1,5867
EO_671354_ccrop.jpg,Eosinophil,segmented-bilobed,bukan_neutrofil,0,0,0,0,0,7468
EO_671419_ccrop.jpg,Eosinophil,segmented-bilobed,bukan_neutrofil,2,358,284,0,2,6087
EO_673106_ccrop.jpg,Eosinophil,segmented-bilobed,bukan_neutrofil,0,0,0,0,0,5994
EO_673984_ccrop.jpg,Eosinophil,segmented-bilobed,bukan_neutrofil,0,0,0,0,0,7408
EO_674236_ccrop.jpg,Eosinophil,segmented-bilobed,bukan_neutrofil,1,27,27,0,1,5917
EO_674352_ccrop.jpg,Eosinophil,irregular,bukan_neutrofil,0,0,0,0,0,23768
EO_674701_ccrop.jpg,Eosinophil,segmented-bilobed,bukan_neutrofil,0,0,0,0,0,5672
EO_675600_ccrop.jpg,Eosinophil,segmented-bilobed,bukan_neutrofil,0,0,0,0,0,7022
EO_675962_ccrop.jpg,Eosinophil,segmented-bilobed,bukan_neutrofil,1,38,38,0,1,5530
EO_676281_ccrop.jpg,Eosinophil,segmented-bilobed,bukan_neutrofil,0,0,0,0,0,6777
EO_677075_ccrop.jpg,Eosinophil,unsegmented-band,bukan_neutrofil,0,0,0,0,0,6276
EO_678653_ccrop.jpg,Eosinophil,segmented-bilobed,bukan_neutrofil,0,0,0,0,0,5487
EO_678945_ccrop.jpg,Eosinophil,unsegmented-band,bukan_neutrofil,0,0,0,0,0,7310
EO_680272_ccrop.jpg,Eosinophil,segmented-bilobed,bukan_neutrofil,0,0,0,0,0,6816
EO_680317_ccrop.jpg,Eosinophil,unsegmented-band,bukan_neutrofil,0,0,0,0,0,6034
EO_680435_ccrop.jpg,Eosinophil,segmented-multilobed,bukan_neutrofil,0,0,0,0,0,7206
EO_681039_ccrop.jpg,Eosinophil,segmented-bilobed,bukan_neutrofil,0,0,0,0,0,5956
EO_68109_ccrop.jpg,Eosinophil,segmented-bilobed,bukan_neutrofil,0,0,0,0,0,6984
EO_681139_ccrop.jpg,Eosinophil,segmented-bilobed,bukan_neutrofil,0,0,0,0,0,6678
EO_681797_ccrop.jpg,Eosinophil,segmented-bilobed,bukan_neutrofil,0,0,0,0,0,5229
EO_682455_ccrop.jpg,Eosinophil,segmented-bilobed,bukan_neutrofil,0,0,0,0,0,6950
EO_683491_ccrop.jpg,Eosinophil,segmented-bilobed,bukan_neutrofil,0,0,0,0,0,6642
EO_684536_ccrop.jpg,Eosinophil,segmented-bilobed,bukan_neutrofil,0,0,0,0,0,5925
EO_684768_ccrop.jpg,Eosinophil,unsegmented-band,bukan_neutrofil,0,0,0,0,0,6200
EO_684866_ccrop.jpg,Eosinophil,segmented-bilobed,bukan_neutrofil,0,0,0,0,0,7131
EO_685543_ccrop.jpg,Eosinophil,unsegmented-band,bukan_neutrofil,0,0,0,0,0,7026
EO_685815_ccrop.jpg,Eosinophil,segmented-bilobed,bukan_neutrofil,0,0,0,0,0,5350
EO_685822_ccrop.jpg,Eosinophil,segmented-multilobed,bukan_neutrofil,0,0,0,0,0,6300
EO_686204_ccrop.jpg,Eosinophil,segmented-multilobed,bukan_neutrofil,0,0,0,0,0,5142
EO_687306_ccrop.jpg,Eosinophil,unsegmented-band,bukan_neutrofil,0,0,0,0,0,6326
EO_687569_ccrop.jpg,Eosinophil,segmented-bilobed,bukan_neutrofil,0,0,0,0,0,5139
EO_687765_ccrop.jpg,Eosinophil,unsegmented-band,bukan_neutrofil,0,0,0,0,0,4960
EO_688063_ccrop.jpg,Eosinophil,irregular,bukan_neutrofil,1,847,847,0,1,7161
EO_688154_ccrop.jpg,Eosinophil,segmented-bilobed,bukan_neutrofil,0,0,0,0,0,5822
EO_688444_ccrop.jpg,Eosinophil,unsegmented-band,bukan_neutrofil,0,0,0,0,0,5575
EO_689044_ccrop.jpg,Eosinophil,segmented-bilobed,bukan_neutrofil,0,0,0,0,0,5041
EO_689368_ccrop.jpg,Eosinophil,segmented-bilobed,bukan_neutrofil,0,0,0,0,0,5465
EO_689651_ccrop.jpg,Eosinophil,segmented-bilobed,bukan_neutrofil,0,0,0,0,0,5204
EO_689705_ccrop.jpg,Eosinophil,segmented-bilobed,bukan_neutrofil,0,0,0,0,0,6751
EO_690193_ccrop.jpg,Eosinophil,segmented-bilobed,bukan_neutrofil,0,0,0,0,0,6408
EO_690811_ccrop.jpg,Eosinophil,segmented-bilobed,bukan_neutrofil,0,0,0,0,0,6053
EO_691055_ccrop.jpg,Eosinophil,unsegmented-band,bukan_neutrofil,1,47,47,0,1,7376
EO_693130_ccrop.jpg,Eosinophil,segmented-bilobed,bukan_neutrofil,0,0,0,0,0,6228
EO_694062_ccrop.jpg,Eosinophil,segmented-multilobed,bukan_neutrofil,0,0,0,0,0,4253
EO_694065_ccrop.jpg,Eosinophil,segmented-bilobed,bukan_neutrofil,3,181,137,0,3,6816
EO_694442_ccrop.jpg,Eosinophil,segmented-bilobed,bukan_neutrofil,0,0,0,0,0,5904
EO_694543_ccrop.jpg,Eosinophil,segmented-bilobed,bukan_neutrofil,0,0,0,0,0,5689
EO_694627_ccrop.jpg,Eosinophil,segmented-multilobed,bukan_neutrofil,0,0,0,0,0,6702
EO_694798_ccrop.jpg,Eosinophil,unsegmented-band,bukan_neutrofil,0,0,0,0,0,5339
EO_69548_ccrop.jpg,Eosinophil,segmented-bilobed,bukan_neutrofil,0,0,0,0,0,7207
EO_695749_ccrop.jpg,Eosinophil,segmented-bilobed,bukan_neutrofil,0,0,0,0,0,8466
EO_697135_ccrop.jpg,Eosinophil,segmented-bilobed,bukan_neutrofil,0,0,0,0,0,5906
EO_697314_ccrop.jpg,Eosinophil,segmented-bilobed,bukan_neutrofil,0,0,0,0,0,9380
EO_697560_ccrop.jpg,Eosinophil,segmented-bilobed,bukan_neutrofil,0,0,0,0,0,6150
EO_698055_ccrop.jpg,Eosinophil,segmented-bilobed,bukan_neutrofil,0,0,0,0,0,6980
EO_699069_ccrop.jpg,Eosinophil,segmented-bilobed,bukan_neutrofil,0,0,0,0,0,6133
EO_699503_ccrop.jpg,Eosinophil,segmented-bilobed,bukan_neutrofil,0,0,0,0,0,4970
EO_699642_ccrop.jpg,Eosinophil,segmented-bilobed,bukan_neutrofil,0,0,0,0,0,6507
EO_699766_ccrop.jpg,Eosinophil,unsegmented-band,bukan_neutrofil,0,0,0,0,0,4421
EO_699863_ccrop.jpg,Eosinophil,segmented-bilobed,bukan_neutrofil,0,0,0,0,0,6083
EO_700660_ccrop.jpg,Eosinophil,segmented-bilobed,bukan_neutrofil,0,0,0,0,0,4787
EO_700721_ccrop.jpg,Eosinophil,segmented-bilobed,bukan_neutrofil,1,226,226,0,1,6269
EO_701643_ccrop.jpg,Eosinophil,segmented-bilobed,bukan_neutrofil,0,0,0,0,0,6958
EO_701790_ccrop.jpg,Eosinophil,segmented-bilobed,bukan_neutrofil,0,0,0,0,0,5293
EO_701883_ccrop.jpg,Eosinophil,segmented-multilobed,bukan_neutrofil,0,0,0,0,0,4587
EO_70191_ccrop.jpg,Eosinophil,segmented-bilobed,bukan_neutrofil,1,77,77,0,1,5692
EO_702662_ccrop.jpg,Eosinophil,segmented-bilobed,bukan_neutrofil,0,0,0,0,0,6767
EO_70281_ccrop.jpg,Eosinophil,segmented-multilobed,bukan_neutrofil,0,0,0,0,0,6062
EO_703453_ccrop.jpg,Eosinophil,segmented-bilobed,bukan_neutrofil,0,0,0,0,0,5742
EO_703955_ccrop.jpg,Eosinophil,segmented-bilobed,bukan_neutrofil,0,0,0,0,0,5567
EO_704164_ccrop.jpg,Eosinophil,segmented-bilobed,bukan_neutrofil,0,0,0,0,0,6199
EO_704475_ccrop.jpg,Eosinophil,segmented-bilobed,bukan_neutrofil,0,0,0,0,0,6348
EO_704557_ccrop.jpg,Eosinophil,segmented-bilobed,bukan_neutrofil,0,0,0,0,0,7350
EO_705872_ccrop.jpg,Eosinophil,segmented-bilobed,bukan_neutrofil,0,0,0,0,0,5867
EO_706197_ccrop.jpg,Eosinophil,segmented-bilobed,bukan_neutrofil,0,0,0,0,0,4682
EO_706391_ccrop.jpg,Eosinophil,unsegmented-band,bukan_neutrofil,0,0,0,0,0,4618
EO_707053_ccrop.jpg,Eosinophil,segmented-bilobed,bukan_neutrofil,0,0,0,0,0,5483
EO_707092_ccrop.jpg,Eosinophil,segmented-bilobed,bukan_neutrofil,0,0,0,0,0,6259
EO_707166_ccrop.jpg,Eosinophil,segmented-bilobed,bukan_neutrofil,0,0,0,0,0,5634
EO_708_ccrop.jpg,Eosinophil,segmented-bilobed,bukan_neutrofil,0,0,0,0,0,6371
EO_708332_ccrop.jpg,Eosinophil,segmented-bilobed,bukan_neutrofil,0,0,0,0,0,4469
EO_708456_ccrop.jpg,Eosinophil,segmented-multilobed,bukan_neutrofil,0,0,0,0,0,8294
EO_709895_ccrop.jpg,Eosinophil,segmented-bilobed,bukan_neutrofil,0,0,0,0,0,5436
EO_710145_ccrop.jpg,Eosinophil,unsegmented-band,bukan_neutrofil,0,0,0,0,0,5988
EO_710294_ccrop.jpg,Eosinophil,segmented-bilobed,bukan_neutrofil,0,0,0,0,0,5234
EO_710683_ccrop.jpg,Eosinophil,unsegmented-band,bukan_neutrofil,0,0,0,0,0,5175
EO_711529_ccrop.jpg,Eosinophil,segmented-multilobed,bukan_neutrofil,1,1,1,0,1,6387
EO_71201_ccrop.jpg,Eosinophil,segmented-bilobed,bukan_neutrofil,0,0,0,0,0,6216
EO_713227_ccrop.jpg,Eosinophil,segmented-bilobed,bukan_neutrofil,0,0,0,0,0,6319
EO_713234_ccrop.jpg,Eosinophil,segmented-bilobed,bukan_neutrofil,0,0,0,0,0,6546
EO_713402_ccrop.jpg,Eosinophil,segmented-bilobed,bukan_neutrofil,0,0,0,0,0,4841
EO_713403_ccrop.jpg,Eosinophil,segmented-multilobed,bukan_neutrofil,0,0,0,0,0,5995
EO_713515_ccrop.jpg,Eosinophil,segmented-bilobed,bukan_neutrofil,0,0,0,0,0,6518
EO_713984_ccrop.jpg,Eosinophil,segmented-multilobed,bukan_neutrofil,0,0,0,0,0,7715
EO_714821_ccrop.jpg,Eosinophil,segmented-multilobed,bukan_neutrofil,0,0,0,0,0,4998
EO_714870_ccrop.jpg,Eosinophil,segmented-bilobed,bukan_neutrofil,0,0,0,0,0,5748
EO_715664_ccrop.jpg,Eosinophil,segmented-bilobed,bukan_neutrofil,0,0,0,0,0,5984
EO_716024_ccrop.jpg,Eosinophil,unsegmented-band,bukan_neutrofil,0,0,0,0,0,5372
EO_716717_ccrop.jpg,Eosinophil,segmented-bilobed,bukan_neutrofil,1,95,95,0,1,5141
EO_716722_ccrop.jpg,Eosinophil,segmented-bilobed,bukan_neutrofil,0,0,0,0,0,5532
EO_717329_ccrop.jpg,Eosinophil,segmented-bilobed,bukan_neutrofil,0,0,0,0,0,5627
EO_719506_ccrop.jpg,Eosinophil,segmented-multilobed,bukan_neutrofil,0,0,0,0,0,5808
EO_720406_ccrop.jpg,Eosinophil,unsegmented-band,bukan_neutrofil,0,0,0,0,0,5530
EO_721822_ccrop.jpg,Eosinophil,segmented-bilobed,bukan_neutrofil,0,0,0,0,0,6124
EO_722563_ccrop.jpg,Eosinophil,segmented-bilobed,bukan_neutrofil,0,0,0,0,0,5248
EO_722793_ccrop.jpg,Eosinophil,segmented-bilobed,bukan_neutrofil,0,0,0,0,0,7451
EO_723337_ccrop.jpg,Eosinophil,segmented-bilobed,bukan_neutrofil,0,0,0,0,0,6855
EO_723342_ccrop.jpg,Eosinophil,segmented-bilobed,bukan_neutrofil,0,0,0,0,0,5362
EO_724059_ccrop.jpg,Eosinophil,segmented-bilobed,bukan_neutrofil,1,179,179,0,1,5848
EO_724151_ccrop.jpg,Eosinophil,segmented-bilobed,bukan_neutrofil,0,0,0,0,0,4628
EO_724679_ccrop.jpg,Eosinophil,segmented-bilobed,bukan_neutrofil,0,0,0,0,0,6002
EO_724789_ccrop.jpg,Eosinophil,segmented-bilobed,bukan_neutrofil,0,0,0,0,0,8118
EO_724995_ccrop.jpg,Eosinophil,segmented-bilobed,bukan_neutrofil,0,0,0,0,0,6187
EO_725029_ccrop.jpg,Eosinophil,segmented-bilobed,bukan_neutrofil,1,293,293,0,1,6781
EO_725577_ccrop.jpg,Eosinophil,segmented-bilobed,bukan_neutrofil,0,0,0,0,0,7603
EO_725596_ccrop.jpg,Eosinophil,segmented-bilobed,bukan_neutrofil,0,0,0,0,0,5220
EO_725975_ccrop.jpg,Eosinophil,segmented-bilobed,bukan_neutrofil,0,0,0,0,0,4425
EO_726116_ccrop.jpg,Eosinophil,segmented-bilobed,bukan_neutrofil,0,0,0,0,0,5259
EO_726217_ccrop.jpg,Eosinophil,segmented-bilobed,bukan_neutrofil,0,0,0,0,0,5138
EO_726503_ccrop.jpg,Eosinophil,segmented-multilobed,bukan_neutrofil,0,0,0,0,0,4957
EO_726899_ccrop.jpg,Eosinophil,segmented-bilobed,bukan_neutrofil,0,0,0,0,0,5875
EO_727326_ccrop.jpg,Eosinophil,segmented-bilobed,bukan_neutrofil,0,0,0,0,0,5526
EO_727381_ccrop.jpg,Eosinophil,segmented-bilobed,bukan_neutrofil,0,0,0,0,0,5823
EO_727395_ccrop.jpg,Eosinophil,segmented-bilobed,bukan_neutrofil,0,0,0,0,0,6246
EO_72758_ccrop.jpg,Eosinophil,unsegmented-round,bukan_neutrofil,0,0,0,0,0,4692
EO_727803_ccrop.jpg,Eosinophil,segmented-multilobed,bukan_neutrofil,1,1,1,0,1,6531
EO_728356_ccrop.jpg,Eosinophil,unsegmented-band,bukan_neutrofil,0,0,0,0,0,5838
EO_728605_ccrop.jpg,Eosinophil,segmented-multilobed,bukan_neutrofil,0,0,0,0,0,6316
EO_729465_ccrop.jpg,Eosinophil,segmented-bilobed,bukan_neutrofil,0,0,0,0,0,5828
EO_729819_ccrop.jpg,Eosinophil,segmented-bilobed,bukan_neutrofil,0,0,0,0,0,5946
EO_730263_ccrop.jpg,Eosinophil,segmented-bilobed,bukan_neutrofil,0,0,0,0,0,7496
EO_731182_ccrop.jpg,Eosinophil,segmented-bilobed,bukan_neutrofil,0,0,0,0,0,8120
EO_731325_ccrop.jpg,Eosinophil,segmented-bilobed,bukan_neutrofil,1,76,76,0,1,6435
EO_731460_ccrop.jpg,Eosinophil,segmented-bilobed,bukan_neutrofil,0,0,0,0,0,6135
EO_731641_ccrop.jpg,Eosinophil,segmented-bilobed,bukan_neutrofil,0,0,0,0,0,5688
EO_733547_ccrop.jpg,Eosinophil,segmented-bilobed,bukan_neutrofil,0,0,0,0,0,4446
EO_733636_ccrop.jpg,Eosinophil,segmented-multilobed,bukan_neutrofil,0,0,0,0,0,6785
EO_734264_ccrop.jpg,Eosinophil,segmented-bilobed,bukan_neutrofil,0,0,0,0,0,6817
EO_734836_ccrop.jpg,Eosinophil,segmented-bilobed,bukan_neutrofil,0,0,0,0,0,6313
EO_734856_ccrop.jpg,Eosinophil,segmented-multilobed,bukan_neutrofil,0,0,0,0,0,6138
EO_734958_ccrop.jpg,Eosinophil,segmented-bilobed,bukan_neutrofil,0,0,0,0,0,7794
EO_735003_ccrop.jpg,Eosinophil,segmented-bilobed,bukan_neutrofil,0,0,0,0,0,7754
EO_735067_ccrop.jpg,Eosinophil,segmented-bilobed,bukan_neutrofil,2,65,62,0,2,6166
EO_735842_ccrop.jpg,Eosinophil,segmented-bilobed,bukan_neutrofil,0,0,0,0,0,5043
EO_736655_ccrop.jpg,Eosinophil,segmented-bilobed,bukan_neutrofil,0,0,0,0,0,5547
EO_736960_ccrop.jpg,Eosinophil,segmented-bilobed,bukan_neutrofil,0,0,0,0,0,6025
EO_737494_ccrop.jpg,Eosinophil,segmented-bilobed,bukan_neutrofil,0,0,0,0,0,5184
EO_737824_ccrop.jpg,Eosinophil,segmented-bilobed,bukan_neutrofil,0,0,0,0,0,6641
EO_738385_ccrop.jpg,Eosinophil,segmented-multilobed,bukan_neutrofil,3,60,34,0,3,6639
EO_738445_ccrop.jpg,Eosinophil,segmented-multilobed,bukan_neutrofil,0,0,0,0,0,7930
EO_73849_ccrop.jpg,Eosinophil,unsegmented-band,bukan_neutrofil,0,0,0,0,0,6324
EO_738632_ccrop.jpg,Eosinophil,segmented-bilobed,bukan_neutrofil,0,0,0,0,0,6790
EO_739061_ccrop.jpg,Eosinophil,unsegmented-indented,bukan_neutrofil,0,0,0,0,0,5497
EO_740123_ccrop.jpg,Eosinophil,segmented-bilobed,bukan_neutrofil,0,0,0,0,0,5453
EO_741008_ccrop.jpg,Eosinophil,segmented-multilobed,bukan_neutrofil,2,146,97,0,2,6606
EO_741832_ccrop.jpg,Eosinophil,segmented-multilobed,bukan_neutrofil,0,0,0,0,0,5661
EO_742100_ccrop.jpg,Eosinophil,segmented-bilobed,bukan_neutrofil,0,0,0,0,0,5696
EO_742488_ccrop.jpg,Eosinophil,segmented-multilobed,bukan_neutrofil,0,0,0,0,0,6211
EO_742500_ccrop.jpg,Eosinophil,segmented-bilobed,bukan_neutrofil,0,0,0,0,0,6005
EO_743347_ccrop.jpg,Eosinophil,segmented-bilobed,bukan_neutrofil,0,0,0,0,0,5061
EO_743496_ccrop.jpg,Eosinophil,segmented-multilobed,bukan_neutrofil,0,0,0,0,0,10506
EO_743865_ccrop.jpg,Eosinophil,segmented-bilobed,bukan_neutrofil,0,0,0,0,0,6976
EO_74387_ccrop.jpg,Eosinophil,segmented-bilobed,bukan_neutrofil,0,0,0,0,0,7263
EO_74399_ccrop.jpg,Eosinophil,segmented-multilobed,bukan_neutrofil,0,0,0,0,0,7681
EO_744173_ccrop.jpg,Eosinophil,segmented-bilobed,bukan_neutrofil,2,135,118,0,2,6157
EO_745272_ccrop.jpg,Eosinophil,segmented-multilobed,bukan_neutrofil,0,0,0,0,0,7485
EO_745911_ccrop.jpg,Eosinophil,segmented-bilobed,bukan_neutrofil,0,0,0,0,0,6025
EO_746433_ccrop.jpg,Eosinophil,segmented-bilobed,bukan_neutrofil,0,0,0,0,0,6013
EO_74742_ccrop.jpg,Eosinophil,segmented-bilobed,bukan_neutrofil,0,0,0,0,0,5350
EO_747479_ccrop.jpg,Eosinophil,segmented-bilobed,bukan_neutrofil,0,0,0,0,0,5772
EO_74751_ccrop.jpg,Eosinophil,unsegmented-band,bukan_neutrofil,0,0,0,0,0,6827
EO_747892_ccrop.jpg,Eosinophil,segmented-bilobed,bukan_neutrofil,0,0,0,0,0,5618
EO_748175_ccrop.jpg,Eosinophil,segmented-bilobed,bukan_neutrofil,0,0,0,0,0,9504
EO_74854_ccrop.jpg,Eosinophil,unsegmented-band,bukan_neutrofil,0,0,0,0,0,6419
EO_748589_ccrop.jpg,Eosinophil,unsegmented-band,bukan_neutrofil,1,26,26,0,1,7317
EO_74921_ccrop.jpg,Eosinophil,segmented-bilobed,bukan_neutrofil,0,0,0,0,0,6821
EO_750216_ccrop.jpg,Eosinophil,segmented-bilobed,bukan_neutrofil,0,0,0,0,0,6023
EO_750240_ccrop.jpg,Eosinophil,segmented-bilobed,bukan_neutrofil,0,0,0,0,0,6319
EO_750695_ccrop.jpg,Eosinophil,segmented-bilobed,bukan_neutrofil,1,274,274,0,1,7549
EO_751437_ccrop.jpg,Eosinophil,segmented-bilobed,bukan_neutrofil,0,0,0,0,0,5499
EO_751688_ccrop.jpg,Eosinophil,segmented-multilobed,bukan_neutrofil,0,0,0,0,0,10444
EO_754156_ccrop.jpg,Eosinophil,unsegmented-band,bukan_neutrofil,0,0,0,0,0,5113
EO_75419_ccrop.jpg,Eosinophil,segmented-multilobed,bukan_neutrofil,0,0,0,0,0,6691
EO_756354_ccrop.jpg,Eosinophil,segmented-bilobed,bukan_neutrofil,0,0,0,0,0,6112
EO_756363_ccrop.jpg,Eosinophil,segmented-bilobed,bukan_neutrofil,0,0,0,0,0,4856
EO_756529_ccrop.jpg,Eosinophil,segmented-bilobed,bukan_neutrofil,0,0,0,0,0,5562
EO_757168_ccrop.jpg,Eosinophil,segmented-bilobed,bukan_neutrofil,0,0,0,0,0,6176
EO_757296_ccrop.jpg,Eosinophil,unsegmented-band,bukan_neutrofil,0,0,0,0,0,5699
EO_757859_ccrop.jpg,Eosinophil,segmented-bilobed,bukan_neutrofil,0,0,0,0,0,5742
EO_757993_ccrop.jpg,Eosinophil,segmented-bilobed,bukan_neutrofil,0,0,0,0,0,5908
EO_759458_ccrop.jpg,Eosinophil,segmented-bilobed,bukan_neutrofil,0,0,0,0,0,5367
EO_759484_ccrop.jpg,Eosinophil,unsegmented-band,bukan_neutrofil,0,0,0,0,0,5931
EO_760122_ccrop.jpg,Eosinophil,segmented-bilobed,bukan_neutrofil,0,0,0,0,0,7100
EO_760298_ccrop.jpg,Eosinophil,segmented-bilobed,bukan_neutrofil,0,0,0,0,0,4835
EO_761108_ccrop.jpg,Eosinophil,unsegmented-band,bukan_neutrofil,0,0,0,0,0,4732
EO_761250_ccrop.jpg,Eosinophil,segmented-bilobed,bukan_neutrofil,0,0,0,0,0,4733
EO_761443_ccrop.jpg,Eosinophil,segmented-bilobed,bukan_neutrofil,0,0,0,0,0,6551
EO_761728_ccrop.jpg,Eosinophil,segmented-bilobed,bukan_neutrofil,0,0,0,0,0,5818
EO_762558_ccrop.jpg,Eosinophil,segmented-multilobed,bukan_neutrofil,0,0,0,0,0,5805
EO_76269_ccrop.jpg,Eosinophil,unsegmented-band,bukan_neutrofil,0,0,0,0,0,4936
EO_762845_ccrop.jpg,Eosinophil,segmented-bilobed,bukan_neutrofil,0,0,0,0,0,6951
EO_76374_ccrop.jpg,Eosinophil,segmented-bilobed,bukan_neutrofil,0,0,0,0,0,5573
EO_76399_ccrop.jpg,Eosinophil,segmented-bilobed,bukan_neutrofil,0,0,0,0,0,5787
EO_76411_ccrop.jpg,Eosinophil,segmented-bilobed,bukan_neutrofil,0,0,0,0,0,6542
EO_765818_ccrop.jpg,Eosinophil,segmented-bilobed,bukan_neutrofil,0,0,0,0,0,6340
EO_765865_ccrop.jpg,Eosinophil,segmented-multilobed,bukan_neutrofil,0,0,0,0,0,4712
EO_766398_ccrop.jpg,Eosinophil,segmented-multilobed,bukan_neutrofil,2,17,16,0,2,5941
EO_766884_ccrop.jpg,Eosinophil,segmented-bilobed,bukan_neutrofil,0,0,0,0,0,6546
EO_76723_ccrop.jpg,Eosinophil,segmented-bilobed,bukan_neutrofil,1,3,3,0,1,5034
EO_76848_ccrop.jpg,Eosinophil,segmented-bilobed,bukan_neutrofil,1,832,832,0,1,5356
EO_769328_ccrop.jpg,Eosinophil,segmented-bilobed,bukan_neutrofil,0,0,0,0,0,6888
EO_7698_ccrop.jpg,Eosinophil,segmented-bilobed,bukan_neutrofil,0,0,0,0,0,7286
EO_771144_ccrop.jpg,Eosinophil,segmented-bilobed,bukan_neutrofil,0,0,0,0,0,4683
EO_77152_ccrop.jpg,Eosinophil,segmented-bilobed,bukan_neutrofil,0,0,0,0,0,5929
EO_77178_ccrop.jpg,Eosinophil,segmented-bilobed,bukan_neutrofil,0,0,0,0,0,5761
EO_772003_ccrop.jpg,Eosinophil,segmented-bilobed,bukan_neutrofil,0,0,0,0,0,5659
EO_77214_ccrop.jpg,Eosinophil,segmented-bilobed,bukan_neutrofil,0,0,0,0,0,5631
EO_772828_ccrop.jpg,Eosinophil,segmented-bilobed,bukan_neutrofil,0,0,0,0,0,6604
EO_773102_ccrop.jpg,Eosinophil,segmented-bilobed,bukan_neutrofil,0,0,0,0,0,4980
EO_773310_ccrop.jpg,Eosinophil,segmented-bilobed,bukan_neutrofil,0,0,0,0,0,5843
EO_77374_ccrop.jpg,Eosinophil,segmented-multilobed,bukan_neutrofil,0,0,0,0,0,6228
EO_77393_ccrop.jpg,Eosinophil,segmented-bilobed,bukan_neutrofil,0,0,0,0,0,6283
EO_774170_ccrop.jpg,Eosinophil,segmented-bilobed,bukan_neutrofil,0,0,0,0,0,5270
EO_774353_ccrop.jpg,Eosinophil,unsegmented-band,bukan_neutrofil,0,0,0,0,0,6739
EO_774408_ccrop.jpg,Eosinophil,segmented-bilobed,bukan_neutrofil,0,0,0,0,0,6467
EO_774568_ccrop.jpg,Eosinophil,segmented-bilobed,bukan_neutrofil,0,0,0,0,0,7141
EO_774624_ccrop.jpg,Eosinophil,segmented-multilobed,bukan_neutrofil,0,0,0,0,0,7660
EO_778171_ccrop.jpg,Eosinophil,segmented-bilobed,bukan_neutrofil,0,0,0,0,0,5957
EO_77820_ccrop.jpg,Eosinophil,segmented-bilobed,bukan_neutrofil,0,0,0,0,0,5879
EO_778772_ccrop.jpg,Eosinophil,segmented-bilobed,bukan_neutrofil,0,0,0,0,0,6677
EO_779185_ccrop.jpg,Eosinophil,segmented-bilobed,bukan_neutrofil,0,0,0,0,0,5560
EO_779468_ccrop.jpg,Eosinophil,segmented-bilobed,bukan_neutrofil,0,0,0,0,0,5992
EO_77950_ccrop.jpg,Eosinophil,segmented-bilobed,bukan_neutrofil,0,0,0,0,0,6342
EO_780321_ccrop.jpg,Eosinophil,segmented-bilobed,bukan_neutrofil,0,0,0,0,0,5552
EO_780462_ccrop.jpg,Eosinophil,segmented-bilobed,bukan_neutrofil,0,0,0,0,0,5735
EO_781146_ccrop.jpg,Eosinophil,segmented-bilobed,bukan_neutrofil,0,0,0,0,0,5686
EO_781562_ccrop.jpg,Eosinophil,segmented-bilobed,bukan_neutrofil,0,0,0,0,0,6972
EO_78159_ccrop.jpg,Eosinophil,segmented-bilobed,bukan_neutrofil,0,0,0,0,0,4267
EO_781608_ccrop.jpg,Eosinophil,segmented-bilobed,bukan_neutrofil,0,0,0,0,0,6813
EO_782734_ccrop.jpg,Eosinophil,unsegmented-band,bukan_neutrofil,0,0,0,0,0,6936
EO_782907_ccrop.jpg,Eosinophil,unsegmented-band,bukan_neutrofil,0,0,0,0,0,7709
EO_783064_ccrop.jpg,Eosinophil,segmented-bilobed,bukan_neutrofil,0,0,0,0,0,5485
EO_783136_ccrop.jpg,Eosinophil,segmented-bilobed,bukan_neutrofil,0,0,0,0,0,6192
EO_784435_ccrop.jpg,Eosinophil,segmented-bilobed,bukan_neutrofil,0,0,0,0,0,4266
EO_78505_ccrop.jpg,Eosinophil,segmented-bilobed,bukan_neutrofil,0,0,0,0,0,5786
EO_785135_ccrop.jpg,Eosinophil,segmented-bilobed,bukan_neutrofil,0,0,0,0,0,4532
EO_785478_ccrop.jpg,Eosinophil,segmented-bilobed,bukan_neutrofil,0,0,0,0,0,6473
EO_785575_ccrop.jpg,Eosinophil,unsegmented-band,bukan_neutrofil,1,1514,1514,0,1,5934
EO_785887_ccrop.jpg,Eosinophil,segmented-bilobed,bukan_neutrofil,0,0,0,0,0,5344
EO_786351_ccrop.jpg,Eosinophil,segmented-bilobed,bukan_neutrofil,0,0,0,0,0,6245
EO_786364_ccrop.jpg,Eosinophil,unsegmented-band,bukan_neutrofil,0,0,0,0,0,6403
EO_786462_ccrop.jpg,Eosinophil,segmented-bilobed,bukan_neutrofil,1,206,206,0,1,6073
EO_786872_ccrop.jpg,Eosinophil,segmented-bilobed,bukan_neutrofil,0,0,0,0,0,5737
EO_787085_ccrop.jpg,Eosinophil,unsegmented-band,bukan_neutrofil,0,0,0,0,0,6956
EO_787359_ccrop.jpg,Eosinophil,segmented-bilobed,bukan_neutrofil,0,0,0,0,0,5922
EO_788297_ccrop.jpg,Eosinophil,segmented-bilobed,bukan_neutrofil,3,50,48,0,3,5824
EO_789386_ccrop.jpg,Eosinophil,unsegmented-band,bukan_neutrofil,0,0,0,0,0,6211
EO_789512_ccrop.jpg,Eosinophil,segmented-bilobed,bukan_neutrofil,0,0,0,0,0,6665
EO_789667_ccrop.jpg,Eosinophil,segmented-bilobed,bukan_neutrofil,0,0,0,0,0,5886
EO_790646_ccrop.jpg,Eosinophil,segmented-bilobed,bukan_neutrofil,0,0,0,0,0,5749
EO_791371_ccrop.jpg,Eosinophil,segmented-bilobed,bukan_neutrofil,0,0,0,0,0,6843
EO_792542_ccrop.jpg,Eosinophil,segmented-bilobed,bukan_neutrofil,0,0,0,0,0,6768
EO_79281_ccrop.jpg,Eosinophil,segmented-multilobed,bukan_neutrofil,0,0,0,0,0,7227
EO_79285_ccrop.jpg,Eosinophil,segmented-bilobed,bukan_neutrofil,0,0,0,0,0,6244
EO_79296_ccrop.jpg,Eosinophil,unsegmented-band,bukan_neutrofil,0,0,0,0,0,6468
EO_79330_ccrop.jpg,Eosinophil,segmented-bilobed,bukan_neutrofil,0,0,0,0,0,6928
EO_793941_ccrop.jpg,Eosinophil,unsegmented-band,bukan_neutrofil,2,18,11,0,2,5468
EO_794866_ccrop.jpg,Eosinophil,segmented-bilobed,bukan_neutrofil,0,0,0,0,0,6890
EO_795445_ccrop.jpg,Eosinophil,segmented-bilobed,bukan_neutrofil,0,0,0,0,0,6006
EO_795552_ccrop.jpg,Eosinophil,segmented-bilobed,bukan_neutrofil,0,0,0,0,0,5475
EO_795565_ccrop.jpg,Eosinophil,segmented-multilobed,bukan_neutrofil,0,0,0,0,0,6864
EO_796153_ccrop.jpg,Eosinophil,segmented-bilobed,bukan_neutrofil,0,0,0,0,0,5474
EO_796289_ccrop.jpg,Eosinophil,segmented-bilobed,bukan_neutrofil,0,0,0,0,0,6208
EO_796510_ccrop.jpg,Eosinophil,segmented-bilobed,bukan_neutrofil,0,0,0,0,0,5202
EO_796585_ccrop.jpg,Eosinophil,segmented-bilobed,bukan_neutrofil,0,0,0,0,0,4438
EO_796777_ccrop.jpg,Eosinophil,unsegmented-band,bukan_neutrofil,0,0,0,0,0,7712
EO_797610_ccrop.jpg,Eosinophil,unsegmented-band,bukan_neutrofil,0,0,0,0,0,7244
EO_797630_ccrop.jpg,Eosinophil,segmented-bilobed,bukan_neutrofil,0,0,0,0,0,6070
EO_798593_ccrop.jpg,Eosinophil,unsegmented-band,bukan_neutrofil,0,0,0,0,0,4120
EO_799276_ccrop.jpg,Eosinophil,segmented-bilobed,bukan_neutrofil,0,0,0,0,0,6062
EO_799659_ccrop.jpg,Eosinophil,segmented-multilobed,bukan_neutrofil,0,0,0,0,0,5774
EO_800065_ccrop.jpg,Eosinophil,segmented-multilobed,bukan_neutrofil,0,0,0,0,0,5733
EO_800344_ccrop.jpg,Eosinophil,segmented-bilobed,bukan_neutrofil,0,0,0,0,0,8141
EO_800375_ccrop.jpg,Eosinophil,segmented-bilobed,bukan_neutrofil,0,0,0,0,0,6216
EO_800425_ccrop.jpg,Eosinophil,segmented-bilobed,bukan_neutrofil,0,0,0,0,0,6266
EO_800985_ccrop.jpg,Eosinophil,unsegmented-band,bukan_neutrofil,0,0,0,0,0,6945
EO_801_ccrop.jpg,Eosinophil,segmented-bilobed,bukan_neutrofil,0,0,0,0,0,6039
EO_801294_ccrop.jpg,Eosinophil,segmented-multilobed,bukan_neutrofil,0,0,0,0,0,5547
EO_801673_ccrop.jpg,Eosinophil,segmented-multilobed,bukan_neutrofil,0,0,0,0,0,7020
EO_801674_ccrop.jpg,Eosinophil,segmented-bilobed,bukan_neutrofil,0,0,0,0,0,4678
EO_802007_ccrop.jpg,Eosinophil,segmented-bilobed,bukan_neutrofil,0,0,0,0,0,6697
EO_802739_ccrop.jpg,Eosinophil,unsegmented-band,bukan_neutrofil,0,0,0,0,0,7276
EO_803345_ccrop.jpg,Eosinophil,segmented-multilobed,bukan_neutrofil,0,0,0,0,0,5430
EO_803390_ccrop.jpg,Eosinophil,segmented-bilobed,bukan_neutrofil,0,0,0,0,0,7632
EO_804799_ccrop.jpg,Eosinophil,segmented-bilobed,bukan_neutrofil,0,0,0,0,0,7785
EO_805458_ccrop.jpg,Eosinophil,segmented-bilobed,bukan_neutrofil,0,0,0,0,0,5762
EO_80804_ccrop.jpg,Eosinophil,segmented-bilobed,bukan_neutrofil,0,0,0,0,0,6585
EO_808436_ccrop.jpg,Eosinophil,segmented-bilobed,bukan_neutrofil,0,0,0,0,0,6699
EO_810194_ccrop.jpg,Eosinophil,unsegmented-band,bukan_neutrofil,1,255,255,0,1,7290
EO_81041_ccrop.jpg,Eosinophil,segmented-multilobed,bukan_neutrofil,0,0,0,0,0,4422
EO_81107_ccrop.jpg,Eosinophil,segmented-bilobed,bukan_neutrofil,0,0,0,0,0,6005
EO_811202_ccrop.jpg,Eosinophil,segmented-bilobed,bukan_neutrofil,0,0,0,0,0,6169
EO_811522_ccrop.jpg,Eosinophil,segmented-multilobed,bukan_neutrofil,0,0,0,0,0,7178
EO_811570_ccrop.jpg,Eosinophil,unsegmented-round,bukan_neutrofil,0,0,0,0,0,6805
EO_81209_ccrop.jpg,Eosinophil,segmented-bilobed,bukan_neutrofil,0,0,0,0,0,5615
EO_812306_ccrop.jpg,Eosinophil,segmented-bilobed,bukan_neutrofil,0,0,0,0,0,5250
EO_812957_ccrop.jpg,Eosinophil,segmented-bilobed,bukan_neutrofil,0,0,0,0,0,6339
EO_813331_ccrop.jpg,Eosinophil,segmented-bilobed,bukan_neutrofil,1,10,10,0,1,6772
EO_813511_ccrop.jpg,Eosinophil,segmented-bilobed,bukan_neutrofil,0,0,0,0,0,5601
EO_813555_ccrop.jpg,Eosinophil,unsegmented-round,bukan_neutrofil,0,0,0,0,0,7243
EO_814415_ccrop.jpg,Eosinophil,segmented-multilobed,bukan_neutrofil,0,0,0,0,0,7018
EO_814533_ccrop.jpg,Eosinophil,segmented-bilobed,bukan_neutrofil,0,0,0,0,0,6237
EO_814738_ccrop.jpg,Eosinophil,segmented-bilobed,bukan_neutrofil,0,0,0,0,0,7255
EO_814910_ccrop.jpg,Eosinophil,segmented-bilobed,bukan_neutrofil,0,0,0,0,0,7228
EO_81523_ccrop.jpg,Eosinophil,segmented-bilobed,bukan_neutrofil,0,0,0,0,0,6072
EO_81524_ccrop.jpg,Eosinophil,unsegmented-band,bukan_neutrofil,0,0,0,0,0,6957
EO_817196_ccrop.jpg,Eosinophil,segmented-bilobed,bukan_neutrofil,1,317,317,0,1,6039
EO_817876_ccrop.jpg,Eosinophil,segmented-multilobed,bukan_neutrofil,1,1182,1182,0,1,6398
EO_818276_ccrop.jpg,Eosinophil,segmented-bilobed,bukan_neutrofil,0,0,0,0,0,7037
EO_818751_ccrop.jpg,Eosinophil,segmented-bilobed,bukan_neutrofil,0,0,0,0,0,4545
EO_818876_ccrop.jpg,Eosinophil,unsegmented-band,bukan_neutrofil,0,0,0,0,0,9873
EO_81933_ccrop.jpg,Eosinophil,segmented-bilobed,bukan_neutrofil,2,95,61,0,2,5567
EO_819918_ccrop.jpg,Eosinophil,segmented-multilobed,bukan_neutrofil,0,0,0,0,0,6753
EO_820562_ccrop.jpg,Eosinophil,segmented-multilobed,bukan_neutrofil,0,0,0,0,0,5118
EO_820612_ccrop.jpg,Eosinophil,segmented-bilobed,bukan_neutrofil,0,0,0,0,0,5749
EO_820762_ccrop.jpg,Eosinophil,segmented-bilobed,bukan_neutrofil,0,0,0,0,0,5652
EO_821444_ccrop.jpg,Eosinophil,segmented-bilobed,bukan_neutrofil,1,1071,1071,0,1,5547
EO_822717_ccrop.jpg,Eosinophil,segmented-bilobed,bukan_neutrofil,0,0,0,0,0,4680
EO_823852_ccrop.jpg,Eosinophil,segmented-bilobed,bukan_neutrofil,1,51,51,0,1,6581
EO_824011_ccrop.jpg,Eosinophil,segmented-bilobed,bukan_neutrofil,0,0,0,0,0,5673
EO_824127_ccrop.jpg,Eosinophil,unsegmented-band,bukan_neutrofil,0,0,0,0,0,6833
EO_824657_ccrop.jpg,Eosinophil,segmented-multilobed,bukan_neutrofil,1,9,9,0,1,6354
EO_825319_ccrop.jpg,Eosinophil,segmented-bilobed,bukan_neutrofil,0,0,0,0,0,6508
EO_825350_ccrop.jpg,Eosinophil,segmented-bilobed,bukan_neutrofil,0,0,0,0,0,8027
EO_825368_ccrop.jpg,Eosinophil,segmented-bilobed,bukan_neutrofil,1,8,8,0,1,5213
EO_825733_ccrop.jpg,Eosinophil,segmented-bilobed,bukan_neutrofil,0,0,0,0,0,7393
EO_826258_ccrop.jpg,Eosinophil,unsegmented-indented,bukan_neutrofil,0,0,0,0,0,6110
EO_826646_ccrop.jpg,Eosinophil,segmented-bilobed,bukan_neutrofil,0,0,0,0,0,5747
EO_826999_ccrop.jpg,Eosinophil,unsegmented-band,bukan_neutrofil,0,0,0,0,0,6087
EO_828135_ccrop.jpg,Eosinophil,segmented-bilobed,bukan_neutrofil,1,12,12,0,1,16959
EO_828208_ccrop.jpg,Eosinophil,segmented-bilobed,bukan_neutrofil,0,0,0,0,0,7359
EO_829157_ccrop.jpg,Eosinophil,segmented-bilobed,bukan_neutrofil,1,1639,1639,0,1,5680
EO_830075_ccrop.jpg,Eosinophil,segmented-bilobed,bukan_neutrofil,0,0,0,0,0,7636
EO_830203_ccrop.jpg,Eosinophil,segmented-multilobed,bukan_neutrofil,0,0,0,0,0,6397
EO_830728_ccrop.jpg,Eosinophil,segmented-multilobed,bukan_neutrofil,5,55,51,0,5,5892
EO_830892_ccrop.jpg,Eosinophil,segmented-bilobed,bukan_neutrofil,1,16,16,0,1,6764
EO_832089_ccrop.jpg,Eosinophil,segmented-bilobed,bukan_neutrofil,0,0,0,0,0,6250
EO_832106_ccrop.jpg,Eosinophil,segmented-bilobed,bukan_neutrofil,0,0,0,0,0,5937
EO_832149_ccrop.jpg,Eosinophil,unsegmented-band,bukan_neutrofil,0,0,0,0,0,6901
EO_832754_ccrop.jpg,Eosinophil,segmented-multilobed,bukan_neutrofil,0,0,0,0,0,6716
EO_832900_ccrop.jpg,Eosinophil,segmented-bilobed,bukan_neutrofil,0,0,0,0,0,5077
EO_833222_ccrop.jpg,Eosinophil,segmented-bilobed,bukan_neutrofil,0,0,0,0,0,5023
EO_834080_ccrop.jpg,Eosinophil,segmented-bilobed,bukan_neutrofil,0,0,0,0,0,6255
EO_834175_ccrop.jpg,Eosinophil,segmented-bilobed,bukan_neutrofil,1,126,126,0,1,4994
EO_835127_ccrop.jpg,Eosinophil,segmented-bilobed,bukan_neutrofil,0,0,0,0,0,5967
EO_835312_ccrop.jpg,Eosinophil,segmented-bilobed,bukan_neutrofil,0,0,0,0,0,5723
EO_837323_ccrop.jpg,Eosinophil,segmented-multilobed,bukan_neutrofil,2,42,28,0,2,6262
EO_838971_ccrop.jpg,Eosinophil,segmented-bilobed,bukan_neutrofil,0,0,0,0,0,6336
EO_83980_ccrop.jpg,Eosinophil,segmented-bilobed,bukan_neutrofil,0,0,0,0,0,5885
EO_840542_ccrop.jpg,Eosinophil,segmented-multilobed,bukan_neutrofil,0,0,0,0,0,6828
EO_841078_ccrop.jpg,Eosinophil,segmented-bilobed,bukan_neutrofil,0,0,0,0,0,7471
EO_841899_ccrop.jpg,Eosinophil,unsegmented-band,bukan_neutrofil,0,0,0,0,0,6374
EO_843015_ccrop.jpg,Eosinophil,segmented-multilobed,bukan_neutrofil,0,0,0,0,0,5878
EO_843285_ccrop.jpg,Eosinophil,segmented-bilobed,bukan_neutrofil,0,0,0,0,0,6615
EO_843365_ccrop.jpg,Eosinophil,segmented-bilobed,bukan_neutrofil,0,0,0,0,0,4582
EO_843833_ccrop.jpg,Eosinophil,segmented-bilobed,bukan_neutrofil,0,0,0,0,0,6472
EO_844397_ccrop.jpg,Eosinophil,segmented-bilobed,bukan_neutrofil,0,0,0,0,0,4964
EO_844639_ccrop.jpg,Eosinophil,segmented-bilobed,bukan_neutrofil,0,0,0,0,0,6277
EO_844947_ccrop.jpg,Eosinophil,segmented-bilobed,bukan_neutrofil,0,0,0,0,0,5245
EO_845033_ccrop.jpg,Eosinophil,unsegmented-band,bukan_neutrofil,0,0,0,0,0,7917
EO_845494_ccrop.jpg,Eosinophil,segmented-bilobed,bukan_neutrofil,0,0,0,0,0,6204
EO_845753_ccrop.jpg,Eosinophil,segmented-bilobed,bukan_neutrofil,0,0,0,0,0,7458
EO_847711_ccrop.jpg,Eosinophil,segmented-bilobed,bukan_neutrofil,0,0,0,0,0,5718
EO_848297_ccrop.jpg,Eosinophil,segmented-bilobed,bukan_neutrofil,1,678,678,0,1,5808
EO_848321_ccrop.jpg,Eosinophil,segmented-bilobed,bukan_neutrofil,0,0,0,0,0,5343
EO_848622_ccrop.jpg,Eosinophil,segmented-bilobed,bukan_neutrofil,1,188,188,0,1,5610
EO_849192_ccrop.jpg,Eosinophil,segmented-bilobed,bukan_neutrofil,0,0,0,0,0,6082
EO_849383_ccrop.jpg,Eosinophil,segmented-multilobed,bukan_neutrofil,0,0,0,0,0,5478
EO_850038_ccrop.jpg,Eosinophil,segmented-bilobed,bukan_neutrofil,0,0,0,0,0,6315
EO_850387_ccrop.jpg,Eosinophil,segmented-bilobed,bukan_neutrofil,0,0,0,0,0,5967
EO_850861_ccrop.jpg,Eosinophil,segmented-bilobed,bukan_neutrofil,0,0,0,0,0,6113
EO_851094_ccrop.jpg,Eosinophil,segmented-bilobed,bukan_neutrofil,1,77,77,0,1,5720
EO_851483_ccrop.jpg,Eosinophil,segmented-bilobed,bukan_neutrofil,0,0,0,0,0,5889
EO_851538_ccrop.jpg,Eosinophil,segmented-bilobed,bukan_neutrofil,0,0,0,0,0,5560
EO_852012_ccrop.jpg,Eosinophil,segmented-bilobed,bukan_neutrofil,0,0,0,0,0,6549
EO_852027_ccrop.jpg,Eosinophil,segmented-bilobed,bukan_neutrofil,0,0,0,0,0,6719
EO_852224_ccrop.jpg,Eosinophil,segmented-bilobed,bukan_neutrofil,0,0,0,0,0,6625
EO_852531_ccrop.jpg,Eosinophil,segmented-bilobed,bukan_neutrofil,0,0,0,0,0,6328
EO_852834_ccrop.jpg,Eosinophil,segmented-bilobed,bukan_neutrofil,0,0,0,0,0,5727
EO_852904_ccrop.jpg,Eosinophil,segmented-multilobed,bukan_neutrofil,0,0,0,0,0,6082
EO_854638_ccrop.jpg,Eosinophil,segmented-bilobed,bukan_neutrofil,0,0,0,0,0,5252
EO_854840_ccrop.jpg,Eosinophil,segmented-bilobed,bukan_neutrofil,4,64,57,0,4,4901
EO_855020_ccrop.jpg,Eosinophil,segmented-bilobed,bukan_neutrofil,0,0,0,0,0,6772
EO_855271_ccrop.jpg,Eosinophil,segmented-bilobed,bukan_neutrofil,0,0,0,0,0,5823
EO_856061_ccrop.jpg,Eosinophil,segmented-multilobed,bukan_neutrofil,1,213,213,0,1,7246
EO_857139_ccrop.jpg,Eosinophil,segmented-multilobed,bukan_neutrofil,0,0,0,0,0,5663
EO_857382_ccrop.jpg,Eosinophil,segmented-multilobed,bukan_neutrofil,0,0,0,0,0,5396
EO_857399_ccrop.jpg,Eosinophil,segmented-bilobed,bukan_neutrofil,0,0,0,0,0,8165
EO_857550_ccrop.jpg,Eosinophil,unsegmented-band,bukan_neutrofil,0,0,0,0,0,6056
EO_859399_ccrop.jpg,Eosinophil,segmented-multilobed,bukan_neutrofil,1,149,149,0,1,8244
EO_859909_ccrop.jpg,Eosinophil,unsegmented-band,bukan_neutrofil,0,0,0,0,0,3911
EO_86009_ccrop.jpg,Eosinophil,segmented-bilobed,bukan_neutrofil,0,0,0,0,0,6524
EO_860677_ccrop.jpg,Eosinophil,segmented-bilobed,bukan_neutrofil,0,0,0,0,0,6341
EO_86072_ccrop.jpg,Eosinophil,segmented-bilobed,bukan_neutrofil,0,0,0,0,0,4822
EO_861019_ccrop.jpg,Eosinophil,segmented-bilobed,bukan_neutrofil,0,0,0,0,0,6563
EO_861498_ccrop.jpg,Eosinophil,segmented-bilobed,bukan_neutrofil,0,0,0,0,0,6355
EO_862724_ccrop.jpg,Eosinophil,segmented-multilobed,bukan_neutrofil,0,0,0,0,0,6514
EO_863461_ccrop.jpg,Eosinophil,segmented-multilobed,bukan_neutrofil,4,94,74,0,4,6949
EO_865226_ccrop.jpg,Eosinophil,segmented-bilobed,bukan_neutrofil,0,0,0,0,0,6058
EO_865515_ccrop.jpg,Eosinophil,segmented-bilobed,bukan_neutrofil,0,0,0,0,0,5960
EO_865604_ccrop.jpg,Eosinophil,segmented-bilobed,bukan_neutrofil,0,0,0,0,0,6527
EO_865611_ccrop.jpg,Eosinophil,segmented-bilobed,bukan_neutrofil,0,0,0,0,0,5750
EO_865813_ccrop.jpg,Eosinophil,segmented-bilobed,bukan_neutrofil,0,0,0,0,0,5860
EO_866062_ccrop.jpg,Eosinophil,segmented-bilobed,bukan_neutrofil,0,0,0,0,0,6130
EO_86737_ccrop.jpg,Eosinophil,segmented-bilobed,bukan_neutrofil,3,8,5,0,3,5202
EO_868963_ccrop.jpg,Eosinophil,unsegmented-band,bukan_neutrofil,0,0,0,0,0,6165
EO_869345_ccrop.jpg,Eosinophil,segmented-bilobed,bukan_neutrofil,0,0,0,0,0,5571
EO_87112_ccrop.jpg,Eosinophil,segmented-bilobed,bukan_neutrofil,0,0,0,0,0,5443
EO_871548_ccrop.jpg,Eosinophil,segmented-bilobed,bukan_neutrofil,0,0,0,0,0,5186
EO_872289_ccrop.jpg,Eosinophil,segmented-bilobed,bukan_neutrofil,0,0,0,0,0,6424
EO_873032_ccrop.jpg,Eosinophil,unsegmented-band,bukan_neutrofil,0,0,0,0,0,6106
EO_873315_ccrop.jpg,Eosinophil,segmented-bilobed,bukan_neutrofil,1,111,111,0,1,7664
EO_873756_ccrop.jpg,Eosinophil,segmented-bilobed,bukan_neutrofil,0,0,0,0,0,6651
EO_87382_ccrop.jpg,Eosinophil,unsegmented-band,bukan_neutrofil,0,0,0,0,0,7692
EO_874062_ccrop.jpg,Eosinophil,segmented-multilobed,bukan_neutrofil,0,0,0,0,0,4888
EO_874075_ccrop.jpg,Eosinophil,segmented-bilobed,bukan_neutrofil,0,0,0,0,0,6094
EO_874572_ccrop.jpg,Eosinophil,segmented-bilobed,bukan_neutrofil,0,0,0,0,0,5212
EO_874624_ccrop.jpg,Eosinophil,segmented-bilobed,bukan_neutrofil,0,0,0,0,0,6069
EO_874796_ccrop.jpg,Eosinophil,unsegmented-band,bukan_neutrofil,0,0,0,0,0,6996
EO_876019_ccrop.jpg,Eosinophil,segmented-bilobed,bukan_neutrofil,1,286,286,0,1,6136
EO_877083_ccrop.jpg,Eosinophil,segmented-bilobed,bukan_neutrofil,0,0,0,0,0,6376
EO_877738_ccrop.jpg,Eosinophil,segmented-bilobed,bukan_neutrofil,0,0,0,0,0,6309
EO_878834_ccrop.jpg,Eosinophil,segmented-bilobed,bukan_neutrofil,0,0,0,0,0,6522
EO_880996_ccrop.jpg,Eosinophil,segmented-bilobed,bukan_neutrofil,0,0,0,0,0,6070
EO_881033_ccrop.jpg,Eosinophil,segmented-bilobed,bukan_neutrofil,0,0,0,0,0,5361
EO_882085_ccrop.jpg,Eosinophil,unsegmented-band,bukan_neutrofil,0,0,0,0,0,6346
EO_882148_ccrop.jpg,Eosinophil,segmented-multilobed,bukan_neutrofil,0,0,0,0,0,4201
EO_882150_ccrop.jpg,Eosinophil,unsegmented-band,bukan_neutrofil,0,0,0,0,0,5779
EO_882366_ccrop.jpg,Eosinophil,segmented-multilobed,bukan_neutrofil,0,0,0,0,0,5651
EO_883435_ccrop.jpg,Eosinophil,segmented-bilobed,bukan_neutrofil,2,255,246,0,2,6772
EO_885301_ccrop.jpg,Eosinophil,segmented-bilobed,bukan_neutrofil,0,0,0,0,0,6516
EO_887809_ccrop.jpg,Eosinophil,segmented-bilobed,bukan_neutrofil,0,0,0,0,0,5300
EO_888637_ccrop.jpg,Eosinophil,segmented-bilobed,bukan_neutrofil,0,0,0,0,0,6025
EO_889221_ccrop.jpg,Eosinophil,segmented-bilobed,bukan_neutrofil,0,0,0,0,0,6323
EO_889759_ccrop.jpg,Eosinophil,unsegmented-band,bukan_neutrofil,0,0,0,0,0,5604
EO_889831_ccrop.jpg,Eosinophil,segmented-bilobed,bukan_neutrofil,0,0,0,0,0,6072
EO_889884_ccrop.jpg,Eosinophil,unsegmented-band,bukan_neutrofil,0,0,0,0,0,5664
EO_89011_ccrop.jpg,Eosinophil,segmented-bilobed,bukan_neutrofil,0,0,0,0,0,6377
EO_891556_ccrop.jpg,Eosinophil,unsegmented-band,bukan_neutrofil,0,0,0,0,0,6339
EO_891800_ccrop.jpg,Eosinophil,segmented-bilobed,bukan_neutrofil,0,0,0,0,0,7151
EO_892101_ccrop.jpg,Eosinophil,segmented-multilobed,bukan_neutrofil,1,30,30,0,1,5240
EO_892127_ccrop.jpg,Eosinophil,segmented-bilobed,bukan_neutrofil,0,0,0,0,0,5726
EO_892973_ccrop.jpg,Eosinophil,segmented-bilobed,bukan_neutrofil,0,0,0,0,0,5755
EO_89342_ccrop.jpg,Eosinophil,segmented-bilobed,bukan_neutrofil,0,0,0,0,0,6590
EO_893514_ccrop.jpg,Eosinophil,segmented-bilobed,bukan_neutrofil,0,0,0,0,0,5578
EO_893704_ccrop.jpg,Eosinophil,unsegmented-band,bukan_neutrofil,0,0,0,0,0,5582
EO_894061_ccrop.jpg,Eosinophil,segmented-multilobed,bukan_neutrofil,0,0,0,0,0,6213
EO_894340_ccrop.jpg,Eosinophil,segmented-bilobed,bukan_neutrofil,0,0,0,0,0,6942
EO_894810_ccrop.jpg,Eosinophil,unsegmented-band,bukan_neutrofil,0,0,0,0,0,5775
EO_896725_ccrop.jpg,Eosinophil,segmented-bilobed,bukan_neutrofil,0,0,0,0,0,6048
EO_897112_ccrop.jpg,Eosinophil,segmented-bilobed,bukan_neutrofil,0,0,0,0,0,5097
EO_897164_ccrop.jpg,Eosinophil,segmented-bilobed,bukan_neutrofil,1,9,9,0,1,6103
EO_897485_ccrop.jpg,Eosinophil,segmented-bilobed,bukan_neutrofil,0,0,0,0,0,6743
EO_897796_ccrop.jpg,Eosinophil,unsegmented-band,bukan_neutrofil,0,0,0,0,0,6272
EO_900549_ccrop.jpg,Eosinophil,segmented-multilobed,bukan_neutrofil,0,0,0,0,0,6698
EO_901693_ccrop.jpg,Eosinophil,segmented-bilobed,bukan_neutrofil,0,0,0,0,0,5399
EO_901862_ccrop.jpg,Eosinophil,segmented-bilobed,bukan_neutrofil,0,0,0,0,0,6197
EO_902051_ccrop.jpg,Eosinophil,segmented-multilobed,bukan_neutrofil,3,185,182,0,3,5868
EO_902377_ccrop.jpg,Eosinophil,unsegmented-band,bukan_neutrofil,1,119,119,0,1,6445
EO_902893_ccrop.jpg,Eosinophil,segmented-bilobed,bukan_neutrofil,1,137,137,0,1,5721
EO_903036_ccrop.jpg,Eosinophil,unsegmented-band,bukan_neutrofil,0,0,0,0,0,6265
EO_903871_ccrop.jpg,Eosinophil,unsegmented-indented,bukan_neutrofil,0,0,0,0,0,5544
EO_904430_ccrop.jpg,Eosinophil,segmented-bilobed,bukan_neutrofil,0,0,0,0,0,5927
EO_904477_ccrop.jpg,Eosinophil,segmented-bilobed,bukan_neutrofil,0,0,0,0,0,5895
EO_904581_ccrop.jpg,Eosinophil,segmented-bilobed,bukan_neutrofil,0,0,0,0,0,5135
EO_904635_ccrop.jpg,Eosinophil,segmented-bilobed,bukan_neutrofil,0,0,0,0,0,4699
EO_904754_ccrop.jpg,Eosinophil,segmented-multilobed,bukan_neutrofil,0,0,0,0,0,7204
EO_904970_ccrop.jpg,Eosinophil,segmented-multilobed,bukan_neutrofil,0,0,0,0,0,6412
EO_905027_ccrop.jpg,Eosinophil,segmented-bilobed,bukan_neutrofil,0,0,0,0,0,6137
EO_905284_ccrop.jpg,Eosinophil,segmented-multilobed,bukan_neutrofil,0,0,0,0,0,6786
EO_905387_ccrop.jpg,Eosinophil,segmented-bilobed,bukan_neutrofil,0,0,0,0,0,5803
EO_905696_ccrop.jpg,Eosinophil,segmented-bilobed,bukan_neutrofil,0,0,0,0,0,6874
EO_905886_ccrop.jpg,Eosinophil,segmented-multilobed,bukan_neutrofil,0,0,0,0,0,7857
EO_907316_ccrop.jpg,Eosinophil,segmented-bilobed,bukan_neutrofil,0,0,0,0,0,6350
EO_907904_ccrop.jpg,Eosinophil,segmented-bilobed,bukan_neutrofil,0,0,0,0,0,6104
EO_908387_ccrop.jpg,Eosinophil,segmented-bilobed,bukan_neutrofil,0,0,0,0,0,5196
EO_908396_ccrop.jpg,Eosinophil,segmented-bilobed,bukan_neutrofil,0,0,0,0,0,7130
EO_908442_ccrop.jpg,Eosinophil,segmented-bilobed,bukan_neutrofil,0,0,0,0,0,6359
EO_908706_ccrop.jpg,Eosinophil,segmented-bilobed,bukan_neutrofil,0,0,0,0,0,7203
EO_908932_ccrop.jpg,Eosinophil,segmented-bilobed,bukan_neutrofil,0,0,0,0,0,8138
EO_909235_ccrop.jpg,Eosinophil,segmented-bilobed,bukan_neutrofil,0,0,0,0,0,5989
EO_909845_ccrop.jpg,Eosinophil,segmented-bilobed,bukan_neutrofil,0,0,0,0,0,5490
EO_910_ccrop.jpg,Eosinophil,unsegmented-band,bukan_neutrofil,0,0,0,0,0,4665
EO_910329_ccrop.jpg,Eosinophil,segmented-multilobed,bukan_neutrofil,0,0,0,0,0,7068
EO_910337_ccrop.jpg,Eosinophil,segmented-bilobed,bukan_neutrofil,0,0,0,0,0,4217
EO_910349_ccrop.jpg,Eosinophil,segmented-bilobed,bukan_neutrofil,4,4,1,0,4,6741
EO_910358_ccrop.jpg,Eosinophil,segmented-bilobed,bukan_neutrofil,0,0,0,0,0,6103
EO_911067_ccrop.jpg,Eosinophil,unsegmented-band,bukan_neutrofil,0,0,0,0,0,8066
EO_911439_ccrop.jpg,Eosinophil,segmented-multilobed,bukan_neutrofil,0,0,0,0,0,5689
EO_911566_ccrop.jpg,Eosinophil,segmented-multilobed,bukan_neutrofil,0,0,0,0,0,7607
EO_912327_ccrop.jpg,Eosinophil,segmented-bilobed,bukan_neutrofil,0,0,0,0,0,6338
EO_912883_ccrop.jpg,Eosinophil,unsegmented-round,bukan_neutrofil,0,0,0,0,0,7544
EO_912966_ccrop.jpg,Eosinophil,segmented-bilobed,bukan_neutrofil,0,0,0,0,0,5919
EO_913350_ccrop.jpg,Eosinophil,segmented-bilobed,bukan_neutrofil,1,114,114,0,1,5517
EO_913562_ccrop.jpg,Eosinophil,segmented-multilobed,bukan_neutrofil,0,0,0,0,0,4998
EO_915293_ccrop.jpg,Eosinophil,unsegmented-band,bukan_neutrofil,0,0,0,0,0,6031
EO_915734_ccrop.jpg,Eosinophil,segmented-bilobed,bukan_neutrofil,0,0,0,0,0,5723
EO_916091_ccrop.jpg,Eosinophil,segmented-bilobed,bukan_neutrofil,0,0,0,0,0,4657
EO_916342_ccrop.jpg,Eosinophil,segmented-bilobed,bukan_neutrofil,0,0,0,0,0,5979
EO_917236_ccrop.jpg,Eosinophil,segmented-bilobed,bukan_neutrofil,0,0,0,0,0,6371
EO_917516_ccrop.jpg,Eosinophil,segmented-bilobed,bukan_neutrofil,0,0,0,0,0,5945
EO_918881_ccrop.jpg,Eosinophil,unsegmented-band,bukan_neutrofil,2,9,7,0,2,6087
EO_919604_ccrop.jpg,Eosinophil,segmented-bilobed,bukan_neutrofil,0,0,0,0,0,7598
EO_919706_ccrop.jpg,Eosinophil,segmented-bilobed,bukan_neutrofil,0,0,0,0,0,5504
EO_920899_ccrop.jpg,Eosinophil,unsegmented-band,bukan_neutrofil,0,0,0,0,0,5413
EO_921250_ccrop.jpg,Eosinophil,segmented-bilobed,bukan_neutrofil,0,0,0,0,0,6494
EO_921523_ccrop.jpg,Eosinophil,segmented-bilobed,bukan_neutrofil,0,0,0,0,0,4787
EO_922137_ccrop.jpg,Eosinophil,segmented-bilobed,bukan_neutrofil,0,0,0,0,0,7272
EO_922606_ccrop.jpg,Eosinophil,segmented-bilobed,bukan_neutrofil,0,0,0,0,0,6844
EO_922615_ccrop.jpg,Eosinophil,unsegmented-band,bukan_neutrofil,0,0,0,0,0,6887
EO_922635_ccrop.jpg,Eosinophil,segmented-multilobed,bukan_neutrofil,0,0,0,0,0,6206
EO_922775_ccrop.jpg,Eosinophil,segmented-bilobed,bukan_neutrofil,0,0,0,0,0,6400
EO_923369_ccrop.jpg,Eosinophil,segmented-bilobed,bukan_neutrofil,0,0,0,0,0,4952
EO_923732_ccrop.jpg,Eosinophil,segmented-bilobed,bukan_neutrofil,0,0,0,0,0,6551
EO_923779_ccrop.jpg,Eosinophil,segmented-bilobed,bukan_neutrofil,0,0,0,0,0,7712
EO_923850_ccrop.jpg,Eosinophil,segmented-bilobed,bukan_neutrofil,0,0,0,0,0,5827
EO_923869_ccrop.jpg,Eosinophil,segmented-bilobed,bukan_neutrofil,0,0,0,0,0,4779
EO_923938_ccrop.jpg,Eosinophil,segmented-bilobed,bukan_neutrofil,0,0,0,0,0,7725
EO_924136_ccrop.jpg,Eosinophil,segmented-bilobed,bukan_neutrofil,0,0,0,0,0,8406
EO_924867_ccrop.jpg,Eosinophil,segmented-bilobed,bukan_neutrofil,0,0,0,0,0,6272
EO_925092_ccrop.jpg,Eosinophil,segmented-bilobed,bukan_neutrofil,0,0,0,0,0,5926
EO_925874_ccrop.jpg,Eosinophil,segmented-bilobed,bukan_neutrofil,0,0,0,0,0,5700
EO_926339_ccrop.jpg,Eosinophil,irregular,bukan_neutrofil,1,1,1,0,1,13003
EO_926680_ccrop.jpg,Eosinophil,segmented-bilobed,bukan_neutrofil,0,0,0,0,0,5428
EO_927123_ccrop.jpg,Eosinophil,segmented-bilobed,bukan_neutrofil,0,0,0,0,0,5887
EO_927576_ccrop.jpg,Eosinophil,segmented-bilobed,bukan_neutrofil,0,0,0,0,0,4900
EO_928682_ccrop.jpg,Eosinophil,segmented-bilobed,bukan_neutrofil,0,0,0,0,0,5583
EO_929125_ccrop.jpg,Eosinophil,segmented-bilobed,bukan_neutrofil,1,25,25,0,1,7138
EO_929591_ccrop.jpg,Eosinophil,segmented-bilobed,bukan_neutrofil,0,0,0,0,0,6582
EO_929592_ccrop.jpg,Eosinophil,segmented-multilobed,bukan_neutrofil,0,0,0,0,0,4775
EO_929886_ccrop.jpg,Eosinophil,segmented-bilobed,bukan_neutrofil,0,0,0,0,0,6027
EO_930114_ccrop.jpg,Eosinophil,segmented-bilobed,bukan_neutrofil,0,0,0,0,0,5332
EO_933767_ccrop.jpg,Eosinophil,unsegmented-band,bukan_neutrofil,0,0,0,0,0,6139
EO_933922_ccrop.jpg,Eosinophil,segmented-bilobed,bukan_neutrofil,0,0,0,0,0,7448
EO_934148_ccrop.jpg,Eosinophil,segmented-bilobed,bukan_neutrofil,0,0,0,0,0,7391
EO_93417_ccrop.jpg,Eosinophil,segmented-bilobed,bukan_neutrofil,1,89,89,0,1,7518
EO_936658_ccrop.jpg,Eosinophil,segmented-bilobed,bukan_neutrofil,0,0,0,0,0,6291
EO_937830_ccrop.jpg,Eosinophil,segmented-bilobed,bukan_neutrofil,0,0,0,0,0,5945
EO_938091_ccrop.jpg,Eosinophil,segmented-bilobed,bukan_neutrofil,1,1092,1092,0,1,6626
EO_938791_ccrop.jpg,Eosinophil,segmented-bilobed,bukan_neutrofil,0,0,0,0,0,6723
EO_939305_ccrop.jpg,Eosinophil,segmented-bilobed,bukan_neutrofil,0,0,0,0,0,6124
EO_940110_ccrop.jpg,Eosinophil,segmented-bilobed,bukan_neutrofil,0,0,0,0,0,5856
EO_940288_ccrop.jpg,Eosinophil,segmented-bilobed,bukan_neutrofil,1,53,53,0,1,6307
EO_940360_ccrop.jpg,Eosinophil,segmented-bilobed,bukan_neutrofil,0,0,0,0,0,5825
EO_940774_ccrop.jpg,Eosinophil,unsegmented-band,bukan_neutrofil,0,0,0,0,0,5410
EO_940895_ccrop.jpg,Eosinophil,unsegmented-band,bukan_neutrofil,0,0,0,0,0,5879
EO_940980_ccrop.jpg,Eosinophil,segmented-bilobed,bukan_neutrofil,0,0,0,0,0,5251
EO_941251_ccrop.jpg,Eosinophil,unsegmented-band,bukan_neutrofil,0,0,0,0,0,7124
EO_941855_ccrop.jpg,Eosinophil,segmented-bilobed,bukan_neutrofil,0,0,0,0,0,6334
EO_943343_ccrop.jpg,Eosinophil,segmented-bilobed,bukan_neutrofil,0,0,0,0,0,6296
EO_943433_ccrop.jpg,Eosinophil,unsegmented-band,bukan_neutrofil,0,0,0,0,0,6708
EO_943709_ccrop.jpg,Eosinophil,segmented-bilobed,bukan_neutrofil,0,0,0,0,0,6547
EO_94440_ccrop.jpg,Eosinophil,segmented-bilobed,bukan_neutrofil,0,0,0,0,0,6057
EO_944574_ccrop.jpg,Eosinophil,segmented-bilobed,bukan_neutrofil,0,0,0,0,0,5710
EO_944752_ccrop.jpg,Eosinophil,segmented-bilobed,bukan_neutrofil,0,0,0,0,0,5176
EO_945138_ccrop.jpg,Eosinophil,segmented-multilobed,bukan_neutrofil,0,0,0,0,0,5019
EO_945493_ccrop.jpg,Eosinophil,segmented-bilobed,bukan_neutrofil,0,0,0,0,0,7404
EO_94652_ccrop.jpg,Eosinophil,segmented-multilobed,bukan_neutrofil,0,0,0,0,0,6121
EO_947414_ccrop.jpg,Eosinophil,unsegmented-band,bukan_neutrofil,0,0,0,0,0,5504
EO_947563_ccrop.jpg,Eosinophil,segmented-bilobed,bukan_neutrofil,0,0,0,0,0,5090
EO_948168_ccrop.jpg,Eosinophil,unsegmented-band,bukan_neutrofil,0,0,0,0,0,6906
EO_948428_ccrop.jpg,Eosinophil,segmented-bilobed,bukan_neutrofil,0,0,0,0,0,6742
EO_948482_ccrop.jpg,Eosinophil,segmented-bilobed,bukan_neutrofil,0,0,0,0,0,6106
EO_948531_ccrop.jpg,Eosinophil,segmented-bilobed,bukan_neutrofil,0,0,0,0,0,5746
EO_948687_ccrop.jpg,Eosinophil,segmented-multilobed,bukan_neutrofil,0,0,0,0,0,6467
EO_949602_ccrop.jpg,Eosinophil,segmented-bilobed,bukan_neutrofil,0,0,0,0,0,7554
EO_949966_ccrop.jpg,Eosinophil,segmented-bilobed,bukan_neutrofil,0,0,0,0,0,5230
EO_950521_ccrop.jpg,Eosinophil,segmented-multilobed,bukan_neutrofil,1,501,501,0,1,6527
EO_951139_ccrop.jpg,Eosinophil,segmented-bilobed,bukan_neutrofil,0,0,0,0,0,7753
EO_951518_ccrop.jpg,Eosinophil,segmented-bilobed,bukan_neutrofil,0,0,0,0,0,7085
EO_952316_ccrop.jpg,Eosinophil,unsegmented-band,bukan_neutrofil,0,0,0,0,0,5364
EO_953561_ccrop.jpg,Eosinophil,segmented-bilobed,bukan_neutrofil,0,0,0,0,0,4952
EO_954031_ccrop.jpg,Eosinophil,segmented-bilobed,bukan_neutrofil,0,0,0,0,0,5639
EO_954266_ccrop.jpg,Eosinophil,segmented-bilobed,bukan_neutrofil,0,0,0,0,0,5924
EO_955654_ccrop.jpg,Eosinophil,segmented-bilobed,bukan_neutrofil,0,0,0,0,0,7146
EO_956578_ccrop.jpg,Eosinophil,unsegmented-band,bukan_neutrofil,0,0,0,0,0,5814
EO_956671_ccrop.jpg,Eosinophil,irregular,bukan_neutrofil,0,0,0,0,0,13451
EO_957216_ccrop.jpg,Eosinophil,segmented-bilobed,bukan_neutrofil,0,0,0,0,0,5146
EO_957387_ccrop.jpg,Eosinophil,segmented-multilobed,bukan_neutrofil,0,0,0,0,0,5804
EO_957683_ccrop.jpg,Eosinophil,segmented-bilobed,bukan_neutrofil,0,0,0,0,0,6404
EO_957702_ccrop.jpg,Eosinophil,segmented-bilobed,bukan_neutrofil,0,0,0,0,0,7935
EO_958160_ccrop.jpg,Eosinophil,segmented-bilobed,bukan_neutrofil,0,0,0,0,0,5380
EO_95899_ccrop.jpg,Eosinophil,segmented-bilobed,bukan_neutrofil,0,0,0,0,0,5961
EO_959517_ccrop.jpg,Eosinophil,segmented-bilobed,bukan_neutrofil,0,0,0,0,0,8174
EO_959726_ccrop.jpg,Eosinophil,segmented-bilobed,bukan_neutrofil,0,0,0,0,0,8320
EO_959830_ccrop.jpg,Eosinophil,segmented-bilobed,bukan_neutrofil,0,0,0,0,0,7553
EO_959943_ccrop.jpg,Eosinophil,unsegmented-band,bukan_neutrofil,0,0,0,0,0,6120
EO_959957_ccrop.jpg,Eosinophil,segmented-bilobed,bukan_neutrofil,0,0,0,0,0,5025
EO_960120_ccrop.jpg,Eosinophil,segmented-bilobed,bukan_neutrofil,0,0,0,0,0,7317
EO_960233_ccrop.jpg,Eosinophil,segmented-bilobed,bukan_neutrofil,0,0,0,0,0,5942
EO_960387_ccrop.jpg,Eosinophil,segmented-bilobed,bukan_neutrofil,0,0,0,0,0,5082
EO_960665_ccrop.jpg,Eosinophil,segmented-bilobed,bukan_neutrofil,1,122,122,0,1,6237
EO_960805_ccrop.jpg,Eosinophil,segmented-bilobed,bukan_neutrofil,0,0,0,0,0,5615
EO_961222_ccrop.jpg,Eosinophil,segmented-bilobed,bukan_neutrofil,0,0,0,0,0,6280
EO_96181_ccrop.jpg,Eosinophil,segmented-multilobed,bukan_neutrofil,0,0,0,0,0,7618
EO_962175_ccrop.jpg,Eosinophil,segmented-bilobed,bukan_neutrofil,0,0,0,0,0,6119
EO_962265_ccrop.jpg,Eosinophil,unsegmented-band,bukan_neutrofil,0,0,0,0,0,7210
EO_962909_ccrop.jpg,Eosinophil,segmented-bilobed,bukan_neutrofil,0,0,0,0,0,6378
EO_963975_ccrop.jpg,Eosinophil,segmented-bilobed,bukan_neutrofil,0,0,0,0,0,7581
EO_96407_ccrop.jpg,Eosinophil,segmented-bilobed,bukan_neutrofil,0,0,0,0,0,5966
EO_96563_ccrop.jpg,Eosinophil,segmented-bilobed,bukan_neutrofil,0,0,0,0,0,11755
EO_965826_ccrop.jpg,Eosinophil,segmented-bilobed,bukan_neutrofil,0,0,0,0,0,5281
EO_966797_ccrop.jpg,Eosinophil,segmented-bilobed,bukan_neutrofil,0,0,0,0,0,6241
EO_967607_ccrop.jpg,Eosinophil,segmented-bilobed,bukan_neutrofil,0,0,0,0,0,5350
EO_96794_ccrop.jpg,Eosinophil,segmented-bilobed,bukan_neutrofil,0,0,0,0,0,6811
EO_968484_ccrop.jpg,Eosinophil,segmented-bilobed,bukan_neutrofil,3,25,23,0,3,6001
EO_969018_ccrop.jpg,Eosinophil,segmented-bilobed,bukan_neutrofil,0,0,0,0,0,6370
EO_969286_ccrop.jpg,Eosinophil,segmented-bilobed,bukan_neutrofil,0,0,0,0,0,5787
EO_969910_ccrop.jpg,Eosinophil,segmented-bilobed,bukan_neutrofil,0,0,0,0,0,7544
EO_970927_ccrop.jpg,Eosinophil,segmented-bilobed,bukan_neutrofil,0,0,0,0,0,5344
EO_971082_ccrop.jpg,Eosinophil,segmented-bilobed,bukan_neutrofil,0,0,0,0,0,4669
EO_97141_ccrop.jpg,Eosinophil,segmented-bilobed,bukan_neutrofil,0,0,0,0,0,5372
EO_971412_ccrop.jpg,Eosinophil,segmented-bilobed,bukan_neutrofil,0,0,0,0,0,5682
EO_971641_ccrop.jpg,Eosinophil,segmented-bilobed,bukan_neutrofil,0,0,0,0,0,5580
EO_971689_ccrop.jpg,Eosinophil,segmented-bilobed,bukan_neutrofil,0,0,0,0,0,6161
EO_972000_ccrop.jpg,Eosinophil,segmented-bilobed,bukan_neutrofil,0,0,0,0,0,6068
EO_974059_ccrop.jpg,Eosinophil,segmented-bilobed,bukan_neutrofil,0,0,0,0,0,6070
EO_974646_ccrop.jpg,Eosinophil,segmented-bilobed,bukan_neutrofil,0,0,0,0,0,5720
EO_975239_ccrop.jpg,Eosinophil,segmented-bilobed,bukan_neutrofil,0,0,0,0,0,5252
EO_975524_ccrop.jpg,Eosinophil,segmented-bilobed,bukan_neutrofil,0,0,0,0,0,5260
EO_976206_ccrop.jpg,Eosinophil,segmented-bilobed,bukan_neutrofil,0,0,0,0,0,5750
EO_977027_ccrop.jpg,Eosinophil,unsegmented-band,bukan_neutrofil,0,0,0,0,0,6129
EO_977043_ccrop.jpg,Eosinophil,segmented-multilobed,bukan_neutrofil,0,0,0,0,0,6281
EO_977292_ccrop.jpg,Eosinophil,unsegmented-band,bukan_neutrofil,0,0,0,0,0,6403
EO_978104_ccrop.jpg,Eosinophil,segmented-bilobed,bukan_neutrofil,0,0,0,0,0,5718
EO_978712_ccrop.jpg,Eosinophil,segmented-multilobed,bukan_neutrofil,0,0,0,0,0,7708
EO_978726_ccrop.jpg,Eosinophil,segmented-bilobed,bukan_neutrofil,0,0,0,0,0,5611
EO_97994_ccrop.jpg,Eosinophil,segmented-bilobed,bukan_neutrofil,0,0,0,0,0,5613
EO_980404_ccrop.jpg,Eosinophil,segmented-bilobed,bukan_neutrofil,0,0,0,0,0,6370
EO_981363_ccrop.jpg,Eosinophil,segmented-bilobed,bukan_neutrofil,0,0,0,0,0,6027
EO_981530_ccrop.jpg,Eosinophil,segmented-bilobed,bukan_neutrofil,0,0,0,0,0,6085
EO_981774_ccrop.jpg,Eosinophil,segmented-bilobed,bukan_neutrofil,0,0,0,0,0,5878
EO_982965_ccrop.jpg,Eosinophil,segmented-bilobed,bukan_neutrofil,0,0,0,0,0,6721
EO_983566_ccrop.jpg,Eosinophil,unsegmented-band,bukan_neutrofil,0,0,0,0,0,6927
EO_984123_ccrop.jpg,Eosinophil,segmented-bilobed,bukan_neutrofil,0,0,0,0,0,5169
EO_984357_ccrop.jpg,Eosinophil,segmented-bilobed,bukan_neutrofil,0,0,0,0,0,5939
EO_984860_ccrop.jpg,Eosinophil,segmented-multilobed,bukan_neutrofil,0,0,0,0,0,5695
EO_984978_ccrop.jpg,Eosinophil,unsegmented-band,bukan_neutrofil,0,0,0,0,0,4815
EO_985877_ccrop.jpg,Eosinophil,unsegmented-band,bukan_neutrofil,0,0,0,0,0,6831
EO_986398_ccrop.jpg,Eosinophil,segmented-bilobed,bukan_neutrofil,0,0,0,0,0,5965
EO_986575_ccrop.jpg,Eosinophil,segmented-bilobed,bukan_neutrofil,0,0,0,0,0,5452
EO_986725_ccrop.jpg,Eosinophil,unsegmented-band,bukan_neutrofil,0,0,0,0,0,5192
EO_986825_ccrop.jpg,Eosinophil,segmented-bilobed,bukan_neutrofil,0,0,0,0,0,5224
EO_987314_ccrop.jpg,Eosinophil,segmented-bilobed,bukan_neutrofil,0,0,0,0,0,7231
EO_987324_ccrop.jpg,Eosinophil,segmented-bilobed,bukan_neutrofil,0,0,0,0,0,5872
EO_98753_ccrop.jpg,Eosinophil,segmented-bilobed,bukan_neutrofil,0,0,0,0,0,5008
EO_989626_ccrop.jpg,Eosinophil,segmented-bilobed,bukan_neutrofil,0,0,0,0,0,5342
EO_98993_ccrop.jpg,Eosinophil,segmented-bilobed,bukan_neutrofil,0,0,0,0,0,5006
EO_990083_ccrop.jpg,Eosinophil,segmented-bilobed,bukan_neutrofil,1,180,180,0,1,5373
EO_990161_ccrop.jpg,Eosinophil,segmented-bilobed,bukan_neutrofil,0,0,0,0,0,5892
EO_990350_ccrop.jpg,Eosinophil,unsegmented-band,bukan_neutrofil,0,0,0,0,0,7499
EO_990717_ccrop.jpg,Eosinophil,segmented-bilobed,bukan_neutrofil,0,0,0,0,0,6185
EO_991781_ccrop.jpg,Eosinophil,segmented-bilobed,bukan_neutrofil,0,0,0,0,0,5504
EO_993601_ccrop.jpg,Eosinophil,segmented-bilobed,bukan_neutrofil,0,0,0,0,0,5229
EO_99390_ccrop.jpg,Eosinophil,unsegmented-band,bukan_neutrofil,0,0,0,0,0,5594
EO_994150_ccrop.jpg,Eosinophil,segmented-bilobed,bukan_neutrofil,0,0,0,0,0,4358
EO_994152_ccrop.jpg,Eosinophil,segmented-bilobed,bukan_neutrofil,0,0,0,0,0,5265
EO_99444_ccrop.jpg,Eosinophil,segmented-multilobed,bukan_neutrofil,0,0,0,0,0,6159
EO_995461_ccrop.jpg,Eosinophil,segmented-bilobed,bukan_neutrofil,1,1,1,0,1,5765
EO_996472_ccrop.jpg,Eosinophil,unsegmented-band,bukan_neutrofil,0,0,0,0,0,5775
EO_996545_ccrop.jpg,Eosinophil,segmented-bilobed,bukan_neutrofil,0,0,0,0,0,7846
EO_996964_ccrop.jpg,Eosinophil,segmented-bilobed,bukan_neutrofil,1,543,543,0,1,6886
EO_997235_ccrop.jpg,Eosinophil,unsegmented-band,bukan_neutrofil,0,0,0,0,0,6108
EO_997373_ccrop.jpg,Eosinophil,segmented-bilobed,bukan_neutrofil,0,0,0,0,0,5506
EO_997379_ccrop.jpg,Eosinophil,segmented-bilobed,bukan_neutrofil,0,0,0,0,0,5699
EO_997613_ccrop.jpg,Eosinophil,segmented-bilobed,bukan_neutrofil,0,0,0,0,0,7139
EO_998250_ccrop.jpg,Eosinophil,segmented-bilobed,bukan_neutrofil,0,0,0,0,0,4499
EO_99838_ccrop.jpg,Eosinophil,segmented-bilobed,bukan_neutrofil,0,0,0,0,0,5186
EO_998485_ccrop.jpg,Eosinophil,segmented-bilobed,bukan_neutrofil,0,0,0,0,0,4362
EO_998889_ccrop.jpg,Eosinophil,segmented-bilobed,bukan_neutrofil,0,0,0,0,0,5699
EO_998901_ccrop.jpg,Eosinophil,segmented-bilobed,bukan_neutrofil,0,0,0,0,0,7388
EO_999409_ccrop.jpg,Eosinophil,segmented-bilobed,bukan_neutrofil,0,0,0,0,0,5985
EO_999716_ccrop.jpg,Eosinophil,segmented-multilobed,bukan_neutrofil,0,0,0,0,0,7259
LY_100275_ccrop.jpg,Lymphocyte,unsegmented-round,bukan_neutrofil,0,0,0,0,0,7344
LY_102859_ccrop.jpg,Lymphocyte,unsegmented-round,bukan_neutrofil,0,0,0,0,0,5683
LY_10361_ccrop.jpg,Lymphocyte,unsegmented-indented,bukan_neutrofil,0,0,0,0,0,6411
LY_104129_ccrop.jpg,Lymphocyte,unsegmented-indented,bukan_neutrofil,0,0,0,0,0,6995
LY_105283_ccrop.jpg,Lymphocyte,unsegmented-round,bukan_neutrofil,0,0,0,0,0,5222
LY_107981_ccrop.jpg,Lymphocyte,unsegmented-round,bukan_neutrofil,0,0,0,0,0,7808
LY_109093_ccrop.jpg,Lymphocyte,unsegmented-round,bukan_neutrofil,0,0,0,0,0,7006
LY_112097_ccrop.jpg,Lymphocyte,unsegmented-round,bukan_neutrofil,0,0,0,0,0,6528
LY_11415_ccrop.jpg,Lymphocyte,unsegmented-round,bukan_neutrofil,0,0,0,0,0,4581
LY_114808_ccrop.jpg,Lymphocyte,unsegmented-indented,bukan_neutrofil,0,0,0,0,0,6711
LY_115727_ccrop.jpg,Lymphocyte,unsegmented-round,bukan_neutrofil,0,0,0,0,0,6605
LY_116029_ccrop.jpg,Lymphocyte,irregular,bukan_neutrofil,0,0,0,0,0,6080
LY_118150_ccrop.jpg,Lymphocyte,unsegmented-round,bukan_neutrofil,0,0,0,0,0,6220
LY_118333_ccrop.jpg,Lymphocyte,unsegmented-round,bukan_neutrofil,0,0,0,0,0,6900
LY_120168_ccrop.jpg,Lymphocyte,unsegmented-round,bukan_neutrofil,0,0,0,0,0,6738
LY_121177_ccrop.jpg,Lymphocyte,unsegmented-indented,bukan_neutrofil,0,0,0,0,0,5135
LY_123592_ccrop.jpg,Lymphocyte,unsegmented-round,bukan_neutrofil,0,0,0,0,0,5444
LY_125347_ccrop.jpg,Lymphocyte,unsegmented-round,bukan_neutrofil,0,0,0,0,0,5286
LY_128283_ccrop.jpg,Lymphocyte,unsegmented-round,bukan_neutrofil,0,0,0,0,0,7235
LY_128386_ccrop.jpg,Lymphocyte,unsegmented-round,bukan_neutrofil,0,0,0,0,0,6181
LY_130316_ccrop.jpg,Lymphocyte,unsegmented-round,bukan_neutrofil,0,0,0,0,0,5198
LY_130805_ccrop.jpg,Lymphocyte,unsegmented-round,bukan_neutrofil,0,0,0,0,0,5699
LY_131763_ccrop.jpg,Lymphocyte,unsegmented-indented,bukan_neutrofil,0,0,0,0,0,6409
LY_134035_ccrop.jpg,Lymphocyte,unsegmented-round,bukan_neutrofil,0,0,0,0,0,4819
LY_13552_ccrop.jpg,Lymphocyte,unsegmented-round,bukan_neutrofil,0,0,0,0,0,6836
LY_135776_ccrop.jpg,Lymphocyte,unsegmented-round,bukan_neutrofil,0,0,0,0,0,8020
LY_136500_ccrop.jpg,Lymphocyte,unsegmented-round,bukan_neutrofil,0,0,0,0,0,4582
LY_13652_ccrop.jpg,Lymphocyte,unsegmented-round,bukan_neutrofil,0,0,0,0,0,5542
LY_139845_ccrop.jpg,Lymphocyte,irregular,bukan_neutrofil,0,0,0,0,0,6577
LY_14026515_ccrop.jpg,Lymphocyte,unsegmented-round,bukan_neutrofil,0,0,0,0,0,6446
LY_14139_ccrop.jpg,Lymphocyte,unsegmented-round,bukan_neutrofil,0,0,0,0,0,5078
LY_141780_ccrop.jpg,Lymphocyte,unsegmented-round,bukan_neutrofil,0,0,0,0,0,6466
LY_147262_ccrop.jpg,Lymphocyte,unsegmented-round,bukan_neutrofil,0,0,0,0,0,6614
LY_149732_ccrop.jpg,Lymphocyte,unsegmented-indented,bukan_neutrofil,0,0,0,0,0,6354
LY_151689_ccrop.jpg,Lymphocyte,unsegmented-round,bukan_neutrofil,0,0,0,0,0,5754
LY_153467_ccrop.jpg,Lymphocyte,unsegmented-indented,bukan_neutrofil,0,0,0,0,0,5441
LY_155590_ccrop.jpg,Lymphocyte,unsegmented-round,bukan_neutrofil,0,0,0,0,0,5382
LY_157670_ccrop.jpg,Lymphocyte,unsegmented-round,bukan_neutrofil,0,0,0,0,0,6997
LY_158006_ccrop.jpg,Lymphocyte,unsegmented-round,bukan_neutrofil,0,0,0,0,0,6859
LY_158602_ccrop.jpg,Lymphocyte,unsegmented-round,bukan_neutrofil,0,0,0,0,0,6857
LY_159509_ccrop.jpg,Lymphocyte,unsegmented-round,bukan_neutrofil,0,0,0,0,0,6572
LY_16157_ccrop.jpg,Lymphocyte,unsegmented-round,bukan_neutrofil,0,0,0,0,0,6208
LY_165111_ccrop.jpg,Lymphocyte,unsegmented-round,bukan_neutrofil,2,907,906,0,2,9977
LY_166694_ccrop.jpg,Lymphocyte,irregular,bukan_neutrofil,0,0,0,0,0,6453
LY_167158_ccrop.jpg,Lymphocyte,unsegmented-round,bukan_neutrofil,0,0,0,0,0,4531
LY_16740_ccrop.jpg,Lymphocyte,unsegmented-round,bukan_neutrofil,0,0,0,0,0,6091
LY_168926_ccrop.jpg,Lymphocyte,unsegmented-round,bukan_neutrofil,0,0,0,0,0,4212
LY_169448_ccrop.jpg,Lymphocyte,unsegmented-round,bukan_neutrofil,0,0,0,0,0,6306
LY_169905_ccrop.jpg,Lymphocyte,unsegmented-indented,bukan_neutrofil,0,0,0,0,0,6069
LY_170874_ccrop.jpg,Lymphocyte,unsegmented-indented,bukan_neutrofil,0,0,0,0,0,6196
LY_171028_ccrop.jpg,Lymphocyte,unsegmented-indented,bukan_neutrofil,0,0,0,0,0,6514
LY_171137_ccrop.jpg,Lymphocyte,unsegmented-round,bukan_neutrofil,0,0,0,0,0,5933
LY_171934_ccrop.jpg,Lymphocyte,unsegmented-round,bukan_neutrofil,0,0,0,0,0,7406
LY_173236_ccrop.jpg,Lymphocyte,unsegmented-round,bukan_neutrofil,0,0,0,0,0,6335
LY_17369_ccrop.jpg,Lymphocyte,unsegmented-round,bukan_neutrofil,0,0,0,0,0,6816
LY_175082_ccrop.jpg,Lymphocyte,unsegmented-round,bukan_neutrofil,0,0,0,0,0,5528
LY_175126_ccrop.jpg,Lymphocyte,unsegmented-round,bukan_neutrofil,0,0,0,0,0,5812
LY_176592_ccrop.jpg,Lymphocyte,unsegmented-round,bukan_neutrofil,0,0,0,0,0,4641
LY_176821_ccrop.jpg,Lymphocyte,unsegmented-round,bukan_neutrofil,0,0,0,0,0,6445
LY_177713_ccrop.jpg,Lymphocyte,unsegmented-round,bukan_neutrofil,0,0,0,0,0,5390
LY_179230_ccrop.jpg,Lymphocyte,unsegmented-round,bukan_neutrofil,0,0,0,0,0,5699
LY_179585_ccrop.jpg,Lymphocyte,unsegmented-round,bukan_neutrofil,0,0,0,0,0,6474
LY_182632_ccrop.jpg,Lymphocyte,unsegmented-round,bukan_neutrofil,0,0,0,0,0,5264
LY_183839_ccrop.jpg,Lymphocyte,unsegmented-round,bukan_neutrofil,0,0,0,0,0,6648
LY_185090_ccrop.jpg,Lymphocyte,unsegmented-round,bukan_neutrofil,0,0,0,0,0,5551
LY_185165_ccrop.jpg,Lymphocyte,unsegmented-round,bukan_neutrofil,0,0,0,0,0,4967
LY_185647_ccrop.jpg,Lymphocyte,unsegmented-round,bukan_neutrofil,0,0,0,0,0,5834
LY_185977_ccrop.jpg,Lymphocyte,unsegmented-round,bukan_neutrofil,0,0,0,0,0,7584
LY_18659_ccrop.jpg,Lymphocyte,unsegmented-round,bukan_neutrofil,0,0,0,0,0,5577
LY_186621_ccrop.jpg,Lymphocyte,unsegmented-round,bukan_neutrofil,0,0,0,0,0,5871
LY_18831_ccrop.jpg,Lymphocyte,unsegmented-round,bukan_neutrofil,0,0,0,0,0,5734
LY_188800_ccrop.jpg,Lymphocyte,unsegmented-round,bukan_neutrofil,0,0,0,0,0,8464
LY_188895_ccrop.jpg,Lymphocyte,irregular,bukan_neutrofil,0,0,0,0,0,7744
LY_190035_ccrop.jpg,Lymphocyte,unsegmented-round,bukan_neutrofil,0,0,0,0,0,6226
LY_191979_ccrop.jpg,Lymphocyte,unsegmented-round,bukan_neutrofil,0,0,0,0,0,4004
LY_192261_ccrop.jpg,Lymphocyte,unsegmented-round,bukan_neutrofil,0,0,0,0,0,6069
LY_192703_ccrop.jpg,Lymphocyte,unsegmented-round,bukan_neutrofil,0,0,0,0,0,6145
LY_193652_ccrop.jpg,Lymphocyte,unsegmented-indented,bukan_neutrofil,0,0,0,0,0,7302
LY_195785_ccrop.jpg,Lymphocyte,unsegmented-indented,bukan_neutrofil,0,0,0,0,0,5833
LY_196284_ccrop.jpg,Lymphocyte,unsegmented-round,bukan_neutrofil,0,0,0,0,0,5028
LY_196753_ccrop.jpg,Lymphocyte,unsegmented-round,bukan_neutrofil,0,0,0,0,0,5408
LY_199801_ccrop.jpg,Lymphocyte,unsegmented-round,bukan_neutrofil,0,0,0,0,0,5831
LY_199996_ccrop.jpg,Lymphocyte,unsegmented-round,bukan_neutrofil,0,0,0,0,0,5826
LY_201087_ccrop.jpg,Lymphocyte,unsegmented-round,bukan_neutrofil,0,0,0,0,0,7027
LY_202821_ccrop.jpg,Lymphocyte,unsegmented-round,bukan_neutrofil,0,0,0,0,0,6077
LY_204996_ccrop.jpg,Lymphocyte,unsegmented-round,bukan_neutrofil,0,0,0,0,0,6187
LY_206434_ccrop.jpg,Lymphocyte,unsegmented-round,bukan_neutrofil,0,0,0,0,0,5144
LY_206555_ccrop.jpg,Lymphocyte,unsegmented-indented,bukan_neutrofil,0,0,0,0,0,7071
LY_206769_ccrop.jpg,Lymphocyte,unsegmented-round,bukan_neutrofil,0,0,0,0,0,5708
LY_219603_ccrop.jpg,Lymphocyte,unsegmented-indented,bukan_neutrofil,0,0,0,0,0,6920
LY_220151_ccrop.jpg,Lymphocyte,unsegmented-indented,bukan_neutrofil,0,0,0,0,0,5454
LY_221345_ccrop.jpg,Lymphocyte,unsegmented-indented,bukan_neutrofil,0,0,0,0,0,6396
LY_225365_ccrop.jpg,Lymphocyte,unsegmented-round,bukan_neutrofil,0,0,0,0,0,5851
LY_226845_ccrop.jpg,Lymphocyte,unsegmented-round,bukan_neutrofil,0,0,0,0,0,5851
LY_227964_ccrop.jpg,Lymphocyte,unsegmented-round,bukan_neutrofil,0,0,0,0,0,5657
LY_230548_ccrop.jpg,Lymphocyte,unsegmented-round,bukan_neutrofil,0,0,0,0,0,6740
LY_231533_ccrop.jpg,Lymphocyte,unsegmented-round,bukan_neutrofil,0,0,0,0,0,9377
LY_231853_ccrop.jpg,Lymphocyte,unsegmented-round,bukan_neutrofil,0,0,0,0,0,4831
LY_232894_ccrop.jpg,Lymphocyte,unsegmented-round,bukan_neutrofil,0,0,0,0,0,5612
LY_234523_ccrop.jpg,Lymphocyte,unsegmented-indented,bukan_neutrofil,0,0,0,0,0,5683
LY_234637_ccrop.jpg,Lymphocyte,unsegmented-round,bukan_neutrofil,0,0,0,0,0,6655
LY_234854_ccrop.jpg,Lymphocyte,unsegmented-round,bukan_neutrofil,0,0,0,0,0,5861
LY_240150_ccrop.jpg,Lymphocyte,unsegmented-round,bukan_neutrofil,0,0,0,0,0,4430
LY_241891_ccrop.jpg,Lymphocyte,unsegmented-round,bukan_neutrofil,0,0,0,0,0,6249
LY_242718_ccrop.jpg,Lymphocyte,unsegmented-round,bukan_neutrofil,0,0,0,0,0,6263
LY_245216_ccrop.jpg,Lymphocyte,unsegmented-round,bukan_neutrofil,0,0,0,0,0,5255
LY_245917_ccrop.jpg,Lymphocyte,unsegmented-round,bukan_neutrofil,0,0,0,0,0,5655
LY_246286_ccrop.jpg,Lymphocyte,unsegmented-indented,bukan_neutrofil,0,0,0,0,0,7220
LY_247228_ccrop.jpg,Lymphocyte,unsegmented-round,bukan_neutrofil,0,0,0,0,0,5213
LY_247915_ccrop.jpg,Lymphocyte,unsegmented-round,bukan_neutrofil,0,0,0,0,0,5869
LY_249136_ccrop.jpg,Lymphocyte,unsegmented-round,bukan_neutrofil,0,0,0,0,0,5349
LY_251597_ccrop.jpg,Lymphocyte,irregular,bukan_neutrofil,0,0,0,0,0,6216
LY_253379_ccrop.jpg,Lymphocyte,unsegmented-round,bukan_neutrofil,0,0,0,0,0,5324
LY_25387_ccrop.jpg,Lymphocyte,unsegmented-round,bukan_neutrofil,0,0,0,0,0,6650
LY_254174_ccrop.jpg,Lymphocyte,unsegmented-round,bukan_neutrofil,0,0,0,0,0,5923
LY_254678_ccrop.jpg,Lymphocyte,unsegmented-round,bukan_neutrofil,0,0,0,0,0,8428
LY_257379_ccrop.jpg,Lymphocyte,unsegmented-round,bukan_neutrofil,0,0,0,0,0,5819
LY_258828_ccrop.jpg,Lymphocyte,unsegmented-round,bukan_neutrofil,0,0,0,0,0,5452
LY_259219_ccrop.jpg,Lymphocyte,unsegmented-round,bukan_neutrofil,0,0,0,0,0,5338
LY_260801_ccrop.jpg,Lymphocyte,unsegmented-round,bukan_neutrofil,0,0,0,0,0,5830
LY_262697_ccrop.jpg,Lymphocyte,unsegmented-round,bukan_neutrofil,0,0,0,0,0,3995
LY_265119_ccrop.jpg,Lymphocyte,irregular,bukan_neutrofil,0,0,0,0,0,5584
LY_266282_ccrop.jpg,Lymphocyte,unsegmented-round,bukan_neutrofil,0,0,0,0,0,5894
LY_266337_ccrop.jpg,Lymphocyte,unsegmented-round,bukan_neutrofil,0,0,0,0,0,6501
LY_267075_ccrop.jpg,Lymphocyte,unsegmented-round,bukan_neutrofil,0,0,0,0,0,5209
LY_267115_ccrop.jpg,Lymphocyte,unsegmented-round,bukan_neutrofil,0,0,0,0,0,4962
LY_267543_ccrop.jpg,Lymphocyte,unsegmented-indented,bukan_neutrofil,0,0,0,0,0,6610
LY_26778_ccrop.jpg,Lymphocyte,unsegmented-round,bukan_neutrofil,0,0,0,0,0,6246
LY_267946_ccrop.jpg,Lymphocyte,unsegmented-round,bukan_neutrofil,0,0,0,0,0,6115
LY_268736_ccrop.jpg,Lymphocyte,unsegmented-round,bukan_neutrofil,0,0,0,0,0,5267
LY_269543_ccrop.jpg,Lymphocyte,unsegmented-round,bukan_neutrofil,0,0,0,0,0,4940
LY_271375_ccrop.jpg,Lymphocyte,unsegmented-round,bukan_neutrofil,0,0,0,0,0,4683
LY_271938_ccrop.jpg,Lymphocyte,unsegmented-round,bukan_neutrofil,0,0,0,0,0,6072
LY_272801_ccrop.jpg,Lymphocyte,unsegmented-round,bukan_neutrofil,0,0,0,0,0,7090
LY_272907_ccrop.jpg,Lymphocyte,unsegmented-round,bukan_neutrofil,0,0,0,0,0,7678
LY_273921_ccrop.jpg,Lymphocyte,unsegmented-round,bukan_neutrofil,0,0,0,0,0,6631
LY_277772_ccrop.jpg,Lymphocyte,unsegmented-round,bukan_neutrofil,0,0,0,0,0,6574
LY_27994_ccrop.jpg,Lymphocyte,unsegmented-round,bukan_neutrofil,0,0,0,0,0,5582
LY_282632_ccrop.jpg,Lymphocyte,unsegmented-round,bukan_neutrofil,0,0,0,0,0,6066
LY_283524_ccrop.jpg,Lymphocyte,unsegmented-indented,bukan_neutrofil,0,0,0,0,0,5797
LY_283526_ccrop.jpg,Lymphocyte,unsegmented-indented,bukan_neutrofil,0,0,0,0,0,5975
LY_28473_ccrop.jpg,Lymphocyte,unsegmented-round,bukan_neutrofil,0,0,0,0,0,5281
LY_284797_ccrop.jpg,Lymphocyte,unsegmented-indented,bukan_neutrofil,0,0,0,0,0,6760
LY_285165_ccrop.jpg,Lymphocyte,unsegmented-round,bukan_neutrofil,0,0,0,0,0,6761
LY_285343_ccrop.jpg,Lymphocyte,unsegmented-round,bukan_neutrofil,0,0,0,0,0,5449
LY_286569_ccrop.jpg,Lymphocyte,unsegmented-round,bukan_neutrofil,0,0,0,0,0,6119
LY_286920_ccrop.jpg,Lymphocyte,unsegmented-round,bukan_neutrofil,0,0,0,0,0,4829
LY_288132_ccrop.jpg,Lymphocyte,unsegmented-indented,bukan_neutrofil,0,0,0,0,0,6753
LY_288197_ccrop.jpg,Lymphocyte,unsegmented-indented,bukan_neutrofil,0,0,0,0,0,7058
LY_289164_ccrop.jpg,Lymphocyte,irregular,bukan_neutrofil,0,0,0,0,0,6648
LY_289402_ccrop.jpg,Lymphocyte,unsegmented-round,bukan_neutrofil,0,0,0,0,0,5644
LY_289852_ccrop.jpg,Lymphocyte,unsegmented-round,bukan_neutrofil,0,0,0,0,0,6614
LY_291851_ccrop.jpg,Lymphocyte,unsegmented-round,bukan_neutrofil,0,0,0,0,0,6674
LY_29236_ccrop.jpg,Lymphocyte,unsegmented-round,bukan_neutrofil,0,0,0,0,0,5387
LY_294207_ccrop.jpg,Lymphocyte,unsegmented-round,bukan_neutrofil,0,0,0,0,0,4472
LY_294345_ccrop.jpg,Lymphocyte,unsegmented-round,bukan_neutrofil,0,0,0,0,0,3766
LY_295331_ccrop.jpg,Lymphocyte,unsegmented-round,bukan_neutrofil,0,0,0,0,0,3561
LY_297538_ccrop.jpg,Lymphocyte,unsegmented-round,bukan_neutrofil,0,0,0,0,0,7193
LY_297929_ccrop.jpg,Lymphocyte,unsegmented-indented,bukan_neutrofil,0,0,0,0,0,6959
LY_299709_ccrop.jpg,Lymphocyte,unsegmented-round,bukan_neutrofil,0,0,0,0,0,5302
LY_299780_ccrop.jpg,Lymphocyte,unsegmented-round,bukan_neutrofil,0,0,0,0,0,5048
LY_300487_ccrop.jpg,Lymphocyte,unsegmented-round,bukan_neutrofil,0,0,0,0,0,5576
LY_301320_ccrop.jpg,Lymphocyte,unsegmented-round,bukan_neutrofil,0,0,0,0,0,6661
LY_301915_ccrop.jpg,Lymphocyte,unsegmented-round,bukan_neutrofil,0,0,0,0,0,5604
LY_303897_ccrop.jpg,Lymphocyte,unsegmented-round,bukan_neutrofil,0,0,0,0,0,6379
LY_304716_ccrop.jpg,Lymphocyte,unsegmented-round,bukan_neutrofil,0,0,0,0,0,5475
LY_305468_ccrop.jpg,Lymphocyte,unsegmented-round,bukan_neutrofil,0,0,0,0,0,6175
LY_310222_ccrop.jpg,Lymphocyte,unsegmented-round,bukan_neutrofil,0,0,0,0,0,5931
LY_310881_ccrop.jpg,Lymphocyte,unsegmented-round,bukan_neutrofil,0,0,0,0,0,6778
LY_311593_ccrop.jpg,Lymphocyte,unsegmented-indented,bukan_neutrofil,0,0,0,0,0,7505
LY_313032_ccrop.jpg,Lymphocyte,unsegmented-indented,bukan_neutrofil,0,0,0,0,0,7208
LY_314069_ccrop.jpg,Lymphocyte,unsegmented-round,bukan_neutrofil,0,0,0,0,0,6225
LY_314311_ccrop.jpg,Lymphocyte,unsegmented-round,bukan_neutrofil,0,0,0,0,0,5619
LY_314460_ccrop.jpg,Lymphocyte,unsegmented-indented,bukan_neutrofil,0,0,0,0,0,6466
LY_314798_ccrop.jpg,Lymphocyte,unsegmented-round,bukan_neutrofil,0,0,0,0,0,5008
LY_316610_ccrop.jpg,Lymphocyte,unsegmented-indented,bukan_neutrofil,0,0,0,0,0,6090
LY_316754_ccrop.jpg,Lymphocyte,unsegmented-round,bukan_neutrofil,0,0,0,0,0,5901
LY_319013_ccrop.jpg,Lymphocyte,unsegmented-round,bukan_neutrofil,0,0,0,0,0,6423
LY_323391_ccrop.jpg,Lymphocyte,unsegmented-round,bukan_neutrofil,0,0,0,0,0,5129
LY_32573_ccrop.jpg,Lymphocyte,unsegmented-round,bukan_neutrofil,0,0,0,0,0,5009
LY_327678_ccrop.jpg,Lymphocyte,unsegmented-round,bukan_neutrofil,0,0,0,0,0,7554
LY_327976_ccrop.jpg,Lymphocyte,unsegmented-indented,bukan_neutrofil,0,0,0,0,0,6506
LY_32865_ccrop.jpg,Lymphocyte,unsegmented-round,bukan_neutrofil,0,0,0,0,0,5425
LY_32985_ccrop.jpg,Lymphocyte,unsegmented-round,bukan_neutrofil,0,0,0,0,0,6188
LY_329937_ccrop.jpg,Lymphocyte,unsegmented-round,bukan_neutrofil,0,0,0,0,0,8172
LY_330674_ccrop.jpg,Lymphocyte,unsegmented-indented,bukan_neutrofil,0,0,0,0,0,7383
LY_33094_ccrop.jpg,Lymphocyte,unsegmented-round,bukan_neutrofil,0,0,0,0,0,6459
LY_331610_ccrop.jpg,Lymphocyte,unsegmented-round,bukan_neutrofil,0,0,0,0,0,6377
LY_334677_ccrop.jpg,Lymphocyte,unsegmented-round,bukan_neutrofil,0,0,0,0,0,5750
LY_335429_ccrop.jpg,Lymphocyte,unsegmented-round,bukan_neutrofil,0,0,0,0,0,7989
LY_338197_ccrop.jpg,Lymphocyte,irregular,bukan_neutrofil,0,0,0,0,0,5785
LY_342034_ccrop.jpg,Lymphocyte,irregular,bukan_neutrofil,0,0,0,0,0,5523
LY_342545_ccrop.jpg,Lymphocyte,unsegmented-indented,bukan_neutrofil,0,0,0,0,0,6297
LY_343316_ccrop.jpg,Lymphocyte,unsegmented-round,bukan_neutrofil,0,0,0,0,0,6720
LY_343524_ccrop.jpg,Lymphocyte,unsegmented-round,bukan_neutrofil,0,0,0,0,0,8811
LY_344050_ccrop.jpg,Lymphocyte,unsegmented-round,bukan_neutrofil,0,0,0,0,0,5433
LY_345885_ccrop.jpg,Lymphocyte,unsegmented-round,bukan_neutrofil,0,0,0,0,0,6786
LY_345919_ccrop.jpg,Lymphocyte,unsegmented-indented,bukan_neutrofil,0,0,0,0,0,6255
LY_346776_ccrop.jpg,Lymphocyte,unsegmented-round,bukan_neutrofil,0,0,0,0,0,6442
LY_349557_ccrop.jpg,Lymphocyte,unsegmented-round,bukan_neutrofil,0,0,0,0,0,5601
LY_350545_ccrop.jpg,Lymphocyte,unsegmented-round,bukan_neutrofil,0,0,0,0,0,6325
LY_3530_ccrop.jpg,Lymphocyte,unsegmented-round,bukan_neutrofil,0,0,0,0,0,6562
LY_35419_ccrop.jpg,Lymphocyte,unsegmented-round,bukan_neutrofil,0,0,0,0,0,7552
LY_354805_ccrop.jpg,Lymphocyte,unsegmented-round,bukan_neutrofil,0,0,0,0,0,4648
LY_355473_ccrop.jpg,Lymphocyte,unsegmented-round,bukan_neutrofil,0,0,0,0,0,6121
LY_35661_ccrop.jpg,Lymphocyte,unsegmented-indented,bukan_neutrofil,0,0,0,0,0,6504
LY_358166_ccrop.jpg,Lymphocyte,unsegmented-round,bukan_neutrofil,0,0,0,0,0,5794
LY_358883_ccrop.jpg,Lymphocyte,unsegmented-round,bukan_neutrofil,0,0,0,0,0,7009
LY_359239_ccrop.jpg,Lymphocyte,unsegmented-round,bukan_neutrofil,0,0,0,0,0,5889
LY_360293_ccrop.jpg,Lymphocyte,unsegmented-indented,bukan_neutrofil,0,0,0,0,0,7152
LY_360969_ccrop.jpg,Lymphocyte,unsegmented-round,bukan_neutrofil,0,0,0,0,0,6183
LY_363064_ccrop.jpg,Lymphocyte,unsegmented-indented,bukan_neutrofil,0,0,0,0,0,6936
LY_364702_ccrop.jpg,Lymphocyte,unsegmented-round,bukan_neutrofil,0,0,0,0,0,6561
LY_365740_ccrop.jpg,Lymphocyte,unsegmented-indented,bukan_neutrofil,0,0,0,0,0,6518
LY_368040_ccrop.jpg,Lymphocyte,unsegmented-round,bukan_neutrofil,0,0,0,0,0,6485
LY_368893_ccrop.jpg,Lymphocyte,unsegmented-round,bukan_neutrofil,0,0,0,0,0,5599
LY_369191_ccrop.jpg,Lymphocyte,unsegmented-indented,bukan_neutrofil,0,0,0,0,0,6191
LY_370728_ccrop.jpg,Lymphocyte,unsegmented-indented,bukan_neutrofil,0,0,0,0,0,7011
LY_371995_ccrop.jpg,Lymphocyte,unsegmented-round,bukan_neutrofil,0,0,0,0,0,6933
LY_372155_ccrop.jpg,Lymphocyte,unsegmented-indented,bukan_neutrofil,0,0,0,0,0,6175
LY_372460_ccrop.jpg,Lymphocyte,unsegmented-round,bukan_neutrofil,0,0,0,0,0,7100
LY_373035_ccrop.jpg,Lymphocyte,unsegmented-round,bukan_neutrofil,0,0,0,0,0,6126
LY_373896_ccrop.jpg,Lymphocyte,unsegmented-round,bukan_neutrofil,0,0,0,0,0,5730
LY_373928_ccrop.jpg,Lymphocyte,unsegmented-round,bukan_neutrofil,0,0,0,0,0,5035
LY_374713_ccrop.jpg,Lymphocyte,unsegmented-round,bukan_neutrofil,0,0,0,0,0,4853
LY_376059_ccrop.jpg,Lymphocyte,unsegmented-round,bukan_neutrofil,0,0,0,0,0,5939
LY_377102_ccrop.jpg,Lymphocyte,unsegmented-indented,bukan_neutrofil,0,0,0,0,0,5080
LY_377726_ccrop.jpg,Lymphocyte,unsegmented-round,bukan_neutrofil,0,0,0,0,0,6121
LY_381928_ccrop.jpg,Lymphocyte,unsegmented-indented,bukan_neutrofil,0,0,0,0,0,7471
LY_382149_ccrop.jpg,Lymphocyte,unsegmented-round,bukan_neutrofil,0,0,0,0,0,8419
LY_384608_ccrop.jpg,Lymphocyte,unsegmented-round,bukan_neutrofil,0,0,0,0,0,6683
LY_38503_ccrop.jpg,Lymphocyte,unsegmented-indented,bukan_neutrofil,0,0,0,0,0,6554
LY_38716_ccrop.jpg,Lymphocyte,unsegmented-round,bukan_neutrofil,0,0,0,0,0,7101
LY_387243_ccrop.jpg,Lymphocyte,unsegmented-indented,bukan_neutrofil,0,0,0,0,0,6087
LY_389583_ccrop.jpg,Lymphocyte,unsegmented-round,bukan_neutrofil,0,0,0,0,0,6224
LY_390727_ccrop.jpg,Lymphocyte,unsegmented-round,bukan_neutrofil,0,0,0,0,0,6883
LY_392666_ccrop.jpg,Lymphocyte,unsegmented-indented,bukan_neutrofil,0,0,0,0,0,5740
LY_393379_ccrop.jpg,Lymphocyte,irregular,bukan_neutrofil,0,0,0,0,0,3509
LY_396205_ccrop.jpg,Lymphocyte,unsegmented-round,bukan_neutrofil,0,0,0,0,0,6623
LY_396797_ccrop.jpg,Lymphocyte,unsegmented-indented,bukan_neutrofil,0,0,0,0,0,6515
LY_397086_ccrop.jpg,Lymphocyte,unsegmented-round,bukan_neutrofil,0,0,0,0,0,4471
LY_397238_ccrop.jpg,Lymphocyte,unsegmented-round,bukan_neutrofil,0,0,0,0,0,7463
LY_399314_ccrop.jpg,Lymphocyte,unsegmented-indented,bukan_neutrofil,1,1,1,0,1,4537
LY_399400_ccrop.jpg,Lymphocyte,unsegmented-indented,bukan_neutrofil,0,0,0,0,0,7501
LY_400974_ccrop.jpg,Lymphocyte,unsegmented-round,bukan_neutrofil,0,0,0,0,0,5763
LY_40134_ccrop.jpg,Lymphocyte,unsegmented-round,bukan_neutrofil,0,0,0,0,0,5630
LY_404119_ccrop.jpg,Lymphocyte,unsegmented-round,bukan_neutrofil,0,0,0,0,0,5923
LY_404823_ccrop.jpg,Lymphocyte,unsegmented-round,bukan_neutrofil,0,0,0,0,0,4782
LY_407257_ccrop.jpg,Lymphocyte,unsegmented-round,bukan_neutrofil,0,0,0,0,0,5732
LY_408701_ccrop.jpg,Lymphocyte,unsegmented-round,bukan_neutrofil,0,0,0,0,0,7516
LY_409407_ccrop.jpg,Lymphocyte,unsegmented-round,bukan_neutrofil,0,0,0,0,0,4793
LY_411308_ccrop.jpg,Lymphocyte,unsegmented-round,bukan_neutrofil,0,0,0,0,0,4987
LY_411816_ccrop.jpg,Lymphocyte,unsegmented-round,bukan_neutrofil,0,0,0,0,0,3694
LY_412460_ccrop.jpg,Lymphocyte,unsegmented-round,bukan_neutrofil,0,0,0,0,0,7382
LY_414639_ccrop.jpg,Lymphocyte,unsegmented-round,bukan_neutrofil,0,0,0,0,0,6279
LY_415263_ccrop.jpg,Lymphocyte,unsegmented-round,bukan_neutrofil,0,0,0,0,0,5108
LY_416532_ccrop.jpg,Lymphocyte,unsegmented-round,bukan_neutrofil,0,0,0,0,0,6480
LY_418108_ccrop.jpg,Lymphocyte,unsegmented-round,bukan_neutrofil,0,0,0,0,0,6084
LY_418188_ccrop.jpg,Lymphocyte,unsegmented-round,bukan_neutrofil,0,0,0,0,0,7965
LY_418697_ccrop.jpg,Lymphocyte,unsegmented-round,bukan_neutrofil,0,0,0,0,0,6569
LY_418919_ccrop.jpg,Lymphocyte,unsegmented-round,bukan_neutrofil,0,0,0,0,0,6739
LY_419777_ccrop.jpg,Lymphocyte,unsegmented-round,bukan_neutrofil,0,0,0,0,0,4130
LY_420083_ccrop.jpg,Lymphocyte,unsegmented-indented,bukan_neutrofil,0,0,0,0,0,5454
LY_420170_ccrop.jpg,Lymphocyte,unsegmented-round,bukan_neutrofil,0,0,0,0,0,5048
LY_422051_ccrop.jpg,Lymphocyte,unsegmented-indented,bukan_neutrofil,0,0,0,0,0,6493
LY_422181_ccrop.jpg,Lymphocyte,irregular,bukan_neutrofil,0,0,0,0,0,5615
LY_42352_ccrop.jpg,Lymphocyte,unsegmented-round,bukan_neutrofil,0,0,0,0,0,5140
LY_424808_ccrop.jpg,Lymphocyte,unsegmented-round,bukan_neutrofil,0,0,0,0,0,6429
LY_426695_ccrop.jpg,Lymphocyte,unsegmented-round,bukan_neutrofil,0,0,0,0,0,8543
LY_432777_ccrop.jpg,Lymphocyte,unsegmented-round,bukan_neutrofil,0,0,0,0,0,6536
LY_433828_ccrop.jpg,Lymphocyte,unsegmented-round,bukan_neutrofil,0,0,0,0,0,4943
LY_434773_ccrop.jpg,Lymphocyte,unsegmented-indented,bukan_neutrofil,0,0,0,0,0,6072
LY_43551_ccrop.jpg,Lymphocyte,unsegmented-round,bukan_neutrofil,0,0,0,0,0,6365
LY_435799_ccrop.jpg,Lymphocyte,unsegmented-round,bukan_neutrofil,0,0,0,0,0,5394
LY_436028_ccrop.jpg,Lymphocyte,unsegmented-indented,bukan_neutrofil,0,0,0,0,0,7717
LY_437182_ccrop.jpg,Lymphocyte,unsegmented-round,bukan_neutrofil,0,0,0,0,0,8188
LY_441727_ccrop.jpg,Lymphocyte,unsegmented-round,bukan_neutrofil,0,0,0,0,0,5419
LY_442263_ccrop.jpg,Lymphocyte,unsegmented-round,bukan_neutrofil,0,0,0,0,0,7707
LY_442318_ccrop.jpg,Lymphocyte,unsegmented-round,bukan_neutrofil,0,0,0,0,0,6503
LY_445892_ccrop.jpg,Lymphocyte,unsegmented-round,bukan_neutrofil,0,0,0,0,0,5144
LY_446643_ccrop.jpg,Lymphocyte,unsegmented-round,bukan_neutrofil,0,0,0,0,0,5373
LY_446951_ccrop.jpg,Lymphocyte,unsegmented-round,bukan_neutrofil,0,0,0,0,0,5447
LY_449981_ccrop.jpg,Lymphocyte,unsegmented-round,bukan_neutrofil,0,0,0,0,0,6069
LY_452127_ccrop.jpg,Lymphocyte,unsegmented-round,bukan_neutrofil,0,0,0,0,0,6532
LY_452316_ccrop.jpg,Lymphocyte,unsegmented-round,bukan_neutrofil,0,0,0,0,0,7784
LY_453245_ccrop.jpg,Lymphocyte,unsegmented-round,bukan_neutrofil,0,0,0,0,0,6842
LY_456457_ccrop.jpg,Lymphocyte,unsegmented-indented,bukan_neutrofil,0,0,0,0,0,8406
LY_462086_ccrop.jpg,Lymphocyte,unsegmented-round,bukan_neutrofil,0,0,0,0,0,5917
LY_467984_ccrop.jpg,Lymphocyte,unsegmented-round,bukan_neutrofil,0,0,0,0,0,6979
LY_468574_ccrop.jpg,Lymphocyte,unsegmented-round,bukan_neutrofil,0,0,0,0,0,6400
LY_468617_ccrop.jpg,Lymphocyte,unsegmented-round,bukan_neutrofil,0,0,0,0,0,5806
LY_471743_ccrop.jpg,Lymphocyte,unsegmented-round,bukan_neutrofil,0,0,0,0,0,6208
LY_476486_ccrop.jpg,Lymphocyte,unsegmented-round,bukan_neutrofil,0,0,0,0,0,4979
LY_476808_ccrop.jpg,Lymphocyte,unsegmented-round,bukan_neutrofil,0,0,0,0,0,6230
LY_476874_ccrop.jpg,Lymphocyte,unsegmented-round,bukan_neutrofil,0,0,0,0,0,5346
LY_478787_ccrop.jpg,Lymphocyte,unsegmented-round,bukan_neutrofil,0,0,0,0,0,6192
LY_478980_ccrop.jpg,Lymphocyte,unsegmented-round,bukan_neutrofil,0,0,0,0,0,6149
LY_479756_ccrop.jpg,Lymphocyte,unsegmented-round,bukan_neutrofil,0,0,0,0,0,7636
LY_482031_ccrop.jpg,Lymphocyte,unsegmented-round,bukan_neutrofil,0,0,0,0,0,5759
LY_482905_ccrop.jpg,Lymphocyte,unsegmented-indented,bukan_neutrofil,0,0,0,0,0,6401
LY_483585_ccrop.jpg,Lymphocyte,unsegmented-round,bukan_neutrofil,0,0,0,0,0,7679
LY_483856_ccrop.jpg,Lymphocyte,unsegmented-round,bukan_neutrofil,0,0,0,0,0,6267
LY_483984_ccrop.jpg,Lymphocyte,unsegmented-round,bukan_neutrofil,0,0,0,0,0,6557
LY_485238_ccrop.jpg,Lymphocyte,unsegmented-round,bukan_neutrofil,0,0,0,0,0,5873
LY_485381_ccrop.jpg,Lymphocyte,unsegmented-indented,bukan_neutrofil,0,0,0,0,0,5480
LY_486255_ccrop.jpg,Lymphocyte,unsegmented-indented,bukan_neutrofil,0,0,0,0,0,6291
LY_486418_ccrop.jpg,Lymphocyte,unsegmented-round,bukan_neutrofil,0,0,0,0,0,5943
LY_488343_ccrop.jpg,Lymphocyte,unsegmented-round,bukan_neutrofil,0,0,0,0,0,5053
LY_489582_ccrop.jpg,Lymphocyte,unsegmented-round,bukan_neutrofil,0,0,0,0,0,5495
LY_490073_ccrop.jpg,Lymphocyte,unsegmented-round,bukan_neutrofil,0,0,0,0,0,7327
LY_490610_ccrop.jpg,Lymphocyte,unsegmented-round,bukan_neutrofil,0,0,0,0,0,5912
LY_492956_ccrop.jpg,Lymphocyte,unsegmented-indented,bukan_neutrofil,0,0,0,0,0,5387
LY_493016_ccrop.jpg,Lymphocyte,unsegmented-round,bukan_neutrofil,0,0,0,0,0,7354
LY_497395_ccrop.jpg,Lymphocyte,unsegmented-indented,bukan_neutrofil,0,0,0,0,0,6519
LY_500880_ccrop.jpg,Lymphocyte,unsegmented-round,bukan_neutrofil,0,0,0,0,0,5761
LY_503175_ccrop.jpg,Lymphocyte,unsegmented-indented,bukan_neutrofil,0,0,0,0,0,7051
LY_503715_ccrop.jpg,Lymphocyte,unsegmented-indented,bukan_neutrofil,0,0,0,0,0,6846
LY_506225_ccrop.jpg,Lymphocyte,unsegmented-indented,bukan_neutrofil,0,0,0,0,0,7061
LY_506441_ccrop.jpg,Lymphocyte,unsegmented-round,bukan_neutrofil,0,0,0,0,0,5440
LY_506533_ccrop.jpg,Lymphocyte,unsegmented-round,bukan_neutrofil,0,0,0,0,0,7821
LY_507266_ccrop.jpg,Lymphocyte,unsegmented-round,bukan_neutrofil,0,0,0,0,0,8830
LY_511879_ccrop.jpg,Lymphocyte,unsegmented-round,bukan_neutrofil,0,0,0,0,0,6064
LY_512098_ccrop.jpg,Lymphocyte,unsegmented-round,bukan_neutrofil,0,0,0,0,0,5650
LY_514170_ccrop.jpg,Lymphocyte,irregular,bukan_neutrofil,0,0,0,0,0,5768
LY_514232_ccrop.jpg,Lymphocyte,unsegmented-round,bukan_neutrofil,0,0,0,0,0,5975
LY_515035_ccrop.jpg,Lymphocyte,unsegmented-round,bukan_neutrofil,0,0,0,0,0,6558
LY_515199_ccrop.jpg,Lymphocyte,unsegmented-round,bukan_neutrofil,0,0,0,0,0,5998
LY_516086_ccrop.jpg,Lymphocyte,irregular,bukan_neutrofil,0,0,0,0,0,7208
LY_517573_ccrop.jpg,Lymphocyte,unsegmented-round,bukan_neutrofil,0,0,0,0,0,6248
LY_518572_ccrop.jpg,Lymphocyte,unsegmented-round,bukan_neutrofil,0,0,0,0,0,6575
LY_519247_ccrop.jpg,Lymphocyte,unsegmented-round,bukan_neutrofil,0,0,0,0,0,5051
LY_520157_ccrop.jpg,Lymphocyte,unsegmented-round,bukan_neutrofil,0,0,0,0,0,6653
LY_524303_ccrop.jpg,Lymphocyte,unsegmented-round,bukan_neutrofil,0,0,0,0,0,6627
LY_524425_ccrop.jpg,Lymphocyte,unsegmented-round,bukan_neutrofil,0,0,0,0,0,5787
LY_524589_ccrop.jpg,Lymphocyte,unsegmented-round,bukan_neutrofil,0,0,0,0,0,7663
LY_526267_ccrop.jpg,Lymphocyte,unsegmented-indented,bukan_neutrofil,0,0,0,0,0,6282
LY_527440_ccrop.jpg,Lymphocyte,unsegmented-round,bukan_neutrofil,0,0,0,0,0,6257
LY_528060_ccrop.jpg,Lymphocyte,unsegmented-round,bukan_neutrofil,0,0,0,0,0,6755
LY_528196_ccrop.jpg,Lymphocyte,unsegmented-round,bukan_neutrofil,0,0,0,0,0,5786
LY_528641_ccrop.jpg,Lymphocyte,unsegmented-indented,bukan_neutrofil,0,0,0,0,0,5705
LY_530877_ccrop.jpg,Lymphocyte,unsegmented-round,bukan_neutrofil,0,0,0,0,0,5598
LY_532750_ccrop.jpg,Lymphocyte,unsegmented-round,bukan_neutrofil,0,0,0,0,0,6082
LY_533974_ccrop.jpg,Lymphocyte,unsegmented-indented,bukan_neutrofil,0,0,0,0,0,6733
LY_534632_ccrop.jpg,Lymphocyte,unsegmented-round,bukan_neutrofil,0,0,0,0,0,6564
LY_538542_ccrop.jpg,Lymphocyte,unsegmented-round,bukan_neutrofil,0,0,0,0,0,5407
LY_538573_ccrop.jpg,Lymphocyte,unsegmented-round,bukan_neutrofil,0,0,0,0,0,5309
LY_539406_ccrop.jpg,Lymphocyte,unsegmented-round,bukan_neutrofil,0,0,0,0,0,6825
LY_540241_ccrop.jpg,Lymphocyte,unsegmented-round,bukan_neutrofil,0,0,0,0,0,5597
LY_541663_ccrop.jpg,Lymphocyte,unsegmented-round,bukan_neutrofil,0,0,0,0,0,5651
LY_544639_ccrop.jpg,Lymphocyte,unsegmented-round,bukan_neutrofil,0,0,0,0,0,4736
LY_545090_ccrop.jpg,Lymphocyte,unsegmented-indented,bukan_neutrofil,0,0,0,0,0,6254
LY_547808_ccrop.jpg,Lymphocyte,unsegmented-round,bukan_neutrofil,0,0,0,0,0,7525
LY_548338_ccrop.jpg,Lymphocyte,irregular,bukan_neutrofil,0,0,0,0,0,5940
LY_548542_ccrop.jpg,Lymphocyte,unsegmented-round,bukan_neutrofil,0,0,0,0,0,6528
LY_549209_ccrop.jpg,Lymphocyte,unsegmented-indented,bukan_neutrofil,0,0,0,0,0,4810
LY_551920_ccrop.jpg,Lymphocyte,unsegmented-round,bukan_neutrofil,0,0,0,0,0,6885
LY_553290_ccrop.jpg,Lymphocyte,unsegmented-round,bukan_neutrofil,0,0,0,0,0,4584
LY_553581_ccrop.jpg,Lymphocyte,unsegmented-round,bukan_neutrofil,0,0,0,0,0,5938
LY_554041_ccrop.jpg,Lymphocyte,unsegmented-round,bukan_neutrofil,0,0,0,0,0,6976
LY_554364_ccrop.jpg,Lymphocyte,unsegmented-round,bukan_neutrofil,0,0,0,0,0,6824
LY_554492_ccrop.jpg,Lymphocyte,unsegmented-round,bukan_neutrofil,0,0,0,0,0,5818
LY_554979_ccrop.jpg,Lymphocyte,unsegmented-round,bukan_neutrofil,0,0,0,0,0,6000
LY_555347_ccrop.jpg,Lymphocyte,unsegmented-round,bukan_neutrofil,0,0,0,0,0,5335
LY_557882_ccrop.jpg,Lymphocyte,unsegmented-round,bukan_neutrofil,0,0,0,0,0,6505
LY_558615_ccrop.jpg,Lymphocyte,unsegmented-round,bukan_neutrofil,0,0,0,0,0,5259
LY_562157_ccrop.jpg,Lymphocyte,unsegmented-round,bukan_neutrofil,0,0,0,0,0,4880
LY_562164_ccrop.jpg,Lymphocyte,unsegmented-round,bukan_neutrofil,0,0,0,0,0,6171
LY_562167_ccrop.jpg,Lymphocyte,unsegmented-round,bukan_neutrofil,0,0,0,0,0,6576
LY_564317_ccrop.jpg,Lymphocyte,unsegmented-round,bukan_neutrofil,0,0,0,0,0,5919
LY_564753_ccrop.jpg,Lymphocyte,unsegmented-round,bukan_neutrofil,0,0,0,0,0,6549
LY_565758_ccrop.jpg,Lymphocyte,unsegmented-round,bukan_neutrofil,0,0,0,0,0,6968
LY_566461_ccrop.jpg,Lymphocyte,unsegmented-round,bukan_neutrofil,0,0,0,0,0,6519
LY_568247_ccrop.jpg,Lymphocyte,unsegmented-round,bukan_neutrofil,0,0,0,0,0,7406
LY_570413_ccrop.jpg,Lymphocyte,unsegmented-round,bukan_neutrofil,0,0,0,0,0,6706
LY_570832_ccrop.jpg,Lymphocyte,unsegmented-round,bukan_neutrofil,0,0,0,0,0,5241
LY_571226_ccrop.jpg,Lymphocyte,unsegmented-round,bukan_neutrofil,0,0,0,0,0,4885
LY_572700_ccrop.jpg,Lymphocyte,unsegmented-indented,bukan_neutrofil,0,0,0,0,0,7062
LY_573984_ccrop.jpg,Lymphocyte,unsegmented-indented,bukan_neutrofil,0,0,0,0,0,7395
LY_575185_ccrop.jpg,Lymphocyte,unsegmented-indented,bukan_neutrofil,0,0,0,0,0,5644
LY_575898_ccrop.jpg,Lymphocyte,unsegmented-round,bukan_neutrofil,0,0,0,0,0,6266
LY_577773_ccrop.jpg,Lymphocyte,unsegmented-round,bukan_neutrofil,0,0,0,0,0,6283
LY_578344_ccrop.jpg,Lymphocyte,unsegmented-round,bukan_neutrofil,0,0,0,0,0,7162
LY_579967_ccrop.jpg,Lymphocyte,unsegmented-indented,bukan_neutrofil,0,0,0,0,0,6734
LY_580251_ccrop.jpg,Lymphocyte,unsegmented-round,bukan_neutrofil,0,0,0,0,0,5355
LY_581500_ccrop.jpg,Lymphocyte,unsegmented-round,bukan_neutrofil,0,0,0,0,0,7915
LY_586473_ccrop.jpg,Lymphocyte,unsegmented-round,bukan_neutrofil,0,0,0,0,0,6060
LY_586758_ccrop.jpg,Lymphocyte,unsegmented-round,bukan_neutrofil,0,0,0,0,0,5106
LY_587521_ccrop.jpg,Lymphocyte,unsegmented-round,bukan_neutrofil,0,0,0,0,0,4876
LY_588274_ccrop.jpg,Lymphocyte,unsegmented-round,bukan_neutrofil,0,0,0,0,0,4097
LY_589830_ccrop.jpg,Lymphocyte,unsegmented-round,bukan_neutrofil,0,0,0,0,0,6696
LY_591194_ccrop.jpg,Lymphocyte,unsegmented-round,bukan_neutrofil,0,0,0,0,0,5632
LY_592355_ccrop.jpg,Lymphocyte,unsegmented-round,bukan_neutrofil,0,0,0,0,0,4858
LY_595308_ccrop.jpg,Lymphocyte,unsegmented-round,bukan_neutrofil,0,0,0,0,0,5727
LY_598790_ccrop.jpg,Lymphocyte,unsegmented-indented,bukan_neutrofil,0,0,0,0,0,7341
LY_598957_ccrop.jpg,Lymphocyte,unsegmented-round,bukan_neutrofil,0,0,0,0,0,5597
LY_599099_ccrop.jpg,Lymphocyte,unsegmented-round,bukan_neutrofil,0,0,0,0,0,5251
LY_599428_ccrop.jpg,Lymphocyte,unsegmented-round,bukan_neutrofil,0,0,0,0,0,5959
LY_600393_ccrop.jpg,Lymphocyte,unsegmented-round,bukan_neutrofil,0,0,0,0,0,6872
LY_602832_ccrop.jpg,Lymphocyte,unsegmented-round,bukan_neutrofil,0,0,0,0,0,4324
LY_603507_ccrop.jpg,Lymphocyte,unsegmented-round,bukan_neutrofil,0,0,0,0,0,5238
LY_604428_ccrop.jpg,Lymphocyte,unsegmented-round,bukan_neutrofil,0,0,0,0,0,5991
LY_606151_ccrop.jpg,Lymphocyte,unsegmented-round,bukan_neutrofil,0,0,0,0,0,5744
LY_607133_ccrop.jpg,Lymphocyte,irregular,bukan_neutrofil,0,0,0,0,0,5491
LY_607326_ccrop.jpg,Lymphocyte,unsegmented-round,bukan_neutrofil,0,0,0,0,0,6531
LY_607451_ccrop.jpg,Lymphocyte,unsegmented-round,bukan_neutrofil,0,0,0,0,0,6147
LY_609104_ccrop.jpg,Lymphocyte,unsegmented-round,bukan_neutrofil,1,77,77,0,1,16314
LY_609401_ccrop.jpg,Lymphocyte,unsegmented-round,bukan_neutrofil,0,0,0,0,0,4558
LY_609443_ccrop.jpg,Lymphocyte,unsegmented-round,bukan_neutrofil,0,0,0,0,0,6403
LY_612132_ccrop.jpg,Lymphocyte,unsegmented-round,bukan_neutrofil,0,0,0,0,0,6293
LY_612600_ccrop.jpg,Lymphocyte,unsegmented-indented,bukan_neutrofil,0,0,0,0,0,6424
LY_613198_ccrop.jpg,Lymphocyte,unsegmented-round,bukan_neutrofil,0,0,0,0,0,5779
LY_613672_ccrop.jpg,Lymphocyte,unsegmented-round,bukan_neutrofil,0,0,0,0,0,5319
LY_613767_ccrop.jpg,Lymphocyte,unsegmented-round,bukan_neutrofil,0,0,0,0,0,6007
LY_614956_ccrop.jpg,Lymphocyte,unsegmented-indented,bukan_neutrofil,0,0,0,0,0,7259
LY_616024_ccrop.jpg,Lymphocyte,unsegmented-round,bukan_neutrofil,0,0,0,0,0,5811
LY_619308_ccrop.jpg,Lymphocyte,unsegmented-indented,bukan_neutrofil,0,0,0,0,0,6826
LY_6217_ccrop.jpg,Lymphocyte,unsegmented-round,bukan_neutrofil,0,0,0,0,0,6778
LY_622941_ccrop.jpg,Lymphocyte,unsegmented-round,bukan_neutrofil,0,0,0,0,0,5047
LY_628843_ccrop.jpg,Lymphocyte,unsegmented-round,bukan_neutrofil,0,0,0,0,0,5914
LY_632165_ccrop.jpg,Lymphocyte,unsegmented-round,bukan_neutrofil,0,0,0,0,0,4011
LY_636354_ccrop.jpg,Lymphocyte,unsegmented-round,bukan_neutrofil,0,0,0,0,0,4380
LY_636684_ccrop.jpg,Lymphocyte,unsegmented-round,bukan_neutrofil,0,0,0,0,0,5760
LY_637341_ccrop.jpg,Lymphocyte,unsegmented-round,bukan_neutrofil,0,0,0,0,0,6818
LY_638242_ccrop.jpg,Lymphocyte,unsegmented-round,bukan_neutrofil,0,0,0,0,0,6003
LY_638750_ccrop.jpg,Lymphocyte,unsegmented-round,bukan_neutrofil,0,0,0,0,0,5226
LY_642131_ccrop.jpg,Lymphocyte,unsegmented-round,bukan_neutrofil,0,0,0,0,0,5998
LY_643675_ccrop.jpg,Lymphocyte,unsegmented-round,bukan_neutrofil,0,0,0,0,0,5641
LY_644505_ccrop.jpg,Lymphocyte,unsegmented-round,bukan_neutrofil,0,0,0,0,0,4472
LY_644865_ccrop.jpg,Lymphocyte,unsegmented-round,bukan_neutrofil,0,0,0,0,0,6295
LY_646631_ccrop.jpg,Lymphocyte,unsegmented-round,bukan_neutrofil,0,0,0,0,0,5250
LY_646786_ccrop.jpg,Lymphocyte,unsegmented-round,bukan_neutrofil,0,0,0,0,0,5226
LY_646894_ccrop.jpg,Lymphocyte,unsegmented-round,bukan_neutrofil,0,0,0,0,0,5413
LY_646905_ccrop.jpg,Lymphocyte,unsegmented-indented,bukan_neutrofil,0,0,0,0,0,5306
LY_647109_ccrop.jpg,Lymphocyte,unsegmented-round,bukan_neutrofil,0,0,0,0,0,5143
LY_647287_ccrop.jpg,Lymphocyte,irregular,bukan_neutrofil,0,0,0,0,0,6406
LY_647577_ccrop.jpg,Lymphocyte,unsegmented-round,bukan_neutrofil,0,0,0,0,0,4751
LY_650769_ccrop.jpg,Lymphocyte,unsegmented-round,bukan_neutrofil,0,0,0,0,0,6140
LY_650850_ccrop.jpg,Lymphocyte,unsegmented-round,bukan_neutrofil,0,0,0,0,0,7940
LY_651080_ccrop.jpg,Lymphocyte,unsegmented-indented,bukan_neutrofil,0,0,0,0,0,7117
LY_653768_ccrop.jpg,Lymphocyte,unsegmented-indented,bukan_neutrofil,0,0,0,0,0,6837
LY_654580_ccrop.jpg,Lymphocyte,unsegmented-round,bukan_neutrofil,0,0,0,0,0,5035
LY_656082_ccrop.jpg,Lymphocyte,unsegmented-round,bukan_neutrofil,0,0,0,0,0,4903
LY_658912_ccrop.jpg,Lymphocyte,unsegmented-round,bukan_neutrofil,0,0,0,0,0,5227
LY_660498_ccrop.jpg,Lymphocyte,unsegmented-round,bukan_neutrofil,0,0,0,0,0,6877
LY_661063_ccrop.jpg,Lymphocyte,unsegmented-round,bukan_neutrofil,0,0,0,0,0,4558
LY_661451_ccrop.jpg,Lymphocyte,unsegmented-round,bukan_neutrofil,0,0,0,0,0,6345
LY_662291_ccrop.jpg,Lymphocyte,unsegmented-indented,bukan_neutrofil,0,0,0,0,0,5470
LY_662988_ccrop.jpg,Lymphocyte,unsegmented-indented,bukan_neutrofil,0,0,0,0,0,6920
LY_663670_ccrop.jpg,Lymphocyte,unsegmented-indented,bukan_neutrofil,0,0,0,0,0,5718
LY_664700_ccrop.jpg,Lymphocyte,unsegmented-round,bukan_neutrofil,0,0,0,0,0,5711
LY_665021_ccrop.jpg,Lymphocyte,unsegmented-round,bukan_neutrofil,0,0,0,0,0,5488
LY_665688_ccrop.jpg,Lymphocyte,unsegmented-round,bukan_neutrofil,0,0,0,0,0,7397
LY_667147_ccrop.jpg,Lymphocyte,unsegmented-round,bukan_neutrofil,0,0,0,0,0,7293
LY_668845_ccrop.jpg,Lymphocyte,unsegmented-round,bukan_neutrofil,0,0,0,0,0,5475
LY_670773_ccrop.jpg,Lymphocyte,unsegmented-round,bukan_neutrofil,0,0,0,0,0,6561
LY_671159_ccrop.jpg,Lymphocyte,unsegmented-round,bukan_neutrofil,0,0,0,0,0,5464
LY_672082_ccrop.jpg,Lymphocyte,unsegmented-round,bukan_neutrofil,0,0,0,0,0,6043
LY_674060_ccrop.jpg,Lymphocyte,unsegmented-round,bukan_neutrofil,0,0,0,0,0,6329
LY_675041_ccrop.jpg,Lymphocyte,unsegmented-round,bukan_neutrofil,0,0,0,0,0,6170
LY_676152_ccrop.jpg,Lymphocyte,unsegmented-round,bukan_neutrofil,0,0,0,0,0,5842
LY_676437_ccrop.jpg,Lymphocyte,unsegmented-round,bukan_neutrofil,0,0,0,0,0,8003
LY_677709_ccrop.jpg,Lymphocyte,unsegmented-round,bukan_neutrofil,0,0,0,0,0,6045
LY_680002_ccrop.jpg,Lymphocyte,unsegmented-indented,bukan_neutrofil,0,0,0,0,0,5665
LY_681516_ccrop.jpg,Lymphocyte,unsegmented-round,bukan_neutrofil,0,0,0,0,0,5973
LY_682820_ccrop.jpg,Lymphocyte,unsegmented-indented,bukan_neutrofil,0,0,0,0,0,7149
LY_685339_ccrop.jpg,Lymphocyte,unsegmented-indented,bukan_neutrofil,0,0,0,0,0,5997
LY_685515_ccrop.jpg,Lymphocyte,unsegmented-round,bukan_neutrofil,0,0,0,0,0,5866
LY_687027_ccrop.jpg,Lymphocyte,unsegmented-round,bukan_neutrofil,0,0,0,0,0,6653
LY_687737_ccrop.jpg,Lymphocyte,unsegmented-round,bukan_neutrofil,0,0,0,0,0,5725
LY_688880_ccrop.jpg,Lymphocyte,unsegmented-round,bukan_neutrofil,0,0,0,0,0,7518
LY_689894_ccrop.jpg,Lymphocyte,unsegmented-round,bukan_neutrofil,0,0,0,0,0,6403
LY_691863_ccrop.jpg,Lymphocyte,unsegmented-round,bukan_neutrofil,0,0,0,0,0,4910
LY_69243_ccrop.jpg,Lymphocyte,unsegmented-indented,bukan_neutrofil,0,0,0,0,0,6769
LY_69259_ccrop.jpg,Lymphocyte,unsegmented-round,bukan_neutrofil,0,0,0,0,0,5597
LY_695283_ccrop.jpg,Lymphocyte,unsegmented-round,bukan_neutrofil,0,0,0,0,0,7938
LY_696193_ccrop.jpg,Lymphocyte,unsegmented-round,bukan_neutrofil,0,0,0,0,0,5982
LY_696243_ccrop.jpg,Lymphocyte,unsegmented-round,bukan_neutrofil,0,0,0,0,0,7158
LY_69669_ccrop.jpg,Lymphocyte,unsegmented-indented,bukan_neutrofil,0,0,0,0,0,4910
LY_696961_ccrop.jpg,Lymphocyte,unsegmented-indented,bukan_neutrofil,0,0,0,0,0,5891
LY_700507_ccrop.jpg,Lymphocyte,unsegmented-round,bukan_neutrofil,0,0,0,0,0,5011
LY_703368_ccrop.jpg,Lymphocyte,unsegmented-indented,bukan_neutrofil,0,0,0,0,0,7484
LY_70378_ccrop.jpg,Lymphocyte,unsegmented-indented,bukan_neutrofil,0,0,0,0,0,6305
LY_703831_ccrop.jpg,Lymphocyte,unsegmented-round,bukan_neutrofil,0,0,0,0,0,5124
LY_705334_ccrop.jpg,Lymphocyte,unsegmented-round,bukan_neutrofil,0,0,0,0,0,6925
LY_705563_ccrop.jpg,Lymphocyte,unsegmented-indented,bukan_neutrofil,0,0,0,0,0,7451
LY_706092_ccrop.jpg,Lymphocyte,unsegmented-round,bukan_neutrofil,0,0,0,0,0,5314
LY_706761_ccrop.jpg,Lymphocyte,unsegmented-round,bukan_neutrofil,0,0,0,0,0,4749
LY_707113_ccrop.jpg,Lymphocyte,unsegmented-round,bukan_neutrofil,0,0,0,0,0,6725
LY_707158_ccrop.jpg,Lymphocyte,unsegmented-round,bukan_neutrofil,0,0,0,0,0,6289
LY_707436_ccrop.jpg,Lymphocyte,unsegmented-round,bukan_neutrofil,0,0,0,0,0,6205
LY_709042_ccrop.jpg,Lymphocyte,unsegmented-round,bukan_neutrofil,0,0,0,0,0,5485
LY_709473_ccrop.jpg,Lymphocyte,unsegmented-indented,bukan_neutrofil,0,0,0,0,0,6559
LY_712475_ccrop.jpg,Lymphocyte,unsegmented-indented,bukan_neutrofil,0,0,0,0,0,7062
LY_714463_ccrop.jpg,Lymphocyte,unsegmented-round,bukan_neutrofil,0,0,0,0,0,6408
LY_714950_ccrop.jpg,Lymphocyte,unsegmented-round,bukan_neutrofil,0,0,0,0,0,7047
LY_717775_ccrop.jpg,Lymphocyte,unsegmented-round,bukan_neutrofil,0,0,0,0,0,7161
LY_720395_ccrop.jpg,Lymphocyte,unsegmented-round,bukan_neutrofil,0,0,0,0,0,6775
LY_721798_ccrop.jpg,Lymphocyte,unsegmented-round,bukan_neutrofil,0,0,0,0,0,6344
LY_722642_ccrop.jpg,Lymphocyte,unsegmented-round,bukan_neutrofil,0,0,0,0,0,6148
LY_722701_ccrop.jpg,Lymphocyte,unsegmented-round,bukan_neutrofil,0,0,0,0,0,5830
LY_725386_ccrop.jpg,Lymphocyte,unsegmented-indented,bukan_neutrofil,0,0,0,0,0,4676
LY_725575_ccrop.jpg,Lymphocyte,unsegmented-round,bukan_neutrofil,0,0,0,0,0,4445
LY_726808_ccrop.jpg,Lymphocyte,unsegmented-round,bukan_neutrofil,0,0,0,0,0,7105
LY_727511_ccrop.jpg,Lymphocyte,unsegmented-round,bukan_neutrofil,0,0,0,0,0,5995
LY_727634_ccrop.jpg,Lymphocyte,unsegmented-indented,bukan_neutrofil,0,0,0,0,0,7254
LY_728263_ccrop.jpg,Lymphocyte,unsegmented-indented,bukan_neutrofil,0,0,0,0,0,5772
LY_729776_ccrop.jpg,Lymphocyte,unsegmented-round,bukan_neutrofil,0,0,0,0,0,4190
LY_730801_ccrop.jpg,Lymphocyte,unsegmented-round,bukan_neutrofil,0,0,0,0,0,6707
LY_731097_ccrop.jpg,Lymphocyte,unsegmented-indented,bukan_neutrofil,0,0,0,0,0,4523
LY_731457_ccrop.jpg,Lymphocyte,unsegmented-round,bukan_neutrofil,0,0,0,0,0,5597
LY_733068_ccrop.jpg,Lymphocyte,unsegmented-round,bukan_neutrofil,0,0,0,0,0,5632
LY_736531_ccrop.jpg,Lymphocyte,unsegmented-round,bukan_neutrofil,0,0,0,0,0,4771
LY_737978_ccrop.jpg,Lymphocyte,unsegmented-round,bukan_neutrofil,0,0,0,0,0,5064
LY_738073_ccrop.jpg,Lymphocyte,unsegmented-round,bukan_neutrofil,0,0,0,0,0,4873
LY_740172_ccrop.jpg,Lymphocyte,unsegmented-round,bukan_neutrofil,0,0,0,0,0,5843
LY_740842_ccrop.jpg,Lymphocyte,unsegmented-indented,bukan_neutrofil,0,0,0,0,0,6183
LY_742231_ccrop.jpg,Lymphocyte,unsegmented-round,bukan_neutrofil,0,0,0,0,0,6845
LY_742481_ccrop.jpg,Lymphocyte,unsegmented-round,bukan_neutrofil,0,0,0,0,0,6470
LY_742554_ccrop.jpg,Lymphocyte,unsegmented-indented,bukan_neutrofil,0,0,0,0,0,5605
LY_743105_ccrop.jpg,Lymphocyte,unsegmented-indented,bukan_neutrofil,0,0,0,0,0,6106
LY_743393_ccrop.jpg,Lymphocyte,unsegmented-round,bukan_neutrofil,0,0,0,0,0,5541
LY_743427_ccrop.jpg,Lymphocyte,unsegmented-round,bukan_neutrofil,0,0,0,0,0,7065
LY_744710_ccrop.jpg,Lymphocyte,unsegmented-round,bukan_neutrofil,0,0,0,0,0,6071
LY_7449_ccrop.jpg,Lymphocyte,unsegmented-round,bukan_neutrofil,0,0,0,0,0,5873
LY_745253_ccrop.jpg,Lymphocyte,unsegmented-round,bukan_neutrofil,0,0,0,0,0,4289
LY_74824_ccrop.jpg,Lymphocyte,unsegmented-round,bukan_neutrofil,0,0,0,0,0,4495
LY_75105_ccrop.jpg,Lymphocyte,unsegmented-round,bukan_neutrofil,0,0,0,0,0,5627
LY_751218_ccrop.jpg,Lymphocyte,unsegmented-indented,bukan_neutrofil,0,0,0,0,0,7467
LY_752008_ccrop.jpg,Lymphocyte,unsegmented-round,bukan_neutrofil,0,0,0,0,0,6648
LY_753964_ccrop.jpg,Lymphocyte,irregular,bukan_neutrofil,0,0,0,0,0,5121
LY_75542_ccrop.jpg,Lymphocyte,unsegmented-indented,bukan_neutrofil,0,0,0,0,0,5993
LY_755515_ccrop.jpg,Lymphocyte,unsegmented-round,bukan_neutrofil,0,0,0,0,0,6376
LY_759328_ccrop.jpg,Lymphocyte,unsegmented-round,bukan_neutrofil,0,0,0,0,0,6471
LY_762572_ccrop.jpg,Lymphocyte,unsegmented-round,bukan_neutrofil,0,0,0,0,0,6058
LY_762788_ccrop.jpg,Lymphocyte,unsegmented-round,bukan_neutrofil,0,0,0,0,0,5547
LY_764506_ccrop.jpg,Lymphocyte,unsegmented-indented,bukan_neutrofil,0,0,0,0,0,6019
LY_767226_ccrop.jpg,Lymphocyte,unsegmented-round,bukan_neutrofil,0,0,0,0,0,5392
LY_772628_ccrop.jpg,Lymphocyte,unsegmented-round,bukan_neutrofil,0,0,0,0,0,6458
LY_772663_ccrop.jpg,Lymphocyte,unsegmented-round,bukan_neutrofil,0,0,0,0,0,6260
LY_775657_ccrop.jpg,Lymphocyte,unsegmented-round,bukan_neutrofil,0,0,0,0,0,5590
LY_777144_ccrop.jpg,Lymphocyte,unsegmented-round,bukan_neutrofil,0,0,0,0,0,4784
LY_778240_ccrop.jpg,Lymphocyte,unsegmented-round,bukan_neutrofil,0,0,0,0,0,5289
LY_778709_ccrop.jpg,Lymphocyte,unsegmented-round,bukan_neutrofil,0,0,0,0,0,5318
LY_779080_ccrop.jpg,Lymphocyte,unsegmented-indented,bukan_neutrofil,0,0,0,0,0,6871
LY_779508_ccrop.jpg,Lymphocyte,unsegmented-round,bukan_neutrofil,0,0,0,0,0,6045
LY_779564_ccrop.jpg,Lymphocyte,unsegmented-round,bukan_neutrofil,0,0,0,0,0,7447
LY_782430_ccrop.jpg,Lymphocyte,unsegmented-indented,bukan_neutrofil,0,0,0,0,0,5023
LY_782746_ccrop.jpg,Lymphocyte,unsegmented-round,bukan_neutrofil,0,0,0,0,0,5985
LY_785284_ccrop.jpg,Lymphocyte,unsegmented-round,bukan_neutrofil,0,0,0,0,0,6242
LY_786317_ccrop.jpg,Lymphocyte,unsegmented-round,bukan_neutrofil,0,0,0,0,0,7421
LY_787227_ccrop.jpg,Lymphocyte,unsegmented-round,bukan_neutrofil,0,0,0,0,0,7132
LY_787687_ccrop.jpg,Lymphocyte,unsegmented-indented,bukan_neutrofil,0,0,0,0,0,6551
LY_789385_ccrop.jpg,Lymphocyte,unsegmented-round,bukan_neutrofil,0,0,0,0,0,6901
LY_790293_ccrop.jpg,Lymphocyte,unsegmented-round,bukan_neutrofil,0,0,0,0,0,6727
LY_793239_ccrop.jpg,Lymphocyte,unsegmented-round,bukan_neutrofil,0,0,0,0,0,7951
LY_793772_ccrop.jpg,Lymphocyte,unsegmented-indented,bukan_neutrofil,0,0,0,0,0,6988
LY_793893_ccrop.jpg,Lymphocyte,unsegmented-indented,bukan_neutrofil,0,0,0,0,0,7029
LY_793947_ccrop.jpg,Lymphocyte,unsegmented-round,bukan_neutrofil,0,0,0,0,0,7822
LY_796210_ccrop.jpg,Lymphocyte,unsegmented-round,bukan_neutrofil,0,0,0,0,0,4619
LY_798487_ccrop.jpg,Lymphocyte,unsegmented-round,bukan_neutrofil,0,0,0,0,0,6028
LY_799986_ccrop.jpg,Lymphocyte,unsegmented-round,bukan_neutrofil,0,0,0,0,0,6773
LY_800058_ccrop.jpg,Lymphocyte,unsegmented-round,bukan_neutrofil,0,0,0,0,0,5948
LY_801480_ccrop.jpg,Lymphocyte,unsegmented-round,bukan_neutrofil,0,0,0,0,0,6535
LY_801778_ccrop.jpg,Lymphocyte,unsegmented-round,bukan_neutrofil,0,0,0,0,0,6419
LY_803057_ccrop.jpg,Lymphocyte,unsegmented-indented,bukan_neutrofil,0,0,0,0,0,5846
LY_803891_ccrop.jpg,Lymphocyte,unsegmented-indented,bukan_neutrofil,0,0,0,0,0,5411
LY_804787_ccrop.jpg,Lymphocyte,unsegmented-round,bukan_neutrofil,0,0,0,0,0,5688
LY_807924_ccrop.jpg,Lymphocyte,unsegmented-indented,bukan_neutrofil,0,0,0,0,0,6156
LY_810114_ccrop.jpg,Lymphocyte,unsegmented-round,bukan_neutrofil,0,0,0,0,0,6351
LY_812454_ccrop.jpg,Lymphocyte,unsegmented-round,bukan_neutrofil,0,0,0,0,0,7358
LY_812570_ccrop.jpg,Lymphocyte,unsegmented-round,bukan_neutrofil,0,0,0,0,0,7368
LY_815826_ccrop.jpg,Lymphocyte,unsegmented-indented,bukan_neutrofil,0,0,0,0,0,6613
LY_817702_ccrop.jpg,Lymphocyte,unsegmented-round,bukan_neutrofil,0,0,0,0,0,6634
LY_818290_ccrop.jpg,Lymphocyte,unsegmented-round,bukan_neutrofil,0,0,0,0,0,7212
LY_818656_ccrop.jpg,Lymphocyte,unsegmented-round,bukan_neutrofil,0,0,0,0,0,5275
LY_818779_ccrop.jpg,Lymphocyte,unsegmented-round,bukan_neutrofil,0,0,0,0,0,6183
LY_819068_ccrop.jpg,Lymphocyte,unsegmented-round,bukan_neutrofil,0,0,0,0,0,4995
LY_819409_ccrop.jpg,Lymphocyte,unsegmented-round,bukan_neutrofil,0,0,0,0,0,4825
LY_819994_ccrop.jpg,Lymphocyte,unsegmented-round,bukan_neutrofil,0,0,0,0,0,6800
LY_82338_ccrop.jpg,Lymphocyte,unsegmented-round,bukan_neutrofil,0,0,0,0,0,7338
LY_823713_ccrop.jpg,Lymphocyte,unsegmented-indented,bukan_neutrofil,0,0,0,0,0,5958
LY_825373_ccrop.jpg,Lymphocyte,unsegmented-indented,bukan_neutrofil,0,0,0,0,0,4717
LY_825410_ccrop.jpg,Lymphocyte,unsegmented-round,bukan_neutrofil,0,0,0,0,0,5599
LY_826283_ccrop.jpg,Lymphocyte,unsegmented-round,bukan_neutrofil,0,0,0,0,0,6292
LY_827883_ccrop.jpg,Lymphocyte,irregular,bukan_neutrofil,0,0,0,0,0,7143
LY_828116_ccrop.jpg,Lymphocyte,unsegmented-round,bukan_neutrofil,0,0,0,0,0,6684
LY_828552_ccrop.jpg,Lymphocyte,unsegmented-round,bukan_neutrofil,0,0,0,0,0,7410
LY_832225_ccrop.jpg,Lymphocyte,unsegmented-indented,bukan_neutrofil,0,0,0,0,0,5976
LY_832775_ccrop.jpg,Lymphocyte,unsegmented-round,bukan_neutrofil,0,0,0,0,0,4575
LY_833791_ccrop.jpg,Lymphocyte,unsegmented-round,bukan_neutrofil,0,0,0,0,0,5219
LY_833948_ccrop.jpg,Lymphocyte,unsegmented-round,bukan_neutrofil,0,0,0,0,0,7288
LY_83662_ccrop.jpg,Lymphocyte,unsegmented-round,bukan_neutrofil,0,0,0,0,0,4940
LY_837051_ccrop.jpg,Lymphocyte,unsegmented-round,bukan_neutrofil,0,0,0,0,0,5833
LY_839010_ccrop.jpg,Lymphocyte,unsegmented-round,bukan_neutrofil,0,0,0,0,0,6371
LY_839729_ccrop.jpg,Lymphocyte,unsegmented-round,bukan_neutrofil,0,0,0,0,0,4974
LY_841070_ccrop.jpg,Lymphocyte,unsegmented-round,bukan_neutrofil,0,0,0,0,0,7543
LY_842128_ccrop.jpg,Lymphocyte,unsegmented-round,bukan_neutrofil,0,0,0,0,0,5182
LY_842868_ccrop.jpg,Lymphocyte,irregular,bukan_neutrofil,0,0,0,0,0,7088
LY_8432_ccrop.jpg,Lymphocyte,unsegmented-round,bukan_neutrofil,0,0,0,0,0,5790
LY_844729_ccrop.jpg,Lymphocyte,unsegmented-round,bukan_neutrofil,5,15,6,0,5,13330
LY_845543_ccrop.jpg,Lymphocyte,unsegmented-round,bukan_neutrofil,0,0,0,0,0,5668
LY_845737_ccrop.jpg,Lymphocyte,unsegmented-round,bukan_neutrofil,0,0,0,0,0,6308
LY_849013_ccrop.jpg,Lymphocyte,unsegmented-round,bukan_neutrofil,0,0,0,0,0,6989
LY_849118_ccrop.jpg,Lymphocyte,unsegmented-round,bukan_neutrofil,0,0,0,0,0,6050
LY_851299_ccrop.jpg,Lymphocyte,unsegmented-round,bukan_neutrofil,0,0,0,0,0,5725
LY_853229_ccrop.jpg,Lymphocyte,unsegmented-round,bukan_neutrofil,0,0,0,0,0,4878
LY_853677_ccrop.jpg,Lymphocyte,unsegmented-round,bukan_neutrofil,0,0,0,0,0,5125
LY_853764_ccrop.jpg,Lymphocyte,unsegmented-indented,bukan_neutrofil,0,0,0,0,0,5661
LY_85450_ccrop.jpg,Lymphocyte,unsegmented-round,bukan_neutrofil,0,0,0,0,0,5977
LY_85630_ccrop.jpg,Lymphocyte,unsegmented-round,bukan_neutrofil,0,0,0,0,0,6231
LY_857864_ccrop.jpg,Lymphocyte,unsegmented-round,bukan_neutrofil,0,0,0,0,0,8867
LY_860635_ccrop.jpg,Lymphocyte,unsegmented-indented,bukan_neutrofil,0,0,0,0,0,5485
LY_86114_ccrop.jpg,Lymphocyte,unsegmented-round,bukan_neutrofil,0,0,0,0,0,6017
LY_861218_ccrop.jpg,Lymphocyte,unsegmented-round,bukan_neutrofil,0,0,0,0,0,7020
LY_861914_ccrop.jpg,Lymphocyte,unsegmented-round,bukan_neutrofil,0,0,0,0,0,5643
LY_864134_ccrop.jpg,Lymphocyte,unsegmented-indented,bukan_neutrofil,0,0,0,0,0,5896
LY_865265_ccrop.jpg,Lymphocyte,unsegmented-indented,bukan_neutrofil,0,0,0,0,0,6451
LY_867406_ccrop.jpg,Lymphocyte,unsegmented-round,bukan_neutrofil,0,0,0,0,0,5610
LY_869516_ccrop.jpg,Lymphocyte,unsegmented-round,bukan_neutrofil,0,0,0,0,0,5576
LY_869750_ccrop.jpg,Lymphocyte,unsegmented-indented,bukan_neutrofil,0,0,0,0,0,6413
LY_869931_ccrop.jpg,Lymphocyte,unsegmented-round,bukan_neutrofil,0,0,0,0,0,7393
LY_870487_ccrop.jpg,Lymphocyte,unsegmented-round,bukan_neutrofil,0,0,0,0,0,5148
LY_87125_ccrop.jpg,Lymphocyte,unsegmented-indented,bukan_neutrofil,0,0,0,0,0,6302
LY_872377_ccrop.jpg,Lymphocyte,unsegmented-round,bukan_neutrofil,0,0,0,0,0,5761
LY_872921_ccrop.jpg,Lymphocyte,unsegmented-round,bukan_neutrofil,0,0,0,0,0,5611
LY_873168_ccrop.jpg,Lymphocyte,unsegmented-round,bukan_neutrofil,0,0,0,0,0,6600
LY_874739_ccrop.jpg,Lymphocyte,unsegmented-indented,bukan_neutrofil,0,0,0,0,0,4564
LY_875286_ccrop.jpg,Lymphocyte,unsegmented-round,bukan_neutrofil,0,0,0,0,0,5139
LY_875452_ccrop.jpg,Lymphocyte,unsegmented-indented,bukan_neutrofil,0,0,0,0,0,7961
LY_875873_ccrop.jpg,Lymphocyte,unsegmented-indented,bukan_neutrofil,0,0,0,0,0,6790
LY_877055_ccrop.jpg,Lymphocyte,unsegmented-round,bukan_neutrofil,0,0,0,0,0,5779
LY_877960_ccrop.jpg,Lymphocyte,unsegmented-round,bukan_neutrofil,0,0,0,0,0,5002
LY_878313_ccrop.jpg,Lymphocyte,unsegmented-indented,bukan_neutrofil,0,0,0,0,0,5586
LY_881002_ccrop.jpg,Lymphocyte,unsegmented-round,bukan_neutrofil,0,0,0,0,0,6252
LY_881717_ccrop.jpg,Lymphocyte,unsegmented-round,bukan_neutrofil,0,0,0,0,0,7529
LY_888483_ccrop.jpg,Lymphocyte,unsegmented-indented,bukan_neutrofil,0,0,0,0,0,5957
LY_891874_ccrop.jpg,Lymphocyte,unsegmented-round,bukan_neutrofil,0,0,0,0,0,6451
LY_893109_ccrop.jpg,Lymphocyte,unsegmented-round,bukan_neutrofil,0,0,0,0,0,6402
LY_893259_ccrop.jpg,Lymphocyte,unsegmented-round,bukan_neutrofil,0,0,0,0,0,5635
LY_894111_ccrop.jpg,Lymphocyte,unsegmented-round,bukan_neutrofil,0,0,0,0,0,6158
LY_894763_ccrop.jpg,Lymphocyte,unsegmented-round,bukan_neutrofil,0,0,0,0,0,6835
LY_894865_ccrop.jpg,Lymphocyte,unsegmented-round,bukan_neutrofil,0,0,0,0,0,6229
LY_896867_ccrop.jpg,Lymphocyte,unsegmented-round,bukan_neutrofil,0,0,0,0,0,7095
LY_898862_ccrop.jpg,Lymphocyte,unsegmented-round,bukan_neutrofil,0,0,0,0,0,6552
LY_900078_ccrop.jpg,Lymphocyte,unsegmented-round,bukan_neutrofil,0,0,0,0,0,6756
LY_900086_ccrop.jpg,Lymphocyte,unsegmented-round,bukan_neutrofil,0,0,0,0,0,4922
LY_900304_ccrop.jpg,Lymphocyte,unsegmented-round,bukan_neutrofil,0,0,0,0,0,6099
LY_903380_ccrop.jpg,Lymphocyte,unsegmented-round,bukan_neutrofil,0,0,0,0,0,6368
LY_904542_ccrop.jpg,Lymphocyte,unsegmented-round,bukan_neutrofil,0,0,0,0,0,6796
LY_905003_ccrop.jpg,Lymphocyte,unsegmented-indented,bukan_neutrofil,1,49,49,0,1,7129
LY_905051_ccrop.jpg,Lymphocyte,unsegmented-round,bukan_neutrofil,0,0,0,0,0,6956
LY_907262_ccrop.jpg,Lymphocyte,unsegmented-indented,bukan_neutrofil,0,0,0,0,0,6894
LY_908757_ccrop.jpg,Lymphocyte,unsegmented-round,bukan_neutrofil,0,0,0,0,0,6384
LY_908944_ccrop.jpg,Lymphocyte,unsegmented-round,bukan_neutrofil,0,0,0,0,0,4831
LY_9109_ccrop.jpg,Lymphocyte,unsegmented-round,bukan_neutrofil,0,0,0,0,0,6511
LY_911324_ccrop.jpg,Lymphocyte,unsegmented-round,bukan_neutrofil,0,0,0,0,0,5576
LY_912598_ccrop.jpg,Lymphocyte,unsegmented-round,bukan_neutrofil,0,0,0,0,0,7809
LY_914653_ccrop.jpg,Lymphocyte,unsegmented-round,bukan_neutrofil,0,0,0,0,0,5038
LY_915675_ccrop.jpg,Lymphocyte,unsegmented-round,bukan_neutrofil,0,0,0,0,0,8160
LY_915839_ccrop.jpg,Lymphocyte,unsegmented-round,bukan_neutrofil,0,0,0,0,0,4962
LY_916903_ccrop.jpg,Lymphocyte,unsegmented-indented,bukan_neutrofil,0,0,0,0,0,5853
LY_918465_ccrop.jpg,Lymphocyte,unsegmented-round,bukan_neutrofil,0,0,0,0,0,6768
LY_918494_ccrop.jpg,Lymphocyte,unsegmented-indented,bukan_neutrofil,0,0,0,0,0,5541
LY_919323_ccrop.jpg,Lymphocyte,irregular,bukan_neutrofil,0,0,0,0,0,4689
LY_920111_ccrop.jpg,Lymphocyte,irregular,bukan_neutrofil,0,0,0,0,0,4172
LY_921911_ccrop.jpg,Lymphocyte,unsegmented-round,bukan_neutrofil,0,0,0,0,0,5484
LY_923038_ccrop.jpg,Lymphocyte,unsegmented-round,bukan_neutrofil,0,0,0,0,0,6057
LY_925035_ccrop.jpg,Lymphocyte,unsegmented-indented,bukan_neutrofil,0,0,0,0,0,6456
LY_92565_ccrop.jpg,Lymphocyte,unsegmented-round,bukan_neutrofil,0,0,0,0,0,6198
LY_925823_ccrop.jpg,Lymphocyte,unsegmented-round,bukan_neutrofil,0,0,0,0,0,6791
LY_926291_ccrop.jpg,Lymphocyte,unsegmented-round,bukan_neutrofil,0,0,0,0,0,7925
LY_927603_ccrop.jpg,Lymphocyte,unsegmented-round,bukan_neutrofil,0,0,0,0,0,6760
LY_928141_ccrop.jpg,Lymphocyte,unsegmented-round,bukan_neutrofil,0,0,0,0,0,6471
LY_929835_ccrop.jpg,Lymphocyte,unsegmented-round,bukan_neutrofil,0,0,0,0,0,4836
LY_930111_ccrop.jpg,Lymphocyte,unsegmented-round,bukan_neutrofil,0,0,0,0,0,4550
LY_930985_ccrop.jpg,Lymphocyte,unsegmented-round,bukan_neutrofil,0,0,0,0,0,5593
LY_933111_ccrop.jpg,Lymphocyte,unsegmented-round,bukan_neutrofil,0,0,0,0,0,6222
LY_933937_ccrop.jpg,Lymphocyte,unsegmented-indented,bukan_neutrofil,0,0,0,0,0,5989
LY_934441_ccrop.jpg,Lymphocyte,unsegmented-round,bukan_neutrofil,0,0,0,0,0,6501
LY_935379_ccrop.jpg,Lymphocyte,unsegmented-round,bukan_neutrofil,0,0,0,0,0,7372
LY_936131_ccrop.jpg,Lymphocyte,unsegmented-round,bukan_neutrofil,0,0,0,0,0,6096
LY_937401_ccrop.jpg,Lymphocyte,unsegmented-indented,bukan_neutrofil,0,0,0,0,0,6022
LY_93903_ccrop.jpg,Lymphocyte,unsegmented-round,bukan_neutrofil,0,0,0,0,0,7882
LY_944905_ccrop.jpg,Lymphocyte,unsegmented-round,bukan_neutrofil,0,0,0,0,0,6225
LY_945775_ccrop.jpg,Lymphocyte,unsegmented-round,bukan_neutrofil,0,0,0,0,0,7637
LY_947726_ccrop.jpg,Lymphocyte,unsegmented-round,bukan_neutrofil,0,0,0,0,0,5348
LY_948851_ccrop.jpg,Lymphocyte,unsegmented-round,bukan_neutrofil,0,0,0,0,0,5657
LY_951374_ccrop.jpg,Lymphocyte,unsegmented-round,bukan_neutrofil,0,0,0,0,0,5133
LY_95212_ccrop.jpg,Lymphocyte,unsegmented-indented,bukan_neutrofil,0,0,0,0,0,5463
LY_952423_ccrop.jpg,Lymphocyte,unsegmented-round,bukan_neutrofil,0,0,0,0,0,5591
LY_954369_ccrop.jpg,Lymphocyte,unsegmented-round,bukan_neutrofil,0,0,0,0,0,6804
LY_955140_ccrop.jpg,Lymphocyte,unsegmented-round,bukan_neutrofil,0,0,0,0,0,5632
LY_955445_ccrop.jpg,Lymphocyte,unsegmented-round,bukan_neutrofil,0,0,0,0,0,6250
LY_95557_ccrop.jpg,Lymphocyte,unsegmented-round,bukan_neutrofil,0,0,0,0,0,7376
LY_956038_ccrop.jpg,Lymphocyte,unsegmented-indented,bukan_neutrofil,0,0,0,0,0,6313
LY_95668_ccrop.jpg,Lymphocyte,unsegmented-round,bukan_neutrofil,0,0,0,0,0,6255
LY_959755_ccrop.jpg,Lymphocyte,unsegmented-round,bukan_neutrofil,0,0,0,0,0,6422
LY_961135_ccrop.jpg,Lymphocyte,unsegmented-round,bukan_neutrofil,0,0,0,0,0,4677
LY_961250_ccrop.jpg,Lymphocyte,unsegmented-round,bukan_neutrofil,0,0,0,0,0,4775
LY_961642_ccrop.jpg,Lymphocyte,unsegmented-indented,bukan_neutrofil,0,0,0,0,0,6967
LY_962298_ccrop.jpg,Lymphocyte,irregular,bukan_neutrofil,0,0,0,0,0,6551
LY_962746_ccrop.jpg,Lymphocyte,unsegmented-round,bukan_neutrofil,0,0,0,0,0,6293
LY_962901_ccrop.jpg,Lymphocyte,unsegmented-round,bukan_neutrofil,0,0,0,0,0,6164
LY_965360_ccrop.jpg,Lymphocyte,unsegmented-round,bukan_neutrofil,0,0,0,0,0,4996
LY_969163_ccrop.jpg,Lymphocyte,unsegmented-indented,bukan_neutrofil,0,0,0,0,0,6309
LY_970253_ccrop.jpg,Lymphocyte,unsegmented-indented,bukan_neutrofil,0,0,0,0,0,7216
LY_971498_ccrop.jpg,Lymphocyte,unsegmented-round,bukan_neutrofil,0,0,0,0,0,4885
LY_971588_ccrop.jpg,Lymphocyte,unsegmented-round,bukan_neutrofil,0,0,0,0,0,6093
LY_974002_ccrop.jpg,Lymphocyte,unsegmented-round,bukan_neutrofil,0,0,0,0,0,6370
LY_974550_ccrop.jpg,Lymphocyte,unsegmented-round,bukan_neutrofil,0,0,0,0,0,6284
LY_978489_ccrop.jpg,Lymphocyte,unsegmented-round,bukan_neutrofil,0,0,0,0,0,6736
LY_981098_ccrop.jpg,Lymphocyte,unsegmented-round,bukan_neutrofil,0,0,0,0,0,5802
LY_98404_ccrop.jpg,Lymphocyte,unsegmented-round,bukan_neutrofil,0,0,0,0,0,7963
LY_985583_ccrop.jpg,Lymphocyte,unsegmented-round,bukan_neutrofil,0,0,0,0,0,5427
LY_986779_ccrop.jpg,Lymphocyte,unsegmented-round,bukan_neutrofil,0,0,0,0,0,5954
LY_989262_ccrop.jpg,Lymphocyte,unsegmented-round,bukan_neutrofil,0,0,0,0,0,5495
LY_990177_ccrop.jpg,Lymphocyte,unsegmented-round,bukan_neutrofil,0,0,0,0,0,4170
LY_996704_ccrop.jpg,Lymphocyte,unsegmented-round,bukan_neutrofil,0,0,0,0,0,7022
LY_99706_ccrop.jpg,Lymphocyte,unsegmented-round,bukan_neutrofil,0,0,0,0,0,5685
LY_998918_ccrop.jpg,Lymphocyte,unsegmented-round,bukan_neutrofil,0,0,0,0,0,6050
MO_100695_ccrop.jpg,Monocyte,irregular,bukan_neutrofil,1,53,53,0,1,10700
MO_102400_ccrop.jpg,Monocyte,unsegmented-indented,bukan_neutrofil,0,0,0,0,0,9575
MO_103756_ccrop.jpg,Monocyte,irregular,bukan_neutrofil,0,0,0,0,0,9305
MO_104431_ccrop.jpg,Monocyte,unsegmented-indented,bukan_neutrofil,0,0,0,0,0,10559
MO_104441_ccrop.jpg,Monocyte,irregular,bukan_neutrofil,0,0,0,0,0,11393
MO_104451_ccrop.jpg,Monocyte,unsegmented-indented,bukan_neutrofil,0,0,0,0,0,12549
MO_104742_ccrop.jpg,Monocyte,unsegmented-round,bukan_neutrofil,0,0,0,0,0,9879
MO_107333_ccrop.jpg,Monocyte,unsegmented-indented,bukan_neutrofil,0,0,0,0,0,10204
MO_108531_ccrop.jpg,Monocyte,unsegmented-indented,bukan_neutrofil,0,0,0,0,0,12542
MO_111681_ccrop.jpg,Monocyte,segmented-bilobed,bukan_neutrofil,0,0,0,0,0,10545
MO_111777_ccrop.jpg,Monocyte,unsegmented-indented,bukan_neutrofil,0,0,0,0,0,10978
MO_111934_ccrop.jpg,Monocyte,unsegmented-indented,bukan_neutrofil,0,0,0,0,0,8859
MO_112339_ccrop.jpg,Monocyte,unsegmented-indented,bukan_neutrofil,0,0,0,0,0,8846
MO_113269_ccrop.jpg,Monocyte,unsegmented-indented,bukan_neutrofil,0,0,0,0,0,10467
MO_114341_ccrop.jpg,Monocyte,unsegmented-indented,bukan_neutrofil,1,82,82,0,1,12986
MO_115896_ccrop.jpg,Monocyte,irregular,bukan_neutrofil,0,0,0,0,0,12476
MO_116471_ccrop.jpg,Monocyte,unsegmented-indented,bukan_neutrofil,0,0,0,0,0,10878
MO_116903_ccrop.jpg,Monocyte,unsegmented-indented,bukan_neutrofil,0,0,0,0,0,10646
MO_119086_ccrop.jpg,Monocyte,unsegmented-indented,bukan_neutrofil,0,0,0,0,0,9015
MO_119666_ccrop.jpg,Monocyte,irregular,bukan_neutrofil,0,0,0,0,0,20429
MO_122086_ccrop.jpg,Monocyte,unsegmented-indented,bukan_neutrofil,0,0,0,0,0,11613
MO_122877_ccrop.jpg,Monocyte,irregular,bukan_neutrofil,2,53,33,0,2,10155
MO_125756_ccrop.jpg,Monocyte,unsegmented-indented,bukan_neutrofil,0,0,0,0,0,10875
MO_125852_ccrop.jpg,Monocyte,unsegmented-indented,bukan_neutrofil,1,416,416,0,1,12063
MO_128218_ccrop.jpg,Monocyte,unsegmented-indented,bukan_neutrofil,0,0,0,0,0,9614
MO_12960_ccrop.jpg,Monocyte,unsegmented-indented,bukan_neutrofil,3,10,5,0,3,11124
MO_133271_ccrop.jpg,Monocyte,irregular,bukan_neutrofil,0,0,0,0,0,9819
MO_133444_ccrop.jpg,Monocyte,unsegmented-indented,bukan_neutrofil,0,0,0,0,0,8429
MO_134596_ccrop.jpg,Monocyte,unsegmented-indented,bukan_neutrofil,0,0,0,0,0,9985
MO_134722_ccrop.jpg,Monocyte,unsegmented-indented,bukan_neutrofil,1,36,36,0,1,11160
MO_134963_ccrop.jpg,Monocyte,unsegmented-indented,bukan_neutrofil,0,0,0,0,0,9705
MO_136404_ccrop.jpg,Monocyte,unsegmented-indented,bukan_neutrofil,1,218,218,0,1,10268
MO_137267_ccrop.jpg,Monocyte,unsegmented-indented,bukan_neutrofil,0,0,0,0,0,7306
MO_139617_ccrop.jpg,Monocyte,irregular,bukan_neutrofil,3,747,350,0,3,11636
MO_140180_ccrop.jpg,Monocyte,unsegmented-indented,bukan_neutrofil,0,0,0,0,0,11658
MO_142730_ccrop.jpg,Monocyte,unsegmented-indented,bukan_neutrofil,1,1,1,0,1,8661
MO_143031_ccrop.jpg,Monocyte,unsegmented-indented,bukan_neutrofil,0,0,0,0,0,9187
MO_144054_ccrop.jpg,Monocyte,irregular,bukan_neutrofil,2,165,86,0,2,10447
MO_144468_ccrop.jpg,Monocyte,irregular,bukan_neutrofil,0,0,0,0,0,9927
MO_145212_ccrop.jpg,Monocyte,unsegmented-indented,bukan_neutrofil,0,0,0,0,0,11338
MO_14626_ccrop.jpg,Monocyte,unsegmented-indented,bukan_neutrofil,0,0,0,0,0,7659
MO_148236_ccrop.jpg,Monocyte,unsegmented-indented,bukan_neutrofil,0,0,0,0,0,9111
MO_148503_ccrop.jpg,Monocyte,unsegmented-indented,bukan_neutrofil,0,0,0,0,0,9945
MO_148895_ccrop.jpg,Monocyte,unsegmented-indented,bukan_neutrofil,0,0,0,0,0,9758
MO_149116_ccrop.jpg,Monocyte,unsegmented-indented,bukan_neutrofil,0,0,0,0,0,10626
MO_149181_ccrop.jpg,Monocyte,unsegmented-indented,bukan_neutrofil,1,10,10,0,1,9597
MO_149761_ccrop.jpg,Monocyte,unsegmented-indented,bukan_neutrofil,0,0,0,0,0,10385
MO_149989_ccrop.jpg,Monocyte,unsegmented-indented,bukan_neutrofil,0,0,0,0,0,10954
MO_1524_ccrop.jpg,Monocyte,irregular,bukan_neutrofil,0,0,0,0,0,9358
MO_153378_ccrop.jpg,Monocyte,unsegmented-indented,bukan_neutrofil,0,0,0,0,0,11740
MO_153516_ccrop.jpg,Monocyte,unsegmented-indented,bukan_neutrofil,0,0,0,0,0,9640
MO_154383_ccrop.jpg,Monocyte,irregular,bukan_neutrofil,0,0,0,0,0,10693
MO_157821_ccrop.jpg,Monocyte,irregular,bukan_neutrofil,0,0,0,0,0,10219
MO_159213_ccrop.jpg,Monocyte,unsegmented-indented,bukan_neutrofil,0,0,0,0,0,11033
MO_159321_ccrop.jpg,Monocyte,segmented-bilobed,bukan_neutrofil,1,40,40,0,1,10162
MO_162174_ccrop.jpg,Monocyte,unsegmented-indented,bukan_neutrofil,0,0,0,0,0,12744
MO_163591_ccrop.jpg,Monocyte,irregular,bukan_neutrofil,2,117,61,0,2,10257
MO_168211_ccrop.jpg,Monocyte,irregular,bukan_neutrofil,0,0,0,0,0,10858
MO_168402_ccrop.jpg,Monocyte,unsegmented-indented,bukan_neutrofil,4,246,95,0,4,12240
MO_168549_ccrop.jpg,Monocyte,unsegmented-indented,bukan_neutrofil,0,0,0,0,0,12236
MO_168818_ccrop.jpg,Monocyte,unsegmented-indented,bukan_neutrofil,0,0,0,0,0,10636
MO_168917_ccrop.jpg,Monocyte,irregular,bukan_neutrofil,0,0,0,0,0,12136
MO_168925_ccrop.jpg,Monocyte,unsegmented-indented,bukan_neutrofil,0,0,0,0,0,9277
MO_169657_ccrop.jpg,Monocyte,irregular,bukan_neutrofil,0,0,0,0,0,9909
MO_170993_ccrop.jpg,Monocyte,irregular,bukan_neutrofil,1,296,296,0,1,9566
MO_172354_ccrop.jpg,Monocyte,unsegmented-indented,bukan_neutrofil,2,74,37,0,2,11835
MO_174318_ccrop.jpg,Monocyte,unsegmented-indented,bukan_neutrofil,0,0,0,0,0,8739
MO_174547_ccrop.jpg,Monocyte,unsegmented-indented,bukan_neutrofil,0,0,0,0,0,8535
MO_177234_ccrop.jpg,Monocyte,irregular,bukan_neutrofil,0,0,0,0,0,11052
MO_181661_ccrop.jpg,Monocyte,irregular,bukan_neutrofil,0,0,0,0,0,12751
MO_181748_ccrop.jpg,Monocyte,unsegmented-indented,bukan_neutrofil,0,0,0,0,0,10239
MO_183236_ccrop.jpg,Monocyte,irregular,bukan_neutrofil,0,0,0,0,0,11025
MO_183270_ccrop.jpg,Monocyte,unsegmented-indented,bukan_neutrofil,0,0,0,0,0,10314
MO_183392_ccrop.jpg,Monocyte,unsegmented-indented,bukan_neutrofil,0,0,0,0,0,11956
MO_184578_ccrop.jpg,Monocyte,unsegmented-indented,bukan_neutrofil,0,0,0,0,0,8557
MO_186489_ccrop.jpg,Monocyte,unsegmented-indented,bukan_neutrofil,0,0,0,0,0,9687
MO_187065_ccrop.jpg,Monocyte,unsegmented-indented,bukan_neutrofil,0,0,0,0,0,12107
MO_18877_ccrop.jpg,Monocyte,unsegmented-indented,bukan_neutrofil,0,0,0,0,0,9176
MO_189358_ccrop.jpg,Monocyte,irregular,bukan_neutrofil,2,103,66,0,2,10021
MO_192236_ccrop.jpg,Monocyte,irregular,bukan_neutrofil,0,0,0,0,0,10288
MO_192551_ccrop.jpg,Monocyte,unsegmented-indented,bukan_neutrofil,0,0,0,0,0,10152
MO_19376_ccrop.jpg,Monocyte,unsegmented-indented,bukan_neutrofil,0,0,0,0,0,8537
MO_194219_ccrop.jpg,Monocyte,unsegmented-indented,bukan_neutrofil,0,0,0,0,0,8846
MO_194646_ccrop.jpg,Monocyte,unsegmented-indented,bukan_neutrofil,1,128,128,0,1,7356
MO_196453_ccrop.jpg,Monocyte,unsegmented-round,bukan_neutrofil,0,0,0,0,0,7933
MO_196497_ccrop.jpg,Monocyte,irregular,bukan_neutrofil,0,0,0,0,0,11551
MO_198926_ccrop.jpg,Monocyte,unsegmented-indented,bukan_neutrofil,0,0,0,0,0,7564
MO_200691_ccrop.jpg,Monocyte,unsegmented-round,bukan_neutrofil,0,0,0,0,0,10096
MO_201026_ccrop.jpg,Monocyte,irregular,bukan_neutrofil,0,0,0,0,0,11656
MO_205404_ccrop.jpg,Monocyte,unsegmented-indented,bukan_neutrofil,0,0,0,0,0,11547
MO_20821_ccrop.jpg,Monocyte,unsegmented-indented,bukan_neutrofil,0,0,0,0,0,11799
MO_208213_ccrop.jpg,Monocyte,unsegmented-round,bukan_neutrofil,0,0,0,0,0,9333
MO_208335_ccrop.jpg,Monocyte,unsegmented-indented,bukan_neutrofil,0,0,0,0,0,10012
MO_209550_ccrop.jpg,Monocyte,irregular,bukan_neutrofil,1,44,44,0,1,11451
MO_210928_ccrop.jpg,Monocyte,unsegmented-indented,bukan_neutrofil,0,0,0,0,0,10400
MO_212295_ccrop.jpg,Monocyte,unsegmented-indented,bukan_neutrofil,2,156,127,0,2,10746
MO_212554_ccrop.jpg,Monocyte,unsegmented-indented,bukan_neutrofil,2,47,25,0,2,12043
MO_212567_ccrop.jpg,Monocyte,unsegmented-indented,bukan_neutrofil,1,293,293,0,1,10090
MO_212604_ccrop.jpg,Monocyte,unsegmented-indented,bukan_neutrofil,0,0,0,0,0,9495
MO_213319_ccrop.jpg,Monocyte,unsegmented-indented,bukan_neutrofil,0,0,0,0,0,8350
MO_214064_ccrop.jpg,Monocyte,irregular,bukan_neutrofil,0,0,0,0,0,13848
MO_214087_ccrop.jpg,Monocyte,unsegmented-indented,bukan_neutrofil,0,0,0,0,0,11513
MO_215092_ccrop.jpg,Monocyte,unsegmented-indented,bukan_neutrofil,0,0,0,0,0,9960
MO_216533_ccrop.jpg,Monocyte,unsegmented-indented,bukan_neutrofil,0,0,0,0,0,10482
MO_216731_ccrop.jpg,Monocyte,segmented-bilobed,bukan_neutrofil,1,70,70,0,1,9458
MO_217158_ccrop.jpg,Monocyte,unsegmented-indented,bukan_neutrofil,0,0,0,0,0,10176
MO_217246_ccrop.jpg,Monocyte,unsegmented-indented,bukan_neutrofil,0,0,0,0,0,10019
MO_217315_ccrop.jpg,Monocyte,unsegmented-indented,bukan_neutrofil,0,0,0,0,0,8034
MO_21733_ccrop.jpg,Monocyte,unsegmented-indented,bukan_neutrofil,0,0,0,0,0,8269
MO_220143_ccrop.jpg,Monocyte,unsegmented-indented,bukan_neutrofil,0,0,0,0,0,12105
MO_2221_ccrop.jpg,Monocyte,unsegmented-indented,bukan_neutrofil,0,0,0,0,0,10668
MO_222303_ccrop.jpg,Monocyte,irregular,bukan_neutrofil,0,0,0,0,0,14634
MO_223296_ccrop.jpg,Monocyte,unsegmented-indented,bukan_neutrofil,0,0,0,0,0,8998
MO_225079_ccrop.jpg,Monocyte,unsegmented-indented,bukan_neutrofil,2,176,93,0,2,9314
MO_225218_ccrop.jpg,Monocyte,unsegmented-indented,bukan_neutrofil,0,0,0,0,0,7620
MO_226318_ccrop.jpg,Monocyte,unsegmented-indented,bukan_neutrofil,0,0,0,0,0,10604
MO_226484_ccrop.jpg,Monocyte,unsegmented-round,bukan_neutrofil,0,0,0,0,0,10007
MO_229532_ccrop.jpg,Monocyte,unsegmented-indented,bukan_neutrofil,1,85,85,0,1,7660
MO_230324_ccrop.jpg,Monocyte,unsegmented-indented,bukan_neutrofil,0,0,0,0,0,10413
MO_231316_ccrop.jpg,Monocyte,unsegmented-indented,bukan_neutrofil,0,0,0,0,0,8472
MO_23282_ccrop.jpg,Monocyte,unsegmented-round,bukan_neutrofil,0,0,0,0,0,9481
MO_234193_ccrop.jpg,Monocyte,unsegmented-indented,bukan_neutrofil,0,0,0,0,0,10607
MO_235578_ccrop.jpg,Monocyte,unsegmented-indented,bukan_neutrofil,0,0,0,0,0,8973
MO_23768_ccrop.jpg,Monocyte,unsegmented-indented,bukan_neutrofil,0,0,0,0,0,10766
MO_23775_ccrop.jpg,Monocyte,irregular,bukan_neutrofil,0,0,0,0,0,10335
MO_237869_ccrop.jpg,Monocyte,unsegmented-indented,bukan_neutrofil,0,0,0,0,0,10252
MO_238063_ccrop.jpg,Monocyte,unsegmented-indented,bukan_neutrofil,0,0,0,0,0,10000
MO_238900_ccrop.jpg,Monocyte,unsegmented-indented,bukan_neutrofil,0,0,0,0,0,11984
MO_239521_ccrop.jpg,Monocyte,unsegmented-indented,bukan_neutrofil,0,0,0,0,0,10992
MO_242489_ccrop.jpg,Monocyte,unsegmented-indented,bukan_neutrofil,0,0,0,0,0,8963
MO_246781_ccrop.jpg,Monocyte,unsegmented-indented,bukan_neutrofil,0,0,0,0,0,9473
MO_248568_ccrop.jpg,Monocyte,unsegmented-indented,bukan_neutrofil,0,0,0,0,0,9542
MO_248587_ccrop.jpg,Monocyte,unsegmented-indented,bukan_neutrofil,0,0,0,0,0,9228
MO_250099_ccrop.jpg,Monocyte,unsegmented-indented,bukan_neutrofil,1,712,712,0,1,12942
MO_25182_ccrop.jpg,Monocyte,unsegmented-indented,bukan_neutrofil,0,0,0,0,0,8954
MO_25276_ccrop.jpg,Monocyte,unsegmented-indented,bukan_neutrofil,0,0,0,0,0,23601
MO_253182_ccrop.jpg,Monocyte,unsegmented-indented,bukan_neutrofil,0,0,0,0,0,11560
MO_254452_ccrop.jpg,Monocyte,unsegmented-indented,bukan_neutrofil,1,101,101,0,1,12873
MO_255233_ccrop.jpg,Monocyte,unsegmented-indented,bukan_neutrofil,0,0,0,0,0,23041
MO_255241_ccrop.jpg,Monocyte,unsegmented-indented,bukan_neutrofil,0,0,0,0,0,8892
MO_255406_ccrop.jpg,Monocyte,unsegmented-indented,bukan_neutrofil,0,0,0,0,0,10905
MO_256430_ccrop.jpg,Monocyte,unsegmented-indented,bukan_neutrofil,0,0,0,0,0,11128
MO_257525_ccrop.jpg,Monocyte,unsegmented-indented,bukan_neutrofil,0,0,0,0,0,11228
MO_257537_ccrop.jpg,Monocyte,unsegmented-indented,bukan_neutrofil,0,0,0,0,0,16482
MO_257939_ccrop.jpg,Monocyte,unsegmented-indented,bukan_neutrofil,0,0,0,0,0,12112
MO_258001_ccrop.jpg,Monocyte,irregular,bukan_neutrofil,0,0,0,0,0,10598
MO_258162_ccrop.jpg,Monocyte,unsegmented-indented,bukan_neutrofil,0,0,0,0,0,11160
MO_258290_ccrop.jpg,Monocyte,unsegmented-indented,bukan_neutrofil,0,0,0,0,0,9718
MO_259043_ccrop.jpg,Monocyte,irregular,bukan_neutrofil,0,0,0,0,0,12082
MO_261263_ccrop.jpg,Monocyte,unsegmented-indented,bukan_neutrofil,0,0,0,0,0,9516
MO_261626_ccrop.jpg,Monocyte,unsegmented-indented,bukan_neutrofil,0,0,0,0,0,13943
MO_261751_ccrop.jpg,Monocyte,unsegmented-indented,bukan_neutrofil,0,0,0,0,0,11109
MO_262081_ccrop.jpg,Monocyte,irregular,bukan_neutrofil,1,89,89,0,1,13038
MO_264354_ccrop.jpg,Monocyte,unsegmented-indented,bukan_neutrofil,1,473,473,0,1,8693
MO_266868_ccrop.jpg,Monocyte,unsegmented-indented,bukan_neutrofil,0,0,0,0,0,10054
MO_267447_ccrop.jpg,Monocyte,unsegmented-indented,bukan_neutrofil,0,0,0,0,0,11075
MO_268250_ccrop.jpg,Monocyte,irregular,bukan_neutrofil,0,0,0,0,0,11053
MO_269575_ccrop.jpg,Monocyte,unsegmented-indented,bukan_neutrofil,1,19,19,0,1,8354
MO_269792_ccrop.jpg,Monocyte,unsegmented-indented,bukan_neutrofil,0,0,0,0,0,9387
MO_271165_ccrop.jpg,Monocyte,unsegmented-indented,bukan_neutrofil,1,32,32,0,1,10490
MO_272420_ccrop.jpg,Monocyte,unsegmented-indented,bukan_neutrofil,0,0,0,0,0,8752
MO_273522_ccrop.jpg,Monocyte,unsegmented-indented,bukan_neutrofil,0,0,0,0,0,11222
MO_275459_ccrop.jpg,Monocyte,unsegmented-indented,bukan_neutrofil,0,0,0,0,0,10959
MO_276444_ccrop.jpg,Monocyte,irregular,bukan_neutrofil,0,0,0,0,0,9221
MO_277784_ccrop.jpg,Monocyte,unsegmented-indented,bukan_neutrofil,0,0,0,0,0,10891
MO_278768_ccrop.jpg,Monocyte,unsegmented-indented,bukan_neutrofil,0,0,0,0,0,8740
MO_284143_ccrop.jpg,Monocyte,unsegmented-indented,bukan_neutrofil,0,0,0,0,0,8107
MO_284364_ccrop.jpg,Monocyte,unsegmented-indented,bukan_neutrofil,0,0,0,0,0,11521
MO_2893_ccrop.jpg,Monocyte,irregular,bukan_neutrofil,0,0,0,0,0,10778
MO_293124_ccrop.jpg,Monocyte,irregular,bukan_neutrofil,0,0,0,0,0,9216
MO_293271_ccrop.jpg,Monocyte,unsegmented-round,bukan_neutrofil,0,0,0,0,0,8276
MO_294724_ccrop.jpg,Monocyte,unsegmented-indented,bukan_neutrofil,0,0,0,0,0,15458
MO_296772_ccrop.jpg,Monocyte,unsegmented-indented,bukan_neutrofil,0,0,0,0,0,9690
MO_299307_ccrop.jpg,Monocyte,unsegmented-indented,bukan_neutrofil,0,0,0,0,0,8556
MO_300733_ccrop.jpg,Monocyte,unsegmented-indented,bukan_neutrofil,0,0,0,0,0,10960
MO_302771_ccrop.jpg,Monocyte,unsegmented-indented,bukan_neutrofil,1,161,161,0,1,12318
MO_307572_ccrop.jpg,Monocyte,unsegmented-indented,bukan_neutrofil,0,0,0,0,0,9071
MO_307859_ccrop.jpg,Monocyte,unsegmented-indented,bukan_neutrofil,0,0,0,0,0,10716
MO_308226_ccrop.jpg,Monocyte,irregular,bukan_neutrofil,0,0,0,0,0,9771
MO_310770_ccrop.jpg,Monocyte,irregular,bukan_neutrofil,0,0,0,0,0,10406
MO_311339_ccrop.jpg,Monocyte,irregular,bukan_neutrofil,0,0,0,0,0,9648
MO_315300_ccrop.jpg,Monocyte,irregular,bukan_neutrofil,0,0,0,0,0,10225
MO_315312_ccrop.jpg,Monocyte,unsegmented-indented,bukan_neutrofil,0,0,0,0,0,10296
MO_320396_ccrop.jpg,Monocyte,irregular,bukan_neutrofil,0,0,0,0,0,9458
MO_320490_ccrop.jpg,Monocyte,unsegmented-indented,bukan_neutrofil,0,0,0,0,0,10740
MO_321788_ccrop.jpg,Monocyte,unsegmented-indented,bukan_neutrofil,0,0,0,0,0,12584
MO_321941_ccrop.jpg,Monocyte,unsegmented-indented,bukan_neutrofil,0,0,0,0,0,9688
MO_322276_ccrop.jpg,Monocyte,unsegmented-indented,bukan_neutrofil,0,0,0,0,0,11307
MO_325431_ccrop.jpg,Monocyte,unsegmented-indented,bukan_neutrofil,2,167,103,0,2,9879
MO_325850_ccrop.jpg,Monocyte,irregular,bukan_neutrofil,0,0,0,0,0,13265
MO_326040_ccrop.jpg,Monocyte,unsegmented-indented,bukan_neutrofil,0,0,0,0,0,7444
MO_327883_ccrop.jpg,Monocyte,irregular,bukan_neutrofil,1,52,52,0,1,11671
MO_3281_ccrop.jpg,Monocyte,unsegmented-indented,bukan_neutrofil,1,6,6,0,1,11650
MO_328743_ccrop.jpg,Monocyte,unsegmented-indented,bukan_neutrofil,0,0,0,0,0,8097
MO_330695_ccrop.jpg,Monocyte,unsegmented-indented,bukan_neutrofil,0,0,0,0,0,11015
MO_331436_ccrop.jpg,Monocyte,unsegmented-indented,bukan_neutrofil,0,0,0,0,0,7743
MO_332386_ccrop.jpg,Monocyte,irregular,bukan_neutrofil,1,404,404,0,1,10554
MO_332858_ccrop.jpg,Monocyte,unsegmented-indented,bukan_neutrofil,0,0,0,0,0,9693
MO_332923_ccrop.jpg,Monocyte,unsegmented-round,bukan_neutrofil,0,0,0,0,0,5870
MO_333557_ccrop.jpg,Monocyte,unsegmented-indented,bukan_neutrofil,0,0,0,0,0,12380
MO_338729_ccrop.jpg,Monocyte,unsegmented-indented,bukan_neutrofil,0,0,0,0,0,9157
MO_342486_ccrop.jpg,Monocyte,unsegmented-indented,bukan_neutrofil,1,17,17,0,1,10511
MO_342563_ccrop.jpg,Monocyte,unsegmented-indented,bukan_neutrofil,0,0,0,0,0,12262
MO_343906_ccrop.jpg,Monocyte,unsegmented-indented,bukan_neutrofil,0,0,0,0,0,9589
MO_345398_ccrop.jpg,Monocyte,unsegmented-indented,bukan_neutrofil,0,0,0,0,0,9482
MO_345587_ccrop.jpg,Monocyte,unsegmented-indented,bukan_neutrofil,1,3,3,0,1,9613
MO_345969_ccrop.jpg,Monocyte,unsegmented-indented,bukan_neutrofil,1,109,109,0,1,10454
MO_348475_ccrop.jpg,Monocyte,unsegmented-indented,bukan_neutrofil,0,0,0,0,0,8229
MO_348749_ccrop.jpg,Monocyte,irregular,bukan_neutrofil,0,0,0,0,0,11770
MO_349852_ccrop.jpg,Monocyte,unsegmented-indented,bukan_neutrofil,0,0,0,0,0,11261
MO_350301_ccrop.jpg,Monocyte,unsegmented-indented,bukan_neutrofil,1,69,69,0,1,12593
MO_351284_ccrop.jpg,Monocyte,irregular,bukan_neutrofil,2,140,71,0,2,9938
MO_353686_ccrop.jpg,Monocyte,unsegmented-indented,bukan_neutrofil,0,0,0,0,0,10395
MO_354293_ccrop.jpg,Monocyte,unsegmented-indented,bukan_neutrofil,0,0,0,0,0,11982
MO_354442_ccrop.jpg,Monocyte,unsegmented-indented,bukan_neutrofil,0,0,0,0,0,10283
MO_355224_ccrop.jpg,Monocyte,irregular,bukan_neutrofil,1,62,62,0,1,12716
MO_357283_ccrop.jpg,Monocyte,irregular,bukan_neutrofil,1,196,196,0,1,11511
MO_357657_ccrop.jpg,Monocyte,unsegmented-indented,bukan_neutrofil,3,144,82,0,3,8715
MO_358488_ccrop.jpg,Monocyte,unsegmented-indented,bukan_neutrofil,0,0,0,0,0,10612
MO_360218_ccrop.jpg,Monocyte,unsegmented-indented,bukan_neutrofil,0,0,0,0,0,8185
MO_361517_ccrop.jpg,Monocyte,unsegmented-round,bukan_neutrofil,0,0,0,0,0,9944
MO_362561_ccrop.jpg,Monocyte,irregular,bukan_neutrofil,0,0,0,0,0,13054
MO_362651_ccrop.jpg,Monocyte,irregular,bukan_neutrofil,1,235,235,0,1,10950
MO_362980_ccrop.jpg,Monocyte,unsegmented-indented,bukan_neutrofil,0,0,0,0,0,8660
MO_363174_ccrop.jpg,Monocyte,irregular,bukan_neutrofil,0,0,0,0,0,10634
MO_363564_ccrop.jpg,Monocyte,irregular,bukan_neutrofil,1,381,381,0,1,11267
MO_365265_ccrop.jpg,Monocyte,unsegmented-indented,bukan_neutrofil,0,0,0,0,0,10138
MO_369170_ccrop.jpg,Monocyte,unsegmented-indented,bukan_neutrofil,0,0,0,0,0,7847
MO_371068_ccrop.jpg,Monocyte,unsegmented-indented,bukan_neutrofil,0,0,0,0,0,11299
MO_371397_ccrop.jpg,Monocyte,irregular,bukan_neutrofil,0,0,0,0,0,9453
MO_371740_ccrop.jpg,Monocyte,unsegmented-indented,bukan_neutrofil,0,0,0,0,0,8469
MO_372163_ccrop.jpg,Monocyte,unsegmented-indented,bukan_neutrofil,0,0,0,0,0,12443
MO_372197_ccrop.jpg,Monocyte,irregular,bukan_neutrofil,1,11,11,0,1,11220
MO_372328_ccrop.jpg,Monocyte,unsegmented-round,bukan_neutrofil,0,0,0,0,0,11365
MO_372496_ccrop.jpg,Monocyte,irregular,bukan_neutrofil,0,0,0,0,0,11070
MO_374623_ccrop.jpg,Monocyte,unsegmented-indented,bukan_neutrofil,0,0,0,0,0,8710
MO_378086_ccrop.jpg,Monocyte,unsegmented-indented,bukan_neutrofil,0,0,0,0,0,11501
MO_378770_ccrop.jpg,Monocyte,unsegmented-indented,bukan_neutrofil,0,0,0,0,0,9768
MO_381720_ccrop.jpg,Monocyte,irregular,bukan_neutrofil,0,0,0,0,0,10291
MO_382804_ccrop.jpg,Monocyte,unsegmented-indented,bukan_neutrofil,0,0,0,0,0,10973
MO_383141_ccrop.jpg,Monocyte,unsegmented-indented,bukan_neutrofil,1,1,1,0,1,12791
MO_384012_ccrop.jpg,Monocyte,unsegmented-indented,bukan_neutrofil,0,0,0,0,0,9535
MO_385446_ccrop.jpg,Monocyte,unsegmented-indented,bukan_neutrofil,0,0,0,0,0,10710
MO_386754_ccrop.jpg,Monocyte,unsegmented-indented,bukan_neutrofil,0,0,0,0,0,11544
MO_387936_ccrop.jpg,Monocyte,unsegmented-indented,bukan_neutrofil,0,0,0,0,0,11668
MO_389525_ccrop.jpg,Monocyte,unsegmented-indented,bukan_neutrofil,0,0,0,0,0,10655
MO_389641_ccrop.jpg,Monocyte,irregular,bukan_neutrofil,0,0,0,0,0,12188
MO_390934_ccrop.jpg,Monocyte,irregular,bukan_neutrofil,0,0,0,0,0,9528
MO_391733_ccrop.jpg,Monocyte,unsegmented-indented,bukan_neutrofil,0,0,0,0,0,6446
MO_392030_ccrop.jpg,Monocyte,unsegmented-indented,bukan_neutrofil,0,0,0,0,0,11992
MO_392040_ccrop.jpg,Monocyte,unsegmented-indented,bukan_neutrofil,0,0,0,0,0,9715
MO_394173_ccrop.jpg,Monocyte,unsegmented-indented,bukan_neutrofil,0,0,0,0,0,10228
MO_394238_ccrop.jpg,Monocyte,unsegmented-indented,bukan_neutrofil,3,182,111,0,3,11800
MO_394926_ccrop.jpg,Monocyte,unsegmented-indented,bukan_neutrofil,0,0,0,0,0,9010
MO_396043_ccrop.jpg,Monocyte,unsegmented-indented,bukan_neutrofil,0,0,0,0,0,13439
MO_397136_ccrop.jpg,Monocyte,unsegmented-round,bukan_neutrofil,0,0,0,0,0,12978
MO_398318_ccrop.jpg,Monocyte,unsegmented-indented,bukan_neutrofil,0,0,0,0,0,12263
MO_399228_ccrop.jpg,Monocyte,irregular,bukan_neutrofil,0,0,0,0,0,9607
MO_401220_ccrop.jpg,Monocyte,unsegmented-indented,bukan_neutrofil,0,0,0,0,0,7705
MO_402348_ccrop.jpg,Monocyte,irregular,bukan_neutrofil,0,0,0,0,0,10626
MO_402875_ccrop.jpg,Monocyte,unsegmented-indented,bukan_neutrofil,0,0,0,0,0,10613
MO_403045_ccrop.jpg,Monocyte,unsegmented-indented,bukan_neutrofil,0,0,0,0,0,10636
MO_405775_ccrop.jpg,Monocyte,unsegmented-round,bukan_neutrofil,0,0,0,0,0,10001
MO_405929_ccrop.jpg,Monocyte,unsegmented-indented,bukan_neutrofil,1,1,1,0,1,12463
MO_406701_ccrop.jpg,Monocyte,unsegmented-indented,bukan_neutrofil,0,0,0,0,0,9256
MO_407150_ccrop.jpg,Monocyte,unsegmented-indented,bukan_neutrofil,0,0,0,0,0,9933
MO_408033_ccrop.jpg,Monocyte,irregular,bukan_neutrofil,0,0,0,0,0,12944
MO_408876_ccrop.jpg,Monocyte,irregular,bukan_neutrofil,0,0,0,0,0,11348
MO_409354_ccrop.jpg,Monocyte,unsegmented-indented,bukan_neutrofil,0,0,0,0,0,11620
MO_409991_ccrop.jpg,Monocyte,unsegmented-indented,bukan_neutrofil,0,0,0,0,0,9213
MO_412422_ccrop.jpg,Monocyte,unsegmented-indented,bukan_neutrofil,0,0,0,0,0,10124
MO_412460_ccrop.jpg,Monocyte,irregular,bukan_neutrofil,1,114,114,0,1,10116
MO_412978_ccrop.jpg,Monocyte,unsegmented-round,bukan_neutrofil,0,0,0,0,0,12402
MO_413052_ccrop.jpg,Monocyte,irregular,bukan_neutrofil,2,133,78,0,2,10261
MO_413572_ccrop.jpg,Monocyte,unsegmented-indented,bukan_neutrofil,0,0,0,0,0,9337
MO_415531_ccrop.jpg,Monocyte,unsegmented-indented,bukan_neutrofil,0,0,0,0,0,8487
MO_416862_ccrop.jpg,Monocyte,unsegmented-indented,bukan_neutrofil,0,0,0,0,0,10641
MO_417142_ccrop.jpg,Monocyte,unsegmented-indented,bukan_neutrofil,0,0,0,0,0,9584
MO_418203_ccrop.jpg,Monocyte,unsegmented-indented,bukan_neutrofil,0,0,0,0,0,8635
MO_419144_ccrop.jpg,Monocyte,unsegmented-indented,bukan_neutrofil,0,0,0,0,0,10577
MO_420300_ccrop.jpg,Monocyte,unsegmented-indented,bukan_neutrofil,0,0,0,0,0,8732
MO_420359_ccrop.jpg,Monocyte,unsegmented-round,bukan_neutrofil,0,0,0,0,0,7669
MO_421759_ccrop.jpg,Monocyte,irregular,bukan_neutrofil,1,43,43,0,1,12249
MO_422563_ccrop.jpg,Monocyte,unsegmented-indented,bukan_neutrofil,0,0,0,0,0,9317
MO_4232_ccrop.jpg,Monocyte,irregular,bukan_neutrofil,1,197,197,0,1,10719
MO_423877_ccrop.jpg,Monocyte,unsegmented-indented,bukan_neutrofil,0,0,0,0,0,8907
MO_424310_ccrop.jpg,Monocyte,irregular,bukan_neutrofil,0,0,0,0,0,10060
MO_424389_ccrop.jpg,Monocyte,unsegmented-indented,bukan_neutrofil,0,0,0,0,0,10705
MO_431284_ccrop.jpg,Monocyte,unsegmented-indented,bukan_neutrofil,0,0,0,0,0,9114
MO_433847_ccrop.jpg,Monocyte,unsegmented-indented,bukan_neutrofil,0,0,0,0,0,10896
MO_434045_ccrop.jpg,Monocyte,unsegmented-round,bukan_neutrofil,0,0,0,0,0,10896
MO_434289_ccrop.jpg,Monocyte,unsegmented-indented,bukan_neutrofil,2,494,406,0,2,11691
MO_435631_ccrop.jpg,Monocyte,unsegmented-indented,bukan_neutrofil,0,0,0,0,0,10643
MO_437728_ccrop.jpg,Monocyte,unsegmented-indented,bukan_neutrofil,1,73,73,0,1,10062
MO_439297_ccrop.jpg,Monocyte,unsegmented-indented,bukan_neutrofil,0,0,0,0,0,9722
MO_439999_ccrop.jpg,Monocyte,irregular,bukan_neutrofil,0,0,0,0,0,11350
MO_441066_ccrop.jpg,Monocyte,irregular,bukan_neutrofil,0,0,0,0,0,10095
MO_444171_ccrop.jpg,Monocyte,irregular,bukan_neutrofil,0,0,0,0,0,7781
MO_447322_ccrop.jpg,Monocyte,unsegmented-indented,bukan_neutrofil,0,0,0,0,0,9720
MO_448245_ccrop.jpg,Monocyte,unsegmented-indented,bukan_neutrofil,5,271,81,0,5,12825
MO_448299_ccrop.jpg,Monocyte,irregular,bukan_neutrofil,0,0,0,0,0,10700
MO_450401_ccrop.jpg,Monocyte,unsegmented-indented,bukan_neutrofil,0,0,0,0,0,9446
MO_452441_ccrop.jpg,Monocyte,irregular,bukan_neutrofil,0,0,0,0,0,10024
MO_453799_ccrop.jpg,Monocyte,unsegmented-indented,bukan_neutrofil,0,0,0,0,0,9914
MO_455421_ccrop.jpg,Monocyte,irregular,bukan_neutrofil,1,63,63,0,1,10361
MO_456994_ccrop.jpg,Monocyte,irregular,bukan_neutrofil,0,0,0,0,0,11449
MO_457419_ccrop.jpg,Monocyte,unsegmented-round,bukan_neutrofil,0,0,0,0,0,11740
MO_458178_ccrop.jpg,Monocyte,unsegmented-indented,bukan_neutrofil,1,53,53,0,1,8641
MO_458271_ccrop.jpg,Monocyte,unsegmented-round,bukan_neutrofil,0,0,0,0,0,10356
MO_460255_ccrop.jpg,Monocyte,irregular,bukan_neutrofil,0,0,0,0,0,10276
MO_461013_ccrop.jpg,Monocyte,unsegmented-indented,bukan_neutrofil,0,0,0,0,0,9234
MO_461501_ccrop.jpg,Monocyte,unsegmented-indented,bukan_neutrofil,1,39,39,0,1,12300
MO_461638_ccrop.jpg,Monocyte,irregular,bukan_neutrofil,0,0,0,0,0,12855
MO_462964_ccrop.jpg,Monocyte,unsegmented-indented,bukan_neutrofil,0,0,0,0,0,9194
MO_465710_ccrop.jpg,Monocyte,unsegmented-indented,bukan_neutrofil,0,0,0,0,0,11333
MO_466514_ccrop.jpg,Monocyte,unsegmented-indented,bukan_neutrofil,0,0,0,0,0,11589
MO_46784_ccrop.jpg,Monocyte,unsegmented-indented,bukan_neutrofil,0,0,0,0,0,10632
MO_467924_ccrop.jpg,Monocyte,unsegmented-indented,bukan_neutrofil,0,0,0,0,0,9751
MO_467997_ccrop.jpg,Monocyte,unsegmented-indented,bukan_neutrofil,0,0,0,0,0,9104
MO_468147_ccrop.jpg,Monocyte,unsegmented-indented,bukan_neutrofil,0,0,0,0,0,10992
MO_468506_ccrop.jpg,Monocyte,unsegmented-indented,bukan_neutrofil,2,4,3,0,2,9679
MO_468776_ccrop.jpg,Monocyte,unsegmented-indented,bukan_neutrofil,0,0,0,0,0,10024
MO_469644_ccrop.jpg,Monocyte,irregular,bukan_neutrofil,0,0,0,0,0,8949
MO_470658_ccrop.jpg,Monocyte,irregular,bukan_neutrofil,0,0,0,0,0,9615
MO_473875_ccrop.jpg,Monocyte,unsegmented-indented,bukan_neutrofil,0,0,0,0,0,9145
MO_474241_ccrop.jpg,Monocyte,unsegmented-indented,bukan_neutrofil,0,0,0,0,0,9925
MO_474380_ccrop.jpg,Monocyte,unsegmented-indented,bukan_neutrofil,0,0,0,0,0,10232
MO_475937_ccrop.jpg,Monocyte,unsegmented-indented,bukan_neutrofil,0,0,0,0,0,8887
MO_477289_ccrop.jpg,Monocyte,irregular,bukan_neutrofil,0,0,0,0,0,10581
MO_478654_ccrop.jpg,Monocyte,unsegmented-indented,bukan_neutrofil,0,0,0,0,0,9986
MO_482763_ccrop.jpg,Monocyte,unsegmented-indented,bukan_neutrofil,1,94,94,0,1,12313
MO_483167_ccrop.jpg,Monocyte,unsegmented-indented,bukan_neutrofil,0,0,0,0,0,11047
MO_483350_ccrop.jpg,Monocyte,unsegmented-indented,bukan_neutrofil,0,0,0,0,0,10178
MO_485774_ccrop.jpg,Monocyte,unsegmented-indented,bukan_neutrofil,0,0,0,0,0,9315
MO_486211_ccrop.jpg,Monocyte,unsegmented-indented,bukan_neutrofil,0,0,0,0,0,7990
MO_486293_ccrop.jpg,Monocyte,irregular,bukan_neutrofil,1,81,81,0,1,10101
MO_486311_ccrop.jpg,Monocyte,unsegmented-indented,bukan_neutrofil,1,69,69,0,1,11651
MO_48904_ccrop.jpg,Monocyte,irregular,bukan_neutrofil,0,0,0,0,0,11963
MO_489227_ccrop.jpg,Monocyte,unsegmented-indented,bukan_neutrofil,0,0,0,0,0,8316
MO_490016_ccrop.jpg,Monocyte,unsegmented-round,bukan_neutrofil,0,0,0,0,0,10807
MO_490187_ccrop.jpg,Monocyte,unsegmented-indented,bukan_neutrofil,0,0,0,0,0,9584
MO_490254_ccrop.jpg,Monocyte,unsegmented-indented,bukan_neutrofil,0,0,0,0,0,9250
MO_492669_ccrop.jpg,Monocyte,unsegmented-indented,bukan_neutrofil,0,0,0,0,0,12582
MO_496437_ccrop.jpg,Monocyte,unsegmented-indented,bukan_neutrofil,0,0,0,0,0,11226
MO_497117_ccrop.jpg,Monocyte,irregular,bukan_neutrofil,2,249,166,0,2,13017
MO_497528_ccrop.jpg,Monocyte,unsegmented-indented,bukan_neutrofil,0,0,0,0,0,11590
MO_497693_ccrop.jpg,Monocyte,irregular,bukan_neutrofil,2,144,95,0,2,11027
MO_499033_ccrop.jpg,Monocyte,unsegmented-indented,bukan_neutrofil,0,0,0,0,0,9202
MO_499693_ccrop.jpg,Monocyte,unsegmented-indented,bukan_neutrofil,0,0,0,0,0,9968
MO_499702_ccrop.jpg,Monocyte,unsegmented-indented,bukan_neutrofil,0,0,0,0,0,10178
MO_500556_ccrop.jpg,Monocyte,unsegmented-indented,bukan_neutrofil,0,0,0,0,0,11502
MO_501501_ccrop.jpg,Monocyte,unsegmented-indented,bukan_neutrofil,0,0,0,0,0,10186
MO_502212_ccrop.jpg,Monocyte,unsegmented-indented,bukan_neutrofil,0,0,0,0,0,10169
MO_503134_ccrop.jpg,Monocyte,irregular,bukan_neutrofil,0,0,0,0,0,11816
MO_503447_ccrop.jpg,Monocyte,irregular,bukan_neutrofil,1,56,56,0,1,9758
MO_504276_ccrop.jpg,Monocyte,unsegmented-indented,bukan_neutrofil,0,0,0,0,0,11629
MO_504669_ccrop.jpg,Monocyte,unsegmented-indented,bukan_neutrofil,1,333,333,0,1,9705
MO_505288_ccrop.jpg,Monocyte,irregular,bukan_neutrofil,1,450,450,0,1,11971
MO_506372_ccrop.jpg,Monocyte,unsegmented-indented,bukan_neutrofil,1,55,55,0,1,11014
MO_507386_ccrop.jpg,Monocyte,unsegmented-indented,bukan_neutrofil,1,19,19,0,1,10860
MO_508461_ccrop.jpg,Monocyte,unsegmented-indented,bukan_neutrofil,0,0,0,0,0,11563
MO_509282_ccrop.jpg,Monocyte,unsegmented-indented,bukan_neutrofil,1,71,71,0,1,10341
MO_509828_ccrop.jpg,Monocyte,irregular,bukan_neutrofil,0,0,0,0,0,12423
MO_509901_ccrop.jpg,Monocyte,irregular,bukan_neutrofil,1,149,149,0,1,11099
MO_512083_ccrop.jpg,Monocyte,unsegmented-round,bukan_neutrofil,0,0,0,0,0,8848
MO_512783_ccrop.jpg,Monocyte,irregular,bukan_neutrofil,1,172,172,0,1,10910
MO_513345_ccrop.jpg,Monocyte,unsegmented-indented,bukan_neutrofil,2,253,184,0,2,11041
MO_516376_ccrop.jpg,Monocyte,unsegmented-indented,bukan_neutrofil,0,0,0,0,0,8176
MO_51728_ccrop.jpg,Monocyte,irregular,bukan_neutrofil,1,298,298,0,1,9354
MO_519360_ccrop.jpg,Monocyte,unsegmented-indented,bukan_neutrofil,0,0,0,0,0,10117
MO_519764_ccrop.jpg,Monocyte,unsegmented-indented,bukan_neutrofil,0,0,0,0,0,10224
MO_51985_ccrop.jpg,Monocyte,irregular,bukan_neutrofil,1,151,151,0,1,11475
MO_520421_ccrop.jpg,Monocyte,unsegmented-indented,bukan_neutrofil,0,0,0,0,0,9948
MO_521046_ccrop.jpg,Monocyte,unsegmented-indented,bukan_neutrofil,0,0,0,0,0,9661
MO_521254_ccrop.jpg,Monocyte,unsegmented-indented,bukan_neutrofil,0,0,0,0,0,10254
MO_52244_ccrop.jpg,Monocyte,irregular,bukan_neutrofil,1,406,406,0,1,9161
MO_526325_ccrop.jpg,Monocyte,unsegmented-indented,bukan_neutrofil,0,0,0,0,0,7895
MO_527472_ccrop.jpg,Monocyte,irregular,bukan_neutrofil,0,0,0,0,0,9176
MO_52909_ccrop.jpg,Monocyte,irregular,bukan_neutrofil,1,36,36,0,1,11607
MO_529368_ccrop.jpg,Monocyte,irregular,bukan_neutrofil,1,273,273,0,1,10376
MO_53142_ccrop.jpg,Monocyte,unsegmented-indented,bukan_neutrofil,0,0,0,0,0,9826
MO_533376_ccrop.jpg,Monocyte,unsegmented-round,bukan_neutrofil,0,0,0,0,0,8993
MO_533874_ccrop.jpg,Monocyte,unsegmented-round,bukan_neutrofil,0,0,0,0,0,9598
MO_536614_ccrop.jpg,Monocyte,unsegmented-indented,bukan_neutrofil,0,0,0,0,0,13323
MO_539418_ccrop.jpg,Monocyte,unsegmented-indented,bukan_neutrofil,0,0,0,0,0,11702
MO_541213_ccrop.jpg,Monocyte,unsegmented-indented,bukan_neutrofil,2,58,40,0,2,10380
MO_542286_ccrop.jpg,Monocyte,unsegmented-indented,bukan_neutrofil,0,0,0,0,0,9914
MO_542415_ccrop.jpg,Monocyte,unsegmented-round,bukan_neutrofil,0,0,0,0,0,12515
MO_544030_ccrop.jpg,Monocyte,unsegmented-indented,bukan_neutrofil,0,0,0,0,0,9481
MO_54457_ccrop.jpg,Monocyte,unsegmented-indented,bukan_neutrofil,0,0,0,0,0,8939
MO_545901_ccrop.jpg,Monocyte,unsegmented-indented,bukan_neutrofil,0,0,0,0,0,10102
MO_546759_ccrop.jpg,Monocyte,unsegmented-indented,bukan_neutrofil,0,0,0,0,0,10518
MO_547080_ccrop.jpg,Monocyte,unsegmented-indented,bukan_neutrofil,1,41,41,0,1,10768
MO_547178_ccrop.jpg,Monocyte,irregular,bukan_neutrofil,2,280,191,0,2,10408
MO_547845_ccrop.jpg,Monocyte,irregular,bukan_neutrofil,0,0,0,0,0,7724
MO_548509_ccrop.jpg,Monocyte,unsegmented-indented,bukan_neutrofil,0,0,0,0,0,9366
MO_551683_ccrop.jpg,Monocyte,unsegmented-indented,bukan_neutrofil,0,0,0,0,0,8367
MO_551759_ccrop.jpg,Monocyte,unsegmented-indented,bukan_neutrofil,9,18,7,0,9,12753
MO_552414_ccrop.jpg,Monocyte,unsegmented-indented,bukan_neutrofil,0,0,0,0,0,12928
MO_55283_ccrop.jpg,Monocyte,unsegmented-indented,bukan_neutrofil,0,0,0,0,0,9892
MO_55488_ccrop.jpg,Monocyte,irregular,bukan_neutrofil,0,0,0,0,0,8663
MO_554917_ccrop.jpg,Monocyte,irregular,bukan_neutrofil,0,0,0,0,0,12898
MO_556585_ccrop.jpg,Monocyte,unsegmented-indented,bukan_neutrofil,0,0,0,0,0,9082
MO_556657_ccrop.jpg,Monocyte,unsegmented-indented,bukan_neutrofil,0,0,0,0,0,9341
MO_557875_ccrop.jpg,Monocyte,irregular,bukan_neutrofil,0,0,0,0,0,11277
MO_557970_ccrop.jpg,Monocyte,unsegmented-indented,bukan_neutrofil,3,82,79,0,3,10046
MO_558349_ccrop.jpg,Monocyte,unsegmented-indented,bukan_neutrofil,1,57,57,0,1,12426
MO_560988_ccrop.jpg,Monocyte,unsegmented-indented,bukan_neutrofil,0,0,0,0,0,8097
MO_562773_ccrop.jpg,Monocyte,unsegmented-indented,bukan_neutrofil,0,0,0,0,0,9229
MO_563214_ccrop.jpg,Monocyte,unsegmented-indented,bukan_neutrofil,0,0,0,0,0,9761
MO_56427_ccrop.jpg,Monocyte,unsegmented-indented,bukan_neutrofil,0,0,0,0,0,9804
MO_567498_ccrop.jpg,Monocyte,unsegmented-indented,bukan_neutrofil,0,0,0,0,0,8496
MO_571951_ccrop.jpg,Monocyte,unsegmented-indented,bukan_neutrofil,0,0,0,0,0,10149
MO_573001_ccrop.jpg,Monocyte,irregular,bukan_neutrofil,0,0,0,0,0,10170
MO_573622_ccrop.jpg,Monocyte,unsegmented-indented,bukan_neutrofil,0,0,0,0,0,8574
MO_574035_ccrop.jpg,Monocyte,unsegmented-indented,bukan_neutrofil,0,0,0,0,0,10920
MO_574980_ccrop.jpg,Monocyte,irregular,bukan_neutrofil,0,0,0,0,0,10329
MO_578103_ccrop.jpg,Monocyte,unsegmented-indented,bukan_neutrofil,0,0,0,0,0,10655
MO_578642_ccrop.jpg,Monocyte,unsegmented-indented,bukan_neutrofil,0,0,0,0,0,10584
MO_579851_ccrop.jpg,Monocyte,irregular,bukan_neutrofil,0,0,0,0,0,10215
MO_581079_ccrop.jpg,Monocyte,unsegmented-indented,bukan_neutrofil,0,0,0,0,0,12433
MO_581325_ccrop.jpg,Monocyte,unsegmented-round,bukan_neutrofil,0,0,0,0,0,10484
MO_584194_ccrop.jpg,Monocyte,unsegmented-indented,bukan_neutrofil,0,0,0,0,0,10400
MO_586209_ccrop.jpg,Monocyte,unsegmented-indented,bukan_neutrofil,0,0,0,0,0,9424
MO_586282_ccrop.jpg,Monocyte,irregular,bukan_neutrofil,1,393,393,0,1,12532
MO_586452_ccrop.jpg,Monocyte,irregular,bukan_neutrofil,0,0,0,0,0,7714
MO_588078_ccrop.jpg,Monocyte,unsegmented-indented,bukan_neutrofil,0,0,0,0,0,8731
MO_589643_ccrop.jpg,Monocyte,unsegmented-indented,bukan_neutrofil,0,0,0,0,0,12333
MO_590262_ccrop.jpg,Monocyte,unsegmented-indented,bukan_neutrofil,0,0,0,0,0,9831
MO_597225_ccrop.jpg,Monocyte,unsegmented-indented,bukan_neutrofil,0,0,0,0,0,9941
MO_597286_ccrop.jpg,Monocyte,unsegmented-indented,bukan_neutrofil,0,0,0,0,0,12504
MO_5979_ccrop.jpg,Monocyte,unsegmented-indented,bukan_neutrofil,0,0,0,0,0,12383
MO_598200_ccrop.jpg,Monocyte,unsegmented-round,bukan_neutrofil,0,0,0,0,0,10592
MO_600892_ccrop.jpg,Monocyte,unsegmented-indented,bukan_neutrofil,1,129,129,0,1,10605
MO_601397_ccrop.jpg,Monocyte,unsegmented-indented,bukan_neutrofil,0,0,0,0,0,8011
MO_60168_ccrop.jpg,Monocyte,unsegmented-indented,bukan_neutrofil,1,105,105,0,1,11212
MO_603091_ccrop.jpg,Monocyte,unsegmented-indented,bukan_neutrofil,0,0,0,0,0,8489
MO_604786_ccrop.jpg,Monocyte,unsegmented-indented,bukan_neutrofil,0,0,0,0,0,11344
MO_604912_ccrop.jpg,Monocyte,unsegmented-indented,bukan_neutrofil,0,0,0,0,0,11493
MO_606564_ccrop.jpg,Monocyte,irregular,bukan_neutrofil,0,0,0,0,0,10356
MO_606587_ccrop.jpg,Monocyte,irregular,bukan_neutrofil,0,0,0,0,0,12248
MO_606897_ccrop.jpg,Monocyte,unsegmented-round,bukan_neutrofil,1,252,252,0,1,9766
MO_607749_ccrop.jpg,Monocyte,unsegmented-indented,bukan_neutrofil,0,0,0,0,0,11754
MO_608407_ccrop.jpg,Monocyte,unsegmented-round,bukan_neutrofil,0,0,0,0,0,11102
MO_609525_ccrop.jpg,Monocyte,unsegmented-indented,bukan_neutrofil,3,46,43,0,3,11862
MO_609867_ccrop.jpg,Monocyte,unsegmented-indented,bukan_neutrofil,0,0,0,0,0,7364
MO_61107_ccrop.jpg,Monocyte,unsegmented-indented,bukan_neutrofil,0,0,0,0,0,10801
MO_611239_ccrop.jpg,Monocyte,unsegmented-indented,bukan_neutrofil,0,0,0,0,0,10148
MO_612867_ccrop.jpg,Monocyte,unsegmented-indented,bukan_neutrofil,1,55,55,0,1,11817
MO_613573_ccrop.jpg,Monocyte,unsegmented-indented,bukan_neutrofil,2,65,35,0,2,8273
MO_61548_ccrop.jpg,Monocyte,unsegmented-indented,bukan_neutrofil,1,97,97,0,1,11915
MO_61631_ccrop.jpg,Monocyte,unsegmented-indented,bukan_neutrofil,0,0,0,0,0,10939
MO_616416_ccrop.jpg,Monocyte,unsegmented-indented,bukan_neutrofil,0,0,0,0,0,8983
MO_618817_ccrop.jpg,Monocyte,unsegmented-round,bukan_neutrofil,0,0,0,0,0,9978
MO_619192_ccrop.jpg,Monocyte,unsegmented-round,bukan_neutrofil,0,0,0,0,0,10107
MO_620684_ccrop.jpg,Monocyte,unsegmented-indented,bukan_neutrofil,0,0,0,0,0,7064
MO_621225_ccrop.jpg,Monocyte,unsegmented-indented,bukan_neutrofil,0,0,0,0,0,10164
MO_6230_ccrop.jpg,Monocyte,unsegmented-indented,bukan_neutrofil,0,0,0,0,0,11259
MO_62355_ccrop.jpg,Monocyte,unsegmented-round,bukan_neutrofil,0,0,0,0,0,8887
MO_623791_ccrop.jpg,Monocyte,unsegmented-indented,bukan_neutrofil,0,0,0,0,0,10197
MO_624758_ccrop.jpg,Monocyte,unsegmented-indented,bukan_neutrofil,0,0,0,0,0,12691
MO_625079_ccrop.jpg,Monocyte,unsegmented-indented,bukan_neutrofil,1,91,91,0,1,12199
MO_625714_ccrop.jpg,Monocyte,irregular,bukan_neutrofil,0,0,0,0,0,11767
MO_626759_ccrop.jpg,Monocyte,unsegmented-indented,bukan_neutrofil,0,0,0,0,0,10606
MO_627871_ccrop.jpg,Monocyte,unsegmented-round,bukan_neutrofil,0,0,0,0,0,10622
MO_628540_ccrop.jpg,Monocyte,irregular,bukan_neutrofil,1,237,237,0,1,12617
MO_628819_ccrop.jpg,Monocyte,irregular,bukan_neutrofil,0,0,0,0,0,9032
MO_629240_ccrop.jpg,Monocyte,unsegmented-indented,bukan_neutrofil,0,0,0,0,0,12233
MO_629706_ccrop.jpg,Monocyte,unsegmented-indented,bukan_neutrofil,0,0,0,0,0,11395
MO_633497_ccrop.jpg,Monocyte,unsegmented-indented,bukan_neutrofil,0,0,0,0,0,11319
MO_633840_ccrop.jpg,Monocyte,unsegmented-indented,bukan_neutrofil,0,0,0,0,0,11271
MO_634096_ccrop.jpg,Monocyte,unsegmented-indented,bukan_neutrofil,1,356,356,0,1,9243
MO_634829_ccrop.jpg,Monocyte,unsegmented-round,bukan_neutrofil,1,146,146,0,1,10599
MO_636291_ccrop.jpg,Monocyte,unsegmented-indented,bukan_neutrofil,1,955,955,0,1,19652
MO_637636_ccrop.jpg,Monocyte,unsegmented-indented,bukan_neutrofil,0,0,0,0,0,11628
MO_637800_ccrop.jpg,Monocyte,unsegmented-indented,bukan_neutrofil,0,0,0,0,0,10494
MO_639214_ccrop.jpg,Monocyte,unsegmented-indented,bukan_neutrofil,1,612,612,0,1,11126
MO_641324_ccrop.jpg,Monocyte,unsegmented-indented,bukan_neutrofil,0,0,0,0,0,10326
MO_641516_ccrop.jpg,Monocyte,unsegmented-indented,bukan_neutrofil,0,0,0,0,0,11854
MO_642249_ccrop.jpg,Monocyte,unsegmented-round,bukan_neutrofil,0,0,0,0,0,12067
MO_642375_ccrop.jpg,Monocyte,unsegmented-indented,bukan_neutrofil,0,0,0,0,0,10740
MO_6446_ccrop.jpg,Monocyte,unsegmented-indented,bukan_neutrofil,0,0,0,0,0,8508
MO_64499_ccrop.jpg,Monocyte,unsegmented-indented,bukan_neutrofil,1,33,33,0,1,11290
MO_645730_ccrop.jpg,Monocyte,unsegmented-indented,bukan_neutrofil,0,0,0,0,0,9916
MO_646983_ccrop.jpg,Monocyte,unsegmented-indented,bukan_neutrofil,1,189,189,0,1,9930
MO_647060_ccrop.jpg,Monocyte,unsegmented-indented,bukan_neutrofil,0,0,0,0,0,7812
MO_648679_ccrop.jpg,Monocyte,unsegmented-indented,bukan_neutrofil,0,0,0,0,0,10370
MO_648815_ccrop.jpg,Monocyte,unsegmented-indented,bukan_neutrofil,0,0,0,0,0,9454
MO_649902_ccrop.jpg,Monocyte,unsegmented-indented,bukan_neutrofil,0,0,0,0,0,10469
MO_649989_ccrop.jpg,Monocyte,unsegmented-indented,bukan_neutrofil,0,0,0,0,0,9446
MO_65093_ccrop.jpg,Monocyte,unsegmented-indented,bukan_neutrofil,0,0,0,0,0,9685
MO_652800_ccrop.jpg,Monocyte,unsegmented-indented,bukan_neutrofil,0,0,0,0,0,13010
MO_654471_ccrop.jpg,Monocyte,unsegmented-indented,bukan_neutrofil,0,0,0,0,0,11093
MO_654512_ccrop.jpg,Monocyte,unsegmented-indented,bukan_neutrofil,0,0,0,0,0,11520
MO_656604_ccrop.jpg,Monocyte,unsegmented-indented,bukan_neutrofil,1,212,212,0,1,11119
MO_656715_ccrop.jpg,Monocyte,unsegmented-indented,bukan_neutrofil,1,559,559,0,1,10118
MO_657432_ccrop.jpg,Monocyte,unsegmented-indented,bukan_neutrofil,0,0,0,0,0,10422
MO_657984_ccrop.jpg,Monocyte,irregular,bukan_neutrofil,0,0,0,0,0,11217
MO_658414_ccrop.jpg,Monocyte,unsegmented-indented,bukan_neutrofil,0,0,0,0,0,9179
MO_659792_ccrop.jpg,Monocyte,unsegmented-indented,bukan_neutrofil,0,0,0,0,0,12037
MO_660670_ccrop.jpg,Monocyte,unsegmented-round,bukan_neutrofil,0,0,0,0,0,11915
MO_661575_ccrop.jpg,Monocyte,unsegmented-indented,bukan_neutrofil,0,0,0,0,0,8062
MO_662852_ccrop.jpg,Monocyte,unsegmented-indented,bukan_neutrofil,0,0,0,0,0,11183
MO_664159_ccrop.jpg,Monocyte,irregular,bukan_neutrofil,0,0,0,0,0,9161
MO_664187_ccrop.jpg,Monocyte,irregular,bukan_neutrofil,0,0,0,0,0,11285
MO_666057_ccrop.jpg,Monocyte,unsegmented-indented,bukan_neutrofil,0,0,0,0,0,10302
MO_667353_ccrop.jpg,Monocyte,irregular,bukan_neutrofil,0,0,0,0,0,11328
MO_668269_ccrop.jpg,Monocyte,unsegmented-indented,bukan_neutrofil,2,2,1,0,2,13073
MO_668574_ccrop.jpg,Monocyte,irregular,bukan_neutrofil,0,0,0,0,0,10712
MO_668866_ccrop.jpg,Monocyte,unsegmented-indented,bukan_neutrofil,0,0,0,0,0,8536
MO_669132_ccrop.jpg,Monocyte,unsegmented-indented,bukan_neutrofil,1,46,46,0,1,11571
MO_669239_ccrop.jpg,Monocyte,irregular,bukan_neutrofil,0,0,0,0,0,9114
MO_670614_ccrop.jpg,Monocyte,unsegmented-indented,bukan_neutrofil,0,0,0,0,0,9195
MO_670990_ccrop.jpg,Monocyte,unsegmented-indented,bukan_neutrofil,0,0,0,0,0,10278
MO_673929_ccrop.jpg,Monocyte,unsegmented-indented,bukan_neutrofil,0,0,0,0,0,10357
MO_675510_ccrop.jpg,Monocyte,unsegmented-indented,bukan_neutrofil,0,0,0,0,0,9567
MO_676317_ccrop.jpg,Monocyte,unsegmented-indented,bukan_neutrofil,0,0,0,0,0,8574
MO_678255_ccrop.jpg,Monocyte,irregular,bukan_neutrofil,3,153,67,0,3,10795
MO_679758_ccrop.jpg,Monocyte,unsegmented-round,bukan_neutrofil,0,0,0,0,0,8174
MO_679959_ccrop.jpg,Monocyte,unsegmented-indented,bukan_neutrofil,0,0,0,0,0,14160
MO_683356_ccrop.jpg,Monocyte,unsegmented-indented,bukan_neutrofil,0,0,0,0,0,8018
MO_683443_ccrop.jpg,Monocyte,irregular,bukan_neutrofil,0,0,0,0,0,9771
MO_684764_ccrop.jpg,Monocyte,unsegmented-indented,bukan_neutrofil,0,0,0,0,0,10361
MO_688574_ccrop.jpg,Monocyte,unsegmented-indented,bukan_neutrofil,0,0,0,0,0,12830
MO_689165_ccrop.jpg,Monocyte,unsegmented-indented,bukan_neutrofil,0,0,0,0,0,10768
MO_68925_ccrop.jpg,Monocyte,irregular,bukan_neutrofil,0,0,0,0,0,11128
MO_689542_ccrop.jpg,Monocyte,unsegmented-indented,bukan_neutrofil,0,0,0,0,0,10837
MO_691230_ccrop.jpg,Monocyte,unsegmented-indented,bukan_neutrofil,0,0,0,0,0,12497
MO_692079_ccrop.jpg,Monocyte,unsegmented-indented,bukan_neutrofil,0,0,0,0,0,12005
MO_692135_ccrop.jpg,Monocyte,unsegmented-indented,bukan_neutrofil,5,452,183,0,5,10998
MO_693426_ccrop.jpg,Monocyte,unsegmented-indented,bukan_neutrofil,0,0,0,0,0,11637
MO_693501_ccrop.jpg,Monocyte,unsegmented-indented,bukan_neutrofil,0,0,0,0,0,9219
MO_696431_ccrop.jpg,Monocyte,unsegmented-indented,bukan_neutrofil,0,0,0,0,0,7516
MO_698675_ccrop.jpg,Monocyte,unsegmented-indented,bukan_neutrofil,0,0,0,0,0,9329
MO_699606_ccrop.jpg,Monocyte,unsegmented-indented,bukan_neutrofil,0,0,0,0,0,13644
MO_701058_ccrop.jpg,Monocyte,unsegmented-indented,bukan_neutrofil,0,0,0,0,0,8636
MO_701141_ccrop.jpg,Monocyte,unsegmented-indented,bukan_neutrofil,0,0,0,0,0,10184
MO_702105_ccrop.jpg,Monocyte,unsegmented-indented,bukan_neutrofil,0,0,0,0,0,9246
MO_702281_ccrop.jpg,Monocyte,unsegmented-indented,bukan_neutrofil,0,0,0,0,0,10799
MO_702473_ccrop.jpg,Monocyte,unsegmented-indented,bukan_neutrofil,0,0,0,0,0,12592
MO_702940_ccrop.jpg,Monocyte,irregular,bukan_neutrofil,2,171,129,0,2,11155
MO_703127_ccrop.jpg,Monocyte,unsegmented-indented,bukan_neutrofil,0,0,0,0,0,8972
MO_704914_ccrop.jpg,Monocyte,unsegmented-indented,bukan_neutrofil,0,0,0,0,0,7119
MO_705572_ccrop.jpg,Monocyte,unsegmented-indented,bukan_neutrofil,1,166,166,0,1,12623
MO_705630_ccrop.jpg,Monocyte,unsegmented-indented,bukan_neutrofil,1,27,27,0,1,8975
MO_70630_ccrop.jpg,Monocyte,irregular,bukan_neutrofil,0,0,0,0,0,9577
MO_707045_ccrop.jpg,Monocyte,unsegmented-indented,bukan_neutrofil,0,0,0,0,0,12758
MO_707140_ccrop.jpg,Monocyte,unsegmented-indented,bukan_neutrofil,0,0,0,0,0,7915
MO_707494_ccrop.jpg,Monocyte,unsegmented-indented,bukan_neutrofil,0,0,0,0,0,12871
MO_707836_ccrop.jpg,Monocyte,irregular,bukan_neutrofil,1,201,201,0,1,9345
MO_70803_ccrop.jpg,Monocyte,unsegmented-indented,bukan_neutrofil,0,0,0,0,0,9155
MO_709754_ccrop.jpg,Monocyte,unsegmented-indented,bukan_neutrofil,0,0,0,0,0,7713
MO_711672_ccrop.jpg,Monocyte,unsegmented-indented,bukan_neutrofil,0,0,0,0,0,9456
MO_714146_ccrop.jpg,Monocyte,unsegmented-indented,bukan_neutrofil,0,0,0,0,0,15223
MO_716428_ccrop.jpg,Monocyte,unsegmented-indented,bukan_neutrofil,0,0,0,0,0,9924
MO_71697_ccrop.jpg,Monocyte,unsegmented-indented,bukan_neutrofil,0,0,0,0,0,11088
MO_717500_ccrop.jpg,Monocyte,unsegmented-indented,bukan_neutrofil,0,0,0,0,0,10508
MO_718520_ccrop.jpg,Monocyte,irregular,bukan_neutrofil,1,236,236,0,1,10033
MO_7195_ccrop.jpg,Monocyte,irregular,bukan_neutrofil,0,0,0,0,0,11211
MO_719729_ccrop.jpg,Monocyte,unsegmented-indented,bukan_neutrofil,0,0,0,0,0,11909
MO_721472_ccrop.jpg,Monocyte,unsegmented-indented,bukan_neutrofil,0,0,0,0,0,13206
MO_721856_ccrop.jpg,Monocyte,unsegmented-indented,bukan_neutrofil,1,91,91,0,1,10423
MO_722749_ccrop.jpg,Monocyte,unsegmented-indented,bukan_neutrofil,0,0,0,0,0,9727
MO_723536_ccrop.jpg,Monocyte,unsegmented-indented,bukan_neutrofil,0,0,0,0,0,11234
MO_723586_ccrop.jpg,Monocyte,irregular,bukan_neutrofil,0,0,0,0,0,10351
MO_723738_ccrop.jpg,Monocyte,unsegmented-indented,bukan_neutrofil,0,0,0,0,0,9993
MO_723941_ccrop.jpg,Monocyte,unsegmented-indented,bukan_neutrofil,0,0,0,0,0,12378
MO_725703_ccrop.jpg,Monocyte,unsegmented-indented,bukan_neutrofil,0,0,0,0,0,12509
MO_727663_ccrop.jpg,Monocyte,irregular,bukan_neutrofil,0,0,0,0,0,7829
MO_729324_ccrop.jpg,Monocyte,unsegmented-indented,bukan_neutrofil,0,0,0,0,0,7745
MO_729326_ccrop.jpg,Monocyte,unsegmented-indented,bukan_neutrofil,0,0,0,0,0,11497
MO_729381_ccrop.jpg,Monocyte,unsegmented-indented,bukan_neutrofil,0,0,0,0,0,10790
MO_730717_ccrop.jpg,Monocyte,unsegmented-indented,bukan_neutrofil,1,55,55,0,1,10035
MO_734732_ccrop.jpg,Monocyte,unsegmented-indented,bukan_neutrofil,0,0,0,0,0,9655
MO_739043_ccrop.jpg,Monocyte,unsegmented-indented,bukan_neutrofil,0,0,0,0,0,12717
MO_739608_ccrop.jpg,Monocyte,unsegmented-indented,bukan_neutrofil,0,0,0,0,0,11251
MO_739920_ccrop.jpg,Monocyte,unsegmented-indented,bukan_neutrofil,0,0,0,0,0,9530
MO_740559_ccrop.jpg,Monocyte,unsegmented-indented,bukan_neutrofil,0,0,0,0,0,12119
MO_741522_ccrop.jpg,Monocyte,unsegmented-indented,bukan_neutrofil,1,4,4,0,1,10892
MO_741677_ccrop.jpg,Monocyte,irregular,bukan_neutrofil,1,97,97,0,1,12151
MO_742036_ccrop.jpg,Monocyte,unsegmented-indented,bukan_neutrofil,3,194,102,0,3,12225
MO_744511_ccrop.jpg,Monocyte,unsegmented-indented,bukan_neutrofil,0,0,0,0,0,9885
MO_745328_ccrop.jpg,Monocyte,irregular,bukan_neutrofil,0,0,0,0,0,11148
MO_745810_ccrop.jpg,Monocyte,unsegmented-indented,bukan_neutrofil,1,98,98,0,1,12076
MO_747260_ccrop.jpg,Monocyte,unsegmented-indented,bukan_neutrofil,0,0,0,0,0,8762
MO_749513_ccrop.jpg,Monocyte,irregular,bukan_neutrofil,0,0,0,0,0,11251
MO_751315_ccrop.jpg,Monocyte,unsegmented-indented,bukan_neutrofil,0,0,0,0,0,10693
MO_751456_ccrop.jpg,Monocyte,unsegmented-indented,bukan_neutrofil,1,225,225,0,1,11320
MO_755262_ccrop.jpg,Monocyte,unsegmented-indented,bukan_neutrofil,0,0,0,0,0,11046
MO_756252_ccrop.jpg,Monocyte,irregular,bukan_neutrofil,0,0,0,0,0,9741
MO_756261_ccrop.jpg,Monocyte,unsegmented-indented,bukan_neutrofil,1,18,18,0,1,11622
MO_758331_ccrop.jpg,Monocyte,unsegmented-indented,bukan_neutrofil,1,90,90,0,1,11562
MO_759392_ccrop.jpg,Monocyte,unsegmented-indented,bukan_neutrofil,0,0,0,0,0,11021
MO_76055_ccrop.jpg,Monocyte,unsegmented-indented,bukan_neutrofil,0,0,0,0,0,11364
MO_761438_ccrop.jpg,Monocyte,irregular,bukan_neutrofil,0,0,0,0,0,11376
MO_761533_ccrop.jpg,Monocyte,unsegmented-indented,bukan_neutrofil,1,115,115,0,1,11564
MO_76193_ccrop.jpg,Monocyte,unsegmented-round,bukan_neutrofil,0,0,0,0,0,8691
MO_762261_ccrop.jpg,Monocyte,unsegmented-indented,bukan_neutrofil,0,0,0,0,0,9745
MO_762364_ccrop.jpg,Monocyte,unsegmented-indented,bukan_neutrofil,0,0,0,0,0,8443
MO_762412_ccrop.jpg,Monocyte,unsegmented-indented,bukan_neutrofil,0,0,0,0,0,10464
MO_763206_ccrop.jpg,Monocyte,unsegmented-indented,bukan_neutrofil,2,219,118,0,2,10521
MO_763772_ccrop.jpg,Monocyte,unsegmented-indented,bukan_neutrofil,1,211,211,0,1,12376
MO_763817_ccrop.jpg,Monocyte,unsegmented-indented,bukan_neutrofil,0,0,0,0,0,13118
MO_764487_ccrop.jpg,Monocyte,unsegmented-indented,bukan_neutrofil,0,0,0,0,0,10606
MO_765056_ccrop.jpg,Monocyte,unsegmented-indented,bukan_neutrofil,1,81,81,0,1,11708
MO_765086_ccrop.jpg,Monocyte,unsegmented-round,bukan_neutrofil,0,0,0,0,0,18710
MO_766373_ccrop.jpg,Monocyte,unsegmented-indented,bukan_neutrofil,0,0,0,0,0,10122
MO_766420_ccrop.jpg,Monocyte,unsegmented-indented,bukan_neutrofil,1,50,50,0,1,12537
MO_767104_ccrop.jpg,Monocyte,unsegmented-indented,bukan_neutrofil,0,0,0,0,0,10747
MO_767746_ccrop.jpg,Monocyte,irregular,bukan_neutrofil,0,0,0,0,0,13004
MO_767982_ccrop.jpg,Monocyte,unsegmented-indented,bukan_neutrofil,0,0,0,0,0,9622
MO_771055_ccrop.jpg,Monocyte,unsegmented-indented,bukan_neutrofil,0,0,0,0,0,10676
MO_771921_ccrop.jpg,Monocyte,irregular,bukan_neutrofil,1,137,137,0,1,11095
MO_772034_ccrop.jpg,Monocyte,unsegmented-indented,bukan_neutrofil,0,0,0,0,0,9062
MO_772460_ccrop.jpg,Monocyte,unsegmented-indented,bukan_neutrofil,0,0,0,0,0,11243
MO_773253_ccrop.jpg,Monocyte,unsegmented-indented,bukan_neutrofil,0,0,0,0,0,11173
MO_775072_ccrop.jpg,Monocyte,unsegmented-indented,bukan_neutrofil,0,0,0,0,0,10378
MO_77553_ccrop.jpg,Monocyte,unsegmented-round,bukan_neutrofil,0,0,0,0,0,11958
MO_775570_ccrop.jpg,Monocyte,unsegmented-indented,bukan_neutrofil,1,4,4,0,1,9879
MO_77574_ccrop.jpg,Monocyte,unsegmented-indented,bukan_neutrofil,0,0,0,0,0,10210
MO_776848_ccrop.jpg,Monocyte,irregular,bukan_neutrofil,0,0,0,0,0,17603
MO_777403_ccrop.jpg,Monocyte,unsegmented-indented,bukan_neutrofil,0,0,0,0,0,9797
MO_778332_ccrop.jpg,Monocyte,unsegmented-indented,bukan_neutrofil,0,0,0,0,0,9642
MO_778543_ccrop.jpg,Monocyte,unsegmented-indented,bukan_neutrofil,2,77,40,0,2,10859
MO_779116_ccrop.jpg,Monocyte,unsegmented-indented,bukan_neutrofil,0,0,0,0,0,10487
MO_781658_ccrop.jpg,Monocyte,irregular,bukan_neutrofil,1,155,155,0,1,10794
MO_783430_ccrop.jpg,Monocyte,unsegmented-indented,bukan_neutrofil,0,0,0,0,0,9111
MO_784276_ccrop.jpg,Monocyte,unsegmented-indented,bukan_neutrofil,0,0,0,0,0,11179
MO_784579_ccrop.jpg,Monocyte,unsegmented-indented,bukan_neutrofil,3,254,136,0,3,11502
MO_785148_ccrop.jpg,Monocyte,irregular,bukan_neutrofil,0,0,0,0,0,13896
MO_785609_ccrop.jpg,Monocyte,unsegmented-indented,bukan_neutrofil,0,0,0,0,0,12945
MO_788923_ccrop.jpg,Monocyte,irregular,bukan_neutrofil,3,330,183,0,3,10341
MO_790080_ccrop.jpg,Monocyte,irregular,bukan_neutrofil,0,0,0,0,0,7926
MO_791028_ccrop.jpg,Monocyte,unsegmented-indented,bukan_neutrofil,0,0,0,0,0,10640
MO_791974_ccrop.jpg,Monocyte,unsegmented-indented,bukan_neutrofil,0,0,0,0,0,16280
MO_794447_ccrop.jpg,Monocyte,unsegmented-indented,bukan_neutrofil,0,0,0,0,0,9984
MO_795851_ccrop.jpg,Monocyte,unsegmented-indented,bukan_neutrofil,0,0,0,0,0,11111
MO_797335_ccrop.jpg,Monocyte,unsegmented-indented,bukan_neutrofil,0,0,0,0,0,10843
MO_797990_ccrop.jpg,Monocyte,unsegmented-indented,bukan_neutrofil,1,33,33,0,1,9959
MO_798368_ccrop.jpg,Monocyte,unsegmented-indented,bukan_neutrofil,0,0,0,0,0,10575
MO_799116_ccrop.jpg,Monocyte,unsegmented-indented,bukan_neutrofil,2,169,128,0,2,10071
MO_79939_ccrop.jpg,Monocyte,unsegmented-indented,bukan_neutrofil,0,0,0,0,0,9752
MO_800958_ccrop.jpg,Monocyte,unsegmented-indented,bukan_neutrofil,0,0,0,0,0,12079
MO_801881_ccrop.jpg,Monocyte,unsegmented-round,bukan_neutrofil,0,0,0,0,0,10426
MO_802547_ccrop.jpg,Monocyte,irregular,bukan_neutrofil,0,0,0,0,0,8150
MO_80368_ccrop.jpg,Monocyte,unsegmented-indented,bukan_neutrofil,0,0,0,0,0,9094
MO_80450_ccrop.jpg,Monocyte,unsegmented-indented,bukan_neutrofil,0,0,0,0,0,11216
MO_804611_ccrop.jpg,Monocyte,unsegmented-indented,bukan_neutrofil,0,0,0,0,0,8998
MO_805911_ccrop.jpg,Monocyte,unsegmented-indented,bukan_neutrofil,0,0,0,0,0,11930
MO_807614_ccrop.jpg,Monocyte,unsegmented-indented,bukan_neutrofil,0,0,0,0,0,10165
MO_809234_ccrop.jpg,Monocyte,unsegmented-indented,bukan_neutrofil,0,0,0,0,0,8643
MO_811145_ccrop.jpg,Monocyte,unsegmented-indented,bukan_neutrofil,0,0,0,0,0,11212
MO_812962_ccrop.jpg,Monocyte,unsegmented-round,bukan_neutrofil,0,0,0,0,0,11369
MO_813846_ccrop.jpg,Monocyte,unsegmented-indented,bukan_neutrofil,0,0,0,0,0,8505
MO_815513_ccrop.jpg,Monocyte,unsegmented-indented,bukan_neutrofil,0,0,0,0,0,10998
MO_817172_ccrop.jpg,Monocyte,unsegmented-indented,bukan_neutrofil,1,26,26,0,1,9324
MO_817198_ccrop.jpg,Monocyte,unsegmented-indented,bukan_neutrofil,0,0,0,0,0,14848
MO_818870_ccrop.jpg,Monocyte,irregular,bukan_neutrofil,1,1432,1432,0,1,9937
MO_821329_ccrop.jpg,Monocyte,unsegmented-indented,bukan_neutrofil,1,251,251,0,1,9837
MO_822158_ccrop.jpg,Monocyte,unsegmented-indented,bukan_neutrofil,0,0,0,0,0,10520
MO_824377_ccrop.jpg,Monocyte,unsegmented-indented,bukan_neutrofil,0,0,0,0,0,8568
MO_826166_ccrop.jpg,Monocyte,unsegmented-indented,bukan_neutrofil,0,0,0,0,0,11128
MO_82765_ccrop.jpg,Monocyte,unsegmented-indented,bukan_neutrofil,0,0,0,0,0,9752
MO_828934_ccrop.jpg,Monocyte,unsegmented-indented,bukan_neutrofil,0,0,0,0,0,9430
MO_829157_ccrop.jpg,Monocyte,irregular,bukan_neutrofil,0,0,0,0,0,10708
MO_829351_ccrop.jpg,Monocyte,unsegmented-indented,bukan_neutrofil,0,0,0,0,0,7651
MO_830074_ccrop.jpg,Monocyte,unsegmented-indented,bukan_neutrofil,0,0,0,0,0,10719
MO_831432_ccrop.jpg,Monocyte,unsegmented-indented,bukan_neutrofil,0,0,0,0,0,11103
MO_832241_ccrop.jpg,Monocyte,unsegmented-indented,bukan_neutrofil,0,0,0,0,0,11346
MO_832660_ccrop.jpg,Monocyte,unsegmented-indented,bukan_neutrofil,0,0,0,0,0,9096
MO_836146_ccrop.jpg,Monocyte,unsegmented-indented,bukan_neutrofil,0,0,0,0,0,8610
MO_837350_ccrop.jpg,Monocyte,unsegmented-indented,bukan_neutrofil,0,0,0,0,0,10290
MO_838314_ccrop.jpg,Monocyte,unsegmented-round,bukan_neutrofil,0,0,0,0,0,11460
MO_839536_ccrop.jpg,Monocyte,irregular,bukan_neutrofil,1,179,179,0,1,8549
MO_84210_ccrop.jpg,Monocyte,unsegmented-indented,bukan_neutrofil,0,0,0,0,0,10166
MO_842297_ccrop.jpg,Monocyte,unsegmented-indented,bukan_neutrofil,0,0,0,0,0,11398
MO_843798_ccrop.jpg,Monocyte,unsegmented-indented,bukan_neutrofil,0,0,0,0,0,10725
MO_84571_ccrop.jpg,Monocyte,unsegmented-indented,bukan_neutrofil,0,0,0,0,0,10918
MO_846205_ccrop.jpg,Monocyte,unsegmented-indented,bukan_neutrofil,0,0,0,0,0,8089
MO_84701_ccrop.jpg,Monocyte,unsegmented-indented,bukan_neutrofil,0,0,0,0,0,11258
MO_848218_ccrop.jpg,Monocyte,irregular,bukan_neutrofil,0,0,0,0,0,12092
MO_849518_ccrop.jpg,Monocyte,unsegmented-round,bukan_neutrofil,0,0,0,0,0,12022
MO_849561_ccrop.jpg,Monocyte,unsegmented-indented,bukan_neutrofil,0,0,0,0,0,10437
MO_851012_ccrop.jpg,Monocyte,irregular,bukan_neutrofil,0,0,0,0,0,11224
MO_852132_ccrop.jpg,Monocyte,irregular,bukan_neutrofil,1,114,114,0,1,11343
MO_853016_ccrop.jpg,Monocyte,unsegmented-round,bukan_neutrofil,0,0,0,0,0,8734
MO_853558_ccrop.jpg,Monocyte,unsegmented-indented,bukan_neutrofil,0,0,0,0,0,8466
MO_853918_ccrop.jpg,Monocyte,unsegmented-indented,bukan_neutrofil,0,0,0,0,0,11172
MO_854196_ccrop.jpg,Monocyte,unsegmented-indented,bukan_neutrofil,0,0,0,0,0,10493
MO_854393_ccrop.jpg,Monocyte,irregular,bukan_neutrofil,0,0,0,0,0,9737
MO_855807_ccrop.jpg,Monocyte,unsegmented-indented,bukan_neutrofil,0,0,0,0,0,9905
MO_85687_ccrop.jpg,Monocyte,irregular,bukan_neutrofil,1,41,41,0,1,11542
MO_85698_ccrop.jpg,Monocyte,unsegmented-indented,bukan_neutrofil,0,0,0,0,0,10354
MO_857695_ccrop.jpg,Monocyte,unsegmented-indented,bukan_neutrofil,1,152,152,0,1,10187
MO_858170_ccrop.jpg,Monocyte,unsegmented-round,bukan_neutrofil,0,0,0,0,0,12429
MO_858410_ccrop.jpg,Monocyte,unsegmented-indented,bukan_neutrofil,0,0,0,0,0,10061
MO_860538_ccrop.jpg,Monocyte,unsegmented-indented,bukan_neutrofil,0,0,0,0,0,10067
MO_861099_ccrop.jpg,Monocyte,unsegmented-indented,bukan_neutrofil,0,0,0,0,0,11181
MO_86130_ccrop.jpg,Monocyte,unsegmented-indented,bukan_neutrofil,0,0,0,0,0,12740
MO_861803_ccrop.jpg,Monocyte,irregular,bukan_neutrofil,4,212,72,0,4,13145
MO_864818_ccrop.jpg,Monocyte,unsegmented-indented,bukan_neutrofil,0,0,0,0,0,10900
MO_864830_ccrop.jpg,Monocyte,irregular,bukan_neutrofil,0,0,0,0,0,9590
MO_865229_ccrop.jpg,Monocyte,unsegmented-indented,bukan_neutrofil,0,0,0,0,0,9058
MO_866348_ccrop.jpg,Monocyte,unsegmented-indented,bukan_neutrofil,1,26,26,0,1,10529
MO_868549_ccrop.jpg,Monocyte,irregular,bukan_neutrofil,0,0,0,0,0,12126
MO_869213_ccrop.jpg,Monocyte,unsegmented-indented,bukan_neutrofil,0,0,0,0,0,11758
MO_870248_ccrop.jpg,Monocyte,unsegmented-indented,bukan_neutrofil,0,0,0,0,0,8976
MO_871027_ccrop.jpg,Monocyte,unsegmented-round,bukan_neutrofil,1,16,16,0,1,10930
MO_871663_ccrop.jpg,Monocyte,unsegmented-indented,bukan_neutrofil,0,0,0,0,0,9145
MO_873001_ccrop.jpg,Monocyte,unsegmented-round,bukan_neutrofil,0,0,0,0,0,11312
MO_873022_ccrop.jpg,Monocyte,unsegmented-indented,bukan_neutrofil,0,0,0,0,0,10231
MO_873686_ccrop.jpg,Monocyte,unsegmented-indented,bukan_neutrofil,0,0,0,0,0,9965
MO_874669_ccrop.jpg,Monocyte,unsegmented-indented,bukan_neutrofil,0,0,0,0,0,10722
MO_881011_ccrop.jpg,Monocyte,unsegmented-indented,bukan_neutrofil,0,0,0,0,0,8557
MO_882014_ccrop.jpg,Monocyte,irregular,bukan_neutrofil,0,0,0,0,0,8742
MO_88257_ccrop.jpg,Monocyte,unsegmented-indented,bukan_neutrofil,1,133,133,0,1,11221
MO_884028_ccrop.jpg,Monocyte,unsegmented-indented,bukan_neutrofil,0,0,0,0,0,11544
MO_884136_ccrop.jpg,Monocyte,unsegmented-indented,bukan_neutrofil,0,0,0,0,0,8373
MO_884691_ccrop.jpg,Monocyte,unsegmented-indented,bukan_neutrofil,0,0,0,0,0,10516
MO_887275_ccrop.jpg,Monocyte,irregular,bukan_neutrofil,0,0,0,0,0,10185
MO_888390_ccrop.jpg,Monocyte,unsegmented-indented,bukan_neutrofil,1,89,89,0,1,10281
MO_888999_ccrop.jpg,Monocyte,unsegmented-indented,bukan_neutrofil,0,0,0,0,0,10314
MO_891206_ccrop.jpg,Monocyte,unsegmented-indented,bukan_neutrofil,1,38,38,0,1,11741
MO_89346_ccrop.jpg,Monocyte,unsegmented-indented,bukan_neutrofil,0,0,0,0,0,12106
MO_894080_ccrop.jpg,Monocyte,unsegmented-indented,bukan_neutrofil,0,0,0,0,0,8574
MO_896401_ccrop.jpg,Monocyte,unsegmented-indented,bukan_neutrofil,0,0,0,0,0,12079
MO_896406_ccrop.jpg,Monocyte,unsegmented-indented,bukan_neutrofil,0,0,0,0,0,10950
MO_897458_ccrop.jpg,Monocyte,unsegmented-indented,bukan_neutrofil,0,0,0,0,0,9255
MO_898317_ccrop.jpg,Monocyte,unsegmented-indented,bukan_neutrofil,0,0,0,0,0,9416
MO_898744_ccrop.jpg,Monocyte,unsegmented-round,bukan_neutrofil,0,0,0,0,0,9756
MO_898913_ccrop.jpg,Monocyte,unsegmented-indented,bukan_neutrofil,0,0,0,0,0,8991
MO_899539_ccrop.jpg,Monocyte,unsegmented-indented,bukan_neutrofil,0,0,0,0,0,9093
MO_900927_ccrop.jpg,Monocyte,unsegmented-indented,bukan_neutrofil,0,0,0,0,0,18471
MO_901312_ccrop.jpg,Monocyte,unsegmented-indented,bukan_neutrofil,0,0,0,0,0,10543
MO_903537_ccrop.jpg,Monocyte,unsegmented-indented,bukan_neutrofil,0,0,0,0,0,10156
MO_903914_ccrop.jpg,Monocyte,unsegmented-indented,bukan_neutrofil,1,52,52,0,1,10457
MO_904644_ccrop.jpg,Monocyte,unsegmented-indented,bukan_neutrofil,0,0,0,0,0,9083
MO_905340_ccrop.jpg,Monocyte,unsegmented-indented,bukan_neutrofil,0,0,0,0,0,10386
MO_906340_ccrop.jpg,Monocyte,unsegmented-indented,bukan_neutrofil,0,0,0,0,0,10334
MO_906623_ccrop.jpg,Monocyte,unsegmented-indented,bukan_neutrofil,0,0,0,0,0,7913
MO_907363_ccrop.jpg,Monocyte,unsegmented-indented,bukan_neutrofil,0,0,0,0,0,8619
MO_90755_ccrop.jpg,Monocyte,unsegmented-indented,bukan_neutrofil,2,47,37,0,2,11892
MO_907857_ccrop.jpg,Monocyte,unsegmented-indented,bukan_neutrofil,0,0,0,0,0,10155
MO_908813_ccrop.jpg,Monocyte,unsegmented-indented,bukan_neutrofil,0,0,0,0,0,9723
MO_909028_ccrop.jpg,Monocyte,unsegmented-indented,bukan_neutrofil,0,0,0,0,0,9517
MO_909559_ccrop.jpg,Monocyte,unsegmented-indented,bukan_neutrofil,0,0,0,0,0,12177
MO_912563_ccrop.jpg,Monocyte,unsegmented-indented,bukan_neutrofil,0,0,0,0,0,8798
MO_913449_ccrop.jpg,Monocyte,irregular,bukan_neutrofil,0,0,0,0,0,12556
MO_917349_ccrop.jpg,Monocyte,unsegmented-indented,bukan_neutrofil,0,0,0,0,0,8991
MO_918252_ccrop.jpg,Monocyte,irregular,bukan_neutrofil,0,0,0,0,0,7622
MO_918998_ccrop.jpg,Monocyte,unsegmented-indented,bukan_neutrofil,0,0,0,0,0,13285
MO_919860_ccrop.jpg,Monocyte,unsegmented-indented,bukan_neutrofil,1,2,2,0,1,8852
MO_920985_ccrop.jpg,Monocyte,unsegmented-indented,bukan_neutrofil,0,0,0,0,0,11875
MO_921238_ccrop.jpg,Monocyte,unsegmented-indented,bukan_neutrofil,0,0,0,0,0,9440
MO_92432_ccrop.jpg,Monocyte,unsegmented-indented,bukan_neutrofil,0,0,0,0,0,11566
MO_924343_ccrop.jpg,Monocyte,unsegmented-indented,bukan_neutrofil,0,0,0,0,0,8750
MO_928388_ccrop.jpg,Monocyte,unsegmented-indented,bukan_neutrofil,1,112,112,0,1,10465
MO_928617_ccrop.jpg,Monocyte,unsegmented-indented,bukan_neutrofil,0,0,0,0,0,13564
MO_929120_ccrop.jpg,Monocyte,irregular,bukan_neutrofil,0,0,0,0,0,12724
MO_931030_ccrop.jpg,Monocyte,unsegmented-indented,bukan_neutrofil,0,0,0,0,0,11473
MO_933392_ccrop.jpg,Monocyte,unsegmented-indented,bukan_neutrofil,0,0,0,0,0,9122
MO_935222_ccrop.jpg,Monocyte,irregular,bukan_neutrofil,0,0,0,0,0,10114
MO_93573_ccrop.jpg,Monocyte,irregular,bukan_neutrofil,1,170,170,0,1,10837
MO_938708_ccrop.jpg,Monocyte,unsegmented-indented,bukan_neutrofil,0,0,0,0,0,10139
MO_939410_ccrop.jpg,Monocyte,unsegmented-indented,bukan_neutrofil,0,0,0,0,0,8076
MO_939522_ccrop.jpg,Monocyte,unsegmented-round,bukan_neutrofil,0,0,0,0,0,12036
MO_942934_ccrop.jpg,Monocyte,irregular,bukan_neutrofil,0,0,0,0,0,10069
MO_943806_ccrop.jpg,Monocyte,unsegmented-indented,bukan_neutrofil,0,0,0,0,0,8908
MO_944566_ccrop.jpg,Monocyte,unsegmented-indented,bukan_neutrofil,0,0,0,0,0,11156
MO_945019_ccrop.jpg,Monocyte,irregular,bukan_neutrofil,1,90,90,0,1,8789
MO_945498_ccrop.jpg,Monocyte,unsegmented-indented,bukan_neutrofil,0,0,0,0,0,8798
MO_946704_ccrop.jpg,Monocyte,unsegmented-indented,bukan_neutrofil,0,0,0,0,0,12027
MO_946848_ccrop.jpg,Monocyte,unsegmented-indented,bukan_neutrofil,0,0,0,0,0,10360
MO_94823_ccrop.jpg,Monocyte,unsegmented-indented,bukan_neutrofil,0,0,0,0,0,8622
MO_948549_ccrop.jpg,Monocyte,unsegmented-indented,bukan_neutrofil,0,0,0,0,0,10279
MO_949892_ccrop.jpg,Monocyte,unsegmented-indented,bukan_neutrofil,1,107,107,0,1,13212
MO_952489_ccrop.jpg,Monocyte,unsegmented-indented,bukan_neutrofil,0,0,0,0,0,9100
MO_952579_ccrop.jpg,Monocyte,unsegmented-indented,bukan_neutrofil,0,0,0,0,0,13174
MO_952670_ccrop.jpg,Monocyte,unsegmented-round,bukan_neutrofil,0,0,0,0,0,9372
MO_956778_ccrop.jpg,Monocyte,unsegmented-indented,bukan_neutrofil,0,0,0,0,0,9243
MO_95755_ccrop.jpg,Monocyte,unsegmented-indented,bukan_neutrofil,1,160,160,0,1,11052
MO_959392_ccrop.jpg,Monocyte,irregular,bukan_neutrofil,1,119,119,0,1,9564
MO_960407_ccrop.jpg,Monocyte,unsegmented-indented,bukan_neutrofil,0,0,0,0,0,11006
MO_960861_ccrop.jpg,Monocyte,irregular,bukan_neutrofil,3,499,265,0,3,11164
MO_962678_ccrop.jpg,Monocyte,unsegmented-indented,bukan_neutrofil,0,0,0,0,0,7773
MO_962907_ccrop.jpg,Monocyte,unsegmented-indented,bukan_neutrofil,0,0,0,0,0,10324
MO_965106_ccrop.jpg,Monocyte,irregular,bukan_neutrofil,5,340,121,0,5,9996
MO_965406_ccrop.jpg,Monocyte,unsegmented-indented,bukan_neutrofil,0,0,0,0,0,10436
MO_96778_ccrop.jpg,Monocyte,unsegmented-round,bukan_neutrofil,0,0,0,0,0,10671
MO_968256_ccrop.jpg,Monocyte,irregular,bukan_neutrofil,0,0,0,0,0,9383
MO_968874_ccrop.jpg,Monocyte,unsegmented-indented,bukan_neutrofil,0,0,0,0,0,11591
MO_971723_ccrop.jpg,Monocyte,unsegmented-indented,bukan_neutrofil,2,924,923,0,2,10392
MO_972971_ccrop.jpg,Monocyte,unsegmented-round,bukan_neutrofil,0,0,0,0,0,11334
MO_973825_ccrop.jpg,Monocyte,unsegmented-indented,bukan_neutrofil,0,0,0,0,0,8141
MO_974342_ccrop.jpg,Monocyte,unsegmented-indented,bukan_neutrofil,0,0,0,0,0,8871
MO_974962_ccrop.jpg,Monocyte,irregular,bukan_neutrofil,0,0,0,0,0,12753
MO_975000_ccrop.jpg,Monocyte,unsegmented-indented,bukan_neutrofil,1,160,160,0,1,10049
MO_982427_ccrop.jpg,Monocyte,unsegmented-indented,bukan_neutrofil,0,0,0,0,0,11522
MO_982885_ccrop.jpg,Monocyte,unsegmented-indented,bukan_neutrofil,0,0,0,0,0,9309
MO_983541_ccrop.jpg,Monocyte,unsegmented-indented,bukan_neutrofil,0,0,0,0,0,11046
MO_985372_ccrop.jpg,Monocyte,irregular,bukan_neutrofil,0,0,0,0,0,10312
MO_988224_ccrop.jpg,Monocyte,unsegmented-round,bukan_neutrofil,0,0,0,0,0,9719
MO_991562_ccrop.jpg,Monocyte,unsegmented-indented,bukan_neutrofil,0,0,0,0,0,9559
MO_991797_ccrop.jpg,Monocyte,unsegmented-indented,bukan_neutrofil,0,0,0,0,0,9006
MO_993578_ccrop.jpg,Monocyte,unsegmented-indented,bukan_neutrofil,0,0,0,0,0,10020
MO_994944_ccrop.jpg,Monocyte,unsegmented-indented,bukan_neutrofil,0,0,0,0,0,9693
MO_997225_ccrop.jpg,Monocyte,irregular,bukan_neutrofil,0,0,0,0,0,10767
MO_997596_ccrop.jpg,Monocyte,unsegmented-indented,bukan_neutrofil,0,0,0,0,0,8208
MO_998093_ccrop.jpg,Monocyte,unsegmented-round,bukan_neutrofil,0,0,0,0,0,10746
MO_998133_ccrop.jpg,Monocyte,unsegmented-round,bukan_neutrofil,0,0,0,0,0,7031
MO_998144_ccrop.jpg,Monocyte,irregular,bukan_neutrofil,1,33,33,0,1,9830
MO_998662_ccrop.jpg,Monocyte,unsegmented-indented,bukan_neutrofil,1,326,326,0,1,10266
MO_999317_ccrop.jpg,Monocyte,unsegmented-indented,bukan_neutrofil,0,0,0,0,0,10802
NEUTROPHIL_108931_ccrop.jpg,Neutrophil,segmented-bilobed,F_tak_bersubtipe,0,0,0,0,0,5278
NEUTROPHIL_150696_ccrop.jpg,Neutrophil,segmented-bilobed,F_tak_bersubtipe,2,96,95,0,2,4941
NEUTROPHIL_158274_ccrop.jpg,Neutrophil,segmented-multilobed,F_tak_bersubtipe,0,0,0,0,0,4783
NEUTROPHIL_205471_ccrop.jpg,Neutrophil,unsegmented-band,F_tak_bersubtipe,1,425,425,0,1,5253
NEUTROPHIL_219512_ccrop.jpg,Neutrophil,segmented-multilobed,F_tak_bersubtipe,0,0,0,0,0,5741
NEUTROPHIL_236240_ccrop.jpg,Neutrophil,unsegmented-band,F_tak_bersubtipe,0,0,0,0,0,6010
NEUTROPHIL_244662_ccrop.jpg,Neutrophil,unsegmented-band,F_tak_bersubtipe,0,0,0,0,0,5857
NEUTROPHIL_272014_ccrop.jpg,Neutrophil,segmented-multilobed,F_tak_bersubtipe,2,2,1,0,2,6542
NEUTROPHIL_283327_ccrop.jpg,Neutrophil,segmented-multilobed,F_tak_bersubtipe,0,0,0,0,0,5711
NEUTROPHIL_292100_ccrop.jpg,Neutrophil,segmented-bilobed,F_tak_bersubtipe,1,271,271,0,1,5659
NEUTROPHIL_322012_ccrop.jpg,Neutrophil,segmented-multilobed,F_tak_bersubtipe,0,0,0,0,0,5495
NEUTROPHIL_330663_ccrop.jpg,Neutrophil,segmented-multilobed,F_tak_bersubtipe,2,195,183,0,2,5744
NEUTROPHIL_389433_ccrop.jpg,Neutrophil,segmented-multilobed,F_tak_bersubtipe,1,605,605,0,1,5876
NEUTROPHIL_408557_ccrop.jpg,Neutrophil,segmented-bilobed,F_tak_bersubtipe,1,701,701,0,1,5141
NEUTROPHIL_409124_ccrop.jpg,Neutrophil,unsegmented-band,F_tak_bersubtipe,1,790,790,0,1,6554
NEUTROPHIL_427225_ccrop.jpg,Neutrophil,segmented-multilobed,F_tak_bersubtipe,0,0,0,0,0,5390
NEUTROPHIL_435447_ccrop.jpg,Neutrophil,segmented-bilobed,F_tak_bersubtipe,0,0,0,0,0,6119
NEUTROPHIL_438135_ccrop.jpg,Neutrophil,segmented-multilobed,F_tak_bersubtipe,0,0,0,0,0,5978
NEUTROPHIL_471493_ccrop.jpg,Neutrophil,segmented-bilobed,F_tak_bersubtipe,0,0,0,0,0,5296
NEUTROPHIL_501624_ccrop.jpg,Neutrophil,segmented-multilobed,F_tak_bersubtipe,0,0,0,0,0,5572
NEUTROPHIL_507371_ccrop.jpg,Neutrophil,segmented-bilobed,F_tak_bersubtipe,0,0,0,0,0,7178
NEUTROPHIL_540543_ccrop.jpg,Neutrophil,segmented-multilobed,F_tak_bersubtipe,0,0,0,0,0,6112
NEUTROPHIL_590611_ccrop.jpg,Neutrophil,segmented-bilobed,F_tak_bersubtipe,1,582,582,0,1,5404
NEUTROPHIL_632329_ccrop.jpg,Neutrophil,segmented-bilobed,F_tak_bersubtipe,0,0,0,0,0,5569
NEUTROPHIL_664104_ccrop.jpg,Neutrophil,segmented-multilobed,F_tak_bersubtipe,3,78,46,0,3,5370
NEUTROPHIL_674828_ccrop.jpg,Neutrophil,unsegmented-band,F_tak_bersubtipe,0,0,0,0,0,5217
NEUTROPHIL_680394_ccrop.jpg,Neutrophil,segmented-bilobed,F_tak_bersubtipe,0,0,0,0,0,4724
NEUTROPHIL_758129_ccrop.jpg,Neutrophil,unsegmented-band,F_tak_bersubtipe,0,0,0,0,0,5517
NEUTROPHIL_782370_ccrop.jpg,Neutrophil,segmented-bilobed,F_tak_bersubtipe,0,0,0,0,0,5838
NEUTROPHIL_910228_ccrop.jpg,Neutrophil,segmented-multilobed,F_tak_bersubtipe,0,0,0,0,0,5225
NEUTROPHIL_933348_ccrop.jpg,Neutrophil,segmented-multilobed,F_tak_bersubtipe,0,0,0,0,0,5435
NEUTROPHIL_934358_ccrop.jpg,Neutrophil,segmented-bilobed,F_tak_bersubtipe,0,0,0,0,0,5687
NEUTROPHIL_985581_ccrop.jpg,Neutrophil,segmented-bilobed,F_tak_bersubtipe,0,0,0,0,0,5240
SNE_101188_ccrop.jpg,Neutrophil,unsegmented-band,C_konflik_SNE_band,1,994,994,0,1,5635
SNE_102049_ccrop.jpg,Neutrophil,segmented-bilobed,B_sepakat_segmented,0,0,0,0,0,5287
SNE_102699_ccrop.jpg,Neutrophil,segmented-multilobed,B_sepakat_segmented,0,0,0,0,0,5551
SNE_103795_ccrop.jpg,Neutrophil,segmented-multilobed,B_sepakat_segmented,0,0,0,0,0,5756
SNE_10403_ccrop.jpg,Neutrophil,unsegmented-band,C_konflik_SNE_band,0,0,0,0,0,5285
SNE_10429_ccrop.jpg,Neutrophil,segmented-multilobed,B_sepakat_segmented,1,57,57,0,1,5561
SNE_104445_ccrop.jpg,Neutrophil,unsegmented-band,C_konflik_SNE_band,0,0,0,0,0,6037
SNE_105096_ccrop.jpg,Neutrophil,segmented-bilobed,B_sepakat_segmented,0,0,0,0,0,4909
SNE_106989_ccrop.jpg,Neutrophil,segmented-multilobed,B_sepakat_segmented,1,185,185,0,1,6286
SNE_107393_ccrop.jpg,Neutrophil,unsegmented-band,C_konflik_SNE_band,0,0,0,0,0,6348
SNE_108061_ccrop.jpg,Neutrophil,unsegmented-band,C_konflik_SNE_band,4,173,135,0,4,5651
SNE_109436_ccrop.jpg,Neutrophil,segmented-bilobed,B_sepakat_segmented,0,0,0,0,0,5616
SNE_110435_ccrop.jpg,Neutrophil,segmented-multilobed,B_sepakat_segmented,0,0,0,0,0,5180
SNE_110866_ccrop.jpg,Neutrophil,segmented-bilobed,B_sepakat_segmented,0,0,0,0,0,6413
SNE_112103_ccrop.jpg,Neutrophil,segmented-bilobed,B_sepakat_segmented,0,0,0,0,0,5475
SNE_112695_ccrop.jpg,Neutrophil,unsegmented-band,C_konflik_SNE_band,0,0,0,0,0,5053
SNE_112837_ccrop.jpg,Neutrophil,segmented-multilobed,B_sepakat_segmented,1,1,1,0,1,6264
SNE_113678_ccrop.jpg,Neutrophil,segmented-multilobed,B_sepakat_segmented,1,59,59,0,1,5816
SNE_115658_ccrop.jpg,Neutrophil,segmented-bilobed,B_sepakat_segmented,1,5,5,0,1,5698
SNE_115938_ccrop.jpg,Neutrophil,unsegmented-band,C_konflik_SNE_band,0,0,0,0,0,5219
SNE_116255_ccrop.jpg,Neutrophil,segmented-bilobed,B_sepakat_segmented,0,0,0,0,0,4886
SNE_119027_ccrop.jpg,Neutrophil,segmented-multilobed,B_sepakat_segmented,1,354,354,0,1,6174
SNE_119358_ccrop.jpg,Neutrophil,segmented-bilobed,B_sepakat_segmented,0,0,0,0,0,6641
SNE_119598_ccrop.jpg,Neutrophil,segmented-bilobed,B_sepakat_segmented,0,0,0,0,0,5958
SNE_120143_ccrop.jpg,Neutrophil,unsegmented-band,C_konflik_SNE_band,0,0,0,0,0,6808
SNE_12043_ccrop.jpg,Neutrophil,unsegmented-band,C_konflik_SNE_band,1,40,40,0,1,4595
SNE_122854_ccrop.jpg,Neutrophil,segmented-multilobed,B_sepakat_segmented,2,216,157,0,2,8082
SNE_122993_ccrop.jpg,Neutrophil,segmented-bilobed,B_sepakat_segmented,0,0,0,0,0,7143
SNE_123419_ccrop.jpg,Neutrophil,segmented-bilobed,B_sepakat_segmented,0,0,0,0,0,6214
SNE_124356_ccrop.jpg,Neutrophil,unsegmented-band,C_konflik_SNE_band,0,0,0,0,0,8239
SNE_125477_ccrop.jpg,Neutrophil,segmented-bilobed,B_sepakat_segmented,0,0,0,0,0,5663
SNE_128810_ccrop.jpg,Neutrophil,unsegmented-band,C_konflik_SNE_band,0,0,0,0,0,6855
SNE_130192_ccrop.jpg,Neutrophil,unsegmented-band,C_konflik_SNE_band,0,0,0,0,0,6698
SNE_130422_ccrop.jpg,Neutrophil,segmented-multilobed,B_sepakat_segmented,1,1,1,0,1,6471
SNE_131711_ccrop.jpg,Neutrophil,unsegmented-band,C_konflik_SNE_band,0,0,0,0,0,5947
SNE_131912_ccrop.jpg,Neutrophil,unsegmented-band,C_konflik_SNE_band,0,0,0,0,0,4603
SNE_133810_ccrop.jpg,Neutrophil,unsegmented-band,C_konflik_SNE_band,0,0,0,0,0,4987
SNE_13420_ccrop.jpg,Neutrophil,unsegmented-band,C_konflik_SNE_band,0,0,0,0,0,4535
SNE_137703_ccrop.jpg,Neutrophil,unsegmented-band,C_konflik_SNE_band,0,0,0,0,0,5040
SNE_138139_ccrop.jpg,Neutrophil,unsegmented-band,C_konflik_SNE_band,0,0,0,0,0,6478
SNE_13843_ccrop.jpg,Neutrophil,segmented-multilobed,B_sepakat_segmented,0,0,0,0,0,6628
SNE_139017_ccrop.jpg,Neutrophil,unsegmented-band,C_konflik_SNE_band,0,0,0,0,0,4849
SNE_141017_ccrop.jpg,Neutrophil,segmented-bilobed,B_sepakat_segmented,0,0,0,0,0,6253
SNE_142496_ccrop.jpg,Neutrophil,segmented-multilobed,B_sepakat_segmented,0,0,0,0,0,6380
SNE_143493_ccrop.jpg,Neutrophil,segmented-multilobed,B_sepakat_segmented,3,604,586,0,3,7136
SNE_144334_ccrop.jpg,Neutrophil,segmented-bilobed,B_sepakat_segmented,0,0,0,0,0,6626
SNE_145282_ccrop.jpg,Neutrophil,unsegmented-band,C_konflik_SNE_band,0,0,0,0,0,4858
SNE_146353_ccrop.jpg,Neutrophil,segmented-bilobed,B_sepakat_segmented,0,0,0,0,0,5290
SNE_147263_ccrop.jpg,Neutrophil,segmented-bilobed,B_sepakat_segmented,1,212,212,0,1,5563
SNE_14748_ccrop.jpg,Neutrophil,segmented-multilobed,B_sepakat_segmented,1,37,37,0,1,6766
SNE_148499_ccrop.jpg,Neutrophil,segmented-multilobed,B_sepakat_segmented,0,0,0,0,0,6371
SNE_148813_ccrop.jpg,Neutrophil,unsegmented-band,C_konflik_SNE_band,0,0,0,0,0,6496
SNE_151739_ccrop.jpg,Neutrophil,unsegmented-band,C_konflik_SNE_band,0,0,0,0,0,5411
SNE_152502_ccrop.jpg,Neutrophil,segmented-bilobed,B_sepakat_segmented,0,0,0,0,0,6579
SNE_153589_ccrop.jpg,Neutrophil,segmented-multilobed,B_sepakat_segmented,0,0,0,0,0,5651
SNE_155159_ccrop.jpg,Neutrophil,unsegmented-band,C_konflik_SNE_band,0,0,0,0,0,6127
SNE_156474_ccrop.jpg,Neutrophil,segmented-bilobed,B_sepakat_segmented,0,0,0,0,0,5814
SNE_156637_ccrop.jpg,Neutrophil,segmented-multilobed,B_sepakat_segmented,0,0,0,0,0,6553
SNE_157268_ccrop.jpg,Neutrophil,unsegmented-band,C_konflik_SNE_band,0,0,0,0,0,6172
SNE_157433_ccrop.jpg,Neutrophil,segmented-bilobed,B_sepakat_segmented,0,0,0,0,0,5822
SNE_157991_ccrop.jpg,Neutrophil,segmented-bilobed,B_sepakat_segmented,0,0,0,0,0,6535
SNE_158150_ccrop.jpg,Neutrophil,unsegmented-band,C_konflik_SNE_band,0,0,0,0,0,5616
SNE_158196_ccrop.jpg,Neutrophil,unsegmented-band,C_konflik_SNE_band,0,0,0,0,0,5501
SNE_158302_ccrop.jpg,Neutrophil,segmented-multilobed,B_sepakat_segmented,0,0,0,0,0,5055
SNE_158445_ccrop.jpg,Neutrophil,segmented-multilobed,B_sepakat_segmented,1,39,39,0,1,5326
SNE_159793_ccrop.jpg,Neutrophil,unsegmented-band,C_konflik_SNE_band,0,0,0,0,0,5585
SNE_15997_ccrop.jpg,Neutrophil,segmented-bilobed,B_sepakat_segmented,1,41,41,0,1,5425
SNE_160181_ccrop.jpg,Neutrophil,unsegmented-band,C_konflik_SNE_band,0,0,0,0,0,5384
SNE_160733_ccrop.jpg,Neutrophil,segmented-multilobed,B_sepakat_segmented,0,0,0,0,0,4763
SNE_161756_ccrop.jpg,Neutrophil,segmented-multilobed,B_sepakat_segmented,0,0,0,0,0,5941
SNE_161813_ccrop.jpg,Neutrophil,segmented-bilobed,B_sepakat_segmented,0,0,0,0,0,5420
SNE_162596_ccrop.jpg,Neutrophil,unsegmented-band,C_konflik_SNE_band,0,0,0,0,0,5293
SNE_162958_ccrop.jpg,Neutrophil,segmented-bilobed,B_sepakat_segmented,1,1,1,0,1,6131
SNE_163138_ccrop.jpg,Neutrophil,segmented-bilobed,B_sepakat_segmented,0,0,0,0,0,5848
SNE_163823_ccrop.jpg,Neutrophil,segmented-bilobed,B_sepakat_segmented,0,0,0,0,0,5717
SNE_167929_ccrop.jpg,Neutrophil,segmented-bilobed,B_sepakat_segmented,0,0,0,0,0,6155
SNE_168952_ccrop.jpg,Neutrophil,segmented-bilobed,B_sepakat_segmented,1,27,27,0,1,6501
SNE_169776_ccrop.jpg,Neutrophil,unsegmented-band,C_konflik_SNE_band,2,2,1,0,2,5732
SNE_169881_ccrop.jpg,Neutrophil,segmented-bilobed,B_sepakat_segmented,0,0,0,0,0,6403
SNE_170589_ccrop.jpg,Neutrophil,unsegmented-band,C_konflik_SNE_band,0,0,0,0,0,6132
SNE_171033_ccrop.jpg,Neutrophil,segmented-bilobed,B_sepakat_segmented,0,0,0,0,0,5785
SNE_173457_ccrop.jpg,Neutrophil,segmented-bilobed,B_sepakat_segmented,0,0,0,0,0,5900
SNE_173730_ccrop.jpg,Neutrophil,segmented-bilobed,B_sepakat_segmented,0,0,0,0,0,7606
SNE_174973_ccrop.jpg,Neutrophil,segmented-bilobed,B_sepakat_segmented,6,88,79,0,6,5455
SNE_175767_ccrop.jpg,Neutrophil,unsegmented-band,C_konflik_SNE_band,0,0,0,0,0,5167
SNE_176357_ccrop.jpg,Neutrophil,segmented-multilobed,B_sepakat_segmented,0,0,0,0,0,5520
SNE_17636_ccrop.jpg,Neutrophil,segmented-multilobed,B_sepakat_segmented,0,0,0,0,0,5422
SNE_178886_ccrop.jpg,Neutrophil,segmented-bilobed,B_sepakat_segmented,0,0,0,0,0,5970
SNE_179309_ccrop.jpg,Neutrophil,unsegmented-band,C_konflik_SNE_band,0,0,0,0,0,7538
SNE_180966_ccrop.jpg,Neutrophil,segmented-bilobed,B_sepakat_segmented,1,2,2,0,1,6241
SNE_182040_ccrop.jpg,Neutrophil,segmented-bilobed,B_sepakat_segmented,0,0,0,0,0,6275
SNE_182145_ccrop.jpg,Neutrophil,unsegmented-band,C_konflik_SNE_band,10,55,38,0,10,5703
SNE_182229_ccrop.jpg,Neutrophil,segmented-bilobed,B_sepakat_segmented,0,0,0,0,0,5786
SNE_183003_ccrop.jpg,Neutrophil,unsegmented-band,C_konflik_SNE_band,1,7,7,0,1,5215
SNE_183125_ccrop.jpg,Neutrophil,unsegmented-band,C_konflik_SNE_band,0,0,0,0,0,4989
SNE_184155_ccrop.jpg,Neutrophil,segmented-bilobed,B_sepakat_segmented,0,0,0,0,0,4819
SNE_184726_ccrop.jpg,Neutrophil,segmented-bilobed,B_sepakat_segmented,0,0,0,0,0,4666
SNE_184903_ccrop.jpg,Neutrophil,segmented-bilobed,B_sepakat_segmented,0,0,0,0,0,5978
SNE_185829_ccrop.jpg,Neutrophil,unsegmented-band,C_konflik_SNE_band,0,0,0,0,0,6942
SNE_189373_ccrop.jpg,Neutrophil,segmented-bilobed,B_sepakat_segmented,0,0,0,0,0,7295
SNE_18961_ccrop.jpg,Neutrophil,unsegmented-band,C_konflik_SNE_band,0,0,0,0,0,4800
SNE_189684_ccrop.jpg,Neutrophil,unsegmented-band,C_konflik_SNE_band,0,0,0,0,0,5242
SNE_19025_ccrop.jpg,Neutrophil,segmented-multilobed,B_sepakat_segmented,0,0,0,0,0,5189
SNE_191339_ccrop.jpg,Neutrophil,segmented-bilobed,B_sepakat_segmented,0,0,0,0,0,6009
SNE_192321_ccrop.jpg,Neutrophil,segmented-bilobed,B_sepakat_segmented,0,0,0,0,0,5970
SNE_19457_ccrop.jpg,Neutrophil,unsegmented-band,C_konflik_SNE_band,0,0,0,0,0,4454
SNE_194857_ccrop.jpg,Neutrophil,segmented-bilobed,B_sepakat_segmented,0,0,0,0,0,4787
SNE_195517_ccrop.jpg,Neutrophil,segmented-bilobed,B_sepakat_segmented,0,0,0,0,0,6351
SNE_196142_ccrop.jpg,Neutrophil,segmented-bilobed,B_sepakat_segmented,0,0,0,0,0,5076
SNE_197208_ccrop.jpg,Neutrophil,segmented-bilobed,B_sepakat_segmented,0,0,0,0,0,5311
SNE_19917_ccrop.jpg,Neutrophil,segmented-bilobed,B_sepakat_segmented,0,0,0,0,0,6910
SNE_199336_ccrop.jpg,Neutrophil,segmented-multilobed,B_sepakat_segmented,0,0,0,0,0,7707
SNE_200252_ccrop.jpg,Neutrophil,unsegmented-band,C_konflik_SNE_band,1,93,93,0,1,5328
SNE_200362_ccrop.jpg,Neutrophil,segmented-bilobed,B_sepakat_segmented,0,0,0,0,0,5303
SNE_200484_ccrop.jpg,Neutrophil,segmented-multilobed,B_sepakat_segmented,0,0,0,0,0,6291
SNE_200666_ccrop.jpg,Neutrophil,unsegmented-band,C_konflik_SNE_band,0,0,0,0,0,5717
SNE_202212_ccrop.jpg,Neutrophil,unsegmented-band,C_konflik_SNE_band,0,0,0,0,0,5770
SNE_202672_ccrop.jpg,Neutrophil,segmented-multilobed,B_sepakat_segmented,0,0,0,0,0,5778
SNE_202879_ccrop.jpg,Neutrophil,unsegmented-band,C_konflik_SNE_band,0,0,0,0,0,5559
SNE_203120_ccrop.jpg,Neutrophil,segmented-bilobed,B_sepakat_segmented,0,0,0,0,0,6168
SNE_203743_ccrop.jpg,Neutrophil,segmented-bilobed,B_sepakat_segmented,0,0,0,0,0,4904
SNE_203878_ccrop.jpg,Neutrophil,segmented-multilobed,B_sepakat_segmented,0,0,0,0,0,8440
SNE_20410_ccrop.jpg,Neutrophil,unsegmented-band,C_konflik_SNE_band,0,0,0,0,0,5215
SNE_204853_ccrop.jpg,Neutrophil,segmented-multilobed,B_sepakat_segmented,0,0,0,0,0,7542
SNE_205547_ccrop.jpg,Neutrophil,segmented-multilobed,B_sepakat_segmented,0,0,0,0,0,6810
SNE_206630_ccrop.jpg,Neutrophil,segmented-multilobed,B_sepakat_segmented,2,187,178,0,2,6403
SNE_208978_ccrop.jpg,Neutrophil,unsegmented-band,C_konflik_SNE_band,0,0,0,0,0,4893
SNE_209080_ccrop.jpg,Neutrophil,segmented-bilobed,B_sepakat_segmented,1,63,63,0,1,4544
SNE_209710_ccrop.jpg,Neutrophil,segmented-bilobed,B_sepakat_segmented,0,0,0,0,0,4882
SNE_214459_ccrop.jpg,Neutrophil,unsegmented-band,C_konflik_SNE_band,0,0,0,0,0,5624
SNE_214698_ccrop.jpg,Neutrophil,unsegmented-band,C_konflik_SNE_band,0,0,0,0,0,5445
SNE_215075_ccrop.jpg,Neutrophil,unsegmented-band,C_konflik_SNE_band,0,0,0,0,0,5637
SNE_215306_ccrop.jpg,Neutrophil,unsegmented-band,C_konflik_SNE_band,0,0,0,0,0,6147
SNE_215853_ccrop.jpg,Neutrophil,unsegmented-band,C_konflik_SNE_band,2,39,25,0,2,5369
SNE_217967_ccrop.jpg,Neutrophil,unsegmented-band,C_konflik_SNE_band,0,0,0,0,0,5168
SNE_218168_ccrop.jpg,Neutrophil,unsegmented-band,C_konflik_SNE_band,0,0,0,0,0,4062
SNE_219152_ccrop.jpg,Neutrophil,unsegmented-band,C_konflik_SNE_band,1,188,188,0,1,4975
SNE_219641_ccrop.jpg,Neutrophil,segmented-bilobed,B_sepakat_segmented,2,182,179,0,2,5957
SNE_219712_ccrop.jpg,Neutrophil,unsegmented-band,C_konflik_SNE_band,0,0,0,0,0,4437
SNE_221310_ccrop.jpg,Neutrophil,unsegmented-band,C_konflik_SNE_band,0,0,0,0,0,7572
SNE_226032_ccrop.jpg,Neutrophil,segmented-bilobed,B_sepakat_segmented,0,0,0,0,0,5814
SNE_22661_ccrop.jpg,Neutrophil,segmented-bilobed,B_sepakat_segmented,0,0,0,0,0,5463
SNE_227710_ccrop.jpg,Neutrophil,segmented-bilobed,B_sepakat_segmented,0,0,0,0,0,5447
SNE_228880_ccrop.jpg,Neutrophil,unsegmented-band,C_konflik_SNE_band,0,0,0,0,0,4905
SNE_22896_ccrop.jpg,Neutrophil,segmented-bilobed,B_sepakat_segmented,0,0,0,0,0,6541
SNE_229368_ccrop.jpg,Neutrophil,segmented-bilobed,B_sepakat_segmented,0,0,0,0,0,5792
SNE_230756_ccrop.jpg,Neutrophil,segmented-bilobed,B_sepakat_segmented,0,0,0,0,0,6574
SNE_230902_ccrop.jpg,Neutrophil,segmented-bilobed,B_sepakat_segmented,0,0,0,0,0,5379
SNE_230994_ccrop.jpg,Neutrophil,unsegmented-band,C_konflik_SNE_band,0,0,0,0,0,6244
SNE_231937_ccrop.jpg,Neutrophil,unsegmented-band,C_konflik_SNE_band,0,0,0,0,0,5734
SNE_235653_ccrop.jpg,Neutrophil,segmented-bilobed,B_sepakat_segmented,0,0,0,0,0,6044
SNE_238919_ccrop.jpg,Neutrophil,segmented-bilobed,B_sepakat_segmented,4,179,176,0,4,5237
SNE_23955_ccrop.jpg,Neutrophil,unsegmented-band,C_konflik_SNE_band,0,0,0,0,0,5769
SNE_239560_ccrop.jpg,Neutrophil,segmented-bilobed,B_sepakat_segmented,0,0,0,0,0,6429
SNE_241361_ccrop.jpg,Neutrophil,unsegmented-band,C_konflik_SNE_band,1,35,35,0,1,5005
SNE_241620_ccrop.jpg,Neutrophil,segmented-multilobed,B_sepakat_segmented,0,0,0,0,0,6161
SNE_242266_ccrop.jpg,Neutrophil,unsegmented-band,C_konflik_SNE_band,0,0,0,0,0,3840
SNE_242915_ccrop.jpg,Neutrophil,segmented-bilobed,B_sepakat_segmented,0,0,0,0,0,6464
SNE_243399_ccrop.jpg,Neutrophil,unsegmented-band,C_konflik_SNE_band,0,0,0,0,0,7499
SNE_244555_ccrop.jpg,Neutrophil,segmented-bilobed,B_sepakat_segmented,0,0,0,0,0,5459
SNE_24470_ccrop.jpg,Neutrophil,segmented-multilobed,B_sepakat_segmented,0,0,0,0,0,5749
SNE_245640_ccrop.jpg,Neutrophil,unsegmented-band,C_konflik_SNE_band,0,0,0,0,0,5526
SNE_246181_ccrop.jpg,Neutrophil,segmented-bilobed,B_sepakat_segmented,2,339,290,0,2,6169
SNE_247632_ccrop.jpg,Neutrophil,segmented-multilobed,B_sepakat_segmented,4,560,555,0,4,6094
SNE_248746_ccrop.jpg,Neutrophil,segmented-bilobed,B_sepakat_segmented,0,0,0,0,0,5451
SNE_249290_ccrop.jpg,Neutrophil,unsegmented-band,C_konflik_SNE_band,0,0,0,0,0,5198
SNE_250853_ccrop.jpg,Neutrophil,segmented-bilobed,B_sepakat_segmented,0,0,0,0,0,4805
SNE_250922_ccrop.jpg,Neutrophil,unsegmented-band,C_konflik_SNE_band,1,86,86,0,1,7442
SNE_251641_ccrop.jpg,Neutrophil,segmented-multilobed,B_sepakat_segmented,2,143,79,0,2,6107
SNE_254843_ccrop.jpg,Neutrophil,segmented-multilobed,B_sepakat_segmented,0,0,0,0,0,6351
SNE_255440_ccrop.jpg,Neutrophil,segmented-bilobed,B_sepakat_segmented,0,0,0,0,0,4806
SNE_255562_ccrop.jpg,Neutrophil,segmented-bilobed,B_sepakat_segmented,1,222,222,0,1,6185
SNE_257510_ccrop.jpg,Neutrophil,segmented-multilobed,B_sepakat_segmented,2,71,70,0,2,5749
SNE_25945_ccrop.jpg,Neutrophil,segmented-multilobed,B_sepakat_segmented,1,1,1,0,1,5467
SNE_260144_ccrop.jpg,Neutrophil,segmented-bilobed,B_sepakat_segmented,0,0,0,0,0,6587
SNE_261351_ccrop.jpg,Neutrophil,unsegmented-band,C_konflik_SNE_band,0,0,0,0,0,4190
SNE_263690_ccrop.jpg,Neutrophil,unsegmented-band,C_konflik_SNE_band,0,0,0,0,0,6072
SNE_265019_ccrop.jpg,Neutrophil,unsegmented-band,C_konflik_SNE_band,0,0,0,0,0,6252
SNE_26512_ccrop.jpg,Neutrophil,unsegmented-band,C_konflik_SNE_band,0,0,0,0,0,6571
SNE_265901_ccrop.jpg,Neutrophil,segmented-bilobed,B_sepakat_segmented,0,0,0,0,0,5100
SNE_269038_ccrop.jpg,Neutrophil,segmented-multilobed,B_sepakat_segmented,0,0,0,0,0,6007
SNE_269337_ccrop.jpg,Neutrophil,unsegmented-band,C_konflik_SNE_band,0,0,0,0,0,5314
SNE_269886_ccrop.jpg,Neutrophil,segmented-multilobed,B_sepakat_segmented,0,0,0,0,0,7606
SNE_269917_ccrop.jpg,Neutrophil,segmented-multilobed,B_sepakat_segmented,0,0,0,0,0,6033
SNE_271690_ccrop.jpg,Neutrophil,segmented-multilobed,B_sepakat_segmented,6,110,102,0,6,5925
SNE_272527_ccrop.jpg,Neutrophil,segmented-bilobed,B_sepakat_segmented,0,0,0,0,0,6026
SNE_273219_ccrop.jpg,Neutrophil,segmented-multilobed,B_sepakat_segmented,1,345,345,0,1,4742
SNE_273267_ccrop.jpg,Neutrophil,unsegmented-band,C_konflik_SNE_band,0,0,0,0,0,5789
SNE_273364_ccrop.jpg,Neutrophil,segmented-bilobed,B_sepakat_segmented,0,0,0,0,0,5884
SNE_274583_ccrop.jpg,Neutrophil,unsegmented-band,C_konflik_SNE_band,0,0,0,0,0,6129
SNE_274866_ccrop.jpg,Neutrophil,unsegmented-band,C_konflik_SNE_band,0,0,0,0,0,6064
SNE_277157_ccrop.jpg,Neutrophil,segmented-multilobed,B_sepakat_segmented,0,0,0,0,0,6084
SNE_280216_ccrop.jpg,Neutrophil,unsegmented-band,C_konflik_SNE_band,0,0,0,0,0,5201
SNE_280533_ccrop.jpg,Neutrophil,segmented-multilobed,B_sepakat_segmented,1,283,283,0,1,5286
SNE_280544_ccrop.jpg,Neutrophil,segmented-bilobed,B_sepakat_segmented,0,0,0,0,0,6242
SNE_280927_ccrop.jpg,Neutrophil,unsegmented-band,C_konflik_SNE_band,0,0,0,0,0,5822
SNE_281850_ccrop.jpg,Neutrophil,unsegmented-band,C_konflik_SNE_band,0,0,0,0,0,5635
SNE_282692_ccrop.jpg,Neutrophil,segmented-multilobed,B_sepakat_segmented,5,34,30,0,5,8190
SNE_285336_ccrop.jpg,Neutrophil,unsegmented-band,C_konflik_SNE_band,0,0,0,0,0,4799
SNE_286384_ccrop.jpg,Neutrophil,segmented-bilobed,B_sepakat_segmented,0,0,0,0,0,6250
SNE_287238_ccrop.jpg,Neutrophil,unsegmented-band,C_konflik_SNE_band,0,0,0,0,0,6403
SNE_292321_ccrop.jpg,Neutrophil,unsegmented-band,C_konflik_SNE_band,0,0,0,0,0,5277
SNE_292418_ccrop.jpg,Neutrophil,unsegmented-band,C_konflik_SNE_band,1,17,17,0,1,5896
SNE_292606_ccrop.jpg,Neutrophil,segmented-bilobed,B_sepakat_segmented,0,0,0,0,0,6299
SNE_293050_ccrop.jpg,Neutrophil,unsegmented-band,C_konflik_SNE_band,0,0,0,0,0,6862
SNE_29472_ccrop.jpg,Neutrophil,segmented-multilobed,B_sepakat_segmented,0,0,0,0,0,6117
SNE_295383_ccrop.jpg,Neutrophil,unsegmented-band,C_konflik_SNE_band,0,0,0,0,0,5850
SNE_297795_ccrop.jpg,Neutrophil,segmented-bilobed,B_sepakat_segmented,0,0,0,0,0,4807
SNE_298760_ccrop.jpg,Neutrophil,segmented-bilobed,B_sepakat_segmented,0,0,0,0,0,7293
SNE_301003_ccrop.jpg,Neutrophil,segmented-bilobed,B_sepakat_segmented,0,0,0,0,0,6125
SNE_303322_ccrop.jpg,Neutrophil,unsegmented-band,C_konflik_SNE_band,0,0,0,0,0,5450
SNE_303729_ccrop.jpg,Neutrophil,segmented-multilobed,B_sepakat_segmented,1,72,72,0,1,5372
SNE_304405_ccrop.jpg,Neutrophil,unsegmented-band,C_konflik_SNE_band,0,0,0,0,0,5318
SNE_304432_ccrop.jpg,Neutrophil,unsegmented-band,C_konflik_SNE_band,0,0,0,0,0,4802
SNE_305002_ccrop.jpg,Neutrophil,unsegmented-band,C_konflik_SNE_band,0,0,0,0,0,5894
SNE_305469_ccrop.jpg,Neutrophil,segmented-bilobed,B_sepakat_segmented,0,0,0,0,0,5958
SNE_306466_ccrop.jpg,Neutrophil,unsegmented-band,C_konflik_SNE_band,0,0,0,0,0,6458
SNE_308177_ccrop.jpg,Neutrophil,unsegmented-band,C_konflik_SNE_band,1,12,12,0,1,6041
SNE_308219_ccrop.jpg,Neutrophil,unsegmented-band,C_konflik_SNE_band,0,0,0,0,0,5853
SNE_308878_ccrop.jpg,Neutrophil,unsegmented-band,C_konflik_SNE_band,1,1253,1253,0,1,6157
SNE_309954_ccrop.jpg,Neutrophil,unsegmented-band,C_konflik_SNE_band,0,0,0,0,0,6477
SNE_310624_ccrop.jpg,Neutrophil,unsegmented-band,C_konflik_SNE_band,2,585,584,0,2,6421
SNE_311422_ccrop.jpg,Neutrophil,unsegmented-band,C_konflik_SNE_band,0,0,0,0,0,6702
SNE_313849_ccrop.jpg,Neutrophil,segmented-bilobed,B_sepakat_segmented,0,0,0,0,0,7933
SNE_314177_ccrop.jpg,Neutrophil,unsegmented-band,C_konflik_SNE_band,0,0,0,0,0,5559
SNE_314380_ccrop.jpg,Neutrophil,segmented-multilobed,B_sepakat_segmented,0,0,0,0,0,7196
SNE_314661_ccrop.jpg,Neutrophil,unsegmented-band,C_konflik_SNE_band,2,89,46,0,2,6873
SNE_315646_ccrop.jpg,Neutrophil,unsegmented-band,C_konflik_SNE_band,0,0,0,0,0,5662
SNE_317122_ccrop.jpg,Neutrophil,unsegmented-band,C_konflik_SNE_band,0,0,0,0,0,4566
SNE_319081_ccrop.jpg,Neutrophil,segmented-bilobed,B_sepakat_segmented,1,231,231,0,1,5041
SNE_320831_ccrop.jpg,Neutrophil,segmented-bilobed,B_sepakat_segmented,0,0,0,0,0,5203
SNE_323944_ccrop.jpg,Neutrophil,segmented-multilobed,B_sepakat_segmented,0,0,0,0,0,5811
SNE_327603_ccrop.jpg,Neutrophil,unsegmented-band,C_konflik_SNE_band,0,0,0,0,0,4693
SNE_329838_ccrop.jpg,Neutrophil,segmented-bilobed,B_sepakat_segmented,1,77,77,0,1,5206
SNE_330213_ccrop.jpg,Neutrophil,segmented-bilobed,B_sepakat_segmented,1,303,303,0,1,5510
SNE_333169_ccrop.jpg,Neutrophil,segmented-multilobed,B_sepakat_segmented,0,0,0,0,0,4567
SNE_334919_ccrop.jpg,Neutrophil,segmented-bilobed,B_sepakat_segmented,1,15,15,0,1,5364
SNE_334920_ccrop.jpg,Neutrophil,irregular,E_lainnya,0,0,0,0,0,6188
SNE_337880_ccrop.jpg,Neutrophil,unsegmented-band,C_konflik_SNE_band,0,0,0,0,0,5637
SNE_338117_ccrop.jpg,Neutrophil,segmented-bilobed,B_sepakat_segmented,0,0,0,0,0,5882
SNE_339035_ccrop.jpg,Neutrophil,segmented-bilobed,B_sepakat_segmented,1,1668,1668,0,1,6538
SNE_339538_ccrop.jpg,Neutrophil,segmented-bilobed,B_sepakat_segmented,0,0,0,0,0,5208
SNE_339572_ccrop.jpg,Neutrophil,segmented-bilobed,B_sepakat_segmented,1,400,400,0,1,6281
SNE_341311_ccrop.jpg,Neutrophil,segmented-bilobed,B_sepakat_segmented,0,0,0,0,0,5556
SNE_342586_ccrop.jpg,Neutrophil,segmented-bilobed,B_sepakat_segmented,0,0,0,0,0,7051
SNE_343862_ccrop.jpg,Neutrophil,segmented-bilobed,B_sepakat_segmented,0,0,0,0,0,6316
SNE_344636_ccrop.jpg,Neutrophil,unsegmented-band,C_konflik_SNE_band,1,61,61,0,1,4963
SNE_345111_ccrop.jpg,Neutrophil,segmented-bilobed,B_sepakat_segmented,1,16,16,0,1,6062
SNE_345629_ccrop.jpg,Neutrophil,segmented-multilobed,B_sepakat_segmented,1,224,224,0,1,5425
SNE_350176_ccrop.jpg,Neutrophil,unsegmented-band,C_konflik_SNE_band,0,0,0,0,0,6065
SNE_35078_ccrop.jpg,Neutrophil,unsegmented-band,C_konflik_SNE_band,0,0,0,0,0,5333
SNE_350920_ccrop.jpg,Neutrophil,segmented-multilobed,B_sepakat_segmented,1,302,302,0,1,5066
SNE_351797_ccrop.jpg,Neutrophil,segmented-multilobed,B_sepakat_segmented,0,0,0,0,0,7182
SNE_352977_ccrop.jpg,Neutrophil,unsegmented-band,C_konflik_SNE_band,0,0,0,0,0,7212
SNE_355910_ccrop.jpg,Neutrophil,unsegmented-band,C_konflik_SNE_band,1,23,23,0,1,6234
SNE_357478_ccrop.jpg,Neutrophil,unsegmented-band,C_konflik_SNE_band,0,0,0,0,0,5153
SNE_357649_ccrop.jpg,Neutrophil,unsegmented-band,C_konflik_SNE_band,6,446,318,0,6,6133
SNE_358113_ccrop.jpg,Neutrophil,unsegmented-band,C_konflik_SNE_band,0,0,0,0,0,6173
SNE_358136_ccrop.jpg,Neutrophil,unsegmented-band,C_konflik_SNE_band,1,891,891,0,1,5963
SNE_358592_ccrop.jpg,Neutrophil,unsegmented-band,C_konflik_SNE_band,1,11,11,0,1,7054
SNE_359147_ccrop.jpg,Neutrophil,segmented-multilobed,B_sepakat_segmented,0,0,0,0,0,5354
SNE_360421_ccrop.jpg,Neutrophil,segmented-multilobed,B_sepakat_segmented,0,0,0,0,0,4778
SNE_36219_ccrop.jpg,Neutrophil,unsegmented-band,C_konflik_SNE_band,0,0,0,0,0,5412
SNE_362408_ccrop.jpg,Neutrophil,unsegmented-band,C_konflik_SNE_band,0,0,0,0,0,5342
SNE_362409_ccrop.jpg,Neutrophil,unsegmented-band,C_konflik_SNE_band,0,0,0,0,0,6190
SNE_363370_ccrop.jpg,Neutrophil,unsegmented-band,C_konflik_SNE_band,0,0,0,0,0,5409
SNE_363446_ccrop.jpg,Neutrophil,segmented-multilobed,B_sepakat_segmented,1,986,986,0,1,5545
SNE_364066_ccrop.jpg,Neutrophil,segmented-bilobed,B_sepakat_segmented,0,0,0,0,0,7089
SNE_364300_ccrop.jpg,Neutrophil,unsegmented-band,C_konflik_SNE_band,0,0,0,0,0,6318
SNE_364743_ccrop.jpg,Neutrophil,segmented-bilobed,B_sepakat_segmented,1,85,85,0,1,5116
SNE_36496_ccrop.jpg,Neutrophil,unsegmented-band,C_konflik_SNE_band,0,0,0,0,0,5297
SNE_365900_ccrop.jpg,Neutrophil,segmented-bilobed,B_sepakat_segmented,0,0,0,0,0,6598
SNE_367710_ccrop.jpg,Neutrophil,unsegmented-band,C_konflik_SNE_band,0,0,0,0,0,4940
SNE_37089_ccrop.jpg,Neutrophil,unsegmented-band,C_konflik_SNE_band,0,0,0,0,0,5220
SNE_373271_ccrop.jpg,Neutrophil,segmented-multilobed,B_sepakat_segmented,3,68,66,0,3,7620
SNE_373512_ccrop.jpg,Neutrophil,unsegmented-band,C_konflik_SNE_band,0,0,0,0,0,5428
SNE_374597_ccrop.jpg,Neutrophil,unsegmented-band,C_konflik_SNE_band,0,0,0,0,0,6043
SNE_374959_ccrop.jpg,Neutrophil,segmented-bilobed,B_sepakat_segmented,0,0,0,0,0,5972
SNE_375215_ccrop.jpg,Neutrophil,segmented-bilobed,B_sepakat_segmented,0,0,0,0,0,5652
SNE_375258_ccrop.jpg,Neutrophil,unsegmented-band,C_konflik_SNE_band,0,0,0,0,0,5009
SNE_375296_ccrop.jpg,Neutrophil,segmented-multilobed,B_sepakat_segmented,0,0,0,0,0,6788
SNE_375821_ccrop.jpg,Neutrophil,unsegmented-band,C_konflik_SNE_band,0,0,0,0,0,5823
SNE_376752_ccrop.jpg,Neutrophil,segmented-multilobed,B_sepakat_segmented,0,0,0,0,0,4606
SNE_376973_ccrop.jpg,Neutrophil,segmented-multilobed,B_sepakat_segmented,0,0,0,0,0,6149
SNE_378472_ccrop.jpg,Neutrophil,unsegmented-band,C_konflik_SNE_band,0,0,0,0,0,5542
SNE_380575_ccrop.jpg,Neutrophil,segmented-multilobed,B_sepakat_segmented,0,0,0,0,0,5906
SNE_380978_ccrop.jpg,Neutrophil,segmented-multilobed,B_sepakat_segmented,1,61,61,0,1,6251
SNE_381415_ccrop.jpg,Neutrophil,unsegmented-band,C_konflik_SNE_band,0,0,0,0,0,5562
SNE_381430_ccrop.jpg,Neutrophil,unsegmented-band,C_konflik_SNE_band,0,0,0,0,0,5398
SNE_382444_ccrop.jpg,Neutrophil,unsegmented-band,C_konflik_SNE_band,0,0,0,0,0,6379
SNE_382898_ccrop.jpg,Neutrophil,segmented-bilobed,B_sepakat_segmented,0,0,0,0,0,5636
SNE_383256_ccrop.jpg,Neutrophil,unsegmented-band,C_konflik_SNE_band,0,0,0,0,0,5791
SNE_383651_ccrop.jpg,Neutrophil,unsegmented-band,C_konflik_SNE_band,0,0,0,0,0,6214
SNE_383824_ccrop.jpg,Neutrophil,segmented-bilobed,B_sepakat_segmented,0,0,0,0,0,5807
SNE_385589_ccrop.jpg,Neutrophil,unsegmented-band,C_konflik_SNE_band,0,0,0,0,0,5298
SNE_385652_ccrop.jpg,Neutrophil,segmented-multilobed,B_sepakat_segmented,0,0,0,0,0,7132
SNE_386155_ccrop.jpg,Neutrophil,segmented-multilobed,B_sepakat_segmented,0,0,0,0,0,5450
SNE_386488_ccrop.jpg,Neutrophil,unsegmented-band,C_konflik_SNE_band,0,0,0,0,0,5893
SNE_386870_ccrop.jpg,Neutrophil,unsegmented-band,C_konflik_SNE_band,0,0,0,0,0,4404
SNE_386954_ccrop.jpg,Neutrophil,unsegmented-band,C_konflik_SNE_band,0,0,0,0,0,5374
SNE_388709_ccrop.jpg,Neutrophil,segmented-bilobed,B_sepakat_segmented,0,0,0,0,0,6678
SNE_388881_ccrop.jpg,Neutrophil,unsegmented-band,C_konflik_SNE_band,0,0,0,0,0,5350
SNE_389572_ccrop.jpg,Neutrophil,segmented-multilobed,B_sepakat_segmented,0,0,0,0,0,7126
SNE_390822_ccrop.jpg,Neutrophil,segmented-multilobed,B_sepakat_segmented,1,83,83,0,1,5659
SNE_390997_ccrop.jpg,Neutrophil,segmented-bilobed,B_sepakat_segmented,0,0,0,0,0,4885
SNE_392001_ccrop.jpg,Neutrophil,segmented-bilobed,B_sepakat_segmented,0,0,0,0,0,5838
SNE_392106_ccrop.jpg,Neutrophil,unsegmented-band,C_konflik_SNE_band,0,0,0,0,0,5564
SNE_392617_ccrop.jpg,Neutrophil,unsegmented-band,C_konflik_SNE_band,0,0,0,0,0,5536
SNE_393713_ccrop.jpg,Neutrophil,segmented-multilobed,B_sepakat_segmented,0,0,0,0,0,6641
SNE_394048_ccrop.jpg,Neutrophil,segmented-multilobed,B_sepakat_segmented,0,0,0,0,0,5493
SNE_394861_ccrop.jpg,Neutrophil,segmented-multilobed,B_sepakat_segmented,0,0,0,0,0,5055
SNE_395253_ccrop.jpg,Neutrophil,segmented-multilobed,B_sepakat_segmented,2,17,14,0,2,5975
SNE_397471_ccrop.jpg,Neutrophil,unsegmented-band,C_konflik_SNE_band,1,47,47,0,1,5706
SNE_399998_ccrop.jpg,Neutrophil,segmented-bilobed,B_sepakat_segmented,1,5,5,0,1,6802
SNE_400193_ccrop.jpg,Neutrophil,segmented-bilobed,B_sepakat_segmented,0,0,0,0,0,6627
SNE_401003_ccrop.jpg,Neutrophil,unsegmented-band,C_konflik_SNE_band,0,0,0,0,0,6684
SNE_401430_ccrop.jpg,Neutrophil,unsegmented-band,C_konflik_SNE_band,0,0,0,0,0,5155
SNE_402177_ccrop.jpg,Neutrophil,segmented-bilobed,B_sepakat_segmented,0,0,0,0,0,6881
SNE_402317_ccrop.jpg,Neutrophil,segmented-bilobed,B_sepakat_segmented,0,0,0,0,0,5875
SNE_40278_ccrop.jpg,Neutrophil,unsegmented-band,C_konflik_SNE_band,0,0,0,0,0,6097
SNE_402972_ccrop.jpg,Neutrophil,segmented-bilobed,B_sepakat_segmented,0,0,0,0,0,5547
SNE_40306_ccrop.jpg,Neutrophil,unsegmented-band,C_konflik_SNE_band,1,63,63,0,1,5163
SNE_403956_ccrop.jpg,Neutrophil,unsegmented-band,C_konflik_SNE_band,2,540,523,0,2,5410
SNE_404231_ccrop.jpg,Neutrophil,segmented-bilobed,B_sepakat_segmented,1,8,8,0,1,5429
SNE_404595_ccrop.jpg,Neutrophil,segmented-multilobed,B_sepakat_segmented,1,1,1,0,1,5486
SNE_405383_ccrop.jpg,Neutrophil,unsegmented-band,C_konflik_SNE_band,0,0,0,0,0,6966
SNE_406667_ccrop.jpg,Neutrophil,unsegmented-band,C_konflik_SNE_band,1,54,54,0,1,5472
SNE_407809_ccrop.jpg,Neutrophil,segmented-bilobed,B_sepakat_segmented,0,0,0,0,0,4971
SNE_409624_ccrop.jpg,Neutrophil,segmented-bilobed,B_sepakat_segmented,0,0,0,0,0,6291
SNE_411334_ccrop.jpg,Neutrophil,segmented-bilobed,B_sepakat_segmented,0,0,0,0,0,5241
SNE_413625_ccrop.jpg,Neutrophil,segmented-bilobed,B_sepakat_segmented,2,332,245,0,2,5102
SNE_414238_ccrop.jpg,Neutrophil,unsegmented-band,C_konflik_SNE_band,0,0,0,0,0,6424
SNE_414851_ccrop.jpg,Neutrophil,unsegmented-band,C_konflik_SNE_band,2,36,35,0,2,5888
SNE_416285_ccrop.jpg,Neutrophil,segmented-multilobed,B_sepakat_segmented,0,0,0,0,0,6640
SNE_417051_ccrop.jpg,Neutrophil,segmented-multilobed,B_sepakat_segmented,1,23,23,0,1,6703
SNE_419085_ccrop.jpg,Neutrophil,segmented-multilobed,B_sepakat_segmented,1,83,83,0,1,5437
SNE_419179_ccrop.jpg,Neutrophil,segmented-bilobed,B_sepakat_segmented,0,0,0,0,0,5062
SNE_420372_ccrop.jpg,Neutrophil,segmented-multilobed,B_sepakat_segmented,2,60,55,0,2,5519
SNE_420784_ccrop.jpg,Neutrophil,segmented-multilobed,B_sepakat_segmented,0,0,0,0,0,5566
SNE_421318_ccrop.jpg,Neutrophil,unsegmented-band,C_konflik_SNE_band,0,0,0,0,0,5530
SNE_421651_ccrop.jpg,Neutrophil,unsegmented-band,C_konflik_SNE_band,0,0,0,0,0,6901
SNE_422578_ccrop.jpg,Neutrophil,unsegmented-band,C_konflik_SNE_band,0,0,0,0,0,5594
SNE_423252_ccrop.jpg,Neutrophil,unsegmented-band,C_konflik_SNE_band,0,0,0,0,0,5757
SNE_424615_ccrop.jpg,Neutrophil,segmented-bilobed,B_sepakat_segmented,2,5,4,0,2,6113
SNE_425270_ccrop.jpg,Neutrophil,segmented-bilobed,B_sepakat_segmented,0,0,0,0,0,5738
SNE_425988_ccrop.jpg,Neutrophil,unsegmented-band,C_konflik_SNE_band,2,17,16,0,2,6186
SNE_426049_ccrop.jpg,Neutrophil,unsegmented-band,C_konflik_SNE_band,0,0,0,0,0,6752
SNE_426212_ccrop.jpg,Neutrophil,unsegmented-band,C_konflik_SNE_band,0,0,0,0,0,5418
SNE_426389_ccrop.jpg,Neutrophil,unsegmented-band,C_konflik_SNE_band,0,0,0,0,0,5539
SNE_426696_ccrop.jpg,Neutrophil,segmented-bilobed,B_sepakat_segmented,1,120,120,0,1,5535
SNE_429672_ccrop.jpg,Neutrophil,segmented-multilobed,B_sepakat_segmented,0,0,0,0,0,6227
SNE_429986_ccrop.jpg,Neutrophil,unsegmented-band,C_konflik_SNE_band,0,0,0,0,0,5529
SNE_432053_ccrop.jpg,Neutrophil,segmented-multilobed,B_sepakat_segmented,0,0,0,0,0,5302
SNE_432940_ccrop.jpg,Neutrophil,segmented-multilobed,B_sepakat_segmented,0,0,0,0,0,6064
SNE_433684_ccrop.jpg,Neutrophil,segmented-bilobed,B_sepakat_segmented,0,0,0,0,0,5671
SNE_433963_ccrop.jpg,Neutrophil,unsegmented-band,C_konflik_SNE_band,0,0,0,0,0,6513
SNE_434790_ccrop.jpg,Neutrophil,segmented-bilobed,B_sepakat_segmented,0,0,0,0,0,6422
SNE_435561_ccrop.jpg,Neutrophil,segmented-multilobed,B_sepakat_segmented,0,0,0,0,0,5592
SNE_438105_ccrop.jpg,Neutrophil,segmented-bilobed,B_sepakat_segmented,0,0,0,0,0,5924
SNE_439672_ccrop.jpg,Neutrophil,unsegmented-band,C_konflik_SNE_band,1,799,799,0,1,6837
SNE_440123_ccrop.jpg,Neutrophil,unsegmented-band,C_konflik_SNE_band,1,29,29,0,1,4748
SNE_440901_ccrop.jpg,Neutrophil,segmented-multilobed,B_sepakat_segmented,1,24,24,0,1,5808
SNE_441224_ccrop.jpg,Neutrophil,segmented-bilobed,B_sepakat_segmented,1,94,94,0,1,6599
SNE_442669_ccrop.jpg,Neutrophil,unsegmented-band,C_konflik_SNE_band,0,0,0,0,0,6393
SNE_443512_ccrop.jpg,Neutrophil,unsegmented-band,C_konflik_SNE_band,0,0,0,0,0,5838
SNE_443532_ccrop.jpg,Neutrophil,segmented-bilobed,B_sepakat_segmented,0,0,0,0,0,5450
SNE_444125_ccrop.jpg,Neutrophil,unsegmented-band,C_konflik_SNE_band,0,0,0,0,0,4986
SNE_444255_ccrop.jpg,Neutrophil,segmented-multilobed,B_sepakat_segmented,1,1157,1157,0,1,5463
SNE_445540_ccrop.jpg,Neutrophil,unsegmented-band,C_konflik_SNE_band,0,0,0,0,0,5695
SNE_447846_ccrop.jpg,Neutrophil,segmented-multilobed,B_sepakat_segmented,0,0,0,0,0,6932
SNE_448410_ccrop.jpg,Neutrophil,unsegmented-band,C_konflik_SNE_band,0,0,0,0,0,4702
SNE_449792_ccrop.jpg,Neutrophil,segmented-multilobed,B_sepakat_segmented,0,0,0,0,0,4815
SNE_452254_ccrop.jpg,Neutrophil,segmented-multilobed,B_sepakat_segmented,0,0,0,0,0,4871
SNE_453662_ccrop.jpg,Neutrophil,segmented-bilobed,B_sepakat_segmented,0,0,0,0,0,5578
SNE_455449_ccrop.jpg,Neutrophil,unsegmented-band,C_konflik_SNE_band,0,0,0,0,0,6363
SNE_4557_ccrop.jpg,Neutrophil,unsegmented-band,C_konflik_SNE_band,1,44,44,0,1,7191
SNE_455746_ccrop.jpg,Neutrophil,unsegmented-band,C_konflik_SNE_band,1,938,938,0,1,5451
SNE_45775_ccrop.jpg,Neutrophil,segmented-multilobed,B_sepakat_segmented,0,0,0,0,0,6337
SNE_460683_ccrop.jpg,Neutrophil,unsegmented-band,C_konflik_SNE_band,0,0,0,0,0,6092
SNE_460824_ccrop.jpg,Neutrophil,segmented-bilobed,B_sepakat_segmented,0,0,0,0,0,5077
SNE_461742_ccrop.jpg,Neutrophil,segmented-bilobed,B_sepakat_segmented,0,0,0,0,0,6109
SNE_462407_ccrop.jpg,Neutrophil,unsegmented-band,C_konflik_SNE_band,0,0,0,0,0,5276
SNE_462447_ccrop.jpg,Neutrophil,segmented-bilobed,B_sepakat_segmented,0,0,0,0,0,5756
SNE_463342_ccrop.jpg,Neutrophil,segmented-bilobed,B_sepakat_segmented,0,0,0,0,0,5268
SNE_464918_ccrop.jpg,Neutrophil,unsegmented-band,C_konflik_SNE_band,2,1044,1043,0,2,6539
SNE_465548_ccrop.jpg,Neutrophil,unsegmented-band,C_konflik_SNE_band,0,0,0,0,0,6173
SNE_467255_ccrop.jpg,Neutrophil,segmented-bilobed,B_sepakat_segmented,1,2,2,0,1,6766
SNE_468966_ccrop.jpg,Neutrophil,segmented-multilobed,B_sepakat_segmented,1,56,56,0,1,5788
SNE_469228_ccrop.jpg,Neutrophil,unsegmented-band,C_konflik_SNE_band,0,0,0,0,0,5525
SNE_469555_ccrop.jpg,Neutrophil,segmented-multilobed,B_sepakat_segmented,0,0,0,0,0,5602
SNE_469792_ccrop.jpg,Neutrophil,segmented-multilobed,B_sepakat_segmented,1,167,167,0,1,6020
SNE_472376_ccrop.jpg,Neutrophil,segmented-multilobed,B_sepakat_segmented,0,0,0,0,0,6611
SNE_472584_ccrop.jpg,Neutrophil,segmented-multilobed,B_sepakat_segmented,2,464,463,0,2,5077
SNE_472654_ccrop.jpg,Neutrophil,segmented-multilobed,B_sepakat_segmented,0,0,0,0,0,6117
SNE_472777_ccrop.jpg,Neutrophil,segmented-multilobed,B_sepakat_segmented,0,0,0,0,0,6351
SNE_474337_ccrop.jpg,Neutrophil,segmented-bilobed,B_sepakat_segmented,0,0,0,0,0,5520
SNE_474619_ccrop.jpg,Neutrophil,segmented-bilobed,B_sepakat_segmented,0,0,0,0,0,5713
SNE_475803_ccrop.jpg,Neutrophil,unsegmented-band,C_konflik_SNE_band,0,0,0,0,0,5516
SNE_476160_ccrop.jpg,Neutrophil,unsegmented-band,C_konflik_SNE_band,1,13,13,0,1,6978
SNE_477184_ccrop.jpg,Neutrophil,unsegmented-band,C_konflik_SNE_band,0,0,0,0,0,6917
SNE_477469_ccrop.jpg,Neutrophil,unsegmented-band,C_konflik_SNE_band,0,0,0,0,0,6436
SNE_478479_ccrop.jpg,Neutrophil,unsegmented-band,C_konflik_SNE_band,0,0,0,0,0,6300
SNE_481329_ccrop.jpg,Neutrophil,unsegmented-band,C_konflik_SNE_band,0,0,0,0,0,5785
SNE_481750_ccrop.jpg,Neutrophil,segmented-bilobed,B_sepakat_segmented,0,0,0,0,0,5559
SNE_483027_ccrop.jpg,Neutrophil,unsegmented-band,C_konflik_SNE_band,1,90,90,0,1,6241
SNE_483806_ccrop.jpg,Neutrophil,unsegmented-band,C_konflik_SNE_band,0,0,0,0,0,4361
SNE_483814_ccrop.jpg,Neutrophil,segmented-bilobed,B_sepakat_segmented,0,0,0,0,0,7637
SNE_483940_ccrop.jpg,Neutrophil,unsegmented-band,C_konflik_SNE_band,0,0,0,0,0,6881
SNE_4845_ccrop.jpg,Neutrophil,segmented-bilobed,B_sepakat_segmented,1,69,69,0,1,5919
SNE_484817_ccrop.jpg,Neutrophil,unsegmented-band,C_konflik_SNE_band,0,0,0,0,0,4616
SNE_485719_ccrop.jpg,Neutrophil,segmented-multilobed,B_sepakat_segmented,0,0,0,0,0,5820
SNE_485828_ccrop.jpg,Neutrophil,segmented-bilobed,B_sepakat_segmented,0,0,0,0,0,7249
SNE_485945_ccrop.jpg,Neutrophil,segmented-multilobed,B_sepakat_segmented,1,377,377,0,1,5761
SNE_488757_ccrop.jpg,Neutrophil,segmented-bilobed,B_sepakat_segmented,0,0,0,0,0,6739
SNE_489607_ccrop.jpg,Neutrophil,unsegmented-band,C_konflik_SNE_band,0,0,0,0,0,5665
SNE_490067_ccrop.jpg,Neutrophil,segmented-multilobed,B_sepakat_segmented,0,0,0,0,0,5358
SNE_490662_ccrop.jpg,Neutrophil,unsegmented-band,C_konflik_SNE_band,0,0,0,0,0,5948
SNE_492233_ccrop.jpg,Neutrophil,segmented-multilobed,B_sepakat_segmented,0,0,0,0,0,6408
SNE_493415_ccrop.jpg,Neutrophil,segmented-multilobed,B_sepakat_segmented,0,0,0,0,0,7881
SNE_493458_ccrop.jpg,Neutrophil,segmented-bilobed,B_sepakat_segmented,0,0,0,0,0,4971
SNE_493463_ccrop.jpg,Neutrophil,segmented-bilobed,B_sepakat_segmented,0,0,0,0,0,6703
SNE_494764_ccrop.jpg,Neutrophil,unsegmented-band,C_konflik_SNE_band,0,0,0,0,0,16415
SNE_495787_ccrop.jpg,Neutrophil,segmented-bilobed,B_sepakat_segmented,0,0,0,0,0,4394
SNE_495849_ccrop.jpg,Neutrophil,segmented-bilobed,B_sepakat_segmented,0,0,0,0,0,6791
SNE_49598_ccrop.jpg,Neutrophil,unsegmented-band,C_konflik_SNE_band,1,883,883,0,1,6733
SNE_497060_ccrop.jpg,Neutrophil,unsegmented-band,C_konflik_SNE_band,0,0,0,0,0,5829
SNE_497237_ccrop.jpg,Neutrophil,segmented-bilobed,B_sepakat_segmented,0,0,0,0,0,6348
SNE_49767_ccrop.jpg,Neutrophil,segmented-bilobed,B_sepakat_segmented,0,0,0,0,0,6571
SNE_499346_ccrop.jpg,Neutrophil,unsegmented-band,C_konflik_SNE_band,0,0,0,0,0,7379
SNE_499727_ccrop.jpg,Neutrophil,segmented-bilobed,B_sepakat_segmented,0,0,0,0,0,6289
SNE_499841_ccrop.jpg,Neutrophil,segmented-bilobed,B_sepakat_segmented,0,0,0,0,0,6625
SNE_500563_ccrop.jpg,Neutrophil,segmented-bilobed,B_sepakat_segmented,0,0,0,0,0,6125
SNE_501206_ccrop.jpg,Neutrophil,unsegmented-band,C_konflik_SNE_band,0,0,0,0,0,6125
SNE_501381_ccrop.jpg,Neutrophil,unsegmented-band,C_konflik_SNE_band,0,0,0,0,0,5679
SNE_50201_ccrop.jpg,Neutrophil,segmented-bilobed,B_sepakat_segmented,0,0,0,0,0,5637
SNE_503929_ccrop.jpg,Neutrophil,segmented-multilobed,B_sepakat_segmented,0,0,0,0,0,6831
SNE_504343_ccrop.jpg,Neutrophil,segmented-bilobed,B_sepakat_segmented,0,0,0,0,0,6161
SNE_504413_ccrop.jpg,Neutrophil,segmented-multilobed,B_sepakat_segmented,1,14,14,0,1,6391
SNE_505047_ccrop.jpg,Neutrophil,segmented-bilobed,B_sepakat_segmented,0,0,0,0,0,6472
SNE_505705_ccrop.jpg,Neutrophil,unsegmented-band,C_konflik_SNE_band,0,0,0,0,0,4962
SNE_506990_ccrop.jpg,Neutrophil,unsegmented-band,C_konflik_SNE_band,0,0,0,0,0,4911
SNE_507816_ccrop.jpg,Neutrophil,unsegmented-band,C_konflik_SNE_band,0,0,0,0,0,6045
SNE_508294_ccrop.jpg,Neutrophil,segmented-bilobed,B_sepakat_segmented,0,0,0,0,0,6163
SNE_508392_ccrop.jpg,Neutrophil,unsegmented-band,C_konflik_SNE_band,0,0,0,0,0,6532
SNE_508478_ccrop.jpg,Neutrophil,segmented-bilobed,B_sepakat_segmented,0,0,0,0,0,6569
SNE_508710_ccrop.jpg,Neutrophil,segmented-multilobed,B_sepakat_segmented,0,0,0,0,0,5861
SNE_509393_ccrop.jpg,Neutrophil,segmented-bilobed,B_sepakat_segmented,1,286,286,0,1,5918
SNE_509890_ccrop.jpg,Neutrophil,unsegmented-band,C_konflik_SNE_band,0,0,0,0,0,5386
SNE_511583_ccrop.jpg,Neutrophil,unsegmented-band,C_konflik_SNE_band,0,0,0,0,0,5388
SNE_512050_ccrop.jpg,Neutrophil,unsegmented-band,C_konflik_SNE_band,0,0,0,0,0,7472
SNE_512541_ccrop.jpg,Neutrophil,unsegmented-band,C_konflik_SNE_band,0,0,0,0,0,6608
SNE_516734_ccrop.jpg,Neutrophil,segmented-bilobed,B_sepakat_segmented,0,0,0,0,0,5695
SNE_519778_ccrop.jpg,Neutrophil,segmented-bilobed,B_sepakat_segmented,0,0,0,0,0,7744
SNE_52015_ccrop.jpg,Neutrophil,segmented-bilobed,B_sepakat_segmented,0,0,0,0,0,6417
SNE_522147_ccrop.jpg,Neutrophil,unsegmented-band,C_konflik_SNE_band,1,159,159,0,1,5638
SNE_522713_ccrop.jpg,Neutrophil,segmented-multilobed,B_sepakat_segmented,0,0,0,0,0,5442
SNE_523523_ccrop.jpg,Neutrophil,unsegmented-band,C_konflik_SNE_band,0,0,0,0,0,4121
SNE_525189_ccrop.jpg,Neutrophil,segmented-multilobed,B_sepakat_segmented,1,453,453,0,1,7018
SNE_525482_ccrop.jpg,Neutrophil,unsegmented-band,C_konflik_SNE_band,0,0,0,0,0,5993
SNE_526818_ccrop.jpg,Neutrophil,segmented-multilobed,B_sepakat_segmented,0,0,0,0,0,5599
SNE_526872_ccrop.jpg,Neutrophil,segmented-bilobed,B_sepakat_segmented,1,2,2,0,1,5352
SNE_528864_ccrop.jpg,Neutrophil,segmented-bilobed,B_sepakat_segmented,0,0,0,0,0,6899
SNE_528907_ccrop.jpg,Neutrophil,segmented-bilobed,B_sepakat_segmented,0,0,0,0,0,4791
SNE_529503_ccrop.jpg,Neutrophil,segmented-multilobed,B_sepakat_segmented,0,0,0,0,0,7882
SNE_530476_ccrop.jpg,Neutrophil,segmented-bilobed,B_sepakat_segmented,0,0,0,0,0,5434
SNE_530862_ccrop.jpg,Neutrophil,segmented-bilobed,B_sepakat_segmented,0,0,0,0,0,8146
SNE_531347_ccrop.jpg,Neutrophil,segmented-multilobed,B_sepakat_segmented,0,0,0,0,0,6715
SNE_5329_ccrop.jpg,Neutrophil,unsegmented-band,C_konflik_SNE_band,0,0,0,0,0,6599
SNE_533630_ccrop.jpg,Neutrophil,segmented-bilobed,B_sepakat_segmented,2,199,196,0,2,5142
SNE_534184_ccrop.jpg,Neutrophil,segmented-bilobed,B_sepakat_segmented,1,486,486,0,1,6605
SNE_536692_ccrop.jpg,Neutrophil,unsegmented-band,C_konflik_SNE_band,1,57,57,0,1,5361
SNE_538680_ccrop.jpg,Neutrophil,segmented-bilobed,B_sepakat_segmented,0,0,0,0,0,5584
SNE_54137_ccrop.jpg,Neutrophil,segmented-bilobed,B_sepakat_segmented,0,0,0,0,0,5373
SNE_543818_ccrop.jpg,Neutrophil,segmented-bilobed,B_sepakat_segmented,0,0,0,0,0,5534
SNE_54408_ccrop.jpg,Neutrophil,segmented-bilobed,B_sepakat_segmented,0,0,0,0,0,5242
SNE_545033_ccrop.jpg,Neutrophil,unsegmented-band,C_konflik_SNE_band,0,0,0,0,0,5625
SNE_548602_ccrop.jpg,Neutrophil,segmented-multilobed,B_sepakat_segmented,1,27,27,0,1,5477
SNE_550919_ccrop.jpg,Neutrophil,segmented-bilobed,B_sepakat_segmented,0,0,0,0,0,5570
SNE_551569_ccrop.jpg,Neutrophil,segmented-multilobed,B_sepakat_segmented,1,405,405,0,1,6249
SNE_553078_ccrop.jpg,Neutrophil,segmented-bilobed,B_sepakat_segmented,0,0,0,0,0,5544
SNE_554543_ccrop.jpg,Neutrophil,segmented-bilobed,B_sepakat_segmented,0,0,0,0,0,4996
SNE_555512_ccrop.jpg,Neutrophil,segmented-multilobed,B_sepakat_segmented,0,0,0,0,0,5131
SNE_556621_ccrop.jpg,Neutrophil,segmented-multilobed,B_sepakat_segmented,0,0,0,0,0,5201
SNE_556796_ccrop.jpg,Neutrophil,unsegmented-band,C_konflik_SNE_band,0,0,0,0,0,5278
SNE_556912_ccrop.jpg,Neutrophil,unsegmented-band,C_konflik_SNE_band,0,0,0,0,0,5534
SNE_560191_ccrop.jpg,Neutrophil,unsegmented-band,C_konflik_SNE_band,2,342,247,0,2,5207
SNE_560864_ccrop.jpg,Neutrophil,segmented-bilobed,B_sepakat_segmented,0,0,0,0,0,5455
SNE_561932_ccrop.jpg,Neutrophil,segmented-bilobed,B_sepakat_segmented,0,0,0,0,0,5314
SNE_564272_ccrop.jpg,Neutrophil,unsegmented-band,C_konflik_SNE_band,0,0,0,0,0,5388
SNE_565578_ccrop.jpg,Neutrophil,unsegmented-band,C_konflik_SNE_band,1,390,390,0,1,5914
SNE_565875_ccrop.jpg,Neutrophil,segmented-bilobed,B_sepakat_segmented,0,0,0,0,0,5661
SNE_569771_ccrop.jpg,Neutrophil,unsegmented-band,C_konflik_SNE_band,1,455,455,0,1,5659
SNE_570447_ccrop.jpg,Neutrophil,segmented-multilobed,B_sepakat_segmented,1,633,633,0,1,5172
SNE_571162_ccrop.jpg,Neutrophil,unsegmented-band,C_konflik_SNE_band,0,0,0,0,0,5844
SNE_571542_ccrop.jpg,Neutrophil,segmented-multilobed,B_sepakat_segmented,7,239,227,0,7,7252
SNE_571552_ccrop.jpg,Neutrophil,segmented-multilobed,B_sepakat_segmented,4,54,42,0,4,5738
SNE_572651_ccrop.jpg,Neutrophil,unsegmented-band,C_konflik_SNE_band,0,0,0,0,0,5866
SNE_574534_ccrop.jpg,Neutrophil,unsegmented-band,C_konflik_SNE_band,0,0,0,0,0,12608
SNE_574609_ccrop.jpg,Neutrophil,segmented-multilobed,B_sepakat_segmented,3,240,238,0,3,5534
SNE_574922_ccrop.jpg,Neutrophil,segmented-bilobed,B_sepakat_segmented,0,0,0,0,0,5039
SNE_576734_ccrop.jpg,Neutrophil,unsegmented-round,E_lainnya,0,0,0,0,0,5014
SNE_576843_ccrop.jpg,Neutrophil,segmented-bilobed,B_sepakat_segmented,0,0,0,0,0,6197
SNE_576927_ccrop.jpg,Neutrophil,unsegmented-band,C_konflik_SNE_band,0,0,0,0,0,5148
SNE_583310_ccrop.jpg,Neutrophil,unsegmented-band,C_konflik_SNE_band,1,382,382,0,1,6473
SNE_584111_ccrop.jpg,Neutrophil,segmented-bilobed,B_sepakat_segmented,0,0,0,0,0,4685
SNE_584775_ccrop.jpg,Neutrophil,unsegmented-band,C_konflik_SNE_band,0,0,0,0,0,6487
SNE_585435_ccrop.jpg,Neutrophil,segmented-bilobed,B_sepakat_segmented,0,0,0,0,0,6860
SNE_586161_ccrop.jpg,Neutrophil,segmented-multilobed,B_sepakat_segmented,0,0,0,0,0,5453
SNE_586498_ccrop.jpg,Neutrophil,segmented-bilobed,B_sepakat_segmented,0,0,0,0,0,5237
SNE_586616_ccrop.jpg,Neutrophil,segmented-multilobed,B_sepakat_segmented,0,0,0,0,0,5435
SNE_587128_ccrop.jpg,Neutrophil,unsegmented-band,C_konflik_SNE_band,1,124,124,0,1,6746
SNE_58748_ccrop.jpg,Neutrophil,segmented-multilobed,B_sepakat_segmented,0,0,0,0,0,5582
SNE_587568_ccrop.jpg,Neutrophil,segmented-multilobed,B_sepakat_segmented,0,0,0,0,0,5570
SNE_588705_ccrop.jpg,Neutrophil,segmented-multilobed,B_sepakat_segmented,1,144,144,0,1,6228
SNE_589271_ccrop.jpg,Neutrophil,segmented-bilobed,B_sepakat_segmented,0,0,0,0,0,6971
SNE_591522_ccrop.jpg,Neutrophil,unsegmented-band,C_konflik_SNE_band,0,0,0,0,0,6200
SNE_592732_ccrop.jpg,Neutrophil,segmented-bilobed,B_sepakat_segmented,0,0,0,0,0,5114
SNE_593008_ccrop.jpg,Neutrophil,segmented-bilobed,B_sepakat_segmented,0,0,0,0,0,4782
SNE_593655_ccrop.jpg,Neutrophil,segmented-bilobed,B_sepakat_segmented,0,0,0,0,0,5782
SNE_596188_ccrop.jpg,Neutrophil,unsegmented-band,C_konflik_SNE_band,1,10,10,0,1,6192
SNE_59745_ccrop.jpg,Neutrophil,segmented-multilobed,B_sepakat_segmented,2,794,728,0,2,6594
SNE_597890_ccrop.jpg,Neutrophil,unsegmented-band,C_konflik_SNE_band,0,0,0,0,0,4853
SNE_598181_ccrop.jpg,Neutrophil,unsegmented-band,C_konflik_SNE_band,0,0,0,0,0,6190
SNE_599382_ccrop.jpg,Neutrophil,segmented-multilobed,B_sepakat_segmented,0,0,0,0,0,5147
SNE_599514_ccrop.jpg,Neutrophil,segmented-bilobed,B_sepakat_segmented,0,0,0,0,0,5496
SNE_599555_ccrop.jpg,Neutrophil,segmented-multilobed,B_sepakat_segmented,0,0,0,0,0,5260
SNE_599793_ccrop.jpg,Neutrophil,unsegmented-band,C_konflik_SNE_band,1,89,89,0,1,5225
SNE_599996_ccrop.jpg,Neutrophil,segmented-bilobed,B_sepakat_segmented,0,0,0,0,0,7232
SNE_601004_ccrop.jpg,Neutrophil,segmented-bilobed,B_sepakat_segmented,0,0,0,0,0,5810
SNE_60147_ccrop.jpg,Neutrophil,unsegmented-band,C_konflik_SNE_band,0,0,0,0,0,5461
SNE_601504_ccrop.jpg,Neutrophil,segmented-multilobed,B_sepakat_segmented,0,0,0,0,0,5634
SNE_606289_ccrop.jpg,Neutrophil,segmented-bilobed,B_sepakat_segmented,0,0,0,0,0,7028
SNE_607695_ccrop.jpg,Neutrophil,segmented-multilobed,B_sepakat_segmented,1,59,59,0,1,5598
SNE_608210_ccrop.jpg,Neutrophil,unsegmented-band,C_konflik_SNE_band,0,0,0,0,0,7407
SNE_609105_ccrop.jpg,Neutrophil,segmented-multilobed,B_sepakat_segmented,3,870,739,0,3,8573
SNE_609714_ccrop.jpg,Neutrophil,segmented-multilobed,B_sepakat_segmented,3,189,187,0,3,5486
SNE_609892_ccrop.jpg,Neutrophil,segmented-multilobed,B_sepakat_segmented,2,701,657,0,2,7173
SNE_610750_ccrop.jpg,Neutrophil,segmented-bilobed,B_sepakat_segmented,0,0,0,0,0,5179
SNE_611822_ccrop.jpg,Neutrophil,unsegmented-band,C_konflik_SNE_band,1,296,296,0,1,6295
SNE_612365_ccrop.jpg,Neutrophil,unsegmented-band,C_konflik_SNE_band,0,0,0,0,0,5376
SNE_612880_ccrop.jpg,Neutrophil,unsegmented-band,C_konflik_SNE_band,0,0,0,0,0,5088
SNE_613420_ccrop.jpg,Neutrophil,segmented-multilobed,B_sepakat_segmented,0,0,0,0,0,4799
SNE_613918_ccrop.jpg,Neutrophil,segmented-bilobed,B_sepakat_segmented,0,0,0,0,0,5820
SNE_616649_ccrop.jpg,Neutrophil,segmented-bilobed,B_sepakat_segmented,0,0,0,0,0,6091
SNE_618287_ccrop.jpg,Neutrophil,segmented-multilobed,B_sepakat_segmented,0,0,0,0,0,6038
SNE_618495_ccrop.jpg,Neutrophil,segmented-bilobed,B_sepakat_segmented,0,0,0,0,0,5410
SNE_619218_ccrop.jpg,Neutrophil,unsegmented-band,C_konflik_SNE_band,0,0,0,0,0,6150
SNE_620042_ccrop.jpg,Neutrophil,unsegmented-band,C_konflik_SNE_band,0,0,0,0,0,6958
SNE_620737_ccrop.jpg,Neutrophil,segmented-multilobed,B_sepakat_segmented,0,0,0,0,0,5775
SNE_62215_ccrop.jpg,Neutrophil,unsegmented-band,C_konflik_SNE_band,0,0,0,0,0,6349
SNE_623351_ccrop.jpg,Neutrophil,segmented-bilobed,B_sepakat_segmented,0,0,0,0,0,6587
SNE_624758_ccrop.jpg,Neutrophil,segmented-multilobed,B_sepakat_segmented,0,0,0,0,0,5506
SNE_625662_ccrop.jpg,Neutrophil,segmented-multilobed,B_sepakat_segmented,0,0,0,0,0,5633
SNE_626183_ccrop.jpg,Neutrophil,segmented-multilobed,B_sepakat_segmented,1,592,592,0,1,5376
SNE_62802_ccrop.jpg,Neutrophil,segmented-bilobed,B_sepakat_segmented,0,0,0,0,0,5013
SNE_628603_ccrop.jpg,Neutrophil,unsegmented-band,C_konflik_SNE_band,0,0,0,0,0,5222
SNE_628909_ccrop.jpg,Neutrophil,segmented-bilobed,B_sepakat_segmented,0,0,0,0,0,5999
SNE_630287_ccrop.jpg,Neutrophil,segmented-multilobed,B_sepakat_segmented,0,0,0,0,0,5531
SNE_630846_ccrop.jpg,Neutrophil,unsegmented-band,C_konflik_SNE_band,0,0,0,0,0,5503
SNE_632644_ccrop.jpg,Neutrophil,unsegmented-band,C_konflik_SNE_band,0,0,0,0,0,6410
SNE_632812_ccrop.jpg,Neutrophil,unsegmented-band,C_konflik_SNE_band,0,0,0,0,0,5597
SNE_633168_ccrop.jpg,Neutrophil,unsegmented-band,C_konflik_SNE_band,1,29,29,0,1,5738
SNE_633532_ccrop.jpg,Neutrophil,unsegmented-band,C_konflik_SNE_band,0,0,0,0,0,6340
SNE_634148_ccrop.jpg,Neutrophil,unsegmented-band,C_konflik_SNE_band,0,0,0,0,0,5026
SNE_634877_ccrop.jpg,Neutrophil,segmented-bilobed,B_sepakat_segmented,0,0,0,0,0,5647
SNE_635288_ccrop.jpg,Neutrophil,segmented-bilobed,B_sepakat_segmented,0,0,0,0,0,5227
SNE_635595_ccrop.jpg,Neutrophil,unsegmented-band,C_konflik_SNE_band,0,0,0,0,0,5232
SNE_637018_ccrop.jpg,Neutrophil,segmented-multilobed,B_sepakat_segmented,0,0,0,0,0,5961
SNE_640102_ccrop.jpg,Neutrophil,segmented-bilobed,B_sepakat_segmented,0,0,0,0,0,5257
SNE_643406_ccrop.jpg,Neutrophil,segmented-bilobed,B_sepakat_segmented,0,0,0,0,0,5021
SNE_646674_ccrop.jpg,Neutrophil,segmented-multilobed,B_sepakat_segmented,0,0,0,0,0,5328
SNE_64736_ccrop.jpg,Neutrophil,segmented-multilobed,B_sepakat_segmented,0,0,0,0,0,4901
SNE_648057_ccrop.jpg,Neutrophil,unsegmented-band,C_konflik_SNE_band,1,209,209,0,1,4924
SNE_64808_ccrop.jpg,Neutrophil,segmented-bilobed,B_sepakat_segmented,0,0,0,0,0,6769
SNE_648704_ccrop.jpg,Neutrophil,unsegmented-band,C_konflik_SNE_band,0,0,0,0,0,4939
SNE_649885_ccrop.jpg,Neutrophil,segmented-multilobed,B_sepakat_segmented,0,0,0,0,0,5576
SNE_650007_ccrop.jpg,Neutrophil,unsegmented-band,C_konflik_SNE_band,0,0,0,0,0,5467
SNE_650409_ccrop.jpg,Neutrophil,unsegmented-band,C_konflik_SNE_band,0,0,0,0,0,6470
SNE_650531_ccrop.jpg,Neutrophil,segmented-multilobed,B_sepakat_segmented,0,0,0,0,0,5033
SNE_650929_ccrop.jpg,Neutrophil,segmented-bilobed,B_sepakat_segmented,0,0,0,0,0,6487
SNE_651628_ccrop.jpg,Neutrophil,segmented-multilobed,B_sepakat_segmented,1,45,45,0,1,5402
SNE_65413_ccrop.jpg,Neutrophil,segmented-multilobed,B_sepakat_segmented,0,0,0,0,0,6180
SNE_656073_ccrop.jpg,Neutrophil,unsegmented-band,C_konflik_SNE_band,0,0,0,0,0,7042
SNE_65616_ccrop.jpg,Neutrophil,segmented-bilobed,B_sepakat_segmented,2,390,298,0,2,5824
SNE_656237_ccrop.jpg,Neutrophil,unsegmented-band,C_konflik_SNE_band,0,0,0,0,0,5050
SNE_657218_ccrop.jpg,Neutrophil,segmented-multilobed,B_sepakat_segmented,0,0,0,0,0,5496
SNE_661509_ccrop.jpg,Neutrophil,segmented-multilobed,B_sepakat_segmented,1,1,1,0,1,5908
SNE_662400_ccrop.jpg,Neutrophil,unsegmented-band,C_konflik_SNE_band,0,0,0,0,0,6168
SNE_663700_ccrop.jpg,Neutrophil,unsegmented-band,C_konflik_SNE_band,0,0,0,0,0,6910
SNE_664415_ccrop.jpg,Neutrophil,unsegmented-band,C_konflik_SNE_band,1,169,169,0,1,5194
SNE_664499_ccrop.jpg,Neutrophil,segmented-bilobed,B_sepakat_segmented,0,0,0,0,0,5549
SNE_664507_ccrop.jpg,Neutrophil,segmented-bilobed,B_sepakat_segmented,0,0,0,0,0,6085
SNE_667023_ccrop.jpg,Neutrophil,segmented-multilobed,B_sepakat_segmented,0,0,0,0,0,5473
SNE_670300_ccrop.jpg,Neutrophil,unsegmented-band,C_konflik_SNE_band,0,0,0,0,0,5491
SNE_671189_ccrop.jpg,Neutrophil,segmented-bilobed,B_sepakat_segmented,4,338,335,0,4,4869
SNE_671899_ccrop.jpg,Neutrophil,unsegmented-band,C_konflik_SNE_band,1,830,830,0,1,6413
SNE_672550_ccrop.jpg,Neutrophil,unsegmented-band,C_konflik_SNE_band,0,0,0,0,0,5613
SNE_674280_ccrop.jpg,Neutrophil,segmented-bilobed,B_sepakat_segmented,0,0,0,0,0,5288
SNE_675028_ccrop.jpg,Neutrophil,segmented-bilobed,B_sepakat_segmented,1,378,378,0,1,6428
SNE_676449_ccrop.jpg,Neutrophil,segmented-multilobed,B_sepakat_segmented,0,0,0,0,0,4711
SNE_67724_ccrop.jpg,Neutrophil,segmented-bilobed,B_sepakat_segmented,0,0,0,0,0,5097
SNE_677361_ccrop.jpg,Neutrophil,segmented-bilobed,B_sepakat_segmented,0,0,0,0,0,6887
SNE_67811_ccrop.jpg,Neutrophil,segmented-bilobed,B_sepakat_segmented,0,0,0,0,0,5273
SNE_679559_ccrop.jpg,Neutrophil,segmented-bilobed,B_sepakat_segmented,0,0,0,0,0,5220
SNE_684234_ccrop.jpg,Neutrophil,segmented-multilobed,B_sepakat_segmented,0,0,0,0,0,6379
SNE_68465_ccrop.jpg,Neutrophil,unsegmented-band,C_konflik_SNE_band,1,4,4,0,1,6815
SNE_686557_ccrop.jpg,Neutrophil,segmented-bilobed,B_sepakat_segmented,0,0,0,0,0,5935
SNE_688417_ccrop.jpg,Neutrophil,segmented-bilobed,B_sepakat_segmented,0,0,0,0,0,4823
SNE_688575_ccrop.jpg,Neutrophil,segmented-bilobed,B_sepakat_segmented,0,0,0,0,0,5362
SNE_688633_ccrop.jpg,Neutrophil,segmented-bilobed,B_sepakat_segmented,0,0,0,0,0,5511
SNE_691541_ccrop.jpg,Neutrophil,segmented-bilobed,B_sepakat_segmented,1,833,833,0,1,4885
SNE_69166_ccrop.jpg,Neutrophil,segmented-multilobed,B_sepakat_segmented,0,0,0,0,0,5349
SNE_691743_ccrop.jpg,Neutrophil,segmented-bilobed,B_sepakat_segmented,0,0,0,0,0,13270
SNE_692996_ccrop.jpg,Neutrophil,unsegmented-band,C_konflik_SNE_band,0,0,0,0,0,6243
SNE_694056_ccrop.jpg,Neutrophil,unsegmented-band,C_konflik_SNE_band,0,0,0,0,0,6004
SNE_697186_ccrop.jpg,Neutrophil,unsegmented-band,C_konflik_SNE_band,0,0,0,0,0,4022
SNE_698912_ccrop.jpg,Neutrophil,segmented-multilobed,B_sepakat_segmented,3,519,502,0,3,6223
SNE_699042_ccrop.jpg,Neutrophil,unsegmented-band,C_konflik_SNE_band,1,60,60,0,1,7591
SNE_699129_ccrop.jpg,Neutrophil,unsegmented-band,C_konflik_SNE_band,0,0,0,0,0,4884
SNE_699973_ccrop.jpg,Neutrophil,segmented-bilobed,B_sepakat_segmented,0,0,0,0,0,12778
SNE_700097_ccrop.jpg,Neutrophil,segmented-bilobed,B_sepakat_segmented,0,0,0,0,0,4963
SNE_700357_ccrop.jpg,Neutrophil,segmented-bilobed,B_sepakat_segmented,0,0,0,0,0,7167
SNE_702329_ccrop.jpg,Neutrophil,segmented-multilobed,B_sepakat_segmented,0,0,0,0,0,6434
SNE_702411_ccrop.jpg,Neutrophil,unsegmented-band,C_konflik_SNE_band,0,0,0,0,0,6999
SNE_703464_ccrop.jpg,Neutrophil,segmented-multilobed,B_sepakat_segmented,0,0,0,0,0,5304
SNE_703601_ccrop.jpg,Neutrophil,segmented-multilobed,B_sepakat_segmented,1,246,246,0,1,5544
SNE_703793_ccrop.jpg,Neutrophil,segmented-multilobed,B_sepakat_segmented,0,0,0,0,0,5240
SNE_704080_ccrop.jpg,Neutrophil,segmented-multilobed,B_sepakat_segmented,2,119,63,0,2,6854
SNE_704920_ccrop.jpg,Neutrophil,segmented-bilobed,B_sepakat_segmented,0,0,0,0,0,6311
SNE_707015_ccrop.jpg,Neutrophil,segmented-bilobed,B_sepakat_segmented,0,0,0,0,0,7053
SNE_70711_ccrop.jpg,Neutrophil,segmented-multilobed,B_sepakat_segmented,0,0,0,0,0,6507
SNE_70867_ccrop.jpg,Neutrophil,segmented-multilobed,B_sepakat_segmented,2,80,79,0,2,6266
SNE_71114_ccrop.jpg,Neutrophil,unsegmented-band,C_konflik_SNE_band,0,0,0,0,0,5969
SNE_71295_ccrop.jpg,Neutrophil,segmented-bilobed,B_sepakat_segmented,0,0,0,0,0,6589
SNE_712988_ccrop.jpg,Neutrophil,unsegmented-band,C_konflik_SNE_band,0,0,0,0,0,5312
SNE_714010_ccrop.jpg,Neutrophil,segmented-bilobed,B_sepakat_segmented,0,0,0,0,0,4621
SNE_714788_ccrop.jpg,Neutrophil,unsegmented-band,C_konflik_SNE_band,0,0,0,0,0,6498
SNE_714876_ccrop.jpg,Neutrophil,unsegmented-band,C_konflik_SNE_band,0,0,0,0,0,4975
SNE_716633_ccrop.jpg,Neutrophil,unsegmented-band,C_konflik_SNE_band,0,0,0,0,0,5391
SNE_718731_ccrop.jpg,Neutrophil,unsegmented-band,C_konflik_SNE_band,0,0,0,0,0,5930
SNE_721798_ccrop.jpg,Neutrophil,unsegmented-band,C_konflik_SNE_band,0,0,0,0,0,6004
SNE_721866_ccrop.jpg,Neutrophil,unsegmented-band,C_konflik_SNE_band,0,0,0,0,0,6094
SNE_723100_ccrop.jpg,Neutrophil,segmented-bilobed,B_sepakat_segmented,0,0,0,0,0,5871
SNE_725873_ccrop.jpg,Neutrophil,unsegmented-band,C_konflik_SNE_band,0,0,0,0,0,6141
SNE_726181_ccrop.jpg,Neutrophil,unsegmented-band,C_konflik_SNE_band,0,0,0,0,0,5864
SNE_726828_ccrop.jpg,Neutrophil,segmented-multilobed,B_sepakat_segmented,0,0,0,0,0,5999
SNE_727213_ccrop.jpg,Neutrophil,segmented-bilobed,B_sepakat_segmented,0,0,0,0,0,6540
SNE_727461_ccrop.jpg,Neutrophil,unsegmented-band,C_konflik_SNE_band,0,0,0,0,0,5925
SNE_731589_ccrop.jpg,Neutrophil,unsegmented-band,C_konflik_SNE_band,0,0,0,0,0,6329
SNE_732862_ccrop.jpg,Neutrophil,unsegmented-band,C_konflik_SNE_band,0,0,0,0,0,5538
SNE_734146_ccrop.jpg,Neutrophil,unsegmented-band,C_konflik_SNE_band,0,0,0,0,0,5009
SNE_734292_ccrop.jpg,Neutrophil,unsegmented-band,C_konflik_SNE_band,0,0,0,0,0,5590
SNE_735522_ccrop.jpg,Neutrophil,unsegmented-band,C_konflik_SNE_band,0,0,0,0,0,5561
SNE_736225_ccrop.jpg,Neutrophil,segmented-multilobed,B_sepakat_segmented,0,0,0,0,0,6289
SNE_736883_ccrop.jpg,Neutrophil,unsegmented-band,C_konflik_SNE_band,1,1,1,0,1,5541
SNE_7372_ccrop.jpg,Neutrophil,segmented-bilobed,B_sepakat_segmented,0,0,0,0,0,5164
SNE_737275_ccrop.jpg,Neutrophil,segmented-multilobed,B_sepakat_segmented,1,1357,1357,0,1,6695
SNE_739636_ccrop.jpg,Neutrophil,unsegmented-band,C_konflik_SNE_band,0,0,0,0,0,4858
SNE_741_ccrop.jpg,Neutrophil,segmented-multilobed,B_sepakat_segmented,0,0,0,0,0,5897
SNE_742043_ccrop.jpg,Neutrophil,segmented-bilobed,B_sepakat_segmented,0,0,0,0,0,4924
SNE_742877_ccrop.jpg,Neutrophil,unsegmented-band,C_konflik_SNE_band,0,0,0,0,0,6451
SNE_746001_ccrop.jpg,Neutrophil,segmented-multilobed,B_sepakat_segmented,0,0,0,0,0,5815
SNE_746083_ccrop.jpg,Neutrophil,segmented-bilobed,B_sepakat_segmented,1,1,1,0,1,4557
SNE_7466_ccrop.jpg,Neutrophil,segmented-bilobed,B_sepakat_segmented,0,0,0,0,0,5795
SNE_747458_ccrop.jpg,Neutrophil,unsegmented-band,C_konflik_SNE_band,0,0,0,0,0,6791
SNE_749061_ccrop.jpg,Neutrophil,segmented-bilobed,B_sepakat_segmented,0,0,0,0,0,6914
SNE_74926_ccrop.jpg,Neutrophil,segmented-bilobed,B_sepakat_segmented,0,0,0,0,0,5701
SNE_750494_ccrop.jpg,Neutrophil,segmented-bilobed,B_sepakat_segmented,0,0,0,0,0,5970
SNE_750907_ccrop.jpg,Neutrophil,unsegmented-band,C_konflik_SNE_band,0,0,0,0,0,5999
SNE_751245_ccrop.jpg,Neutrophil,segmented-bilobed,B_sepakat_segmented,0,0,0,0,0,5653
SNE_751957_ccrop.jpg,Neutrophil,unsegmented-band,C_konflik_SNE_band,2,88,87,0,2,5445
SNE_752290_ccrop.jpg,Neutrophil,unsegmented-band,C_konflik_SNE_band,0,0,0,0,0,5392
SNE_753880_ccrop.jpg,Neutrophil,unsegmented-band,C_konflik_SNE_band,0,0,0,0,0,5417
SNE_756026_ccrop.jpg,Neutrophil,unsegmented-band,C_konflik_SNE_band,0,0,0,0,0,5279
SNE_756098_ccrop.jpg,Neutrophil,unsegmented-band,C_konflik_SNE_band,0,0,0,0,0,5155
SNE_756261_ccrop.jpg,Neutrophil,segmented-bilobed,B_sepakat_segmented,0,0,0,0,0,7037
SNE_757030_ccrop.jpg,Neutrophil,unsegmented-band,C_konflik_SNE_band,0,0,0,0,0,5607
SNE_758017_ccrop.jpg,Neutrophil,unsegmented-band,C_konflik_SNE_band,0,0,0,0,0,4841
SNE_759474_ccrop.jpg,Neutrophil,segmented-bilobed,B_sepakat_segmented,0,0,0,0,0,5764
SNE_761180_ccrop.jpg,Neutrophil,segmented-multilobed,B_sepakat_segmented,0,0,0,0,0,5198
SNE_762327_ccrop.jpg,Neutrophil,segmented-multilobed,B_sepakat_segmented,2,151,115,0,2,5842
SNE_762474_ccrop.jpg,Neutrophil,segmented-multilobed,B_sepakat_segmented,0,0,0,0,0,5577
SNE_763893_ccrop.jpg,Neutrophil,unsegmented-band,C_konflik_SNE_band,0,0,0,0,0,4782
SNE_764185_ccrop.jpg,Neutrophil,segmented-bilobed,B_sepakat_segmented,0,0,0,0,0,5949
SNE_764517_ccrop.jpg,Neutrophil,segmented-multilobed,B_sepakat_segmented,0,0,0,0,0,6339
SNE_764821_ccrop.jpg,Neutrophil,unsegmented-band,C_konflik_SNE_band,0,0,0,0,0,5087
SNE_767595_ccrop.jpg,Neutrophil,segmented-bilobed,B_sepakat_segmented,0,0,0,0,0,5001
SNE_768088_ccrop.jpg,Neutrophil,segmented-bilobed,B_sepakat_segmented,0,0,0,0,0,6311
SNE_7683_ccrop.jpg,Neutrophil,segmented-bilobed,B_sepakat_segmented,0,0,0,0,0,6257
SNE_769583_ccrop.jpg,Neutrophil,unsegmented-band,C_konflik_SNE_band,0,0,0,0,0,7367
SNE_770745_ccrop.jpg,Neutrophil,segmented-bilobed,B_sepakat_segmented,0,0,0,0,0,5354
SNE_7740_ccrop.jpg,Neutrophil,segmented-bilobed,B_sepakat_segmented,0,0,0,0,0,5757
SNE_77438_ccrop.jpg,Neutrophil,segmented-bilobed,B_sepakat_segmented,0,0,0,0,0,4965
SNE_774800_ccrop.jpg,Neutrophil,segmented-bilobed,B_sepakat_segmented,1,950,950,0,1,5472
SNE_775468_ccrop.jpg,Neutrophil,segmented-bilobed,B_sepakat_segmented,0,0,0,0,0,5577
SNE_776076_ccrop.jpg,Neutrophil,segmented-multilobed,B_sepakat_segmented,0,0,0,0,0,5871
SNE_779794_ccrop.jpg,Neutrophil,segmented-bilobed,B_sepakat_segmented,0,0,0,0,0,5684
SNE_781224_ccrop.jpg,Neutrophil,segmented-multilobed,B_sepakat_segmented,0,0,0,0,0,5313
SNE_781514_ccrop.jpg,Neutrophil,segmented-bilobed,B_sepakat_segmented,0,0,0,0,0,5904
SNE_783159_ccrop.jpg,Neutrophil,unsegmented-band,C_konflik_SNE_band,1,675,675,0,1,5474
SNE_783589_ccrop.jpg,Neutrophil,segmented-bilobed,B_sepakat_segmented,0,0,0,0,0,6302
SNE_784426_ccrop.jpg,Neutrophil,unsegmented-band,C_konflik_SNE_band,1,724,724,0,1,5478
SNE_784846_ccrop.jpg,Neutrophil,unsegmented-band,C_konflik_SNE_band,0,0,0,0,0,6144
SNE_785064_ccrop.jpg,Neutrophil,segmented-multilobed,B_sepakat_segmented,1,72,72,0,1,6098
SNE_785424_ccrop.jpg,Neutrophil,unsegmented-band,C_konflik_SNE_band,0,0,0,0,0,6102
SNE_786541_ccrop.jpg,Neutrophil,unsegmented-band,C_konflik_SNE_band,0,0,0,0,0,6500
SNE_788496_ccrop.jpg,Neutrophil,segmented-bilobed,B_sepakat_segmented,0,0,0,0,0,5532
SNE_788666_ccrop.jpg,Neutrophil,unsegmented-band,C_konflik_SNE_band,0,0,0,0,0,5659
SNE_788902_ccrop.jpg,Neutrophil,segmented-multilobed,B_sepakat_segmented,0,0,0,0,0,5031
SNE_790082_ccrop.jpg,Neutrophil,segmented-bilobed,B_sepakat_segmented,0,0,0,0,0,5302
SNE_790301_ccrop.jpg,Neutrophil,segmented-bilobed,B_sepakat_segmented,0,0,0,0,0,4975
SNE_790562_ccrop.jpg,Neutrophil,unsegmented-band,C_konflik_SNE_band,0,0,0,0,0,6408
SNE_790833_ccrop.jpg,Neutrophil,segmented-bilobed,B_sepakat_segmented,1,1,1,0,1,5700
SNE_791644_ccrop.jpg,Neutrophil,segmented-bilobed,B_sepakat_segmented,0,0,0,0,0,5870
SNE_791810_ccrop.jpg,Neutrophil,segmented-bilobed,B_sepakat_segmented,1,211,211,0,1,5450
SNE_792024_ccrop.jpg,Neutrophil,segmented-multilobed,B_sepakat_segmented,0,0,0,0,0,5096
SNE_793789_ccrop.jpg,Neutrophil,segmented-multilobed,B_sepakat_segmented,2,47,46,0,2,5881
SNE_794163_ccrop.jpg,Neutrophil,unsegmented-band,C_konflik_SNE_band,0,0,0,0,0,5034
SNE_795630_ccrop.jpg,Neutrophil,segmented-bilobed,B_sepakat_segmented,0,0,0,0,0,6874
SNE_796734_ccrop.jpg,Neutrophil,unsegmented-band,C_konflik_SNE_band,1,1,1,0,1,5309
SNE_798289_ccrop.jpg,Neutrophil,segmented-multilobed,B_sepakat_segmented,2,1839,1814,0,2,6516
SNE_798449_ccrop.jpg,Neutrophil,unsegmented-band,C_konflik_SNE_band,0,0,0,0,0,6653
SNE_798913_ccrop.jpg,Neutrophil,segmented-bilobed,B_sepakat_segmented,0,0,0,0,0,5942
SNE_799524_ccrop.jpg,Neutrophil,segmented-bilobed,B_sepakat_segmented,0,0,0,0,0,7815
SNE_80196_ccrop.jpg,Neutrophil,unsegmented-band,C_konflik_SNE_band,0,0,0,0,0,7814
SNE_802950_ccrop.jpg,Neutrophil,unsegmented-band,C_konflik_SNE_band,0,0,0,0,0,4296
SNE_803522_ccrop.jpg,Neutrophil,segmented-bilobed,B_sepakat_segmented,0,0,0,0,0,5535
SNE_805400_ccrop.jpg,Neutrophil,segmented-multilobed,B_sepakat_segmented,1,1692,1692,0,1,7060
SNE_807733_ccrop.jpg,Neutrophil,segmented-bilobed,B_sepakat_segmented,0,0,0,0,0,5953
SNE_807915_ccrop.jpg,Neutrophil,unsegmented-band,C_konflik_SNE_band,0,0,0,0,0,6573
SNE_808697_ccrop.jpg,Neutrophil,segmented-multilobed,B_sepakat_segmented,0,0,0,0,0,6817
SNE_810133_ccrop.jpg,Neutrophil,segmented-bilobed,B_sepakat_segmented,0,0,0,0,0,5585
SNE_810419_ccrop.jpg,Neutrophil,segmented-bilobed,B_sepakat_segmented,0,0,0,0,0,5312
SNE_81065_ccrop.jpg,Neutrophil,segmented-bilobed,B_sepakat_segmented,1,682,682,0,1,4332
SNE_810665_ccrop.jpg,Neutrophil,segmented-multilobed,B_sepakat_segmented,0,0,0,0,0,5652
SNE_811554_ccrop.jpg,Neutrophil,segmented-multilobed,B_sepakat_segmented,0,0,0,0,0,5576
SNE_81248_ccrop.jpg,Neutrophil,segmented-bilobed,B_sepakat_segmented,0,0,0,0,0,6387
SNE_813844_ccrop.jpg,Neutrophil,segmented-bilobed,B_sepakat_segmented,0,0,0,0,0,5136
SNE_814256_ccrop.jpg,Neutrophil,unsegmented-band,C_konflik_SNE_band,0,0,0,0,0,6018
SNE_814713_ccrop.jpg,Neutrophil,segmented-bilobed,B_sepakat_segmented,0,0,0,0,0,5766
SNE_8150_ccrop.jpg,Neutrophil,unsegmented-band,C_konflik_SNE_band,1,1,1,0,1,6132
SNE_815209_ccrop.jpg,Neutrophil,segmented-multilobed,B_sepakat_segmented,1,441,441,0,1,6181
SNE_815833_ccrop.jpg,Neutrophil,segmented-bilobed,B_sepakat_segmented,0,0,0,0,0,6778
SNE_815898_ccrop.jpg,Neutrophil,segmented-bilobed,B_sepakat_segmented,0,0,0,0,0,5618
SNE_816195_ccrop.jpg,Neutrophil,segmented-bilobed,B_sepakat_segmented,3,47,45,0,3,5300
SNE_816733_ccrop.jpg,Neutrophil,segmented-bilobed,B_sepakat_segmented,0,0,0,0,0,8193
SNE_817325_ccrop.jpg,Neutrophil,unsegmented-band,C_konflik_SNE_band,0,0,0,0,0,4928
SNE_817717_ccrop.jpg,Neutrophil,segmented-bilobed,B_sepakat_segmented,0,0,0,0,0,4889
SNE_818014_ccrop.jpg,Neutrophil,segmented-bilobed,B_sepakat_segmented,0,0,0,0,0,7634
SNE_818365_ccrop.jpg,Neutrophil,segmented-bilobed,B_sepakat_segmented,0,0,0,0,0,5418
SNE_818470_ccrop.jpg,Neutrophil,segmented-multilobed,B_sepakat_segmented,0,0,0,0,0,7092
SNE_818497_ccrop.jpg,Neutrophil,segmented-multilobed,B_sepakat_segmented,0,0,0,0,0,6318
SNE_820099_ccrop.jpg,Neutrophil,segmented-bilobed,B_sepakat_segmented,0,0,0,0,0,5150
SNE_821321_ccrop.jpg,Neutrophil,segmented-bilobed,B_sepakat_segmented,0,0,0,0,0,4957
SNE_821341_ccrop.jpg,Neutrophil,unsegmented-band,C_konflik_SNE_band,5,30,25,0,5,4795
SNE_821872_ccrop.jpg,Neutrophil,segmented-bilobed,B_sepakat_segmented,1,142,142,0,1,4854
SNE_823772_ccrop.jpg,Neutrophil,unsegmented-band,C_konflik_SNE_band,0,0,0,0,0,5743
SNE_824036_ccrop.jpg,Neutrophil,segmented-bilobed,B_sepakat_segmented,0,0,0,0,0,6227
SNE_824117_ccrop.jpg,Neutrophil,segmented-multilobed,B_sepakat_segmented,1,29,29,0,1,6258
SNE_825561_ccrop.jpg,Neutrophil,segmented-multilobed,B_sepakat_segmented,0,0,0,0,0,5851
SNE_828065_ccrop.jpg,Neutrophil,segmented-multilobed,B_sepakat_segmented,1,21,21,0,1,6960
SNE_830922_ccrop.jpg,Neutrophil,segmented-bilobed,B_sepakat_segmented,0,0,0,0,0,4693
SNE_831020_ccrop.jpg,Neutrophil,segmented-bilobed,B_sepakat_segmented,0,0,0,0,0,5865
SNE_83109_ccrop.jpg,Neutrophil,segmented-multilobed,B_sepakat_segmented,2,21,20,0,2,6593
SNE_831814_ccrop.jpg,Neutrophil,segmented-bilobed,B_sepakat_segmented,0,0,0,0,0,7291
SNE_832031_ccrop.jpg,Neutrophil,segmented-bilobed,B_sepakat_segmented,0,0,0,0,0,4446
SNE_83301_ccrop.jpg,Neutrophil,unsegmented-band,C_konflik_SNE_band,0,0,0,0,0,5921
SNE_833326_ccrop.jpg,Neutrophil,unsegmented-band,C_konflik_SNE_band,0,0,0,0,0,5809
SNE_836615_ccrop.jpg,Neutrophil,segmented-multilobed,B_sepakat_segmented,0,0,0,0,0,6180
SNE_838616_ccrop.jpg,Neutrophil,segmented-bilobed,B_sepakat_segmented,0,0,0,0,0,7395
SNE_839816_ccrop.jpg,Neutrophil,unsegmented-band,C_konflik_SNE_band,0,0,0,0,0,5585
SNE_840511_ccrop.jpg,Neutrophil,unsegmented-band,C_konflik_SNE_band,0,0,0,0,0,7719
SNE_840546_ccrop.jpg,Neutrophil,segmented-multilobed,B_sepakat_segmented,1,10,10,0,1,5494
SNE_841534_ccrop.jpg,Neutrophil,segmented-bilobed,B_sepakat_segmented,0,0,0,0,0,7081
SNE_842479_ccrop.jpg,Neutrophil,segmented-bilobed,B_sepakat_segmented,0,0,0,0,0,5614
SNE_842735_ccrop.jpg,Neutrophil,unsegmented-band,C_konflik_SNE_band,0,0,0,0,0,6323
SNE_843012_ccrop.jpg,Neutrophil,unsegmented-band,C_konflik_SNE_band,0,0,0,0,0,6924
SNE_844505_ccrop.jpg,Neutrophil,segmented-multilobed,B_sepakat_segmented,0,0,0,0,0,6468
SNE_845380_ccrop.jpg,Neutrophil,segmented-multilobed,B_sepakat_segmented,1,249,249,0,1,6697
SNE_845581_ccrop.jpg,Neutrophil,segmented-multilobed,B_sepakat_segmented,1,21,21,0,1,6429
SNE_846771_ccrop.jpg,Neutrophil,segmented-bilobed,B_sepakat_segmented,0,0,0,0,0,6735
SNE_849046_ccrop.jpg,Neutrophil,segmented-multilobed,B_sepakat_segmented,0,0,0,0,0,5587
SNE_851268_ccrop.jpg,Neutrophil,unsegmented-band,C_konflik_SNE_band,0,0,0,0,0,5984
SNE_851309_ccrop.jpg,Neutrophil,segmented-multilobed,B_sepakat_segmented,0,0,0,0,0,5920
SNE_851924_ccrop.jpg,Neutrophil,unsegmented-band,C_konflik_SNE_band,0,0,0,0,0,5406
SNE_853397_ccrop.jpg,Neutrophil,unsegmented-band,C_konflik_SNE_band,0,0,0,0,0,5680
SNE_853631_ccrop.jpg,Neutrophil,segmented-multilobed,B_sepakat_segmented,3,496,492,0,3,6028
SNE_856627_ccrop.jpg,Neutrophil,unsegmented-band,C_konflik_SNE_band,0,0,0,0,0,5296
SNE_856667_ccrop.jpg,Neutrophil,segmented-multilobed,B_sepakat_segmented,1,60,60,0,1,4742
SNE_85668_ccrop.jpg,Neutrophil,segmented-bilobed,B_sepakat_segmented,0,0,0,0,0,5746
SNE_857210_ccrop.jpg,Neutrophil,segmented-bilobed,B_sepakat_segmented,1,21,21,0,1,5475
SNE_858353_ccrop.jpg,Neutrophil,unsegmented-band,C_konflik_SNE_band,0,0,0,0,0,5987
SNE_859381_ccrop.jpg,Neutrophil,segmented-bilobed,B_sepakat_segmented,0,0,0,0,0,7342
SNE_859389_ccrop.jpg,Neutrophil,segmented-bilobed,B_sepakat_segmented,0,0,0,0,0,6324
SNE_859885_ccrop.jpg,Neutrophil,unsegmented-band,C_konflik_SNE_band,0,0,0,0,0,5481
SNE_862018_ccrop.jpg,Neutrophil,segmented-bilobed,B_sepakat_segmented,0,0,0,0,0,6776
SNE_86341_ccrop.jpg,Neutrophil,unsegmented-band,C_konflik_SNE_band,0,0,0,0,0,6656
SNE_864081_ccrop.jpg,Neutrophil,unsegmented-band,C_konflik_SNE_band,0,0,0,0,0,5900
SNE_865211_ccrop.jpg,Neutrophil,segmented-bilobed,B_sepakat_segmented,0,0,0,0,0,5457
SNE_866404_ccrop.jpg,Neutrophil,segmented-multilobed,B_sepakat_segmented,0,0,0,0,0,5511
SNE_866490_ccrop.jpg,Neutrophil,segmented-multilobed,B_sepakat_segmented,1,368,368,0,1,6345
SNE_866978_ccrop.jpg,Neutrophil,unsegmented-band,C_konflik_SNE_band,0,0,0,0,0,5573
SNE_867024_ccrop.jpg,Neutrophil,segmented-multilobed,B_sepakat_segmented,0,0,0,0,0,9144
SNE_867897_ccrop.jpg,Neutrophil,segmented-multilobed,B_sepakat_segmented,4,67,34,0,4,5581
SNE_871021_ccrop.jpg,Neutrophil,segmented-multilobed,B_sepakat_segmented,0,0,0,0,0,5890
SNE_871314_ccrop.jpg,Neutrophil,segmented-multilobed,B_sepakat_segmented,5,493,486,0,5,6082
SNE_871478_ccrop.jpg,Neutrophil,segmented-bilobed,B_sepakat_segmented,0,0,0,0,0,5389
SNE_87507_ccrop.jpg,Neutrophil,unsegmented-band,C_konflik_SNE_band,0,0,0,0,0,5906
SNE_876453_ccrop.jpg,Neutrophil,segmented-multilobed,B_sepakat_segmented,0,0,0,0,0,5579
SNE_876751_ccrop.jpg,Neutrophil,segmented-bilobed,B_sepakat_segmented,0,0,0,0,0,4802
SNE_877567_ccrop.jpg,Neutrophil,unsegmented-band,C_konflik_SNE_band,1,1343,1343,0,1,6075
SNE_877869_ccrop.jpg,Neutrophil,unsegmented-band,C_konflik_SNE_band,0,0,0,0,0,6428
SNE_878359_ccrop.jpg,Neutrophil,segmented-bilobed,B_sepakat_segmented,0,0,0,0,0,6836
SNE_880415_ccrop.jpg,Neutrophil,unsegmented-band,C_konflik_SNE_band,0,0,0,0,0,6196
SNE_881501_ccrop.jpg,Neutrophil,unsegmented-band,C_konflik_SNE_band,0,0,0,0,0,6824
SNE_881639_ccrop.jpg,Neutrophil,segmented-bilobed,B_sepakat_segmented,1,658,658,0,1,5393
SNE_882278_ccrop.jpg,Neutrophil,unsegmented-band,C_konflik_SNE_band,0,0,0,0,0,6861
SNE_882284_ccrop.jpg,Neutrophil,segmented-bilobed,B_sepakat_segmented,0,0,0,0,0,4491
SNE_882917_ccrop.jpg,Neutrophil,segmented-multilobed,B_sepakat_segmented,0,0,0,0,0,5879
SNE_883708_ccrop.jpg,Neutrophil,unsegmented-band,C_konflik_SNE_band,0,0,0,0,0,5452
SNE_884399_ccrop.jpg,Neutrophil,unsegmented-band,C_konflik_SNE_band,4,124,80,0,4,5530
SNE_884424_ccrop.jpg,Neutrophil,unsegmented-band,C_konflik_SNE_band,0,0,0,0,0,6191
SNE_884479_ccrop.jpg,Neutrophil,segmented-bilobed,B_sepakat_segmented,0,0,0,0,0,9144
SNE_884907_ccrop.jpg,Neutrophil,unsegmented-band,C_konflik_SNE_band,0,0,0,0,0,4939
SNE_885277_ccrop.jpg,Neutrophil,unsegmented-band,C_konflik_SNE_band,0,0,0,0,0,6874
SNE_886311_ccrop.jpg,Neutrophil,segmented-bilobed,B_sepakat_segmented,0,0,0,0,0,5724
SNE_886540_ccrop.jpg,Neutrophil,unsegmented-band,C_konflik_SNE_band,0,0,0,0,0,4496
SNE_886868_ccrop.jpg,Neutrophil,segmented-multilobed,B_sepakat_segmented,0,0,0,0,0,6310
SNE_887894_ccrop.jpg,Neutrophil,segmented-bilobed,B_sepakat_segmented,1,279,279,0,1,5948
SNE_888286_ccrop.jpg,Neutrophil,segmented-multilobed,B_sepakat_segmented,0,0,0,0,0,6700
SNE_888435_ccrop.jpg,Neutrophil,unsegmented-band,C_konflik_SNE_band,0,0,0,0,0,5385
SNE_889334_ccrop.jpg,Neutrophil,segmented-bilobed,B_sepakat_segmented,0,0,0,0,0,5953
SNE_889947_ccrop.jpg,Neutrophil,unsegmented-band,C_konflik_SNE_band,0,0,0,0,0,4854
SNE_891016_ccrop.jpg,Neutrophil,unsegmented-band,C_konflik_SNE_band,0,0,0,0,0,5866
SNE_89120_ccrop.jpg,Neutrophil,segmented-multilobed,B_sepakat_segmented,0,0,0,0,0,5203
SNE_892103_ccrop.jpg,Neutrophil,segmented-bilobed,B_sepakat_segmented,0,0,0,0,0,5930
SNE_892589_ccrop.jpg,Neutrophil,segmented-multilobed,B_sepakat_segmented,0,0,0,0,0,5838
SNE_893121_ccrop.jpg,Neutrophil,unsegmented-band,C_konflik_SNE_band,0,0,0,0,0,5787
SNE_893261_ccrop.jpg,Neutrophil,unsegmented-band,C_konflik_SNE_band,0,0,0,0,0,4797
SNE_893571_ccrop.jpg,Neutrophil,unsegmented-band,C_konflik_SNE_band,0,0,0,0,0,6934
SNE_894424_ccrop.jpg,Neutrophil,segmented-multilobed,B_sepakat_segmented,0,0,0,0,0,5554
SNE_896070_ccrop.jpg,Neutrophil,segmented-bilobed,B_sepakat_segmented,0,0,0,0,0,6085
SNE_896317_ccrop.jpg,Neutrophil,unsegmented-band,C_konflik_SNE_band,1,7,7,0,1,5296
SNE_896376_ccrop.jpg,Neutrophil,segmented-bilobed,B_sepakat_segmented,0,0,0,0,0,5373
SNE_896961_ccrop.jpg,Neutrophil,unsegmented-band,C_konflik_SNE_band,0,0,0,0,0,6877
SNE_897716_ccrop.jpg,Neutrophil,segmented-bilobed,B_sepakat_segmented,0,0,0,0,0,6267
SNE_898346_ccrop.jpg,Neutrophil,segmented-multilobed,B_sepakat_segmented,0,0,0,0,0,5998
SNE_899857_ccrop.jpg,Neutrophil,segmented-bilobed,B_sepakat_segmented,0,0,0,0,0,4850
SNE_901811_ccrop.jpg,Neutrophil,segmented-bilobed,B_sepakat_segmented,2,10,9,0,2,5221
SNE_902453_ccrop.jpg,Neutrophil,segmented-bilobed,B_sepakat_segmented,0,0,0,0,0,5839
SNE_902550_ccrop.jpg,Neutrophil,unsegmented-band,C_konflik_SNE_band,0,0,0,0,0,6368
SNE_903623_ccrop.jpg,Neutrophil,unsegmented-band,C_konflik_SNE_band,3,75,73,0,3,4674
SNE_904978_ccrop.jpg,Neutrophil,unsegmented-band,C_konflik_SNE_band,1,392,392,0,1,4972
SNE_904991_ccrop.jpg,Neutrophil,unsegmented-band,C_konflik_SNE_band,0,0,0,0,0,5572
SNE_905412_ccrop.jpg,Neutrophil,segmented-multilobed,B_sepakat_segmented,0,0,0,0,0,6045
SNE_905720_ccrop.jpg,Neutrophil,unsegmented-band,C_konflik_SNE_band,0,0,0,0,0,5735
SNE_906642_ccrop.jpg,Neutrophil,segmented-multilobed,B_sepakat_segmented,2,55,33,0,2,6578
SNE_90837_ccrop.jpg,Neutrophil,segmented-bilobed,B_sepakat_segmented,1,68,68,0,1,6716
SNE_909261_ccrop.jpg,Neutrophil,unsegmented-band,C_konflik_SNE_band,0,0,0,0,0,4931
SNE_909393_ccrop.jpg,Neutrophil,segmented-bilobed,B_sepakat_segmented,0,0,0,0,0,5790
SNE_910164_ccrop.jpg,Neutrophil,segmented-bilobed,B_sepakat_segmented,0,0,0,0,0,5102
SNE_910733_ccrop.jpg,Neutrophil,unsegmented-band,C_konflik_SNE_band,0,0,0,0,0,5006
SNE_910943_ccrop.jpg,Neutrophil,irregular,E_lainnya,0,0,0,0,0,4706
SNE_911200_ccrop.jpg,Neutrophil,segmented-bilobed,B_sepakat_segmented,0,0,0,0,0,5355
SNE_911441_ccrop.jpg,Neutrophil,segmented-bilobed,B_sepakat_segmented,0,0,0,0,0,5610
SNE_911483_ccrop.jpg,Neutrophil,unsegmented-band,C_konflik_SNE_band,0,0,0,0,0,6254
SNE_912151_ccrop.jpg,Neutrophil,unsegmented-band,C_konflik_SNE_band,0,0,0,0,0,6077
SNE_912333_ccrop.jpg,Neutrophil,segmented-bilobed,B_sepakat_segmented,0,0,0,0,0,6710
SNE_912820_ccrop.jpg,Neutrophil,unsegmented-band,C_konflik_SNE_band,0,0,0,0,0,5236
SNE_912821_ccrop.jpg,Neutrophil,unsegmented-band,C_konflik_SNE_band,0,0,0,0,0,5842
SNE_914937_ccrop.jpg,Neutrophil,segmented-multilobed,B_sepakat_segmented,0,0,0,0,0,6839
SNE_91516_ccrop.jpg,Neutrophil,unsegmented-band,C_konflik_SNE_band,0,0,0,0,0,5082
SNE_916404_ccrop.jpg,Neutrophil,unsegmented-band,C_konflik_SNE_band,0,0,0,0,0,5155
SNE_916750_ccrop.jpg,Neutrophil,segmented-multilobed,B_sepakat_segmented,1,73,73,0,1,5560
SNE_919833_ccrop.jpg,Neutrophil,unsegmented-band,C_konflik_SNE_band,1,231,231,0,1,7789
SNE_921854_ccrop.jpg,Neutrophil,unsegmented-band,C_konflik_SNE_band,1,380,380,0,1,5782
SNE_922719_ccrop.jpg,Neutrophil,segmented-multilobed,B_sepakat_segmented,0,0,0,0,0,8509
SNE_923069_ccrop.jpg,Neutrophil,segmented-multilobed,B_sepakat_segmented,2,90,89,0,2,6239
SNE_923601_ccrop.jpg,Neutrophil,segmented-bilobed,B_sepakat_segmented,0,0,0,0,0,5600
SNE_924048_ccrop.jpg,Neutrophil,segmented-bilobed,B_sepakat_segmented,0,0,0,0,0,6280
SNE_925325_ccrop.jpg,Neutrophil,unsegmented-band,C_konflik_SNE_band,0,0,0,0,0,6049
SNE_925481_ccrop.jpg,Neutrophil,segmented-multilobed,B_sepakat_segmented,0,0,0,0,0,6344
SNE_927232_ccrop.jpg,Neutrophil,segmented-bilobed,B_sepakat_segmented,1,8,8,0,1,5150
SNE_927416_ccrop.jpg,Neutrophil,unsegmented-band,C_konflik_SNE_band,0,0,0,0,0,6688
SNE_927585_ccrop.jpg,Neutrophil,segmented-multilobed,B_sepakat_segmented,0,0,0,0,0,5587
SNE_928405_ccrop.jpg,Neutrophil,unsegmented-round,E_lainnya,0,0,0,0,0,5625
SNE_929430_ccrop.jpg,Neutrophil,unsegmented-band,C_konflik_SNE_band,0,0,0,0,0,4872
SNE_929944_ccrop.jpg,Neutrophil,segmented-multilobed,B_sepakat_segmented,0,0,0,0,0,5020
SNE_931410_ccrop.jpg,Neutrophil,segmented-bilobed,B_sepakat_segmented,0,0,0,0,0,5742
SNE_931680_ccrop.jpg,Neutrophil,segmented-bilobed,B_sepakat_segmented,0,0,0,0,0,5074
SNE_932865_ccrop.jpg,Neutrophil,unsegmented-band,C_konflik_SNE_band,0,0,0,0,0,6760
SNE_935090_ccrop.jpg,Neutrophil,segmented-bilobed,B_sepakat_segmented,0,0,0,0,0,7448
SNE_935764_ccrop.jpg,Neutrophil,unsegmented-band,C_konflik_SNE_band,0,0,0,0,0,5852
SNE_938584_ccrop.jpg,Neutrophil,unsegmented-band,C_konflik_SNE_band,0,0,0,0,0,6220
SNE_938727_ccrop.jpg,Neutrophil,segmented-bilobed,B_sepakat_segmented,0,0,0,0,0,5404
SNE_940402_ccrop.jpg,Neutrophil,unsegmented-band,C_konflik_SNE_band,0,0,0,0,0,5890
SNE_940807_ccrop.jpg,Neutrophil,unsegmented-band,C_konflik_SNE_band,0,0,0,0,0,5132
SNE_941490_ccrop.jpg,Neutrophil,unsegmented-band,C_konflik_SNE_band,1,14,14,0,1,5724
SNE_941605_ccrop.jpg,Neutrophil,unsegmented-band,C_konflik_SNE_band,0,0,0,0,0,5596
SNE_941808_ccrop.jpg,Neutrophil,irregular,E_lainnya,0,0,0,0,0,5856
SNE_942061_ccrop.jpg,Neutrophil,segmented-bilobed,B_sepakat_segmented,0,0,0,0,0,5326
SNE_943120_ccrop.jpg,Neutrophil,segmented-multilobed,B_sepakat_segmented,1,572,572,0,1,6676
SNE_943223_ccrop.jpg,Neutrophil,segmented-multilobed,B_sepakat_segmented,3,233,108,0,3,5557
SNE_943629_ccrop.jpg,Neutrophil,unsegmented-band,C_konflik_SNE_band,1,146,146,0,1,5106
SNE_944968_ccrop.jpg,Neutrophil,unsegmented-band,C_konflik_SNE_band,0,0,0,0,0,5702
SNE_945172_ccrop.jpg,Neutrophil,unsegmented-band,C_konflik_SNE_band,0,0,0,0,0,4811
SNE_946577_ccrop.jpg,Neutrophil,unsegmented-band,C_konflik_SNE_band,0,0,0,0,0,6748
SNE_947090_ccrop.jpg,Neutrophil,segmented-bilobed,B_sepakat_segmented,0,0,0,0,0,5631
SNE_94795_ccrop.jpg,Neutrophil,segmented-multilobed,B_sepakat_segmented,1,1430,1430,0,1,5016
SNE_948647_ccrop.jpg,Neutrophil,segmented-bilobed,B_sepakat_segmented,1,8,8,0,1,4932
SNE_951522_ccrop.jpg,Neutrophil,segmented-bilobed,B_sepakat_segmented,0,0,0,0,0,5268
SNE_951733_ccrop.jpg,Neutrophil,segmented-multilobed,B_sepakat_segmented,1,728,728,0,1,5762
SNE_952640_ccrop.jpg,Neutrophil,segmented-multilobed,B_sepakat_segmented,0,0,0,0,0,6608
SNE_952830_ccrop.jpg,Neutrophil,segmented-bilobed,B_sepakat_segmented,0,0,0,0,0,5625
SNE_953417_ccrop.jpg,Neutrophil,unsegmented-band,C_konflik_SNE_band,0,0,0,0,0,6439
SNE_955485_ccrop.jpg,Neutrophil,unsegmented-band,C_konflik_SNE_band,0,0,0,0,0,6150
SNE_956298_ccrop.jpg,Neutrophil,unsegmented-band,C_konflik_SNE_band,0,0,0,0,0,5321
SNE_957327_ccrop.jpg,Neutrophil,unsegmented-band,C_konflik_SNE_band,0,0,0,0,0,5278
SNE_958281_ccrop.jpg,Neutrophil,segmented-multilobed,B_sepakat_segmented,2,2,1,0,2,7581
SNE_959432_ccrop.jpg,Neutrophil,unsegmented-band,C_konflik_SNE_band,0,0,0,0,0,5843
SNE_960056_ccrop.jpg,Neutrophil,unsegmented-band,C_konflik_SNE_band,0,0,0,0,0,9325
SNE_960461_ccrop.jpg,Neutrophil,unsegmented-band,C_konflik_SNE_band,0,0,0,0,0,6501
SNE_961724_ccrop.jpg,Neutrophil,unsegmented-band,C_konflik_SNE_band,1,45,45,0,1,5364
SNE_963561_ccrop.jpg,Neutrophil,segmented-bilobed,B_sepakat_segmented,0,0,0,0,0,6113
SNE_965430_ccrop.jpg,Neutrophil,segmented-bilobed,B_sepakat_segmented,0,0,0,0,0,5621
SNE_965609_ccrop.jpg,Neutrophil,unsegmented-band,C_konflik_SNE_band,0,0,0,0,0,5939
SNE_965877_ccrop.jpg,Neutrophil,unsegmented-band,C_konflik_SNE_band,0,0,0,0,0,5713
SNE_966399_ccrop.jpg,Neutrophil,segmented-bilobed,B_sepakat_segmented,0,0,0,0,0,5447
SNE_96718_ccrop.jpg,Neutrophil,segmented-bilobed,B_sepakat_segmented,0,0,0,0,0,4301
SNE_967276_ccrop.jpg,Neutrophil,unsegmented-band,C_konflik_SNE_band,0,0,0,0,0,5691
SNE_96787_ccrop.jpg,Neutrophil,segmented-bilobed,B_sepakat_segmented,0,0,0,0,0,6263
SNE_968719_ccrop.jpg,Neutrophil,unsegmented-band,C_konflik_SNE_band,0,0,0,0,0,4668
SNE_968729_ccrop.jpg,Neutrophil,segmented-bilobed,B_sepakat_segmented,0,0,0,0,0,5595
SNE_968740_ccrop.jpg,Neutrophil,segmented-bilobed,B_sepakat_segmented,0,0,0,0,0,5214
SNE_97040_ccrop.jpg,Neutrophil,unsegmented-band,C_konflik_SNE_band,0,0,0,0,0,5140
SNE_970608_ccrop.jpg,Neutrophil,unsegmented-band,C_konflik_SNE_band,0,0,0,0,0,4904
SNE_972170_ccrop.jpg,Neutrophil,segmented-multilobed,B_sepakat_segmented,0,0,0,0,0,5850
SNE_97259_ccrop.jpg,Neutrophil,segmented-multilobed,B_sepakat_segmented,0,0,0,0,0,6025
SNE_973513_ccrop.jpg,Neutrophil,segmented-bilobed,B_sepakat_segmented,3,100,95,0,3,11119
SNE_973516_ccrop.jpg,Neutrophil,segmented-bilobed,B_sepakat_segmented,0,0,0,0,0,5555
SNE_974812_ccrop.jpg,Neutrophil,segmented-bilobed,B_sepakat_segmented,0,0,0,0,0,5132
SNE_975181_ccrop.jpg,Neutrophil,segmented-multilobed,B_sepakat_segmented,1,32,32,0,1,5734
SNE_975440_ccrop.jpg,Neutrophil,segmented-bilobed,B_sepakat_segmented,0,0,0,0,0,6733
SNE_976614_ccrop.jpg,Neutrophil,unsegmented-band,C_konflik_SNE_band,0,0,0,0,0,5160
SNE_977005_ccrop.jpg,Neutrophil,unsegmented-band,C_konflik_SNE_band,1,1,1,0,1,6001
SNE_979306_ccrop.jpg,Neutrophil,unsegmented-band,C_konflik_SNE_band,0,0,0,0,0,5287
SNE_980971_ccrop.jpg,Neutrophil,segmented-bilobed,B_sepakat_segmented,0,0,0,0,0,5228
SNE_98176_ccrop.jpg,Neutrophil,unsegmented-band,C_konflik_SNE_band,0,0,0,0,0,6017
SNE_981806_ccrop.jpg,Neutrophil,segmented-multilobed,B_sepakat_segmented,1,203,203,0,1,5623
SNE_981851_ccrop.jpg,Neutrophil,segmented-bilobed,B_sepakat_segmented,0,0,0,0,0,5436
SNE_9827_ccrop.jpg,Neutrophil,segmented-bilobed,B_sepakat_segmented,0,0,0,0,0,5254
SNE_984218_ccrop.jpg,Neutrophil,unsegmented-band,C_konflik_SNE_band,0,0,0,0,0,6661
SNE_984470_ccrop.jpg,Neutrophil,unsegmented-band,C_konflik_SNE_band,7,105,96,0,7,5851
SNE_986861_ccrop.jpg,Neutrophil,segmented-multilobed,B_sepakat_segmented,2,43,42,0,2,5311
SNE_987578_ccrop.jpg,Neutrophil,segmented-bilobed,B_sepakat_segmented,0,0,0,0,0,5471
SNE_988236_ccrop.jpg,Neutrophil,segmented-bilobed,B_sepakat_segmented,2,458,457,0,2,7170
SNE_992452_ccrop.jpg,Neutrophil,segmented-bilobed,B_sepakat_segmented,0,0,0,0,0,5436
SNE_993244_ccrop.jpg,Neutrophil,segmented-bilobed,B_sepakat_segmented,0,0,0,0,0,5640
SNE_993408_ccrop.jpg,Neutrophil,unsegmented-band,C_konflik_SNE_band,0,0,0,0,0,5440
SNE_99467_ccrop.jpg,Neutrophil,segmented-multilobed,B_sepakat_segmented,0,0,0,0,0,5205
SNE_99509_ccrop.jpg,Neutrophil,segmented-bilobed,B_sepakat_segmented,0,0,0,0,0,5524
SNE_995695_ccrop.jpg,Neutrophil,segmented-bilobed,B_sepakat_segmented,1,646,646,0,1,5349
SNE_995874_ccrop.jpg,Neutrophil,segmented-bilobed,B_sepakat_segmented,0,0,0,0,0,7121
BNE_422954_ccrop.jpg,Neutrophil,unsegmented-band,A_sepakat_band,0,0,0,0,0,6129
LY_883318_ccrop.jpg,Lymphocyte,irregular,bukan_neutrofil,0,0,0,0,0,5294
MO_173558_ccrop.jpg,Monocyte,irregular,bukan_neutrofil,0,0,0,0,0,11084
EO_31665_ccrop.jpg,Eosinophil,segmented-multilobed,bukan_neutrofil,0,0,0,0,0,7469
EO_652701_ccrop.jpg,Eosinophil,segmented-bilobed,bukan_neutrofil,0,0,0,0,0,5846
EO_128458_ccrop.jpg,Eosinophil,segmented-bilobed,bukan_neutrofil,0,0,0,0,0,7304
EO_530891_ccrop.jpg,Eosinophil,segmented-bilobed,bukan_neutrofil,0,0,0,0,0,6194
LY_550491_ccrop.jpg,Lymphocyte,unsegmented-round,bukan_neutrofil,0,0,0,0,0,5183
SNE_994402_ccrop.jpg,Neutrophil,segmented-bilobed,B_sepakat_segmented,0,0,0,0,0,8417
MO_187322_ccrop.jpg,Monocyte,unsegmented-indented,bukan_neutrofil,1,413,413,0,1,12352
LY_517156_ccrop.jpg,Lymphocyte,unsegmented-round,bukan_neutrofil,0,0,0,0,0,6032
EO_645275_ccrop.jpg,Eosinophil,segmented-bilobed,bukan_neutrofil,0,0,0,0,0,4907
SNE_819515_ccrop.jpg,Neutrophil,unsegmented-band,C_konflik_SNE_band,1,1,1,0,1,6342
EO_378650_ccrop.jpg,Eosinophil,segmented-multilobed,bukan_neutrofil,0,0,0,0,0,6935
MO_913613_ccrop.jpg,Monocyte,unsegmented-indented,bukan_neutrofil,1,2,2,0,1,10537
BNE_147698_ccrop.jpg,Neutrophil,unsegmented-band,A_sepakat_band,0,0,0,0,0,4721
SNE_56069_ccrop.jpg,Neutrophil,segmented-bilobed,B_sepakat_segmented,1,15,15,0,1,7297
EO_670082_ccrop.jpg,Eosinophil,segmented-bilobed,bukan_neutrofil,0,0,0,0,0,10280
SNE_183790_ccrop.jpg,Neutrophil,unsegmented-band,C_konflik_SNE_band,0,0,0,0,0,6285
MO_283783_ccrop.jpg,Monocyte,unsegmented-round,bukan_neutrofil,0,0,0,0,0,12239
BNE_863887_ccrop.jpg,Neutrophil,irregular,E_lainnya,0,0,0,0,0,5908
BNE_6074_ccrop.jpg,Neutrophil,unsegmented-band,A_sepakat_band,0,0,0,0,0,6572
MO_96000_ccrop.jpg,Monocyte,unsegmented-indented,bukan_neutrofil,0,0,0,0,0,9608
BA_767164_ccrop.jpg,Basophil,irregular,bukan_neutrofil,1,24,24,0,1,6718
EO_560727_ccrop.jpg,Eosinophil,segmented-bilobed,bukan_neutrofil,0,0,0,0,0,6334
BA_434177_ccrop.jpg,Basophil,segmented-multilobed,bukan_neutrofil,1,49,49,0,1,6645
EO_340201_ccrop.jpg,Eosinophil,segmented-bilobed,bukan_neutrofil,2,361,357,0,2,7088
EO_993513_ccrop.jpg,Eosinophil,segmented-bilobed,bukan_neutrofil,0,0,0,0,0,6852
EO_487653_ccrop.jpg,Eosinophil,segmented-multilobed,bukan_neutrofil,0,0,0,0,0,6533
EO_331664_ccrop.jpg,Eosinophil,segmented-bilobed,bukan_neutrofil,0,0,0,0,0,5973
MO_399159_ccrop.jpg,Monocyte,unsegmented-indented,bukan_neutrofil,0,0,0,0,0,12099
EO_739713_ccrop.jpg,Eosinophil,segmented-bilobed,bukan_neutrofil,1,34,34,0,1,9400
BNE_850956_ccrop.jpg,Neutrophil,unsegmented-band,A_sepakat_band,0,0,0,0,0,4697
EO_458873_ccrop.jpg,Eosinophil,segmented-multilobed,bukan_neutrofil,0,0,0,0,0,5438
EO_637980_ccrop.jpg,Eosinophil,segmented-bilobed,bukan_neutrofil,0,0,0,0,0,6905
LY_44395_ccrop.jpg,Lymphocyte,unsegmented-round,bukan_neutrofil,0,0,0,0,0,5678
EO_217076_ccrop.jpg,Eosinophil,segmented-multilobed,bukan_neutrofil,0,0,0,0,0,12628
BA_68896_ccrop.jpg,Basophil,segmented-bilobed,bukan_neutrofil,0,0,0,0,0,6480
SNE_223437_ccrop.jpg,Neutrophil,unsegmented-band,C_konflik_SNE_band,0,0,0,0,0,6409
MO_113841_ccrop.jpg,Monocyte,unsegmented-indented,bukan_neutrofil,1,60,60,0,1,9334
SNE_491948_ccrop.jpg,Neutrophil,segmented-bilobed,B_sepakat_segmented,0,0,0,0,0,5550
SNE_614953_ccrop.jpg,Neutrophil,segmented-bilobed,B_sepakat_segmented,3,299,161,0,3,5340
SNE_352995_ccrop.jpg,Neutrophil,segmented-bilobed,B_sepakat_segmented,0,0,0,0,0,5925
BNE_195004_ccrop.jpg,Neutrophil,unsegmented-band,A_sepakat_band,0,0,0,0,0,5622
EO_323058_ccrop.jpg,Eosinophil,segmented-multilobed,bukan_neutrofil,0,0,0,0,0,6638
BA_35991_ccrop.jpg,Basophil,irregular,bukan_neutrofil,0,0,0,0,0,7590
SNE_401509_ccrop.jpg,Neutrophil,segmented-bilobed,B_sepakat_segmented,0,0,0,0,0,5536
EO_949664_ccrop.jpg,Eosinophil,segmented-bilobed,bukan_neutrofil,0,0,0,0,0,6709
MO_429133_ccrop.jpg,Monocyte,unsegmented-indented,bukan_neutrofil,0,0,0,0,0,10394
SNE_248543_ccrop.jpg,Neutrophil,segmented-bilobed,B_sepakat_segmented,0,0,0,0,0,6209
SNE_142694_ccrop.jpg,Neutrophil,segmented-bilobed,B_sepakat_segmented,0,0,0,0,0,5963
SNE_289676_ccrop.jpg,Neutrophil,segmented-bilobed,B_sepakat_segmented,0,0,0,0,0,5530
SNE_47527_ccrop.jpg,Neutrophil,unsegmented-band,C_konflik_SNE_band,1,145,145,0,1,4655
MO_142497_ccrop.jpg,Monocyte,unsegmented-indented,bukan_neutrofil,0,0,0,0,0,11780
EO_893709_ccrop.jpg,Eosinophil,unsegmented-band,bukan_neutrofil,0,0,0,0,0,5049
MO_266780_ccrop.jpg,Monocyte,unsegmented-indented,bukan_neutrofil,0,0,0,0,0,10384
EO_432100_ccrop.jpg,Eosinophil,segmented-bilobed,bukan_neutrofil,0,0,0,0,0,6095
MO_256427_ccrop.jpg,Monocyte,unsegmented-indented,bukan_neutrofil,0,0,0,0,0,10113
LY_209350_ccrop.jpg,Lymphocyte,irregular,bukan_neutrofil,0,0,0,0,0,7150
LY_249223_ccrop.jpg,Lymphocyte,unsegmented-round,bukan_neutrofil,0,0,0,0,0,8818
MO_663123_ccrop.jpg,Monocyte,unsegmented-indented,bukan_neutrofil,0,0,0,0,0,9272
EO_726052_ccrop.jpg,Eosinophil,segmented-bilobed,bukan_neutrofil,0,0,0,0,0,6256
BNE_951529_ccrop.jpg,Neutrophil,unsegmented-band,A_sepakat_band,0,0,0,0,0,6178
SNE_719631_ccrop.jpg,Neutrophil,unsegmented-band,C_konflik_SNE_band,0,0,0,0,0,6342
SNE_730423_ccrop.jpg,Neutrophil,unsegmented-band,C_konflik_SNE_band,0,0,0,0,0,5232
BNE_956597_ccrop.jpg,Neutrophil,unsegmented-band,A_sepakat_band,0,0,0,0,0,7160
EO_210086_ccrop.jpg,Eosinophil,segmented-bilobed,bukan_neutrofil,0,0,0,0,0,6213
MO_446865_ccrop.jpg,Monocyte,irregular,bukan_neutrofil,0,0,0,0,0,11312
EO_123704_ccrop.jpg,Eosinophil,segmented-multilobed,bukan_neutrofil,0,0,0,0,0,6581
BNE_577568_ccrop.jpg,Neutrophil,unsegmented-band,A_sepakat_band,0,0,0,0,0,5715
MO_94561_ccrop.jpg,Monocyte,unsegmented-indented,bukan_neutrofil,0,0,0,0,0,9803
MO_240882_ccrop.jpg,Monocyte,unsegmented-indented,bukan_neutrofil,0,0,0,0,0,12674
LY_179236_ccrop.jpg,Lymphocyte,unsegmented-round,bukan_neutrofil,0,0,0,0,0,5870
BNE_659706_ccrop.jpg,Neutrophil,unsegmented-band,A_sepakat_band,0,0,0,0,0,5404
SNE_630026_ccrop.jpg,Neutrophil,segmented-multilobed,B_sepakat_segmented,0,0,0,0,0,5117
EO_13364_ccrop.jpg,Eosinophil,segmented-bilobed,bukan_neutrofil,0,0,0,0,0,6589
MO_553342_ccrop.jpg,Monocyte,unsegmented-indented,bukan_neutrofil,0,0,0,0,0,10240
BNE_340725_ccrop.jpg,Neutrophil,unsegmented-band,A_sepakat_band,0,0,0,0,0,5996
EO_729891_ccrop.jpg,Eosinophil,segmented-bilobed,bukan_neutrofil,0,0,0,0,0,5690
EO_274574_ccrop.jpg,Eosinophil,segmented-bilobed,bukan_neutrofil,0,0,0,0,0,7079
MO_245773_ccrop.jpg,Monocyte,unsegmented-indented,bukan_neutrofil,0,0,0,0,0,9515
EO_376623_ccrop.jpg,Eosinophil,segmented-multilobed,bukan_neutrofil,1,24,24,0,1,6186
MO_794687_ccrop.jpg,Monocyte,unsegmented-indented,bukan_neutrofil,0,0,0,0,0,10809
MO_453943_ccrop.jpg,Monocyte,unsegmented-indented,bukan_neutrofil,0,0,0,0,0,12155
EO_783793_ccrop.jpg,Eosinophil,unsegmented-band,bukan_neutrofil,0,0,0,0,0,6797
SNE_968296_ccrop.jpg,Neutrophil,unsegmented-band,C_konflik_SNE_band,1,698,698,0,1,6061
MO_479584_ccrop.jpg,Monocyte,unsegmented-indented,bukan_neutrofil,0,0,0,0,0,8220
SNE_26596_ccrop.jpg,Neutrophil,unsegmented-band,C_konflik_SNE_band,1,112,112,0,1,5073
EO_901254_ccrop.jpg,Eosinophil,segmented-multilobed,bukan_neutrofil,0,0,0,0,0,6132
SNE_937806_ccrop.jpg,Neutrophil,segmented-bilobed,B_sepakat_segmented,0,0,0,0,0,5803
SNE_745431_ccrop.jpg,Neutrophil,unsegmented-band,C_konflik_SNE_band,0,0,0,0,0,6746
MO_437529_ccrop.jpg,Monocyte,unsegmented-indented,bukan_neutrofil,1,111,111,0,1,12808
EO_333432_ccrop.jpg,Eosinophil,segmented-bilobed,bukan_neutrofil,0,0,0,0,0,5790
EO_377830_ccrop.jpg,Eosinophil,segmented-multilobed,bukan_neutrofil,0,0,0,0,0,5713
BNE_556405_ccrop.jpg,Neutrophil,unsegmented-band,A_sepakat_band,1,42,42,0,1,5196
MO_635770_ccrop.jpg,Monocyte,unsegmented-indented,bukan_neutrofil,0,0,0,0,0,10777
EO_914393_ccrop.jpg,Eosinophil,segmented-bilobed,bukan_neutrofil,0,0,0,0,0,6503
EO_105120_ccrop.jpg,Eosinophil,segmented-bilobed,bukan_neutrofil,0,0,0,0,0,4152
MO_311939_ccrop.jpg,Monocyte,unsegmented-indented,bukan_neutrofil,0,0,0,0,0,10663
LY_526858_ccrop.jpg,Lymphocyte,unsegmented-round,bukan_neutrofil,0,0,0,0,0,6014
EO_141524_ccrop.jpg,Eosinophil,segmented-bilobed,bukan_neutrofil,0,0,0,0,0,6234
SNE_918028_ccrop.jpg,Neutrophil,segmented-bilobed,B_sepakat_segmented,0,0,0,0,0,4942
EO_553112_ccrop.jpg,Eosinophil,segmented-bilobed,bukan_neutrofil,0,0,0,0,0,7515
LY_75762_ccrop.jpg,Lymphocyte,unsegmented-round,bukan_neutrofil,0,0,0,0,0,6142
LY_106354_ccrop.jpg,Lymphocyte,unsegmented-round,bukan_neutrofil,0,0,0,0,0,5636
EO_834382_ccrop.jpg,Eosinophil,segmented-bilobed,bukan_neutrofil,0,0,0,0,0,7113
SNE_358297_ccrop.jpg,Neutrophil,segmented-bilobed,B_sepakat_segmented,0,0,0,0,0,4687
BNE_44826_ccrop.jpg,Neutrophil,unsegmented-band,A_sepakat_band,0,0,0,0,0,5798
EO_906650_ccrop.jpg,Eosinophil,segmented-bilobed,bukan_neutrofil,0,0,0,0,0,5332
BNE_928577_ccrop.jpg,Neutrophil,unsegmented-band,A_sepakat_band,0,0,0,0,0,5124
EO_333712_ccrop.jpg,Eosinophil,segmented-multilobed,bukan_neutrofil,1,183,183,0,1,6440
EO_87220_ccrop.jpg,Eosinophil,unsegmented-band,bukan_neutrofil,0,0,0,0,0,6280
LY_741846_ccrop.jpg,Lymphocyte,unsegmented-round,bukan_neutrofil,0,0,0,0,0,6189
BNE_34065_ccrop.jpg,Neutrophil,unsegmented-band,A_sepakat_band,0,0,0,0,0,5637
MO_12267_ccrop.jpg,Monocyte,irregular,bukan_neutrofil,0,0,0,0,0,11215
BA_386187_ccrop.jpg,Basophil,segmented-bilobed,bukan_neutrofil,0,0,0,0,0,8517
BNE_759715_ccrop.jpg,Neutrophil,unsegmented-band,A_sepakat_band,0,0,0,0,0,5258
LY_13675_ccrop.jpg,Lymphocyte,unsegmented-round,bukan_neutrofil,0,0,0,0,0,5759
LY_519097_ccrop.jpg,Lymphocyte,unsegmented-round,bukan_neutrofil,0,0,0,0,0,8343
EO_168236_ccrop.jpg,Eosinophil,segmented-bilobed,bukan_neutrofil,0,0,0,0,0,5575
BA_616487_ccrop.jpg,Basophil,segmented-bilobed,bukan_neutrofil,0,0,0,0,0,6011
LY_205694_ccrop.jpg,Lymphocyte,unsegmented-round,bukan_neutrofil,0,0,0,0,0,6875
LY_305059_ccrop.jpg,Lymphocyte,unsegmented-indented,bukan_neutrofil,0,0,0,0,0,6503
MO_605192_ccrop.jpg,Monocyte,unsegmented-indented,bukan_neutrofil,0,0,0,0,0,7474
SNE_701866_ccrop.jpg,Neutrophil,unsegmented-band,C_konflik_SNE_band,0,0,0,0,0,5668
SNE_504600_ccrop.jpg,Neutrophil,segmented-multilobed,B_sepakat_segmented,0,0,0,0,0,5491
MO_101258_ccrop.jpg,Monocyte,unsegmented-round,bukan_neutrofil,0,0,0,0,0,10951
SNE_66862_ccrop.jpg,Neutrophil,segmented-bilobed,B_sepakat_segmented,0,0,0,0,0,6564
BA_808405_ccrop.jpg,Basophil,segmented-multilobed,bukan_neutrofil,0,0,0,0,0,6868
SNE_754575_ccrop.jpg,Neutrophil,segmented-multilobed,B_sepakat_segmented,0,0,0,0,0,5238
EO_551942_ccrop.jpg,Eosinophil,unsegmented-band,bukan_neutrofil,0,0,0,0,0,5079
BNE_271699_ccrop.jpg,Neutrophil,unsegmented-band,A_sepakat_band,0,0,0,0,0,5967
SNE_487530_ccrop.jpg,Neutrophil,segmented-bilobed,B_sepakat_segmented,1,54,54,0,1,11687
EO_812635_ccrop.jpg,Eosinophil,segmented-bilobed,bukan_neutrofil,0,0,0,0,0,6578
BA_497822_ccrop.jpg,Basophil,irregular,bukan_neutrofil,0,0,0,0,0,8035
BNE_853528_ccrop.jpg,Neutrophil,unsegmented-band,A_sepakat_band,0,0,0,0,0,6277
EO_189990_ccrop.jpg,Eosinophil,segmented-bilobed,bukan_neutrofil,0,0,0,0,0,5781
BNE_960718_ccrop.jpg,Neutrophil,segmented-multilobed,D_konflik_BNE_segmented,0,0,0,0,0,5467
EO_742968_ccrop.jpg,Eosinophil,segmented-bilobed,bukan_neutrofil,1,747,747,0,1,6748
BA_435917_ccrop.jpg,Basophil,irregular,bukan_neutrofil,0,0,0,0,0,7718
BNE_425475_ccrop.jpg,Neutrophil,unsegmented-band,A_sepakat_band,0,0,0,0,0,5627
SNE_366402_ccrop.jpg,Neutrophil,unsegmented-band,C_konflik_SNE_band,0,0,0,0,0,5506
EO_836401_ccrop.jpg,Eosinophil,segmented-bilobed,bukan_neutrofil,0,0,0,0,0,5761
LY_932486_ccrop.jpg,Lymphocyte,unsegmented-round,bukan_neutrofil,0,0,0,0,0,5707
BA_991876_ccrop.jpg,Basophil,segmented-multilobed,bukan_neutrofil,0,0,0,0,0,5536
LY_759072_ccrop.jpg,Lymphocyte,unsegmented-round,bukan_neutrofil,0,0,0,0,0,6261
EO_390334_ccrop.jpg,Eosinophil,segmented-bilobed,bukan_neutrofil,1,17,17,0,1,6504
EO_715291_ccrop.jpg,Eosinophil,segmented-bilobed,bukan_neutrofil,0,0,0,0,0,6465
EO_740199_ccrop.jpg,Eosinophil,segmented-bilobed,bukan_neutrofil,2,148,147,0,2,5198
SNE_784826_ccrop.jpg,Neutrophil,segmented-bilobed,B_sepakat_segmented,0,0,0,0,0,6032
SNE_79214_ccrop.jpg,Neutrophil,segmented-multilobed,B_sepakat_segmented,1,163,163,0,1,5390
BNE_447437_ccrop.jpg,Neutrophil,unsegmented-band,A_sepakat_band,0,0,0,0,0,5254
SNE_621496_ccrop.jpg,Neutrophil,unsegmented-band,C_konflik_SNE_band,0,0,0,0,0,6007
MO_571631_ccrop.jpg,Monocyte,unsegmented-indented,bukan_neutrofil,0,0,0,0,0,9140
BA_484450_ccrop.jpg,Basophil,segmented-bilobed,bukan_neutrofil,0,0,0,0,0,4704
EO_999450_ccrop.jpg,Eosinophil,unsegmented-band,bukan_neutrofil,0,0,0,0,0,7058
LY_892611_ccrop.jpg,Lymphocyte,unsegmented-round,bukan_neutrofil,0,0,0,0,0,6541
SNE_891808_ccrop.jpg,Neutrophil,segmented-multilobed,B_sepakat_segmented,0,0,0,0,0,6898
EO_261424_ccrop.jpg,Eosinophil,segmented-multilobed,bukan_neutrofil,0,0,0,0,0,5694
EO_637008_ccrop.jpg,Eosinophil,segmented-bilobed,bukan_neutrofil,0,0,0,0,0,6089
MO_775807_ccrop.jpg,Monocyte,unsegmented-indented,bukan_neutrofil,0,0,0,0,0,8452
BA_679732_ccrop.jpg,Basophil,irregular,bukan_neutrofil,0,0,0,0,0,6913
SNE_517174_ccrop.jpg,Neutrophil,unsegmented-band,C_konflik_SNE_band,0,0,0,0,0,6290
BA_447906_ccrop.jpg,Basophil,irregular,bukan_neutrofil,0,0,0,0,0,5188
SNE_181877_ccrop.jpg,Neutrophil,segmented-bilobed,B_sepakat_segmented,0,0,0,0,0,4618
EO_581311_ccrop.jpg,Eosinophil,segmented-multilobed,bukan_neutrofil,0,0,0,0,0,7066
EO_54103_ccrop.jpg,Eosinophil,segmented-bilobed,bukan_neutrofil,0,0,0,0,0,5711
EO_358508_ccrop.jpg,Eosinophil,segmented-multilobed,bukan_neutrofil,0,0,0,0,0,5586
EO_258433_ccrop.jpg,Eosinophil,segmented-multilobed,bukan_neutrofil,0,0,0,0,0,6116
EO_601688_ccrop.jpg,Eosinophil,segmented-bilobed,bukan_neutrofil,2,32,31,0,2,5738
BA_175269_ccrop.jpg,Basophil,segmented-bilobed,bukan_neutrofil,0,0,0,0,0,4980
BNE_191112_ccrop.jpg,Neutrophil,segmented-bilobed,D_konflik_BNE_segmented,0,0,0,0,0,5091
LY_440047_ccrop.jpg,Lymphocyte,unsegmented-round,bukan_neutrofil,0,0,0,0,0,6720
BA_860031_ccrop.jpg,Basophil,unsegmented-band,bukan_neutrofil,0,0,0,0,0,7247
LY_494497_ccrop.jpg,Lymphocyte,unsegmented-round,bukan_neutrofil,0,0,0,0,0,4553
BA_459209_ccrop.jpg,Basophil,irregular,bukan_neutrofil,0,0,0,0,0,7433
BNE_179980_ccrop.jpg,Neutrophil,unsegmented-band,A_sepakat_band,0,0,0,0,0,5940
EO_487054_ccrop.jpg,Eosinophil,segmented-bilobed,bukan_neutrofil,0,0,0,0,0,6442
SNE_113869_ccrop.jpg,Neutrophil,unsegmented-band,C_konflik_SNE_band,0,0,0,0,0,5265
BNE_748204_ccrop.jpg,Neutrophil,unsegmented-band,A_sepakat_band,0,0,0,0,0,5330
MO_123180_ccrop.jpg,Monocyte,unsegmented-indented,bukan_neutrofil,0,0,0,0,0,9989
BNE_387976_ccrop.jpg,Neutrophil,unsegmented-band,A_sepakat_band,0,0,0,0,0,5212
MO_558465_ccrop.jpg,Monocyte,unsegmented-indented,bukan_neutrofil,2,100,77,0,2,10650
EO_599188_ccrop.jpg,Eosinophil,segmented-bilobed,bukan_neutrofil,0,0,0,0,0,4879
EO_444606_ccrop.jpg,Eosinophil,segmented-bilobed,bukan_neutrofil,0,0,0,0,0,5614
BNE_178593_ccrop.jpg,Neutrophil,unsegmented-band,A_sepakat_band,0,0,0,0,0,5541
BNE_46088_ccrop.jpg,Neutrophil,unsegmented-band,A_sepakat_band,0,0,0,0,0,6554
MO_500300_ccrop.jpg,Monocyte,unsegmented-indented,bukan_neutrofil,1,23,23,0,1,9295
SNE_923091_ccrop.jpg,Neutrophil,segmented-bilobed,B_sepakat_segmented,0,0,0,0,0,6240
EO_692915_ccrop.jpg,Eosinophil,segmented-bilobed,bukan_neutrofil,0,0,0,0,0,4637
EO_218533_ccrop.jpg,Eosinophil,segmented-bilobed,bukan_neutrofil,0,0,0,0,0,6014
BA_2862_ccrop.jpg,Basophil,segmented-bilobed,bukan_neutrofil,0,0,0,0,0,5590
LY_929854_ccrop.jpg,Lymphocyte,unsegmented-round,bukan_neutrofil,0,0,0,0,0,6178
EO_254268_ccrop.jpg,Eosinophil,segmented-bilobed,bukan_neutrofil,0,0,0,0,0,7133
EO_343324_ccrop.jpg,Eosinophil,segmented-bilobed,bukan_neutrofil,1,90,90,0,1,5393
MO_519286_ccrop.jpg,Monocyte,unsegmented-indented,bukan_neutrofil,0,0,0,0,0,8924
MO_140976_ccrop.jpg,Monocyte,irregular,bukan_neutrofil,1,25,25,0,1,9216
MO_321187_ccrop.jpg,Monocyte,unsegmented-indented,bukan_neutrofil,0,0,0,0,0,11212
LY_83666_ccrop.jpg,Lymphocyte,unsegmented-round,bukan_neutrofil,0,0,0,0,0,7200
BNE_350976_ccrop.jpg,Neutrophil,unsegmented-band,A_sepakat_band,1,139,139,0,1,6819
SNE_36531_ccrop.jpg,Neutrophil,segmented-multilobed,B_sepakat_segmented,0,0,0,0,0,8261
SNE_404174_ccrop.jpg,Neutrophil,segmented-bilobed,B_sepakat_segmented,0,0,0,0,0,6575
BA_130694_ccrop.jpg,Basophil,segmented-multilobed,bukan_neutrofil,5,592,522,0,5,6252
EO_159974_ccrop.jpg,Eosinophil,segmented-bilobed,bukan_neutrofil,0,0,0,0,0,7341
EO_802945_ccrop.jpg,Eosinophil,unsegmented-band,bukan_neutrofil,0,0,0,0,0,6781
MO_775809_ccrop.jpg,Monocyte,unsegmented-indented,bukan_neutrofil,1,39,39,0,1,11053
SNE_325145_ccrop.jpg,Neutrophil,segmented-bilobed,B_sepakat_segmented,1,179,179,0,1,6405
LY_873630_ccrop.jpg,Lymphocyte,unsegmented-round,bukan_neutrofil,0,0,0,0,0,5332
SNE_520928_ccrop.jpg,Neutrophil,segmented-multilobed,B_sepakat_segmented,0,0,0,0,0,6314
LY_130930_ccrop.jpg,Lymphocyte,unsegmented-round,bukan_neutrofil,0,0,0,0,0,6336
MO_144254_ccrop.jpg,Monocyte,unsegmented-indented,bukan_neutrofil,1,731,731,0,1,8610
LY_875657_ccrop.jpg,Lymphocyte,unsegmented-round,bukan_neutrofil,0,0,0,0,0,6352
BNE_905474_ccrop.jpg,Neutrophil,irregular,E_lainnya,0,0,0,0,0,5250
BNE_158217_ccrop.jpg,Neutrophil,unsegmented-band,A_sepakat_band,0,0,0,0,0,6256
EO_282222_ccrop.jpg,Eosinophil,segmented-bilobed,bukan_neutrofil,0,0,0,0,0,7088
LY_45660_ccrop.jpg,Lymphocyte,unsegmented-round,bukan_neutrofil,0,0,0,0,0,8187
BNE_671954_ccrop.jpg,Neutrophil,unsegmented-band,A_sepakat_band,1,187,187,0,1,5419
BA_636027_ccrop.jpg,Basophil,segmented-multilobed,bukan_neutrofil,1,12,12,0,1,5866
BNE_148682_ccrop.jpg,Neutrophil,unsegmented-band,A_sepakat_band,0,0,0,0,0,5501
BNE_946465_ccrop.jpg,Neutrophil,unsegmented-band,A_sepakat_band,0,0,0,0,0,7087
MO_993312_ccrop.jpg,Monocyte,unsegmented-indented,bukan_neutrofil,0,0,0,0,0,9960
BA_545506_ccrop.jpg,Basophil,irregular,bukan_neutrofil,0,0,0,0,0,5746
SNE_153736_ccrop.jpg,Neutrophil,segmented-multilobed,B_sepakat_segmented,0,0,0,0,0,6414
BNE_139958_ccrop.jpg,Neutrophil,unsegmented-band,A_sepakat_band,0,0,0,0,0,5719
BNE_578285_ccrop.jpg,Neutrophil,unsegmented-band,A_sepakat_band,0,0,0,0,0,6070
EO_147464_ccrop.jpg,Eosinophil,segmented-bilobed,bukan_neutrofil,0,0,0,0,0,6192
MO_372222_ccrop.jpg,Monocyte,unsegmented-indented,bukan_neutrofil,0,0,0,0,0,12678
EO_905351_ccrop.jpg,Eosinophil,segmented-bilobed,bukan_neutrofil,0,0,0,0,0,6363
LY_192796_ccrop.jpg,Lymphocyte,unsegmented-round,bukan_neutrofil,0,0,0,0,0,6340
BA_518773_ccrop.jpg,Basophil,segmented-bilobed,bukan_neutrofil,0,0,0,0,0,6122
SNE_230831_ccrop.jpg,Neutrophil,unsegmented-band,C_konflik_SNE_band,0,0,0,0,0,5254
BNE_725331_ccrop.jpg,Neutrophil,unsegmented-band,A_sepakat_band,0,0,0,0,0,7073
BA_147981_ccrop.jpg,Basophil,segmented-multilobed,bukan_neutrofil,1,14,14,0,1,6294
BNE_330959_ccrop.jpg,Neutrophil,unsegmented-band,A_sepakat_band,0,0,0,0,0,5471
BNE_797783_ccrop.jpg,Neutrophil,unsegmented-band,A_sepakat_band,0,0,0,0,0,5326
EO_398276_ccrop.jpg,Eosinophil,segmented-bilobed,bukan_neutrofil,0,0,0,0,0,8401
SNE_394622_ccrop.jpg,Neutrophil,segmented-bilobed,B_sepakat_segmented,0,0,0,0,0,5145
BA_139733_ccrop.jpg,Basophil,irregular,bukan_neutrofil,0,0,0,0,0,7046
LY_563513_ccrop.jpg,Lymphocyte,unsegmented-indented,bukan_neutrofil,0,0,0,0,0,6094
SNE_513366_ccrop.jpg,Neutrophil,unsegmented-band,C_konflik_SNE_band,0,0,0,0,0,6403
EO_943855_ccrop.jpg,Eosinophil,segmented-bilobed,bukan_neutrofil,1,795,795,0,1,5577
MO_84318_ccrop.jpg,Monocyte,unsegmented-indented,bukan_neutrofil,1,132,132,0,1,11122
BA_363451_ccrop.jpg,Basophil,unsegmented-indented,bukan_neutrofil,0,0,0,0,0,5867
MO_888484_ccrop.jpg,Monocyte,unsegmented-indented,bukan_neutrofil,1,50,50,0,1,11108
BA_413080_ccrop.jpg,Basophil,irregular,bukan_neutrofil,0,0,0,0,0,5801
EO_108396_ccrop.jpg,Eosinophil,segmented-bilobed,bukan_neutrofil,0,0,0,0,0,5372
LY_746004_ccrop.jpg,Lymphocyte,unsegmented-round,bukan_neutrofil,0,0,0,0,0,6011
LY_834838_ccrop.jpg,Lymphocyte,unsegmented-indented,bukan_neutrofil,0,0,0,0,0,6887
MO_562918_ccrop.jpg,Monocyte,unsegmented-round,bukan_neutrofil,0,0,0,0,0,7349
LY_625010_ccrop.jpg,Lymphocyte,unsegmented-round,bukan_neutrofil,0,0,0,0,0,6213
SNE_133297_ccrop.jpg,Neutrophil,unsegmented-band,C_konflik_SNE_band,0,0,0,0,0,6591
BNE_343960_ccrop.jpg,Neutrophil,unsegmented-band,A_sepakat_band,0,0,0,0,0,6799
MO_820730_ccrop.jpg,Monocyte,unsegmented-indented,bukan_neutrofil,0,0,0,0,0,12702
SNE_651779_ccrop.jpg,Neutrophil,unsegmented-band,C_konflik_SNE_band,0,0,0,0,0,6154
LY_722941_ccrop.jpg,Lymphocyte,unsegmented-round,bukan_neutrofil,0,0,0,0,0,6209
BNE_831588_ccrop.jpg,Neutrophil,segmented-multilobed,D_konflik_BNE_segmented,0,0,0,0,0,5177
SNE_773334_ccrop.jpg,Neutrophil,unsegmented-band,C_konflik_SNE_band,0,0,0,0,0,6262
BA_262646_ccrop.jpg,Basophil,segmented-multilobed,bukan_neutrofil,0,0,0,0,0,5290
BA_93417_ccrop.jpg,Basophil,irregular,bukan_neutrofil,0,0,0,0,0,6495
MO_596314_ccrop.jpg,Monocyte,unsegmented-indented,bukan_neutrofil,0,0,0,0,0,11176
BNE_96863_ccrop.jpg,Neutrophil,unsegmented-band,A_sepakat_band,0,0,0,0,0,5799
EO_806352_ccrop.jpg,Eosinophil,segmented-bilobed,bukan_neutrofil,1,153,153,0,1,7587
SNE_36183_ccrop.jpg,Neutrophil,unsegmented-band,C_konflik_SNE_band,0,0,0,0,0,6423
BA_547170_ccrop.jpg,Basophil,irregular,bukan_neutrofil,0,0,0,0,0,5863
BNE_976754_ccrop.jpg,Neutrophil,unsegmented-band,A_sepakat_band,1,21,21,0,1,4321
BA_468972_ccrop.jpg,Basophil,segmented-bilobed,bukan_neutrofil,0,0,0,0,0,7173
EO_422295_ccrop.jpg,Eosinophil,segmented-multilobed,bukan_neutrofil,1,12,12,0,1,6060
LY_872934_ccrop.jpg,Lymphocyte,unsegmented-indented,bukan_neutrofil,0,0,0,0,0,5710
EO_223866_ccrop.jpg,Eosinophil,segmented-multilobed,bukan_neutrofil,0,0,0,0,0,7331
BA_141631_ccrop.jpg,Basophil,irregular,bukan_neutrofil,0,0,0,0,0,5456
LY_154997_ccrop.jpg,Lymphocyte,unsegmented-indented,bukan_neutrofil,0,0,0,0,0,6667
BA_799126_ccrop.jpg,Basophil,irregular,bukan_neutrofil,0,0,0,0,0,5837
SNE_311362_ccrop.jpg,Neutrophil,unsegmented-band,C_konflik_SNE_band,0,0,0,0,0,5455
BNE_310148_ccrop.jpg,Neutrophil,unsegmented-band,A_sepakat_band,0,0,0,0,0,7454
LY_613623_ccrop.jpg,Lymphocyte,unsegmented-round,bukan_neutrofil,0,0,0,0,0,5261
EO_490551_ccrop.jpg,Eosinophil,segmented-bilobed,bukan_neutrofil,0,0,0,0,0,6309
MO_440210_ccrop.jpg,Monocyte,unsegmented-round,bukan_neutrofil,1,91,91,0,1,8342
MO_564124_ccrop.jpg,Monocyte,unsegmented-round,bukan_neutrofil,0,0,0,0,0,9381
EO_341843_ccrop.jpg,Eosinophil,segmented-bilobed,bukan_neutrofil,0,0,0,0,0,6178
BNE_338195_ccrop.jpg,Neutrophil,unsegmented-band,A_sepakat_band,0,0,0,0,0,5663
SNE_129727_ccrop.jpg,Neutrophil,segmented-multilobed,B_sepakat_segmented,1,84,84,0,1,5136
EO_609494_ccrop.jpg,Eosinophil,segmented-bilobed,bukan_neutrofil,0,0,0,0,0,4729
LY_386792_ccrop.jpg,Lymphocyte,unsegmented-indented,bukan_neutrofil,0,0,0,0,0,7433
BNE_241705_ccrop.jpg,Neutrophil,unsegmented-band,A_sepakat_band,0,0,0,0,0,7053
EO_625432_ccrop.jpg,Eosinophil,unsegmented-band,bukan_neutrofil,0,0,0,0,0,7541
SNE_376675_ccrop.jpg,Neutrophil,unsegmented-band,C_konflik_SNE_band,0,0,0,0,0,5772
EO_594721_ccrop.jpg,Eosinophil,segmented-bilobed,bukan_neutrofil,0,0,0,0,0,5667
BNE_698403_ccrop.jpg,Neutrophil,unsegmented-band,A_sepakat_band,0,0,0,0,0,5519
BNE_977712_ccrop.jpg,Neutrophil,unsegmented-band,A_sepakat_band,0,0,0,0,0,4804
BA_89223_ccrop.jpg,Basophil,segmented-multilobed,bukan_neutrofil,1,75,75,0,1,6241
BNE_403012_ccrop.jpg,Neutrophil,unsegmented-band,A_sepakat_band,0,0,0,0,0,4981
EO_769464_ccrop.jpg,Eosinophil,unsegmented-band,bukan_neutrofil,1,170,170,0,1,4895
LY_353550_ccrop.jpg,Lymphocyte,unsegmented-indented,bukan_neutrofil,0,0,0,0,0,4908
BNE_818755_ccrop.jpg,Neutrophil,segmented-bilobed,D_konflik_BNE_segmented,1,49,49,0,1,6248
SNE_307829_ccrop.jpg,Neutrophil,unsegmented-band,C_konflik_SNE_band,0,0,0,0,0,5668
EO_537164_ccrop.jpg,Eosinophil,segmented-bilobed,bukan_neutrofil,0,0,0,0,0,6061
BA_266370_ccrop.jpg,Basophil,segmented-bilobed,bukan_neutrofil,1,23,23,0,1,5563
LY_415793_ccrop.jpg,Lymphocyte,unsegmented-round,bukan_neutrofil,0,0,0,0,0,6541
BA_511856_ccrop.jpg,Basophil,segmented-multilobed,bukan_neutrofil,0,0,0,0,0,6529
EO_261509_ccrop.jpg,Eosinophil,segmented-multilobed,bukan_neutrofil,2,920,604,0,2,5924
EO_821178_ccrop.jpg,Eosinophil,segmented-bilobed,bukan_neutrofil,0,0,0,0,0,6613
LY_665299_ccrop.jpg,Lymphocyte,unsegmented-round,bukan_neutrofil,0,0,0,0,0,6634
BNE_704297_ccrop.jpg,Neutrophil,unsegmented-band,A_sepakat_band,0,0,0,0,0,6959
EO_287971_ccrop.jpg,Eosinophil,segmented-multilobed,bukan_neutrofil,0,0,0,0,0,6561
BA_499861_ccrop.jpg,Basophil,irregular,bukan_neutrofil,0,0,0,0,0,7480
EO_863038_ccrop.jpg,Eosinophil,segmented-multilobed,bukan_neutrofil,0,0,0,0,0,5335
LY_771696_ccrop.jpg,Lymphocyte,unsegmented-round,bukan_neutrofil,0,0,0,0,0,7109
BA_399438_ccrop.jpg,Basophil,segmented-multilobed,bukan_neutrofil,2,176,173,0,2,8593
BNE_79792_ccrop.jpg,Neutrophil,unsegmented-band,A_sepakat_band,0,0,0,0,0,6830
BA_47_ccrop.jpg,Basophil,segmented-bilobed,bukan_neutrofil,0,0,0,0,0,6858
BNE_134080_ccrop.jpg,Neutrophil,unsegmented-band,A_sepakat_band,0,0,0,0,0,5291
EO_576430_ccrop.jpg,Eosinophil,segmented-bilobed,bukan_neutrofil,0,0,0,0,0,5194
EO_67379_ccrop.jpg,Eosinophil,unsegmented-band,bukan_neutrofil,0,0,0,0,0,5870
EO_823298_ccrop.jpg,Eosinophil,segmented-multilobed,bukan_neutrofil,0,0,0,0,0,6396
BA_842957_ccrop.jpg,Basophil,irregular,bukan_neutrofil,0,0,0,0,0,7353
EO_447220_ccrop.jpg,Eosinophil,segmented-multilobed,bukan_neutrofil,0,0,0,0,0,5794
MO_899210_ccrop.jpg,Monocyte,unsegmented-indented,bukan_neutrofil,0,0,0,0,0,9301
BNE_779452_ccrop.jpg,Neutrophil,unsegmented-band,A_sepakat_band,0,0,0,0,0,6386
SNE_975675_ccrop.jpg,Neutrophil,segmented-bilobed,B_sepakat_segmented,0,0,0,0,0,6157
EO_490207_ccrop.jpg,Eosinophil,segmented-bilobed,bukan_neutrofil,1,189,189,0,1,7305
MO_189116_ccrop.jpg,Monocyte,unsegmented-indented,bukan_neutrofil,1,67,67,0,1,11634
SNE_399708_ccrop.jpg,Neutrophil,segmented-multilobed,B_sepakat_segmented,2,11,10,0,2,5063
BNE_747210_ccrop.jpg,Neutrophil,unsegmented-band,A_sepakat_band,0,0,0,0,0,5895
BA_855924_ccrop.jpg,Basophil,irregular,bukan_neutrofil,0,0,0,0,0,7208
EO_918009_ccrop.jpg,Eosinophil,segmented-multilobed,bukan_neutrofil,0,0,0,0,0,6537
SNE_880246_ccrop.jpg,Neutrophil,segmented-multilobed,B_sepakat_segmented,0,0,0,0,0,8172
MO_112202_ccrop.jpg,Monocyte,unsegmented-indented,bukan_neutrofil,1,46,46,0,1,9924
SNE_358253_ccrop.jpg,Neutrophil,unsegmented-band,C_konflik_SNE_band,1,190,190,0,1,5415
BNE_814356_ccrop.jpg,Neutrophil,unsegmented-band,A_sepakat_band,0,0,0,0,0,5764
BA_66312_ccrop.jpg,Basophil,segmented-multilobed,bukan_neutrofil,0,0,0,0,0,8091
EO_859248_ccrop.jpg,Eosinophil,unsegmented-band,bukan_neutrofil,0,0,0,0,0,6336
EO_630551_ccrop.jpg,Eosinophil,segmented-bilobed,bukan_neutrofil,0,0,0,0,0,5547
SNE_229212_ccrop.jpg,Neutrophil,unsegmented-band,C_konflik_SNE_band,0,0,0,0,0,6570
BA_395028_ccrop.jpg,Basophil,irregular,bukan_neutrofil,0,0,0,0,0,8724
LY_732043_ccrop.jpg,Lymphocyte,unsegmented-round,bukan_neutrofil,0,0,0,0,0,7698
BA_490072_ccrop.jpg,Basophil,segmented-multilobed,bukan_neutrofil,0,0,0,0,0,6538
EO_312108_ccrop.jpg,Eosinophil,segmented-multilobed,bukan_neutrofil,0,0,0,0,0,4199
MO_172654_ccrop.jpg,Monocyte,unsegmented-indented,bukan_neutrofil,1,443,443,0,1,10477
EO_529838_ccrop.jpg,Eosinophil,segmented-bilobed,bukan_neutrofil,0,0,0,0,0,5517
LY_37471_ccrop.jpg,Lymphocyte,unsegmented-round,bukan_neutrofil,0,0,0,0,0,6579
EO_136177_ccrop.jpg,Eosinophil,segmented-bilobed,bukan_neutrofil,0,0,0,0,0,5612
LY_699056_ccrop.jpg,Lymphocyte,unsegmented-round,bukan_neutrofil,0,0,0,0,0,6796
EO_696559_ccrop.jpg,Eosinophil,unsegmented-band,bukan_neutrofil,0,0,0,0,0,5886
BNE_402878_ccrop.jpg,Neutrophil,unsegmented-band,A_sepakat_band,0,0,0,0,0,6640
MO_834548_ccrop.jpg,Monocyte,unsegmented-indented,bukan_neutrofil,1,28,28,0,1,10626
SNE_948962_ccrop.jpg,Neutrophil,unsegmented-band,C_konflik_SNE_band,0,0,0,0,0,6436
LY_359031_ccrop.jpg,Lymphocyte,unsegmented-round,bukan_neutrofil,0,0,0,0,0,6283
SNE_471764_ccrop.jpg,Neutrophil,segmented-multilobed,B_sepakat_segmented,0,0,0,0,0,5344
SNE_86548_ccrop.jpg,Neutrophil,segmented-multilobed,B_sepakat_segmented,1,620,620,0,1,6932
EO_155334_ccrop.jpg,Eosinophil,segmented-bilobed,bukan_neutrofil,0,0,0,0,0,6019
SNE_221448_ccrop.jpg,Neutrophil,segmented-multilobed,B_sepakat_segmented,0,0,0,0,0,6414
SNE_749679_ccrop.jpg,Neutrophil,segmented-multilobed,B_sepakat_segmented,0,0,0,0,0,7407
BNE_301694_ccrop.jpg,Neutrophil,unsegmented-band,A_sepakat_band,0,0,0,0,0,5342
BA_19177_ccrop.jpg,Basophil,segmented-bilobed,bukan_neutrofil,0,0,0,0,0,8313
EO_407207_ccrop.jpg,Eosinophil,segmented-bilobed,bukan_neutrofil,0,0,0,0,0,5048
MO_777817_ccrop.jpg,Monocyte,unsegmented-indented,bukan_neutrofil,0,0,0,0,0,9611
EO_236154_ccrop.jpg,Eosinophil,segmented-bilobed,bukan_neutrofil,0,0,0,0,0,5685
MO_902264_ccrop.jpg,Monocyte,unsegmented-indented,bukan_neutrofil,0,0,0,0,0,10027
EO_575911_ccrop.jpg,Eosinophil,segmented-bilobed,bukan_neutrofil,0,0,0,0,0,5846
BA_588625_ccrop.jpg,Basophil,segmented-multilobed,bukan_neutrofil,3,200,93,0,3,7448
BA_383070_ccrop.jpg,Basophil,segmented-multilobed,bukan_neutrofil,0,0,0,0,0,7189
LY_865656_ccrop.jpg,Lymphocyte,unsegmented-round,bukan_neutrofil,0,0,0,0,0,6965
EO_977622_ccrop.jpg,Eosinophil,segmented-bilobed,bukan_neutrofil,0,0,0,0,0,7995
BNE_568376_ccrop.jpg,Neutrophil,unsegmented-band,A_sepakat_band,0,0,0,0,0,5223
EO_623568_ccrop.jpg,Eosinophil,segmented-multilobed,bukan_neutrofil,0,0,0,0,0,5772
EO_529065_ccrop.jpg,Eosinophil,segmented-multilobed,bukan_neutrofil,0,0,0,0,0,6248
EO_321079_ccrop.jpg,Eosinophil,segmented-multilobed,bukan_neutrofil,0,0,0,0,0,5943
BNE_509829_ccrop.jpg,Neutrophil,unsegmented-band,A_sepakat_band,0,0,0,0,0,4758
LY_82173_ccrop.jpg,Lymphocyte,unsegmented-round,bukan_neutrofil,0,0,0,0,0,6511
LY_461786_ccrop.jpg,Lymphocyte,irregular,bukan_neutrofil,0,0,0,0,0,6553
MO_541337_ccrop.jpg,Monocyte,irregular,bukan_neutrofil,0,0,0,0,0,11163
SNE_302902_ccrop.jpg,Neutrophil,segmented-bilobed,B_sepakat_segmented,0,0,0,0,0,5994
LY_272765_ccrop.jpg,Lymphocyte,unsegmented-indented,bukan_neutrofil,0,0,0,0,0,6687
EO_176988_ccrop.jpg,Eosinophil,unsegmented-band,bukan_neutrofil,0,0,0,0,0,6086
MO_245512_ccrop.jpg,Monocyte,unsegmented-indented,bukan_neutrofil,0,0,0,0,0,10557
MO_652110_ccrop.jpg,Monocyte,unsegmented-indented,bukan_neutrofil,0,0,0,0,0,10611
MO_341127_ccrop.jpg,Monocyte,unsegmented-indented,bukan_neutrofil,0,0,0,0,0,10416
BNE_787150_ccrop.jpg,Neutrophil,unsegmented-band,A_sepakat_band,0,0,0,0,0,5651
BNE_522125_ccrop.jpg,Neutrophil,unsegmented-band,A_sepakat_band,0,0,0,0,0,6405
EO_148818_ccrop.jpg,Eosinophil,segmented-bilobed,bukan_neutrofil,0,0,0,0,0,6119
EO_716119_ccrop.jpg,Eosinophil,segmented-bilobed,bukan_neutrofil,0,0,0,0,0,6023
LY_335261_ccrop.jpg,Lymphocyte,unsegmented-round,bukan_neutrofil,0,0,0,0,0,5972
EO_535432_ccrop.jpg,Eosinophil,segmented-bilobed,bukan_neutrofil,0,0,0,0,0,5789
SNE_70524_ccrop.jpg,Neutrophil,segmented-multilobed,B_sepakat_segmented,0,0,0,0,0,5949
MO_47583_ccrop.jpg,Monocyte,unsegmented-indented,bukan_neutrofil,0,0,0,0,0,8761
BNE_2234_ccrop.jpg,Neutrophil,unsegmented-band,A_sepakat_band,0,0,0,0,0,4856
EO_938332_ccrop.jpg,Eosinophil,segmented-bilobed,bukan_neutrofil,0,0,0,0,0,5826
BA_960438_ccrop.jpg,Basophil,segmented-multilobed,bukan_neutrofil,0,0,0,0,0,7317
LY_29912_ccrop.jpg,Lymphocyte,unsegmented-round,bukan_neutrofil,0,0,0,0,0,5386
LY_528736_ccrop.jpg,Lymphocyte,unsegmented-round,bukan_neutrofil,0,0,0,0,0,5254
EO_243092_ccrop.jpg,Eosinophil,segmented-bilobed,bukan_neutrofil,0,0,0,0,0,5424
EO_428208_ccrop.jpg,Eosinophil,segmented-multilobed,bukan_neutrofil,0,0,0,0,0,6769
EO_926006_ccrop.jpg,Eosinophil,segmented-multilobed,bukan_neutrofil,0,0,0,0,0,5459
MO_905158_ccrop.jpg,Monocyte,irregular,bukan_neutrofil,0,0,0,0,0,10606
MO_263017_ccrop.jpg,Monocyte,unsegmented-round,bukan_neutrofil,0,0,0,0,0,9139
BA_532468_ccrop.jpg,Basophil,segmented-bilobed,bukan_neutrofil,0,0,0,0,0,4698
BA_897436_ccrop.jpg,Basophil,segmented-multilobed,bukan_neutrofil,0,0,0,0,0,5983
LY_326859_ccrop.jpg,Lymphocyte,unsegmented-round,bukan_neutrofil,0,0,0,0,0,5548
EO_913784_ccrop.jpg,Eosinophil,segmented-bilobed,bukan_neutrofil,0,0,0,0,0,6721
SNE_844272_ccrop.jpg,Neutrophil,segmented-multilobed,B_sepakat_segmented,0,0,0,0,0,5727
EO_32318_ccrop.jpg,Eosinophil,segmented-multilobed,bukan_neutrofil,0,0,0,0,0,6641
MO_617871_ccrop.jpg,Monocyte,irregular,bukan_neutrofil,1,104,104,0,1,10898
MO_526870_ccrop.jpg,Monocyte,unsegmented-indented,bukan_neutrofil,1,45,45,0,1,11664
EO_176538_ccrop.jpg,Eosinophil,segmented-bilobed,bukan_neutrofil,0,0,0,0,0,4471
EO_42604_ccrop.jpg,Eosinophil,segmented-bilobed,bukan_neutrofil,0,0,0,0,0,5670
EO_106564_ccrop.jpg,Eosinophil,segmented-bilobed,bukan_neutrofil,0,0,0,0,0,5592
SNE_903691_ccrop.jpg,Neutrophil,unsegmented-band,C_konflik_SNE_band,0,0,0,0,0,6512
EO_793799_ccrop.jpg,Eosinophil,segmented-bilobed,bukan_neutrofil,0,0,0,0,0,5812
BA_907484_ccrop.jpg,Basophil,segmented-multilobed,bukan_neutrofil,0,0,0,0,0,8603
SNE_528277_ccrop.jpg,Neutrophil,segmented-bilobed,B_sepakat_segmented,0,0,0,0,0,5677
MO_546259_ccrop.jpg,Monocyte,unsegmented-indented,bukan_neutrofil,0,0,0,0,0,11294
EO_237312_ccrop.jpg,Eosinophil,segmented-bilobed,bukan_neutrofil,0,0,0,0,0,6660
BNE_697892_ccrop.jpg,Neutrophil,unsegmented-band,A_sepakat_band,0,0,0,0,0,5864
MO_20976_ccrop.jpg,Monocyte,unsegmented-indented,bukan_neutrofil,1,69,69,0,1,11404
BA_578419_ccrop.jpg,Basophil,segmented-bilobed,bukan_neutrofil,0,0,0,0,0,5744
MO_70005_ccrop.jpg,Monocyte,irregular,bukan_neutrofil,2,244,201,0,2,10804
SNE_117234_ccrop.jpg,Neutrophil,segmented-multilobed,B_sepakat_segmented,1,25,25,0,1,5289
EO_906482_ccrop.jpg,Eosinophil,segmented-bilobed,bukan_neutrofil,0,0,0,0,0,5859
SNE_846805_ccrop.jpg,Neutrophil,unsegmented-band,C_konflik_SNE_band,0,0,0,0,0,5133
LY_322867_ccrop.jpg,Lymphocyte,unsegmented-round,bukan_neutrofil,0,0,0,0,0,5680
EO_780772_ccrop.jpg,Eosinophil,segmented-bilobed,bukan_neutrofil,0,0,0,0,0,7384
BNE_141509_ccrop.jpg,Neutrophil,unsegmented-band,A_sepakat_band,0,0,0,0,0,7097
BNE_60203_ccrop.jpg,Neutrophil,unsegmented-band,A_sepakat_band,0,0,0,0,0,6105
EO_721078_ccrop.jpg,Eosinophil,segmented-bilobed,bukan_neutrofil,0,0,0,0,0,5807
EO_326816_ccrop.jpg,Eosinophil,segmented-bilobed,bukan_neutrofil,0,0,0,0,0,5706
EO_808282_ccrop.jpg,Eosinophil,segmented-multilobed,bukan_neutrofil,0,0,0,0,0,5390
EO_741894_ccrop.jpg,Eosinophil,segmented-bilobed,bukan_neutrofil,0,0,0,0,0,5486
MO_457075_ccrop.jpg,Monocyte,irregular,bukan_neutrofil,0,0,0,0,0,11505
MO_166163_ccrop.jpg,Monocyte,unsegmented-indented,bukan_neutrofil,0,0,0,0,0,9427
EO_630009_ccrop.jpg,Eosinophil,segmented-bilobed,bukan_neutrofil,0,0,0,0,0,7784
EO_97369_ccrop.jpg,Eosinophil,unsegmented-band,bukan_neutrofil,0,0,0,0,0,4948
BA_608112_ccrop.jpg,Basophil,segmented-bilobed,bukan_neutrofil,0,0,0,0,0,3925
BA_631393_ccrop.jpg,Basophil,irregular,bukan_neutrofil,0,0,0,0,0,7627
BNE_282906_ccrop.jpg,Neutrophil,unsegmented-band,A_sepakat_band,0,0,0,0,0,6187
SNE_689406_ccrop.jpg,Neutrophil,unsegmented-band,C_konflik_SNE_band,0,0,0,0,0,6690
SNE_548349_ccrop.jpg,Neutrophil,unsegmented-band,C_konflik_SNE_band,0,0,0,0,0,6480
EO_267802_ccrop.jpg,Eosinophil,segmented-bilobed,bukan_neutrofil,0,0,0,0,0,5573
BA_508288_ccrop.jpg,Basophil,segmented-multilobed,bukan_neutrofil,0,0,0,0,0,6487
MO_929161_ccrop.jpg,Monocyte,unsegmented-round,bukan_neutrofil,0,0,0,0,0,7784
BNE_671361_ccrop.jpg,Neutrophil,unsegmented-band,A_sepakat_band,1,85,85,0,1,4974
BNE_189978_ccrop.jpg,Neutrophil,unsegmented-band,A_sepakat_band,0,0,0,0,0,5545
BNE_720265_ccrop.jpg,Neutrophil,unsegmented-band,A_sepakat_band,0,0,0,0,0,4825
EO_389244_ccrop.jpg,Eosinophil,segmented-multilobed,bukan_neutrofil,0,0,0,0,0,8652
EO_438939_ccrop.jpg,Eosinophil,segmented-bilobed,bukan_neutrofil,8,152,106,0,8,6206
SNE_423353_ccrop.jpg,Neutrophil,unsegmented-band,C_konflik_SNE_band,0,0,0,0,0,5769
BNE_634126_ccrop.jpg,Neutrophil,unsegmented-band,A_sepakat_band,0,0,0,0,0,6443
MO_902638_ccrop.jpg,Monocyte,unsegmented-indented,bukan_neutrofil,0,0,0,0,0,10439
EO_581610_ccrop.jpg,Eosinophil,segmented-bilobed,bukan_neutrofil,2,232,162,0,2,6450
EO_182479_ccrop.jpg,Eosinophil,segmented-multilobed,bukan_neutrofil,0,0,0,0,0,5752
BNE_800035_ccrop.jpg,Neutrophil,unsegmented-band,A_sepakat_band,0,0,0,0,0,5869
LY_472256_ccrop.jpg,Lymphocyte,unsegmented-round,bukan_neutrofil,0,0,0,0,0,5950
MO_104290_ccrop.jpg,Monocyte,unsegmented-indented,bukan_neutrofil,0,0,0,0,0,6524
SNE_901674_ccrop.jpg,Neutrophil,segmented-bilobed,B_sepakat_segmented,0,0,0,0,0,5068
MO_423983_ccrop.jpg,Monocyte,unsegmented-indented,bukan_neutrofil,0,0,0,0,0,9372
BNE_944885_ccrop.jpg,Neutrophil,unsegmented-band,A_sepakat_band,0,0,0,0,0,5337
EO_486480_ccrop.jpg,Eosinophil,segmented-bilobed,bukan_neutrofil,0,0,0,0,0,7205
EO_524469_ccrop.jpg,Eosinophil,segmented-multilobed,bukan_neutrofil,0,0,0,0,0,5867
BA_120688_ccrop.jpg,Basophil,irregular,bukan_neutrofil,0,0,0,0,0,5458
EO_100884_ccrop.jpg,Eosinophil,segmented-bilobed,bukan_neutrofil,0,0,0,0,0,5996
BA_296615_ccrop.jpg,Basophil,irregular,bukan_neutrofil,0,0,0,0,0,6899
SNE_140435_ccrop.jpg,Neutrophil,unsegmented-band,C_konflik_SNE_band,0,0,0,0,0,6076
BA_500713_ccrop.jpg,Basophil,irregular,bukan_neutrofil,0,0,0,0,0,5822
EO_500806_ccrop.jpg,Eosinophil,segmented-bilobed,bukan_neutrofil,0,0,0,0,0,6244
SNE_488521_ccrop.jpg,Neutrophil,unsegmented-band,C_konflik_SNE_band,0,0,0,0,0,6619
LY_333022_ccrop.jpg,Lymphocyte,unsegmented-round,bukan_neutrofil,0,0,0,0,0,4897
LY_981011_ccrop.jpg,Lymphocyte,unsegmented-round,bukan_neutrofil,0,0,0,0,0,5859
BNE_316390_ccrop.jpg,Neutrophil,unsegmented-band,A_sepakat_band,0,0,0,0,0,7912
MO_181047_ccrop.jpg,Monocyte,unsegmented-indented,bukan_neutrofil,0,0,0,0,0,10958
BA_569632_ccrop.jpg,Basophil,segmented-bilobed,bukan_neutrofil,0,0,0,0,0,4032
BA_868537_ccrop.jpg,Basophil,segmented-multilobed,bukan_neutrofil,0,0,0,0,0,7020
EO_305691_ccrop.jpg,Eosinophil,segmented-multilobed,bukan_neutrofil,1,475,475,0,1,6098
MO_377470_ccrop.jpg,Monocyte,unsegmented-indented,bukan_neutrofil,0,0,0,0,0,8862
MO_701921_ccrop.jpg,Monocyte,unsegmented-indented,bukan_neutrofil,0,0,0,0,0,8762
LY_363396_ccrop.jpg,Lymphocyte,unsegmented-round,bukan_neutrofil,0,0,0,0,0,6659
MO_950456_ccrop.jpg,Monocyte,unsegmented-indented,bukan_neutrofil,1,35,35,0,1,10689
MO_792755_ccrop.jpg,Monocyte,unsegmented-indented,bukan_neutrofil,0,0,0,0,0,9794
BNE_860699_ccrop.jpg,Neutrophil,unsegmented-band,A_sepakat_band,0,0,0,0,0,5226
LY_388079_ccrop.jpg,Lymphocyte,unsegmented-round,bukan_neutrofil,0,0,0,0,0,6061
SNE_30720_ccrop.jpg,Neutrophil,segmented-multilobed,B_sepakat_segmented,0,0,0,0,0,5144
BNE_340421_ccrop.jpg,Neutrophil,unsegmented-band,A_sepakat_band,0,0,0,0,0,5433
LY_320312_ccrop.jpg,Lymphocyte,unsegmented-round,bukan_neutrofil,0,0,0,0,0,5896
SNE_518391_ccrop.jpg,Neutrophil,segmented-multilobed,B_sepakat_segmented,1,331,331,0,1,6933
SNE_848740_ccrop.jpg,Neutrophil,segmented-bilobed,B_sepakat_segmented,6,74,39,0,6,6473
BA_615482_ccrop.jpg,Basophil,irregular,bukan_neutrofil,0,0,0,0,0,4498
BNE_256260_ccrop.jpg,Neutrophil,segmented-multilobed,D_konflik_BNE_segmented,0,0,0,0,0,5231
EO_23089841_ccrop.jpg,Eosinophil,segmented-bilobed,bukan_neutrofil,0,0,0,0,0,5736
BA_346352_ccrop.jpg,Basophil,irregular,bukan_neutrofil,1,147,147,0,1,8125
EO_348138_ccrop.jpg,Eosinophil,segmented-bilobed,bukan_neutrofil,0,0,0,0,0,5740
LY_193211_ccrop.jpg,Lymphocyte,unsegmented-indented,bukan_neutrofil,0,0,0,0,0,6222
BNE_131711_ccrop.jpg,Neutrophil,unsegmented-band,A_sepakat_band,0,0,0,0,0,6093
BNE_580553_ccrop.jpg,Neutrophil,unsegmented-band,A_sepakat_band,0,0,0,0,0,5450
LY_499539_ccrop.jpg,Lymphocyte,irregular,bukan_neutrofil,0,0,0,0,0,4658
SNE_672698_ccrop.jpg,Neutrophil,segmented-multilobed,B_sepakat_segmented,1,9,9,0,1,5500
MO_881031_ccrop.jpg,Monocyte,unsegmented-indented,bukan_neutrofil,0,0,0,0,0,11041
BNE_81939_ccrop.jpg,Neutrophil,unsegmented-band,A_sepakat_band,0,0,0,0,0,5822
BNE_87643_ccrop.jpg,Neutrophil,unsegmented-band,A_sepakat_band,0,0,0,0,0,4588
EO_273880_ccrop.jpg,Eosinophil,segmented-bilobed,bukan_neutrofil,0,0,0,0,0,5809
BNE_763253_ccrop.jpg,Neutrophil,unsegmented-band,A_sepakat_band,0,0,0,0,0,5444
SNE_589500_ccrop.jpg,Neutrophil,segmented-bilobed,B_sepakat_segmented,0,0,0,0,0,5685
BA_385552_ccrop.jpg,Basophil,segmented-bilobed,bukan_neutrofil,0,0,0,0,0,6668
BA_331375_ccrop.jpg,Basophil,segmented-multilobed,bukan_neutrofil,2,346,269,0,2,6356
EO_434081_ccrop.jpg,Eosinophil,segmented-bilobed,bukan_neutrofil,0,0,0,0,0,7173
EO_659964_ccrop.jpg,Eosinophil,segmented-multilobed,bukan_neutrofil,0,0,0,0,0,7052
BNE_243574_ccrop.jpg,Neutrophil,unsegmented-band,A_sepakat_band,0,0,0,0,0,5042
BA_196807_ccrop.jpg,Basophil,segmented-multilobed,bukan_neutrofil,1,513,513,0,1,7579
EO_732204_ccrop.jpg,Eosinophil,segmented-bilobed,bukan_neutrofil,0,0,0,0,0,6307
EO_847491_ccrop.jpg,Eosinophil,segmented-bilobed,bukan_neutrofil,0,0,0,0,0,6533
BA_887335_ccrop.jpg,Basophil,unsegmented-band,bukan_neutrofil,1,14,14,0,1,7060
EO_47754_ccrop.jpg,Eosinophil,segmented-multilobed,bukan_neutrofil,1,1,1,0,1,6092
SNE_633335_ccrop.jpg,Neutrophil,segmented-bilobed,B_sepakat_segmented,1,29,29,0,1,5631
EO_174412_ccrop.jpg,Eosinophil,segmented-bilobed,bukan_neutrofil,0,0,0,0,0,6423
EO_767118_ccrop.jpg,Eosinophil,segmented-bilobed,bukan_neutrofil,1,2,2,0,1,7245
SNE_808855_ccrop.jpg,Neutrophil,unsegmented-band,C_konflik_SNE_band,2,91,90,0,2,6470
BNE_315212_ccrop.jpg,Neutrophil,unsegmented-band,A_sepakat_band,0,0,0,0,0,7328
BA_555760_ccrop.jpg,Basophil,irregular,bukan_neutrofil,0,0,0,0,0,5177
BA_330244_ccrop.jpg,Basophil,segmented-multilobed,bukan_neutrofil,0,0,0,0,0,6126
EO_240687_ccrop.jpg,Eosinophil,segmented-multilobed,bukan_neutrofil,3,261,258,0,3,6633
EO_291685_ccrop.jpg,Eosinophil,segmented-multilobed,bukan_neutrofil,0,0,0,0,0,5537
SNE_566153_ccrop.jpg,Neutrophil,segmented-multilobed,B_sepakat_segmented,0,0,0,0,0,5825
MO_597310_ccrop.jpg,Monocyte,unsegmented-indented,bukan_neutrofil,0,0,0,0,0,9696
MO_507377_ccrop.jpg,Monocyte,unsegmented-indented,bukan_neutrofil,0,0,0,0,0,8137
BNE_776969_ccrop.jpg,Neutrophil,unsegmented-band,A_sepakat_band,0,0,0,0,0,7601
SNE_645203_ccrop.jpg,Neutrophil,segmented-bilobed,B_sepakat_segmented,0,0,0,0,0,5668
EO_816399_ccrop.jpg,Eosinophil,segmented-bilobed,bukan_neutrofil,0,0,0,0,0,5772
BA_147402_ccrop.jpg,Basophil,segmented-bilobed,bukan_neutrofil,0,0,0,0,0,6915
MO_842653_ccrop.jpg,Monocyte,unsegmented-indented,bukan_neutrofil,0,0,0,0,0,11264
MO_522395_ccrop.jpg,Monocyte,irregular,bukan_neutrofil,1,85,85,0,1,11285
SNE_679601_ccrop.jpg,Neutrophil,unsegmented-band,C_konflik_SNE_band,3,42,37,0,3,5357
MO_362677_ccrop.jpg,Monocyte,unsegmented-indented,bukan_neutrofil,2,70,68,0,2,8335
SNE_692597_ccrop.jpg,Neutrophil,segmented-multilobed,B_sepakat_segmented,0,0,0,0,0,5913
EO_956212_ccrop.jpg,Eosinophil,segmented-bilobed,bukan_neutrofil,0,0,0,0,0,6748
BA_700831_ccrop.jpg,Basophil,irregular,bukan_neutrofil,0,0,0,0,0,7618
EO_901206_ccrop.jpg,Eosinophil,segmented-bilobed,bukan_neutrofil,0,0,0,0,0,5530
SNE_218093_ccrop.jpg,Neutrophil,unsegmented-band,C_konflik_SNE_band,0,0,0,0,0,6153
NEUTROPHIL_816359_ccrop.jpg,Neutrophil,segmented-bilobed,F_tak_bersubtipe,1,394,394,0,1,5501
BNE_203314_ccrop.jpg,Neutrophil,unsegmented-band,A_sepakat_band,0,0,0,0,0,5579
SNE_713759_ccrop.jpg,Neutrophil,segmented-multilobed,B_sepakat_segmented,0,0,0,0,0,5552
SNE_502348_ccrop.jpg,Neutrophil,segmented-bilobed,B_sepakat_segmented,0,0,0,0,0,5687
LY_671537_ccrop.jpg,Lymphocyte,unsegmented-round,bukan_neutrofil,0,0,0,0,0,5837
SNE_374094_ccrop.jpg,Neutrophil,segmented-multilobed,B_sepakat_segmented,0,0,0,0,0,5661
MO_612179_ccrop.jpg,Monocyte,unsegmented-indented,bukan_neutrofil,0,0,0,0,0,10841
LY_500326_ccrop.jpg,Lymphocyte,unsegmented-round,bukan_neutrofil,0,0,0,0,0,5685
SNE_64091_ccrop.jpg,Neutrophil,segmented-bilobed,B_sepakat_segmented,0,0,0,0,0,5513
EO_512539_ccrop.jpg,Eosinophil,segmented-multilobed,bukan_neutrofil,0,0,0,0,0,6016
MO_595972_ccrop.jpg,Monocyte,unsegmented-indented,bukan_neutrofil,1,113,113,0,1,10304
EO_901002_ccrop.jpg,Eosinophil,segmented-bilobed,bukan_neutrofil,0,0,0,0,0,5731
EO_178978_ccrop.jpg,Eosinophil,segmented-bilobed,bukan_neutrofil,0,0,0,0,0,4426
LY_644595_ccrop.jpg,Lymphocyte,unsegmented-indented,bukan_neutrofil,1,23,23,0,1,4918
BA_250620_ccrop.jpg,Basophil,segmented-bilobed,bukan_neutrofil,0,0,0,0,0,4727
BNE_813359_ccrop.jpg,Neutrophil,segmented-bilobed,D_konflik_BNE_segmented,1,16,16,0,1,5058
EO_812799_ccrop.jpg,Eosinophil,segmented-bilobed,bukan_neutrofil,4,111,78,0,4,5010
BNE_862462_ccrop.jpg,Neutrophil,unsegmented-band,A_sepakat_band,0,0,0,0,0,6601
BA_178345_ccrop.jpg,Basophil,segmented-multilobed,bukan_neutrofil,0,0,0,0,0,7989
EO_285298_ccrop.jpg,Eosinophil,irregular,bukan_neutrofil,1,31,31,0,1,10303
MO_836516_ccrop.jpg,Monocyte,unsegmented-indented,bukan_neutrofil,0,0,0,0,0,10606
BNE_253464_ccrop.jpg,Neutrophil,unsegmented-band,A_sepakat_band,0,0,0,0,0,6144
BNE_296916_ccrop.jpg,Neutrophil,unsegmented-band,A_sepakat_band,0,0,0,0,0,6294
MO_555398_ccrop.jpg,Monocyte,unsegmented-indented,bukan_neutrofil,0,0,0,0,0,6708
LY_785608_ccrop.jpg,Lymphocyte,unsegmented-round,bukan_neutrofil,0,0,0,0,0,4874
BNE_206551_ccrop.jpg,Neutrophil,unsegmented-band,A_sepakat_band,4,229,226,0,4,5196
EO_420606_ccrop.jpg,Eosinophil,segmented-multilobed,bukan_neutrofil,0,0,0,0,0,7149
EO_728292_ccrop.jpg,Eosinophil,segmented-multilobed,bukan_neutrofil,2,79,78,0,2,5613
SNE_32210_ccrop.jpg,Neutrophil,unsegmented-band,C_konflik_SNE_band,0,0,0,0,0,6706
EO_962063_ccrop.jpg,Eosinophil,segmented-bilobed,bukan_neutrofil,0,0,0,0,0,7102
BNE_665149_ccrop.jpg,Neutrophil,unsegmented-band,A_sepakat_band,0,0,0,0,0,4564
EO_72747_ccrop.jpg,Eosinophil,segmented-bilobed,bukan_neutrofil,1,1492,1492,0,1,7855
EO_401601_ccrop.jpg,Eosinophil,segmented-bilobed,bukan_neutrofil,0,0,0,0,0,6275
SNE_205163_ccrop.jpg,Neutrophil,unsegmented-band,C_konflik_SNE_band,0,0,0,0,0,6558
EO_995267_ccrop.jpg,Eosinophil,segmented-bilobed,bukan_neutrofil,0,0,0,0,0,6653
EO_422401_ccrop.jpg,Eosinophil,segmented-bilobed,bukan_neutrofil,0,0,0,0,0,5814
SNE_610007_ccrop.jpg,Neutrophil,segmented-bilobed,B_sepakat_segmented,0,0,0,0,0,5705
EO_425258_ccrop.jpg,Eosinophil,segmented-bilobed,bukan_neutrofil,0,0,0,0,0,6101
BNE_259972_ccrop.jpg,Neutrophil,unsegmented-band,A_sepakat_band,0,0,0,0,0,7984
EO_676375_ccrop.jpg,Eosinophil,segmented-bilobed,bukan_neutrofil,0,0,0,0,0,4403
BA_60560_ccrop.jpg,Basophil,irregular,bukan_neutrofil,0,0,0,0,0,6376
SNE_605370_ccrop.jpg,Neutrophil,segmented-bilobed,B_sepakat_segmented,1,1313,1313,0,1,6391
EO_188271_ccrop.jpg,Eosinophil,segmented-bilobed,bukan_neutrofil,0,0,0,0,0,4663
BNE_954079_ccrop.jpg,Neutrophil,unsegmented-band,A_sepakat_band,0,0,0,0,0,6214
SNE_893365_ccrop.jpg,Neutrophil,segmented-bilobed,B_sepakat_segmented,0,0,0,0,0,6336
LY_776538_ccrop.jpg,Lymphocyte,unsegmented-round,bukan_neutrofil,0,0,0,0,0,6107
EO_651856_ccrop.jpg,Eosinophil,segmented-bilobed,bukan_neutrofil,0,0,0,0,0,6789
BNE_279168_ccrop.jpg,Neutrophil,unsegmented-band,A_sepakat_band,0,0,0,0,0,6556
SNE_893880_ccrop.jpg,Neutrophil,segmented-multilobed,B_sepakat_segmented,3,51,47,0,3,6187
BA_98903_ccrop.jpg,Basophil,segmented-bilobed,bukan_neutrofil,0,0,0,0,0,6709
SNE_415544_ccrop.jpg,Neutrophil,segmented-bilobed,B_sepakat_segmented,0,0,0,0,0,5542
MO_959704_ccrop.jpg,Monocyte,unsegmented-indented,bukan_neutrofil,0,0,0,0,0,9725
BA_93721_ccrop.jpg,Basophil,segmented-bilobed,bukan_neutrofil,1,192,192,0,1,8260
EO_187031_ccrop.jpg,Eosinophil,segmented-multilobed,bukan_neutrofil,1,1,1,0,1,6083
BA_581736_ccrop.jpg,Basophil,unsegmented-band,bukan_neutrofil,0,0,0,0,0,6267
MO_479670_ccrop.jpg,Monocyte,unsegmented-indented,bukan_neutrofil,0,0,0,0,0,10964
LY_32523_ccrop.jpg,Lymphocyte,unsegmented-round,bukan_neutrofil,0,0,0,0,0,6225
BA_55966_ccrop.jpg,Basophil,irregular,bukan_neutrofil,0,0,0,0,0,6584
BA_845828_ccrop.jpg,Basophil,segmented-bilobed,bukan_neutrofil,1,306,306,0,1,8512
SNE_181343_ccrop.jpg,Neutrophil,unsegmented-band,C_konflik_SNE_band,0,0,0,0,0,4623
MO_510602_ccrop.jpg,Monocyte,unsegmented-indented,bukan_neutrofil,0,0,0,0,0,8561
BNE_773284_ccrop.jpg,Neutrophil,unsegmented-band,A_sepakat_band,0,0,0,0,0,4892
BA_229935_ccrop.jpg,Basophil,segmented-bilobed,bukan_neutrofil,0,0,0,0,0,4474
EO_580802_ccrop.jpg,Eosinophil,segmented-bilobed,bukan_neutrofil,0,0,0,0,0,6024
EO_823567_ccrop.jpg,Eosinophil,segmented-bilobed,bukan_neutrofil,0,0,0,0,0,5428
MO_382707_ccrop.jpg,Monocyte,unsegmented-indented,bukan_neutrofil,0,0,0,0,0,10657
LY_718085_ccrop.jpg,Lymphocyte,unsegmented-round,bukan_neutrofil,0,0,0,0,0,6014
MO_121190_ccrop.jpg,Monocyte,unsegmented-indented,bukan_neutrofil,0,0,0,0,0,7753
MO_87252_ccrop.jpg,Monocyte,unsegmented-indented,bukan_neutrofil,0,0,0,0,0,9270
BNE_664333_ccrop.jpg,Neutrophil,unsegmented-band,A_sepakat_band,0,0,0,0,0,5421
MO_939651_ccrop.jpg,Monocyte,unsegmented-indented,bukan_neutrofil,0,0,0,0,0,10921
SNE_873947_ccrop.jpg,Neutrophil,segmented-bilobed,B_sepakat_segmented,0,0,0,0,0,5810
BNE_331752_ccrop.jpg,Neutrophil,unsegmented-band,A_sepakat_band,0,0,0,0,0,5287
EO_74267_ccrop.jpg,Eosinophil,segmented-bilobed,bukan_neutrofil,0,0,0,0,0,5137
EO_859907_ccrop.jpg,Eosinophil,segmented-bilobed,bukan_neutrofil,0,0,0,0,0,5013
LY_925681_ccrop.jpg,Lymphocyte,unsegmented-round,bukan_neutrofil,0,0,0,0,0,6598
SNE_87596_ccrop.jpg,Neutrophil,segmented-bilobed,B_sepakat_segmented,0,0,0,0,0,5400
LY_60114_ccrop.jpg,Lymphocyte,unsegmented-round,bukan_neutrofil,0,0,0,0,0,5985
SNE_304452_ccrop.jpg,Neutrophil,unsegmented-band,C_konflik_SNE_band,1,101,101,0,1,5025
MO_427035_ccrop.jpg,Monocyte,unsegmented-indented,bukan_neutrofil,0,0,0,0,0,11683
EO_981447_ccrop.jpg,Eosinophil,segmented-bilobed,bukan_neutrofil,1,48,48,0,1,5301
SNE_224062_ccrop.jpg,Neutrophil,unsegmented-band,C_konflik_SNE_band,0,0,0,0,0,6039
EO_566829_ccrop.jpg,Eosinophil,segmented-bilobed,bukan_neutrofil,0,0,0,0,0,6469
BNE_690093_ccrop.jpg,Neutrophil,unsegmented-band,A_sepakat_band,0,0,0,0,0,6475
SNE_891096_ccrop.jpg,Neutrophil,segmented-bilobed,B_sepakat_segmented,0,0,0,0,0,5862
BA_583166_ccrop.jpg,Basophil,irregular,bukan_neutrofil,0,0,0,0,0,7278
BA_600449_ccrop.jpg,Basophil,segmented-multilobed,bukan_neutrofil,0,0,0,0,0,7596
EO_580287_ccrop.jpg,Eosinophil,unsegmented-band,bukan_neutrofil,0,0,0,0,0,4665
EO_749176_ccrop.jpg,Eosinophil,segmented-bilobed,bukan_neutrofil,0,0,0,0,0,5340
EO_90576_ccrop.jpg,Eosinophil,segmented-bilobed,bukan_neutrofil,0,0,0,0,0,6289
BNE_233886_ccrop.jpg,Neutrophil,unsegmented-band,A_sepakat_band,0,0,0,0,0,6492
BNE_640458_ccrop.jpg,Neutrophil,unsegmented-band,A_sepakat_band,0,0,0,0,0,6737
BNE_77911_ccrop.jpg,Neutrophil,unsegmented-band,A_sepakat_band,0,0,0,0,0,5410
EO_851864_ccrop.jpg,Eosinophil,segmented-bilobed,bukan_neutrofil,0,0,0,0,0,7719
EO_565158_ccrop.jpg,Eosinophil,segmented-bilobed,bukan_neutrofil,0,0,0,0,0,6451
BA_533618_ccrop.jpg,Basophil,irregular,bukan_neutrofil,1,55,55,0,1,7639
LY_136218_ccrop.jpg,Lymphocyte,unsegmented-round,bukan_neutrofil,0,0,0,0,0,4747
LY_156281_ccrop.jpg,Lymphocyte,unsegmented-indented,bukan_neutrofil,0,0,0,0,0,5940
EO_488297_ccrop.jpg,Eosinophil,segmented-bilobed,bukan_neutrofil,1,19,19,0,1,9625
EO_222109_ccrop.jpg,Eosinophil,unsegmented-indented,bukan_neutrofil,1,1,1,0,1,7124
MO_375691_ccrop.jpg,Monocyte,unsegmented-indented,bukan_neutrofil,0,0,0,0,0,9660
MO_807936_ccrop.jpg,Monocyte,unsegmented-round,bukan_neutrofil,0,0,0,0,0,9204
LY_472472_ccrop.jpg,Lymphocyte,unsegmented-indented,bukan_neutrofil,0,0,0,0,0,5829
EO_136333_ccrop.jpg,Eosinophil,segmented-bilobed,bukan_neutrofil,0,0,0,0,0,5789
BNE_360932_ccrop.jpg,Neutrophil,unsegmented-band,A_sepakat_band,1,173,173,0,1,5157
EO_784861_ccrop.jpg,Eosinophil,unsegmented-band,bukan_neutrofil,0,0,0,0,0,4960
SNE_13626_ccrop.jpg,Neutrophil,segmented-bilobed,B_sepakat_segmented,0,0,0,0,0,7047
EO_752024_ccrop.jpg,Eosinophil,segmented-bilobed,bukan_neutrofil,0,0,0,0,0,6167
EO_675086_ccrop.jpg,Eosinophil,segmented-bilobed,bukan_neutrofil,0,0,0,0,0,6748
SNE_30327_ccrop.jpg,Neutrophil,segmented-multilobed,B_sepakat_segmented,5,53,44,0,5,4853
SNE_287997_ccrop.jpg,Neutrophil,unsegmented-band,C_konflik_SNE_band,0,0,0,0,0,7003
BA_221648_ccrop.jpg,Basophil,irregular,bukan_neutrofil,1,119,119,0,1,8220
SNE_775439_ccrop.jpg,Neutrophil,segmented-multilobed,B_sepakat_segmented,2,970,727,0,2,5415
SNE_134204_ccrop.jpg,Neutrophil,segmented-bilobed,B_sepakat_segmented,0,0,0,0,0,6216
MO_973782_ccrop.jpg,Monocyte,unsegmented-indented,bukan_neutrofil,0,0,0,0,0,8453
BNE_982036_ccrop.jpg,Neutrophil,unsegmented-band,A_sepakat_band,0,0,0,0,0,4982
SNE_183410_ccrop.jpg,Neutrophil,segmented-bilobed,B_sepakat_segmented,0,0,0,0,0,4569
EO_908273_ccrop.jpg,Eosinophil,segmented-bilobed,bukan_neutrofil,0,0,0,0,0,6185
EO_928662_ccrop.jpg,Eosinophil,segmented-bilobed,bukan_neutrofil,0,0,0,0,0,5945
EO_700078_ccrop.jpg,Eosinophil,segmented-multilobed,bukan_neutrofil,0,0,0,0,0,6084
EO_140611_ccrop.jpg,Eosinophil,segmented-multilobed,bukan_neutrofil,0,0,0,0,0,6498
SNE_353210_ccrop.jpg,Neutrophil,unsegmented-band,C_konflik_SNE_band,0,0,0,0,0,5432
SNE_778015_ccrop.jpg,Neutrophil,unsegmented-band,C_konflik_SNE_band,0,0,0,0,0,5315
MO_208701_ccrop.jpg,Monocyte,unsegmented-indented,bukan_neutrofil,0,0,0,0,0,11510
BA_842435_ccrop.jpg,Basophil,irregular,bukan_neutrofil,0,0,0,0,0,6438
LY_459766_ccrop.jpg,Lymphocyte,unsegmented-indented,bukan_neutrofil,0,0,0,0,0,6325
EO_657836_ccrop.jpg,Eosinophil,segmented-bilobed,bukan_neutrofil,0,0,0,0,0,6173
EO_651122_ccrop.jpg,Eosinophil,segmented-bilobed,bukan_neutrofil,0,0,0,0,0,7877
BA_312613_ccrop.jpg,Basophil,irregular,bukan_neutrofil,0,0,0,0,0,7132
SNE_117404_ccrop.jpg,Neutrophil,unsegmented-band,C_konflik_SNE_band,0,0,0,0,0,6290
BNE_989783_ccrop.jpg,Neutrophil,unsegmented-band,A_sepakat_band,0,0,0,0,0,6147
BA_669399_ccrop.jpg,Basophil,segmented-multilobed,bukan_neutrofil,0,0,0,0,0,8165
SNE_207129_ccrop.jpg,Neutrophil,segmented-multilobed,B_sepakat_segmented,1,158,158,0,1,7994
EO_25099_ccrop.jpg,Eosinophil,segmented-bilobed,bukan_neutrofil,0,0,0,0,0,6568
BA_379570_ccrop.jpg,Basophil,irregular,bukan_neutrofil,0,0,0,0,0,6565
EO_662683_ccrop.jpg,Eosinophil,segmented-multilobed,bukan_neutrofil,1,38,38,0,1,8008
MO_898984_ccrop.jpg,Monocyte,unsegmented-indented,bukan_neutrofil,0,0,0,0,0,9534
BNE_631061_ccrop.jpg,Neutrophil,unsegmented-band,A_sepakat_band,0,0,0,0,0,4070
LY_644290_ccrop.jpg,Lymphocyte,unsegmented-round,bukan_neutrofil,0,0,0,0,0,6557
LY_228644_ccrop.jpg,Lymphocyte,unsegmented-round,bukan_neutrofil,0,0,0,0,0,6366
BNE_734743_ccrop.jpg,Neutrophil,unsegmented-band,A_sepakat_band,0,0,0,0,0,5873
EO_854168_ccrop.jpg,Eosinophil,segmented-bilobed,bukan_neutrofil,0,0,0,0,0,14226
EO_99246_ccrop.jpg,Eosinophil,segmented-bilobed,bukan_neutrofil,0,0,0,0,0,6290
EO_850777_ccrop.jpg,Eosinophil,segmented-bilobed,bukan_neutrofil,0,0,0,0,0,6013
BNE_223780_ccrop.jpg,Neutrophil,unsegmented-band,A_sepakat_band,0,0,0,0,0,4864
BA_945489_ccrop.jpg,Basophil,segmented-bilobed,bukan_neutrofil,0,0,0,0,0,7588
SNE_416964_ccrop.jpg,Neutrophil,unsegmented-band,C_konflik_SNE_band,0,0,0,0,0,5608
BA_462686_ccrop.jpg,Basophil,irregular,bukan_neutrofil,0,0,0,0,0,8057
BA_608126_ccrop.jpg,Basophil,segmented-bilobed,bukan_neutrofil,0,0,0,0,0,5329
EO_580259_ccrop.jpg,Eosinophil,segmented-bilobed,bukan_neutrofil,0,0,0,0,0,5260
MO_923859_ccrop.jpg,Monocyte,unsegmented-indented,bukan_neutrofil,0,0,0,0,0,9319
SNE_656626_ccrop.jpg,Neutrophil,unsegmented-band,C_konflik_SNE_band,0,0,0,0,0,5487
EO_344782_ccrop.jpg,Eosinophil,segmented-bilobed,bukan_neutrofil,0,0,0,0,0,6521
MO_847530_ccrop.jpg,Monocyte,unsegmented-indented,bukan_neutrofil,0,0,0,0,0,11252
LY_86378_ccrop.jpg,Lymphocyte,unsegmented-round,bukan_neutrofil,0,0,0,0,0,7594
EO_948738_ccrop.jpg,Eosinophil,segmented-bilobed,bukan_neutrofil,0,0,0,0,0,5458
BNE_2019_ccrop.jpg,Neutrophil,unsegmented-band,A_sepakat_band,1,370,370,0,1,7407
BNE_233841_ccrop.jpg,Neutrophil,segmented-bilobed,D_konflik_BNE_segmented,0,0,0,0,0,4959
EO_859353_ccrop.jpg,Eosinophil,unsegmented-band,bukan_neutrofil,0,0,0,0,0,7557
EO_94450_ccrop.jpg,Eosinophil,segmented-bilobed,bukan_neutrofil,0,0,0,0,0,6843
LY_736101_ccrop.jpg,Lymphocyte,unsegmented-round,bukan_neutrofil,0,0,0,0,0,4634
SNE_995183_ccrop.jpg,Neutrophil,segmented-bilobed,B_sepakat_segmented,0,0,0,0,0,5285
EO_77567_ccrop.jpg,Eosinophil,segmented-bilobed,bukan_neutrofil,0,0,0,0,0,5358
EO_342472_ccrop.jpg,Eosinophil,segmented-bilobed,bukan_neutrofil,0,0,0,0,0,5457
EO_692427_ccrop.jpg,Eosinophil,segmented-multilobed,bukan_neutrofil,0,0,0,0,0,6182
EO_114325_ccrop.jpg,Eosinophil,segmented-multilobed,bukan_neutrofil,0,0,0,0,0,6022
SNE_10487_ccrop.jpg,Neutrophil,unsegmented-band,C_konflik_SNE_band,0,0,0,0,0,4714
EO_474344_ccrop.jpg,Eosinophil,segmented-bilobed,bukan_neutrofil,0,0,0,0,0,6101
MO_812031_ccrop.jpg,Monocyte,unsegmented-indented,bukan_neutrofil,1,148,148,0,1,12170
EO_592257_ccrop.jpg,Eosinophil,unsegmented-band,bukan_neutrofil,2,34,26,0,2,5766
EO_844230_ccrop.jpg,Eosinophil,segmented-bilobed,bukan_neutrofil,0,0,0,0,0,6087
LY_948750_ccrop.jpg,Lymphocyte,unsegmented-round,bukan_neutrofil,0,0,0,0,0,6266
SNE_310178_ccrop.jpg,Neutrophil,segmented-multilobed,B_sepakat_segmented,2,81,58,0,2,5342
BNE_191922_ccrop.jpg,Neutrophil,unsegmented-band,A_sepakat_band,0,0,0,0,0,4982
MO_788806_ccrop.jpg,Monocyte,unsegmented-indented,bukan_neutrofil,0,0,0,0,0,14999
SNE_477716_ccrop.jpg,Neutrophil,segmented-bilobed,B_sepakat_segmented,0,0,0,0,0,4928
BA_273021_ccrop.jpg,Basophil,unsegmented-indented,bukan_neutrofil,0,0,0,0,0,5469
SNE_465184_ccrop.jpg,Neutrophil,segmented-bilobed,B_sepakat_segmented,0,0,0,0,0,5447
EO_731622_ccrop.jpg,Eosinophil,segmented-bilobed,bukan_neutrofil,0,0,0,0,0,5596
MO_543694_ccrop.jpg,Monocyte,unsegmented-indented,bukan_neutrofil,0,0,0,0,0,9312
BA_237864_ccrop.jpg,Basophil,irregular,bukan_neutrofil,1,1,1,0,1,6446
EO_50923_ccrop.jpg,Eosinophil,segmented-bilobed,bukan_neutrofil,0,0,0,0,0,6394
EO_243737_ccrop.jpg,Eosinophil,segmented-multilobed,bukan_neutrofil,0,0,0,0,0,6393
SNE_503826_ccrop.jpg,Neutrophil,segmented-multilobed,B_sepakat_segmented,0,0,0,0,0,6325
EO_318207_ccrop.jpg,Eosinophil,segmented-multilobed,bukan_neutrofil,0,0,0,0,0,6656
BNE_920389_ccrop.jpg,Neutrophil,unsegmented-band,A_sepakat_band,1,246,246,0,1,5659
MO_768683_ccrop.jpg,Monocyte,unsegmented-indented,bukan_neutrofil,0,0,0,0,0,9225
SNE_883350_ccrop.jpg,Neutrophil,segmented-multilobed,B_sepakat_segmented,0,0,0,0,0,5510
SNE_969977_ccrop.jpg,Neutrophil,unsegmented-band,C_konflik_SNE_band,0,0,0,0,0,4651
EO_459049_ccrop.jpg,Eosinophil,segmented-bilobed,bukan_neutrofil,1,175,175,0,1,5524
EO_489904_ccrop.jpg,Eosinophil,segmented-multilobed,bukan_neutrofil,0,0,0,0,0,5938
BNE_143161_ccrop.jpg,Neutrophil,segmented-bilobed,D_konflik_BNE_segmented,0,0,0,0,0,5203
SNE_899888_ccrop.jpg,Neutrophil,unsegmented-band,C_konflik_SNE_band,0,0,0,0,0,6589
BNE_464962_ccrop.jpg,Neutrophil,unsegmented-band,A_sepakat_band,0,0,0,0,0,7241
EO_390994_ccrop.jpg,Eosinophil,segmented-bilobed,bukan_neutrofil,1,238,238,0,1,7259
SNE_556448_ccrop.jpg,Neutrophil,unsegmented-band,C_konflik_SNE_band,0,0,0,0,0,5547
SNE_273217_ccrop.jpg,Neutrophil,segmented-bilobed,B_sepakat_segmented,0,0,0,0,0,5712
EO_554617_ccrop.jpg,Eosinophil,segmented-bilobed,bukan_neutrofil,0,0,0,0,0,5256
MO_243203_ccrop.jpg,Monocyte,irregular,bukan_neutrofil,0,0,0,0,0,10851
MO_133442_ccrop.jpg,Monocyte,unsegmented-indented,bukan_neutrofil,0,0,0,0,0,9598
SNE_670650_ccrop.jpg,Neutrophil,unsegmented-band,C_konflik_SNE_band,0,0,0,0,0,4828
BNE_494447_ccrop.jpg,Neutrophil,unsegmented-band,A_sepakat_band,1,320,320,0,1,5691
LY_953443_ccrop.jpg,Lymphocyte,unsegmented-round,bukan_neutrofil,0,0,0,0,0,6753
EO_322937_ccrop.jpg,Eosinophil,segmented-bilobed,bukan_neutrofil,0,0,0,0,0,6389
EO_690157_ccrop.jpg,Eosinophil,segmented-bilobed,bukan_neutrofil,0,0,0,0,0,5205
BNE_856701_ccrop.jpg,Neutrophil,unsegmented-band,A_sepakat_band,0,0,0,0,0,5696
BNE_309792_ccrop.jpg,Neutrophil,unsegmented-band,A_sepakat_band,0,0,0,0,0,5954
EO_663448_ccrop.jpg,Eosinophil,segmented-bilobed,bukan_neutrofil,0,0,0,0,0,5421
LY_776513_ccrop.jpg,Lymphocyte,unsegmented-round,bukan_neutrofil,0,0,0,0,0,6579
SNE_902951_ccrop.jpg,Neutrophil,segmented-multilobed,B_sepakat_segmented,0,0,0,0,0,5634
SNE_249286_ccrop.jpg,Neutrophil,segmented-bilobed,B_sepakat_segmented,0,0,0,0,0,5883
EO_198665_ccrop.jpg,Eosinophil,segmented-bilobed,bukan_neutrofil,0,0,0,0,0,8101
BNE_393835_ccrop.jpg,Neutrophil,unsegmented-band,A_sepakat_band,1,295,295,0,1,5289
BNE_202023_ccrop.jpg,Neutrophil,unsegmented-band,A_sepakat_band,0,0,0,0,0,5030
EO_112172_ccrop.jpg,Eosinophil,segmented-bilobed,bukan_neutrofil,0,0,0,0,0,6329
EO_910529_ccrop.jpg,Eosinophil,unsegmented-band,bukan_neutrofil,0,0,0,0,0,6386
EO_401749_ccrop.jpg,Eosinophil,segmented-bilobed,bukan_neutrofil,0,0,0,0,0,6504
LY_517503_ccrop.jpg,Lymphocyte,unsegmented-round,bukan_neutrofil,0,0,0,0,0,5806
BA_773446_ccrop.jpg,Basophil,irregular,bukan_neutrofil,1,5,5,0,1,7255
MO_250567_ccrop.jpg,Monocyte,unsegmented-indented,bukan_neutrofil,0,0,0,0,0,7749
BNE_518814_ccrop.jpg,Neutrophil,unsegmented-band,A_sepakat_band,0,0,0,0,0,4963
SNE_449711_ccrop.jpg,Neutrophil,segmented-multilobed,B_sepakat_segmented,1,2,2,0,1,6345
BA_176200_ccrop.jpg,Basophil,unsegmented-band,bukan_neutrofil,0,0,0,0,0,6693
BNE_317666_ccrop.jpg,Neutrophil,unsegmented-band,A_sepakat_band,0,0,0,0,0,5938
LY_137344_ccrop.jpg,Lymphocyte,unsegmented-round,bukan_neutrofil,0,0,0,0,0,5603
EO_809683_ccrop.jpg,Eosinophil,segmented-bilobed,bukan_neutrofil,0,0,0,0,0,6347
EO_78863_ccrop.jpg,Eosinophil,segmented-bilobed,bukan_neutrofil,0,0,0,0,0,7721
LY_894569_ccrop.jpg,Lymphocyte,irregular,bukan_neutrofil,0,0,0,0,0,8480
EO_872983_ccrop.jpg,Eosinophil,segmented-bilobed,bukan_neutrofil,0,0,0,0,0,5967
EO_451304_ccrop.jpg,Eosinophil,unsegmented-band,bukan_neutrofil,0,0,0,0,0,6684
BNE_774908_ccrop.jpg,Neutrophil,unsegmented-band,A_sepakat_band,0,0,0,0,0,6798
BA_455128_ccrop.jpg,Basophil,irregular,bukan_neutrofil,0,0,0,0,0,6770
BNE_989323_ccrop.jpg,Neutrophil,unsegmented-band,A_sepakat_band,0,0,0,0,0,5322
EO_624586_ccrop.jpg,Eosinophil,segmented-bilobed,bukan_neutrofil,1,99,99,0,1,7413
MO_688290_ccrop.jpg,Monocyte,unsegmented-indented,bukan_neutrofil,0,0,0,0,0,9948
EO_97617_ccrop.jpg,Eosinophil,segmented-bilobed,bukan_neutrofil,3,129,90,0,3,5820
BNE_357413_ccrop.jpg,Neutrophil,unsegmented-band,A_sepakat_band,1,78,78,0,1,5893
EO_48961_ccrop.jpg,Eosinophil,segmented-bilobed,bukan_neutrofil,0,0,0,0,0,4985
MO_503237_ccrop.jpg,Monocyte,unsegmented-round,bukan_neutrofil,0,0,0,0,0,9726
EO_167439_ccrop.jpg,Eosinophil,segmented-bilobed,bukan_neutrofil,0,0,0,0,0,7358
BNE_277695_ccrop.jpg,Neutrophil,unsegmented-band,A_sepakat_band,0,0,0,0,0,7881
MO_432101_ccrop.jpg,Monocyte,irregular,bukan_neutrofil,0,0,0,0,0,11507
LY_19758_ccrop.jpg,Lymphocyte,unsegmented-round,bukan_neutrofil,0,0,0,0,0,7866
EO_503298_ccrop.jpg,Eosinophil,segmented-bilobed,bukan_neutrofil,0,0,0,0,0,4934
SNE_646915_ccrop.jpg,Neutrophil,unsegmented-band,C_konflik_SNE_band,0,0,0,0,0,9285
BA_582405_ccrop.jpg,Basophil,irregular,bukan_neutrofil,0,0,0,0,0,4343
EO_262006_ccrop.jpg,Eosinophil,segmented-bilobed,bukan_neutrofil,0,0,0,0,0,4934
EO_697422_ccrop.jpg,Eosinophil,unsegmented-band,bukan_neutrofil,0,0,0,0,0,5988
BNE_953017_ccrop.jpg,Neutrophil,unsegmented-band,A_sepakat_band,0,0,0,0,0,5415
MO_781541_ccrop.jpg,Monocyte,unsegmented-indented,bukan_neutrofil,0,0,0,0,0,11008
BA_665657_ccrop.jpg,Basophil,irregular,bukan_neutrofil,0,0,0,0,0,8198
EO_894574_ccrop.jpg,Eosinophil,unsegmented-band,bukan_neutrofil,0,0,0,0,0,4401
BA_629211_ccrop.jpg,Basophil,irregular,bukan_neutrofil,0,0,0,0,0,5613
EO_233895_ccrop.jpg,Eosinophil,unsegmented-band,bukan_neutrofil,0,0,0,0,0,5798
EO_390478_ccrop.jpg,Eosinophil,segmented-multilobed,bukan_neutrofil,0,0,0,0,0,2749
SNE_198347_ccrop.jpg,Neutrophil,unsegmented-band,C_konflik_SNE_band,1,44,44,0,1,5997
BNE_296618_ccrop.jpg,Neutrophil,unsegmented-band,A_sepakat_band,0,0,0,0,0,6085
BNE_698291_ccrop.jpg,Neutrophil,unsegmented-band,A_sepakat_band,0,0,0,0,0,7656
BA_636364_ccrop.jpg,Basophil,irregular,bukan_neutrofil,0,0,0,0,0,6429
EO_740068_ccrop.jpg,Eosinophil,unsegmented-band,bukan_neutrofil,0,0,0,0,0,7339
LY_741548_ccrop.jpg,Lymphocyte,unsegmented-round,bukan_neutrofil,0,0,0,0,0,6528
BNE_276258_ccrop.jpg,Neutrophil,unsegmented-band,A_sepakat_band,0,0,0,0,0,4423
EO_697519_ccrop.jpg,Eosinophil,segmented-bilobed,bukan_neutrofil,0,0,0,0,0,7220
EO_11818_ccrop.jpg,Eosinophil,segmented-multilobed,bukan_neutrofil,0,0,0,0,0,7777
SNE_139869_ccrop.jpg,Neutrophil,unsegmented-band,C_konflik_SNE_band,0,0,0,0,0,5080
SNE_876406_ccrop.jpg,Neutrophil,segmented-bilobed,B_sepakat_segmented,2,44,42,0,2,7381
SNE_70315_ccrop.jpg,Neutrophil,segmented-multilobed,B_sepakat_segmented,0,0,0,0,0,5826
SNE_12708_ccrop.jpg,Neutrophil,segmented-multilobed,B_sepakat_segmented,0,0,0,0,0,6422
BA_692284_ccrop.jpg,Basophil,irregular,bukan_neutrofil,0,0,0,0,0,4740
LY_800603_ccrop.jpg,Lymphocyte,unsegmented-round,bukan_neutrofil,0,0,0,0,0,6061
EO_647911_ccrop.jpg,Eosinophil,segmented-bilobed,bukan_neutrofil,0,0,0,0,0,5800
EO_73774_ccrop.jpg,Eosinophil,segmented-bilobed,bukan_neutrofil,0,0,0,0,0,6772
EO_809901_ccrop.jpg,Eosinophil,segmented-bilobed,bukan_neutrofil,0,0,0,0,0,7532
LY_47439_ccrop.jpg,Lymphocyte,unsegmented-round,bukan_neutrofil,0,0,0,0,0,4527
BNE_590664_ccrop.jpg,Neutrophil,unsegmented-band,A_sepakat_band,0,0,0,0,0,6665
EO_900162_ccrop.jpg,Eosinophil,segmented-bilobed,bukan_neutrofil,0,0,0,0,0,6267
EO_642190_ccrop.jpg,Eosinophil,segmented-multilobed,bukan_neutrofil,0,0,0,0,0,7143
EO_378811_ccrop.jpg,Eosinophil,segmented-bilobed,bukan_neutrofil,1,1498,1498,0,1,6407
EO_215761_ccrop.jpg,Eosinophil,segmented-bilobed,bukan_neutrofil,0,0,0,0,0,6527
EO_521292_ccrop.jpg,Eosinophil,segmented-bilobed,bukan_neutrofil,0,0,0,0,0,6492
EO_850494_ccrop.jpg,Eosinophil,segmented-multilobed,bukan_neutrofil,0,0,0,0,0,6237
BNE_496119_ccrop.jpg,Neutrophil,unsegmented-band,A_sepakat_band,0,0,0,0,0,5867
SNE_838035_ccrop.jpg,Neutrophil,unsegmented-band,C_konflik_SNE_band,0,0,0,0,0,7069
MO_987913_ccrop.jpg,Monocyte,unsegmented-indented,bukan_neutrofil,0,0,0,0,0,9656
MO_774156_ccrop.jpg,Monocyte,irregular,bukan_neutrofil,0,0,0,0,0,11280
EO_146612_ccrop.jpg,Eosinophil,segmented-bilobed,bukan_neutrofil,0,0,0,0,0,5094
EO_741404_ccrop.jpg,Eosinophil,segmented-bilobed,bukan_neutrofil,0,0,0,0,0,5295
BNE_142830_ccrop.jpg,Neutrophil,unsegmented-band,A_sepakat_band,0,0,0,0,0,6956
MO_665320_ccrop.jpg,Monocyte,unsegmented-indented,bukan_neutrofil,1,119,119,0,1,13554
BA_812946_ccrop.jpg,Basophil,irregular,bukan_neutrofil,0,0,0,0,0,5762
LY_967233_ccrop.jpg,Lymphocyte,unsegmented-round,bukan_neutrofil,0,0,0,0,0,5258
EO_278646_ccrop.jpg,Eosinophil,segmented-bilobed,bukan_neutrofil,0,0,0,0,0,6749
EO_454445_ccrop.jpg,Eosinophil,segmented-bilobed,bukan_neutrofil,0,0,0,0,0,6147
MO_732547_ccrop.jpg,Monocyte,unsegmented-indented,bukan_neutrofil,0,0,0,0,0,9273
BA_509334_ccrop.jpg,Basophil,irregular,bukan_neutrofil,0,0,0,0,0,6060
BA_746754_ccrop.jpg,Basophil,segmented-bilobed,bukan_neutrofil,0,0,0,0,0,6431
BA_679849_ccrop.jpg,Basophil,segmented-bilobed,bukan_neutrofil,0,0,0,0,0,7548
EO_775512_ccrop.jpg,Eosinophil,segmented-bilobed,bukan_neutrofil,0,0,0,0,0,7101
EO_711696_ccrop.jpg,Eosinophil,segmented-bilobed,bukan_neutrofil,0,0,0,0,0,6538
BA_446850_ccrop.jpg,Basophil,irregular,bukan_neutrofil,0,0,0,0,0,5624
BNE_608268_ccrop.jpg,Neutrophil,unsegmented-band,A_sepakat_band,0,0,0,0,0,5227
BA_177230_ccrop.jpg,Basophil,segmented-multilobed,bukan_neutrofil,1,28,28,0,1,6376
MO_500297_ccrop.jpg,Monocyte,unsegmented-indented,bukan_neutrofil,0,0,0,0,0,9647
SNE_319893_ccrop.jpg,Neutrophil,segmented-multilobed,B_sepakat_segmented,0,0,0,0,0,6386
BNE_358190_ccrop.jpg,Neutrophil,unsegmented-band,A_sepakat_band,2,2,1,0,2,6114
EO_706620_ccrop.jpg,Eosinophil,segmented-bilobed,bukan_neutrofil,0,0,0,0,0,7578
MO_963169_ccrop.jpg,Monocyte,unsegmented-indented,bukan_neutrofil,0,0,0,0,0,11508
SNE_33661_ccrop.jpg,Neutrophil,unsegmented-band,C_konflik_SNE_band,1,1,1,0,1,5048
SNE_833646_ccrop.jpg,Neutrophil,segmented-bilobed,B_sepakat_segmented,0,0,0,0,0,5572
EO_324596_ccrop.jpg,Eosinophil,unsegmented-indented,bukan_neutrofil,0,0,0,0,0,5187
MO_258431_ccrop.jpg,Monocyte,unsegmented-indented,bukan_neutrofil,0,0,0,0,0,10803
EO_902685_ccrop.jpg,Eosinophil,segmented-multilobed,bukan_neutrofil,0,0,0,0,0,6478
MO_363879_ccrop.jpg,Monocyte,unsegmented-indented,bukan_neutrofil,0,0,0,0,0,11570
EO_532512_ccrop.jpg,Eosinophil,segmented-bilobed,bukan_neutrofil,0,0,0,0,0,5746
BA_618018_ccrop.jpg,Basophil,segmented-bilobed,bukan_neutrofil,0,0,0,0,0,5447
EO_15818_ccrop.jpg,Eosinophil,segmented-bilobed,bukan_neutrofil,0,0,0,0,0,6452
BNE_605529_ccrop.jpg,Neutrophil,unsegmented-band,A_sepakat_band,0,0,0,0,0,6679
MO_7582_ccrop.jpg,Monocyte,unsegmented-indented,bukan_neutrofil,0,0,0,0,0,11034
BNE_438674_ccrop.jpg,Neutrophil,irregular,E_lainnya,0,0,0,0,0,4215
MO_340650_ccrop.jpg,Monocyte,unsegmented-indented,bukan_neutrofil,0,0,0,0,0,11335
SNE_651622_ccrop.jpg,Neutrophil,segmented-bilobed,B_sepakat_segmented,0,0,0,0,0,4719
SNE_801347_ccrop.jpg,Neutrophil,unsegmented-band,C_konflik_SNE_band,0,0,0,0,0,6013
LY_893448_ccrop.jpg,Lymphocyte,unsegmented-round,bukan_neutrofil,0,0,0,0,0,6564
BNE_136347_ccrop.jpg,Neutrophil,unsegmented-band,A_sepakat_band,0,0,0,0,0,7454
SNE_929963_ccrop.jpg,Neutrophil,unsegmented-band,C_konflik_SNE_band,0,0,0,0,0,5665
BNE_47650_ccrop.jpg,Neutrophil,unsegmented-band,A_sepakat_band,0,0,0,0,0,5160
LY_642004_ccrop.jpg,Lymphocyte,unsegmented-round,bukan_neutrofil,0,0,0,0,0,5356
MO_312237_ccrop.jpg,Monocyte,unsegmented-indented,bukan_neutrofil,0,0,0,0,0,10935
SNE_497960_ccrop.jpg,Neutrophil,segmented-multilobed,B_sepakat_segmented,0,0,0,0,0,5383
EO_379388_ccrop.jpg,Eosinophil,segmented-bilobed,bukan_neutrofil,0,0,0,0,0,8023
MO_56423_ccrop.jpg,Monocyte,unsegmented-indented,bukan_neutrofil,0,0,0,0,0,9004
BA_208485_ccrop.jpg,Basophil,irregular,bukan_neutrofil,0,0,0,0,0,5035
EO_445288_ccrop.jpg,Eosinophil,segmented-multilobed,bukan_neutrofil,1,6,6,0,1,6478
MO_525648_ccrop.jpg,Monocyte,unsegmented-indented,bukan_neutrofil,0,0,0,0,0,11840
EO_132073_ccrop.jpg,Eosinophil,segmented-bilobed,bukan_neutrofil,0,0,0,0,0,5235
BA_768965_ccrop.jpg,Basophil,unsegmented-band,bukan_neutrofil,1,1,1,0,1,7661
BA_659962_ccrop.jpg,Basophil,segmented-multilobed,bukan_neutrofil,0,0,0,0,0,9605
BNE_615813_ccrop.jpg,Neutrophil,unsegmented-band,A_sepakat_band,2,43,40,0,2,5197
BNE_273083_ccrop.jpg,Neutrophil,unsegmented-band,A_sepakat_band,0,0,0,0,0,5324
MO_189430_ccrop.jpg,Monocyte,unsegmented-indented,bukan_neutrofil,0,0,0,0,0,10017
BNE_164709_ccrop.jpg,Neutrophil,unsegmented-band,A_sepakat_band,0,0,0,0,0,5962
EO_504168_ccrop.jpg,Eosinophil,segmented-bilobed,bukan_neutrofil,0,0,0,0,0,6989
BNE_53949_ccrop.jpg,Neutrophil,unsegmented-band,A_sepakat_band,0,0,0,0,0,6927
BNE_391140_ccrop.jpg,Neutrophil,unsegmented-band,A_sepakat_band,0,0,0,0,0,5773
EO_583175_ccrop.jpg,Eosinophil,segmented-bilobed,bukan_neutrofil,0,0,0,0,0,7572
BA_255913_ccrop.jpg,Basophil,segmented-multilobed,bukan_neutrofil,1,760,760,0,1,8124
BNE_324608_ccrop.jpg,Neutrophil,unsegmented-band,A_sepakat_band,0,0,0,0,0,7171
MO_134551_ccrop.jpg,Monocyte,unsegmented-indented,bukan_neutrofil,0,0,0,0,0,9745
EO_788031_ccrop.jpg,Eosinophil,segmented-bilobed,bukan_neutrofil,0,0,0,0,0,4816
BNE_768872_ccrop.jpg,Neutrophil,unsegmented-band,A_sepakat_band,0,0,0,0,0,7004
BNE_528434_ccrop.jpg,Neutrophil,unsegmented-band,A_sepakat_band,0,0,0,0,0,4621
SNE_603329_ccrop.jpg,Neutrophil,segmented-multilobed,B_sepakat_segmented,0,0,0,0,0,4738
MO_889379_ccrop.jpg,Monocyte,unsegmented-indented,bukan_neutrofil,1,369,369,0,1,9704
EO_69115_ccrop.jpg,Eosinophil,segmented-bilobed,bukan_neutrofil,0,0,0,0,0,6257
EO_155983_ccrop.jpg,Eosinophil,segmented-bilobed,bukan_neutrofil,0,0,0,0,0,7732
BNE_371756_ccrop.jpg,Neutrophil,unsegmented-band,A_sepakat_band,0,0,0,0,0,4976
SNE_257590_ccrop.jpg,Neutrophil,segmented-bilobed,B_sepakat_segmented,0,0,0,0,0,4440
LY_791031_ccrop.jpg,Lymphocyte,unsegmented-round,bukan_neutrofil,0,0,0,0,0,8565
LY_480700_ccrop.jpg,Lymphocyte,unsegmented-round,bukan_neutrofil,0,0,0,0,0,5372
EO_673822_ccrop.jpg,Eosinophil,segmented-bilobed,bukan_neutrofil,0,0,0,0,0,6539
MO_610112_ccrop.jpg,Monocyte,unsegmented-indented,bukan_neutrofil,0,0,0,0,0,10848
BA_956552_ccrop.jpg,Basophil,unsegmented-round,bukan_neutrofil,0,0,0,0,0,7346
MO_344440_ccrop.jpg,Monocyte,unsegmented-indented,bukan_neutrofil,0,0,0,0,0,10886
LY_722199_ccrop.jpg,Lymphocyte,unsegmented-round,bukan_neutrofil,0,0,0,0,0,5117
MO_352748_ccrop.jpg,Monocyte,unsegmented-indented,bukan_neutrofil,0,0,0,0,0,10113
LY_554741_ccrop.jpg,Lymphocyte,unsegmented-round,bukan_neutrofil,0,0,0,0,0,6481
SNE_982751_ccrop.jpg,Neutrophil,unsegmented-band,C_konflik_SNE_band,0,0,0,0,0,6177
EO_3799_ccrop.jpg,Eosinophil,segmented-multilobed,bukan_neutrofil,0,0,0,0,0,5476
MO_301812_ccrop.jpg,Monocyte,unsegmented-indented,bukan_neutrofil,2,107,74,0,2,11659
MO_262114_ccrop.jpg,Monocyte,unsegmented-indented,bukan_neutrofil,1,1,1,0,1,8604
LY_123421_ccrop.jpg,Lymphocyte,unsegmented-round,bukan_neutrofil,0,0,0,0,0,5674
MO_246145_ccrop.jpg,Monocyte,unsegmented-indented,bukan_neutrofil,2,37,36,0,2,10791
LY_612323_ccrop.jpg,Lymphocyte,unsegmented-round,bukan_neutrofil,0,0,0,0,0,7854
EO_446449_ccrop.jpg,Eosinophil,segmented-bilobed,bukan_neutrofil,0,0,0,0,0,6161
SNE_533941_ccrop.jpg,Neutrophil,segmented-multilobed,B_sepakat_segmented,1,626,626,0,1,6223
EO_749539_ccrop.jpg,Eosinophil,segmented-bilobed,bukan_neutrofil,0,0,0,0,0,6754
EO_255525_ccrop.jpg,Eosinophil,segmented-bilobed,bukan_neutrofil,0,0,0,0,0,8574
EO_788042_ccrop.jpg,Eosinophil,segmented-bilobed,bukan_neutrofil,0,0,0,0,0,5067
MO_179303_ccrop.jpg,Monocyte,irregular,bukan_neutrofil,2,174,93,0,2,12303
EO_500493_ccrop.jpg,Eosinophil,segmented-bilobed,bukan_neutrofil,0,0,0,0,0,5294
SNE_465183_ccrop.jpg,Neutrophil,segmented-bilobed,B_sepakat_segmented,1,46,46,0,1,5684
LY_758422_ccrop.jpg,Lymphocyte,unsegmented-indented,bukan_neutrofil,0,0,0,0,0,6414
LY_446605_ccrop.jpg,Lymphocyte,unsegmented-round,bukan_neutrofil,0,0,0,0,0,6088
EO_573590_ccrop.jpg,Eosinophil,segmented-bilobed,bukan_neutrofil,0,0,0,0,0,8360
BA_437113_ccrop.jpg,Basophil,segmented-bilobed,bukan_neutrofil,0,0,0,0,0,6052
BNE_333349_ccrop.jpg,Neutrophil,unsegmented-band,A_sepakat_band,0,0,0,0,0,5909
BNE_473596_ccrop.jpg,Neutrophil,unsegmented-band,A_sepakat_band,0,0,0,0,0,5127
EO_350212_ccrop.jpg,Eosinophil,segmented-bilobed,bukan_neutrofil,0,0,0,0,0,5794
BNE_181280_ccrop.jpg,Neutrophil,unsegmented-band,A_sepakat_band,0,0,0,0,0,6246
SNE_603296_ccrop.jpg,Neutrophil,unsegmented-band,C_konflik_SNE_band,0,0,0,0,0,4999
SNE_419387_ccrop.jpg,Neutrophil,segmented-multilobed,B_sepakat_segmented,0,0,0,0,0,5759
EO_35975_ccrop.jpg,Eosinophil,segmented-multilobed,bukan_neutrofil,0,0,0,0,0,6364
SNE_756802_ccrop.jpg,Neutrophil,segmented-bilobed,B_sepakat_segmented,0,0,0,0,0,6071
BA_285156_ccrop.jpg,Basophil,unsegmented-round,bukan_neutrofil,0,0,0,0,0,6576
SNE_180156_ccrop.jpg,Neutrophil,unsegmented-band,C_konflik_SNE_band,0,0,0,0,0,5407
EO_786059_ccrop.jpg,Eosinophil,segmented-bilobed,bukan_neutrofil,0,0,0,0,0,5459
EO_824579_ccrop.jpg,Eosinophil,segmented-bilobed,bukan_neutrofil,0,0,0,0,0,6303
LY_781116_ccrop.jpg,Lymphocyte,unsegmented-round,bukan_neutrofil,0,0,0,0,0,6028
LY_384251_ccrop.jpg,Lymphocyte,unsegmented-round,bukan_neutrofil,0,0,0,0,0,6097
LY_133266_ccrop.jpg,Lymphocyte,unsegmented-round,bukan_neutrofil,0,0,0,0,0,6646
MO_45274_ccrop.jpg,Monocyte,unsegmented-indented,bukan_neutrofil,0,0,0,0,0,11953
BNE_436813_ccrop.jpg,Neutrophil,unsegmented-band,A_sepakat_band,0,0,0,0,0,6255
EO_402565_ccrop.jpg,Eosinophil,segmented-bilobed,bukan_neutrofil,0,0,0,0,0,6980
BNE_749441_ccrop.jpg,Neutrophil,unsegmented-band,A_sepakat_band,0,0,0,0,0,7582
EO_490251_ccrop.jpg,Eosinophil,segmented-bilobed,bukan_neutrofil,0,0,0,0,0,5983
BA_457610_ccrop.jpg,Basophil,segmented-bilobed,bukan_neutrofil,0,0,0,0,0,6529
EO_795119_ccrop.jpg,Eosinophil,segmented-bilobed,bukan_neutrofil,0,0,0,0,0,5606
EO_410004_ccrop.jpg,Eosinophil,segmented-bilobed,bukan_neutrofil,0,0,0,0,0,5423
BA_879878_ccrop.jpg,Basophil,unsegmented-band,bukan_neutrofil,0,0,0,0,0,7415
BA_19779_ccrop.jpg,Basophil,segmented-multilobed,bukan_neutrofil,1,60,60,0,1,6423
LY_310482_ccrop.jpg,Lymphocyte,unsegmented-round,bukan_neutrofil,0,0,0,0,0,5446
BA_870464_ccrop.jpg,Basophil,unsegmented-band,bukan_neutrofil,0,0,0,0,0,6668
EO_190201_ccrop.jpg,Eosinophil,segmented-multilobed,bukan_neutrofil,4,471,454,0,4,5575
EO_379318_ccrop.jpg,Eosinophil,segmented-multilobed,bukan_neutrofil,0,0,0,0,0,4471
BNE_129921_ccrop.jpg,Neutrophil,unsegmented-band,A_sepakat_band,0,0,0,0,0,5743
BNE_554685_ccrop.jpg,Neutrophil,unsegmented-band,A_sepakat_band,0,0,0,0,0,7156
SNE_874551_ccrop.jpg,Neutrophil,unsegmented-band,C_konflik_SNE_band,0,0,0,0,0,5583
LY_442238_ccrop.jpg,Lymphocyte,unsegmented-round,bukan_neutrofil,0,0,0,0,0,5639
LY_752478_ccrop.jpg,Lymphocyte,unsegmented-round,bukan_neutrofil,0,0,0,0,0,6443
EO_944985_ccrop.jpg,Eosinophil,unsegmented-band,bukan_neutrofil,0,0,0,0,0,5769
EO_315883_ccrop.jpg,Eosinophil,segmented-bilobed,bukan_neutrofil,0,0,0,0,0,6731
EO_557988_ccrop.jpg,Eosinophil,segmented-bilobed,bukan_neutrofil,0,0,0,0,0,6154
MO_216299_ccrop.jpg,Monocyte,irregular,bukan_neutrofil,0,0,0,0,0,10700
MO_678002_ccrop.jpg,Monocyte,irregular,bukan_neutrofil,0,0,0,0,0,10686
BNE_225758_ccrop.jpg,Neutrophil,unsegmented-band,A_sepakat_band,0,0,0,0,0,7462
EO_116336_ccrop.jpg,Eosinophil,segmented-bilobed,bukan_neutrofil,0,0,0,0,0,5850
EO_483841_ccrop.jpg,Eosinophil,segmented-bilobed,bukan_neutrofil,0,0,0,0,0,6052
BNE_358306_ccrop.jpg,Neutrophil,unsegmented-band,A_sepakat_band,0,0,0,0,0,5630
EO_642891_ccrop.jpg,Eosinophil,segmented-multilobed,bukan_neutrofil,0,0,0,0,0,6880
BNE_565424_ccrop.jpg,Neutrophil,unsegmented-band,A_sepakat_band,0,0,0,0,0,6814
EO_303404_ccrop.jpg,Eosinophil,segmented-bilobed,bukan_neutrofil,0,0,0,0,0,7574
SNE_780200_ccrop.jpg,Neutrophil,segmented-bilobed,B_sepakat_segmented,0,0,0,0,0,4705
MO_701687_ccrop.jpg,Monocyte,unsegmented-indented,bukan_neutrofil,0,0,0,0,0,12285
EO_991521_ccrop.jpg,Eosinophil,segmented-bilobed,bukan_neutrofil,0,0,0,0,0,6202
BNE_38320_ccrop.jpg,Neutrophil,unsegmented-band,A_sepakat_band,0,0,0,0,0,5676
SNE_371956_ccrop.jpg,Neutrophil,unsegmented-band,C_konflik_SNE_band,0,0,0,0,0,5061
EO_943221_ccrop.jpg,Eosinophil,segmented-bilobed,bukan_neutrofil,0,0,0,0,0,5818
EO_921575_ccrop.jpg,Eosinophil,segmented-bilobed,bukan_neutrofil,1,674,674,0,1,5923
MO_23087_ccrop.jpg,Monocyte,unsegmented-indented,bukan_neutrofil,0,0,0,0,0,10551
BA_305833_ccrop.jpg,Basophil,irregular,bukan_neutrofil,0,0,0,0,0,7478
BNE_540699_ccrop.jpg,Neutrophil,unsegmented-band,A_sepakat_band,0,0,0,0,0,5332
BA_949913_ccrop.jpg,Basophil,segmented-bilobed,bukan_neutrofil,0,0,0,0,0,8228
LY_670000_ccrop.jpg,Lymphocyte,unsegmented-round,bukan_neutrofil,0,0,0,0,0,6030
BA_936898_ccrop.jpg,Basophil,segmented-bilobed,bukan_neutrofil,0,0,0,0,0,5378
SNE_43921_ccrop.jpg,Neutrophil,unsegmented-band,C_konflik_SNE_band,0,0,0,0,0,5863
LY_815802_ccrop.jpg,Lymphocyte,unsegmented-round,bukan_neutrofil,0,0,0,0,0,6798
BNE_556085_ccrop.jpg,Neutrophil,unsegmented-band,A_sepakat_band,0,0,0,0,0,5797
EO_552215_ccrop.jpg,Eosinophil,segmented-bilobed,bukan_neutrofil,0,0,0,0,0,6910
BA_163898_ccrop.jpg,Basophil,irregular,bukan_neutrofil,1,317,317,0,1,9716
EO_816467_ccrop.jpg,Eosinophil,segmented-bilobed,bukan_neutrofil,0,0,0,0,0,6540
SNE_934241_ccrop.jpg,Neutrophil,segmented-multilobed,B_sepakat_segmented,2,8,6,0,2,5615
SNE_310817_ccrop.jpg,Neutrophil,segmented-bilobed,B_sepakat_segmented,0,0,0,0,0,5885
LY_357552_ccrop.jpg,Lymphocyte,irregular,bukan_neutrofil,0,0,0,0,0,7168
SNE_815811_ccrop.jpg,Neutrophil,unsegmented-band,C_konflik_SNE_band,0,0,0,0,0,7441
BNE_980007_ccrop.jpg,Neutrophil,unsegmented-band,A_sepakat_band,0,0,0,0,0,6726
BNE_193611_ccrop.jpg,Neutrophil,unsegmented-band,A_sepakat_band,0,0,0,0,0,4395
MO_218905_ccrop.jpg,Monocyte,unsegmented-indented,bukan_neutrofil,0,0,0,0,0,9677
EO_514883_ccrop.jpg,Eosinophil,segmented-bilobed,bukan_neutrofil,0,0,0,0,0,5025
SNE_313880_ccrop.jpg,Neutrophil,segmented-bilobed,B_sepakat_segmented,0,0,0,0,0,5280
LY_733471_ccrop.jpg,Lymphocyte,unsegmented-round,bukan_neutrofil,0,0,0,0,0,5434
BNE_839282_ccrop.jpg,Neutrophil,segmented-multilobed,D_konflik_BNE_segmented,0,0,0,0,0,5021
MO_236347_ccrop.jpg,Monocyte,unsegmented-indented,bukan_neutrofil,0,0,0,0,0,10613
EO_540748_ccrop.jpg,Eosinophil,unsegmented-band,bukan_neutrofil,0,0,0,0,0,5912
SNE_864961_ccrop.jpg,Neutrophil,unsegmented-band,C_konflik_SNE_band,0,0,0,0,0,4947
MO_551084_ccrop.jpg,Monocyte,unsegmented-indented,bukan_neutrofil,0,0,0,0,0,15277
EO_417637_ccrop.jpg,Eosinophil,segmented-bilobed,bukan_neutrofil,0,0,0,0,0,5949
BNE_596393_ccrop.jpg,Neutrophil,unsegmented-band,A_sepakat_band,0,0,0,0,0,5250
SNE_333218_ccrop.jpg,Neutrophil,segmented-multilobed,B_sepakat_segmented,2,443,441,0,2,5226
BA_681430_ccrop.jpg,Basophil,unsegmented-band,bukan_neutrofil,0,0,0,0,0,7253
EO_526408_ccrop.jpg,Eosinophil,unsegmented-band,bukan_neutrofil,0,0,0,0,0,6944
BNE_962214_ccrop.jpg,Neutrophil,unsegmented-band,A_sepakat_band,0,0,0,0,0,4875
LY_921451_ccrop.jpg,Lymphocyte,unsegmented-round,bukan_neutrofil,0,0,0,0,0,6034
BNE_707427_ccrop.jpg,Neutrophil,unsegmented-band,A_sepakat_band,0,0,0,0,0,4742
EO_150174_ccrop.jpg,Eosinophil,segmented-bilobed,bukan_neutrofil,0,0,0,0,0,6378
BNE_596329_ccrop.jpg,Neutrophil,unsegmented-band,A_sepakat_band,0,0,0,0,0,5464
EO_166091_ccrop.jpg,Eosinophil,segmented-multilobed,bukan_neutrofil,1,49,49,0,1,5437
BA_991965_ccrop.jpg,Basophil,segmented-bilobed,bukan_neutrofil,1,46,46,0,1,6444
EO_366584_ccrop.jpg,Eosinophil,segmented-multilobed,bukan_neutrofil,0,0,0,0,0,6431
BA_38810_ccrop.jpg,Basophil,segmented-bilobed,bukan_neutrofil,0,0,0,0,0,9326
EO_663412_ccrop.jpg,Eosinophil,segmented-bilobed,bukan_neutrofil,3,67,62,0,3,5937
MO_659296_ccrop.jpg,Monocyte,irregular,bukan_neutrofil,1,37,37,0,1,9605
BNE_951815_ccrop.jpg,Neutrophil,unsegmented-band,A_sepakat_band,0,0,0,0,0,5237
MO_362118_ccrop.jpg,Monocyte,unsegmented-indented,bukan_neutrofil,0,0,0,0,0,8417
BA_961470_ccrop.jpg,Basophil,irregular,bukan_neutrofil,0,0,0,0,0,6745
BNE_249469_ccrop.jpg,Neutrophil,unsegmented-band,A_sepakat_band,0,0,0,0,0,5380
EO_230805_ccrop.jpg,Eosinophil,segmented-bilobed,bukan_neutrofil,0,0,0,0,0,5323
EO_910069_ccrop.jpg,Eosinophil,segmented-bilobed,bukan_neutrofil,0,0,0,0,0,5278
EO_66567_ccrop.jpg,Eosinophil,segmented-bilobed,bukan_neutrofil,0,0,0,0,0,6667
EO_466996_ccrop.jpg,Eosinophil,segmented-bilobed,bukan_neutrofil,0,0,0,0,0,5876
MO_146598_ccrop.jpg,Monocyte,irregular,bukan_neutrofil,0,0,0,0,0,12043
BA_124938_ccrop.jpg,Basophil,irregular,bukan_neutrofil,0,0,0,0,0,6995
LY_217524_ccrop.jpg,Lymphocyte,unsegmented-round,bukan_neutrofil,0,0,0,0,0,5692
EO_25947_ccrop.jpg,Eosinophil,segmented-bilobed,bukan_neutrofil,0,0,0,0,0,6729
SNE_159393_ccrop.jpg,Neutrophil,unsegmented-band,C_konflik_SNE_band,0,0,0,0,0,7276
MO_569269_ccrop.jpg,Monocyte,unsegmented-indented,bukan_neutrofil,0,0,0,0,0,9157
EO_2755_ccrop.jpg,Eosinophil,segmented-multilobed,bukan_neutrofil,3,123,110,0,3,5319
EO_501290_ccrop.jpg,Eosinophil,unsegmented-band,bukan_neutrofil,0,0,0,0,0,5454
BA_249665_ccrop.jpg,Basophil,unsegmented-round,bukan_neutrofil,0,0,0,0,0,6287
MO_371151_ccrop.jpg,Monocyte,unsegmented-indented,bukan_neutrofil,0,0,0,0,0,11972
BNE_80070_ccrop.jpg,Neutrophil,unsegmented-band,A_sepakat_band,0,0,0,0,0,5984
BNE_810657_ccrop.jpg,Neutrophil,unsegmented-band,A_sepakat_band,0,0,0,0,0,5337
SNE_70096_ccrop.jpg,Neutrophil,segmented-bilobed,B_sepakat_segmented,0,0,0,0,0,6664
EO_945726_ccrop.jpg,Eosinophil,unsegmented-band,bukan_neutrofil,0,0,0,0,0,5814
EO_594816_ccrop.jpg,Eosinophil,segmented-bilobed,bukan_neutrofil,0,0,0,0,0,7111
BA_952548_ccrop.jpg,Basophil,segmented-bilobed,bukan_neutrofil,0,0,0,0,0,5641
EO_333532_ccrop.jpg,Eosinophil,segmented-multilobed,bukan_neutrofil,0,0,0,0,0,5611
MO_828359_ccrop.jpg,Monocyte,unsegmented-indented,bukan_neutrofil,0,0,0,0,0,10240
MO_204551_ccrop.jpg,Monocyte,unsegmented-indented,bukan_neutrofil,0,0,0,0,0,9576
MO_854235_ccrop.jpg,Monocyte,unsegmented-indented,bukan_neutrofil,0,0,0,0,0,9865
NEUTROPHIL_941537_ccrop.jpg,Neutrophil,segmented-bilobed,F_tak_bersubtipe,1,317,317,0,1,5164
BNE_682450_ccrop.jpg,Neutrophil,unsegmented-band,A_sepakat_band,0,0,0,0,0,4866
LY_776183_ccrop.jpg,Lymphocyte,unsegmented-indented,bukan_neutrofil,0,0,0,0,0,5638
BA_152650_ccrop.jpg,Basophil,segmented-bilobed,bukan_neutrofil,0,0,0,0,0,4958
MO_248933_ccrop.jpg,Monocyte,unsegmented-indented,bukan_neutrofil,0,0,0,0,0,10006
LY_979514_ccrop.jpg,Lymphocyte,unsegmented-round,bukan_neutrofil,0,0,0,0,0,5522
SNE_513920_ccrop.jpg,Neutrophil,segmented-multilobed,B_sepakat_segmented,0,0,0,0,0,5299
BA_938239_ccrop.jpg,Basophil,segmented-bilobed,bukan_neutrofil,1,607,607,0,1,7945
SNE_68308_ccrop.jpg,Neutrophil,unsegmented-band,C_konflik_SNE_band,0,0,0,0,0,4801
EO_396981_ccrop.jpg,Eosinophil,segmented-bilobed,bukan_neutrofil,0,0,0,0,0,6477
BA_900142_ccrop.jpg,Basophil,irregular,bukan_neutrofil,0,0,0,0,0,6893
MO_821957_ccrop.jpg,Monocyte,unsegmented-round,bukan_neutrofil,0,0,0,0,0,13552
MO_658439_ccrop.jpg,Monocyte,unsegmented-indented,bukan_neutrofil,0,0,0,0,0,11647
MO_649150_ccrop.jpg,Monocyte,irregular,bukan_neutrofil,1,63,63,0,1,11789
BNE_49911_ccrop.jpg,Neutrophil,unsegmented-band,A_sepakat_band,0,0,0,0,0,5361
BA_35803_ccrop.jpg,Basophil,segmented-bilobed,bukan_neutrofil,0,0,0,0,0,8770
MO_105547_ccrop.jpg,Monocyte,irregular,bukan_neutrofil,0,0,0,0,0,9457
MO_627229_ccrop.jpg,Monocyte,unsegmented-indented,bukan_neutrofil,1,26,26,0,1,11157
MO_739789_ccrop.jpg,Monocyte,unsegmented-indented,bukan_neutrofil,0,0,0,0,0,8642
MO_801295_ccrop.jpg,Monocyte,unsegmented-indented,bukan_neutrofil,0,0,0,0,0,10104
SNE_119786_ccrop.jpg,Neutrophil,segmented-bilobed,B_sepakat_segmented,0,0,0,0,0,15075
BNE_681139_ccrop.jpg,Neutrophil,unsegmented-band,A_sepakat_band,1,423,423,0,1,5858
SNE_42209_ccrop.jpg,Neutrophil,segmented-bilobed,B_sepakat_segmented,0,0,0,0,0,5668
BNE_370832_ccrop.jpg,Neutrophil,unsegmented-band,A_sepakat_band,0,0,0,0,0,6202
LY_404117_ccrop.jpg,Lymphocyte,unsegmented-indented,bukan_neutrofil,0,0,0,0,0,7286
EO_210100_ccrop.jpg,Eosinophil,segmented-bilobed,bukan_neutrofil,0,0,0,0,0,5814
BNE_461129_ccrop.jpg,Neutrophil,unsegmented-band,A_sepakat_band,0,0,0,0,0,6357
BNE_330256_ccrop.jpg,Neutrophil,unsegmented-band,A_sepakat_band,0,0,0,0,0,5154
MO_467052_ccrop.jpg,Monocyte,unsegmented-indented,bukan_neutrofil,0,0,0,0,0,8811
MO_650709_ccrop.jpg,Monocyte,irregular,bukan_neutrofil,0,0,0,0,0,9065
BA_28660_ccrop.jpg,Basophil,unsegmented-band,bukan_neutrofil,0,0,0,0,0,7605
SNE_939093_ccrop.jpg,Neutrophil,unsegmented-band,C_konflik_SNE_band,1,14,14,0,1,5276
SNE_987130_ccrop.jpg,Neutrophil,segmented-multilobed,B_sepakat_segmented,1,88,88,0,1,5576
EO_906407_ccrop.jpg,Eosinophil,segmented-multilobed,bukan_neutrofil,0,0,0,0,0,6032
MO_89959_ccrop.jpg,Monocyte,unsegmented-indented,bukan_neutrofil,0,0,0,0,0,8706
SNE_19711_ccrop.jpg,Neutrophil,segmented-bilobed,B_sepakat_segmented,0,0,0,0,0,5333
SNE_491822_ccrop.jpg,Neutrophil,unsegmented-band,C_konflik_SNE_band,0,0,0,0,0,4868
EO_507742_ccrop.jpg,Eosinophil,segmented-multilobed,bukan_neutrofil,0,0,0,0,0,5928
EO_648175_ccrop.jpg,Eosinophil,segmented-bilobed,bukan_neutrofil,0,0,0,0,0,6108
SNE_589408_ccrop.jpg,Neutrophil,segmented-bilobed,B_sepakat_segmented,0,0,0,0,0,7176
SNE_125468_ccrop.jpg,Neutrophil,segmented-bilobed,B_sepakat_segmented,0,0,0,0,0,5615
BNE_620809_ccrop.jpg,Neutrophil,unsegmented-band,A_sepakat_band,0,0,0,0,0,5722
BNE_22505_ccrop.jpg,Neutrophil,unsegmented-indented,E_lainnya,0,0,0,0,0,5361
LY_521923_ccrop.jpg,Lymphocyte,unsegmented-round,bukan_neutrofil,0,0,0,0,0,6751
MO_898257_ccrop.jpg,Monocyte,unsegmented-indented,bukan_neutrofil,0,0,0,0,0,10268
BA_643553_ccrop.jpg,Basophil,irregular,bukan_neutrofil,1,36,36,0,1,7298
BA_393233_ccrop.jpg,Basophil,segmented-bilobed,bukan_neutrofil,1,1,1,0,1,7816
EO_469714_ccrop.jpg,Eosinophil,segmented-bilobed,bukan_neutrofil,0,0,0,0,0,7195
LY_828205_ccrop.jpg,Lymphocyte,unsegmented-round,bukan_neutrofil,0,0,0,0,0,4687
EO_580753_ccrop.jpg,Eosinophil,segmented-bilobed,bukan_neutrofil,0,0,0,0,0,5283
MO_915714_ccrop.jpg,Monocyte,unsegmented-indented,bukan_neutrofil,0,0,0,0,0,10468
MO_574699_ccrop.jpg,Monocyte,unsegmented-round,bukan_neutrofil,0,0,0,0,0,10241
BA_361292_ccrop.jpg,Basophil,irregular,bukan_neutrofil,0,0,0,0,0,6952
EO_386301_ccrop.jpg,Eosinophil,segmented-bilobed,bukan_neutrofil,0,0,0,0,0,6048
SNE_610438_ccrop.jpg,Neutrophil,segmented-bilobed,B_sepakat_segmented,1,2,2,0,1,5936
BA_992459_ccrop.jpg,Basophil,segmented-bilobed,bukan_neutrofil,0,0,0,0,0,6363
EO_905144_ccrop.jpg,Eosinophil,segmented-bilobed,bukan_neutrofil,0,0,0,0,0,7591
BA_848804_ccrop.jpg,Basophil,irregular,bukan_neutrofil,0,0,0,0,0,6514
BA_484151_ccrop.jpg,Basophil,irregular,bukan_neutrofil,0,0,0,0,0,7376
MO_448293_ccrop.jpg,Monocyte,unsegmented-indented,bukan_neutrofil,0,0,0,0,0,9717
BNE_254272_ccrop.jpg,Neutrophil,unsegmented-band,A_sepakat_band,0,0,0,0,0,4960
BA_609565_ccrop.jpg,Basophil,segmented-bilobed,bukan_neutrofil,0,0,0,0,0,6099
LY_979614_ccrop.jpg,Lymphocyte,unsegmented-round,bukan_neutrofil,0,0,0,0,0,5276
EO_22777_ccrop.jpg,Eosinophil,segmented-bilobed,bukan_neutrofil,0,0,0,0,0,7033
SNE_847178_ccrop.jpg,Neutrophil,unsegmented-band,C_konflik_SNE_band,1,15,15,0,1,5298
SNE_404265_ccrop.jpg,Neutrophil,unsegmented-indented,E_lainnya,1,4,4,0,1,7747
BA_886460_ccrop.jpg,Basophil,segmented-bilobed,bukan_neutrofil,0,0,0,0,0,7536
SNE_843242_ccrop.jpg,Neutrophil,segmented-multilobed,B_sepakat_segmented,2,910,902,0,2,5883
BNE_289210_ccrop.jpg,Neutrophil,unsegmented-band,A_sepakat_band,0,0,0,0,0,6685
MO_115081_ccrop.jpg,Monocyte,unsegmented-indented,bukan_neutrofil,1,76,76,0,1,8809
SNE_621008_ccrop.jpg,Neutrophil,segmented-multilobed,B_sepakat_segmented,2,186,112,0,2,5927
SNE_364922_ccrop.jpg,Neutrophil,segmented-bilobed,B_sepakat_segmented,1,1,1,0,1,5640
LY_284207_ccrop.jpg,Lymphocyte,unsegmented-round,bukan_neutrofil,0,0,0,0,0,5326
EO_721643_ccrop.jpg,Eosinophil,segmented-bilobed,bukan_neutrofil,0,0,0,0,0,5286
BA_32179_ccrop.jpg,Basophil,segmented-bilobed,bukan_neutrofil,1,436,436,0,1,7248
SNE_475360_ccrop.jpg,Neutrophil,unsegmented-band,C_konflik_SNE_band,0,0,0,0,0,5917
BA_721289_ccrop.jpg,Basophil,segmented-bilobed,bukan_neutrofil,0,0,0,0,0,5915
MO_810901_ccrop.jpg,Monocyte,unsegmented-indented,bukan_neutrofil,0,0,0,0,0,11623
SNE_480268_ccrop.jpg,Neutrophil,segmented-multilobed,B_sepakat_segmented,0,0,0,0,0,6164
SNE_65575_ccrop.jpg,Neutrophil,segmented-bilobed,B_sepakat_segmented,0,0,0,0,0,5437
BA_552455_ccrop.jpg,Basophil,irregular,bukan_neutrofil,0,0,0,0,0,7011
EO_744068_ccrop.jpg,Eosinophil,segmented-bilobed,bukan_neutrofil,0,0,0,0,0,6233
BA_796878_ccrop.jpg,Basophil,irregular,bukan_neutrofil,0,0,0,0,0,5749
MO_910704_ccrop.jpg,Monocyte,unsegmented-indented,bukan_neutrofil,1,64,64,0,1,11072
NEUTROPHIL_517556_ccrop.jpg,Neutrophil,segmented-multilobed,F_tak_bersubtipe,3,53,41,0,3,5178
EO_570277_ccrop.jpg,Eosinophil,segmented-bilobed,bukan_neutrofil,0,0,0,0,0,5602
EO_844687_ccrop.jpg,Eosinophil,segmented-bilobed,bukan_neutrofil,0,0,0,0,0,5848
BA_506702_ccrop.jpg,Basophil,irregular,bukan_neutrofil,0,0,0,0,0,6832
EO_636677_ccrop.jpg,Eosinophil,segmented-multilobed,bukan_neutrofil,0,0,0,0,0,7363
BNE_118120_ccrop.jpg,Neutrophil,segmented-bilobed,D_konflik_BNE_segmented,0,0,0,0,0,5524
SNE_587870_ccrop.jpg,Neutrophil,unsegmented-band,C_konflik_SNE_band,0,0,0,0,0,6936
EO_625643_ccrop.jpg,Eosinophil,segmented-bilobed,bukan_neutrofil,0,0,0,0,0,5689
BA_260100_ccrop.jpg,Basophil,unsegmented-round,bukan_neutrofil,0,0,0,0,0,5534
SNE_94859_ccrop.jpg,Neutrophil,unsegmented-band,C_konflik_SNE_band,0,0,0,0,0,13286
BNE_380086_ccrop.jpg,Neutrophil,unsegmented-band,A_sepakat_band,0,0,0,0,0,7426
SNE_199596_ccrop.jpg,Neutrophil,unsegmented-band,C_konflik_SNE_band,1,266,266,0,1,4688
MO_470425_ccrop.jpg,Monocyte,irregular,bukan_neutrofil,1,75,75,0,1,11241
BA_84276_ccrop.jpg,Basophil,irregular,bukan_neutrofil,0,0,0,0,0,7355
EO_989530_ccrop.jpg,Eosinophil,segmented-bilobed,bukan_neutrofil,0,0,0,0,0,5600
EO_495066_ccrop.jpg,Eosinophil,segmented-bilobed,bukan_neutrofil,0,0,0,0,0,5796
LY_559940_ccrop.jpg,Lymphocyte,unsegmented-round,bukan_neutrofil,0,0,0,0,0,6889
LY_938330_ccrop.jpg,Lymphocyte,irregular,bukan_neutrofil,0,0,0,0,0,6561
SNE_350231_ccrop.jpg,Neutrophil,segmented-bilobed,B_sepakat_segmented,0,0,0,0,0,5590
EO_685713_ccrop.jpg,Eosinophil,segmented-bilobed,bukan_neutrofil,0,0,0,0,0,5038
LY_874360_ccrop.jpg,Lymphocyte,unsegmented-round,bukan_neutrofil,0,0,0,0,0,6903
BNE_554100_ccrop.jpg,Neutrophil,unsegmented-band,A_sepakat_band,0,0,0,0,0,6411
EO_938311_ccrop.jpg,Eosinophil,unsegmented-band,bukan_neutrofil,1,9,9,0,1,19837
MO_314647_ccrop.jpg,Monocyte,unsegmented-indented,bukan_neutrofil,1,84,84,0,1,9519
EO_142429_ccrop.jpg,Eosinophil,segmented-multilobed,bukan_neutrofil,0,0,0,0,0,5892
LY_684028_ccrop.jpg,Lymphocyte,unsegmented-indented,bukan_neutrofil,0,0,0,0,0,6710
EO_429509_ccrop.jpg,Eosinophil,segmented-bilobed,bukan_neutrofil,0,0,0,0,0,5963
MO_290397_ccrop.jpg,Monocyte,unsegmented-indented,bukan_neutrofil,0,0,0,0,0,11174
EO_175921_ccrop.jpg,Eosinophil,segmented-bilobed,bukan_neutrofil,0,0,0,0,0,5166
MO_38915_ccrop.jpg,Monocyte,unsegmented-indented,bukan_neutrofil,0,0,0,0,0,10255
BA_863122_ccrop.jpg,Basophil,segmented-bilobed,bukan_neutrofil,0,0,0,0,0,6293
SNE_210936_ccrop.jpg,Neutrophil,segmented-bilobed,B_sepakat_segmented,0,0,0,0,0,8182
MO_399473_ccrop.jpg,Monocyte,unsegmented-indented,bukan_neutrofil,0,0,0,0,0,10007
BNE_839717_ccrop.jpg,Neutrophil,unsegmented-band,A_sepakat_band,0,0,0,0,0,11270
MO_343573_ccrop.jpg,Monocyte,irregular,bukan_neutrofil,0,0,0,0,0,10044
MO_226451_ccrop.jpg,Monocyte,unsegmented-indented,bukan_neutrofil,0,0,0,0,0,9254
SNE_153895_ccrop.jpg,Neutrophil,unsegmented-band,C_konflik_SNE_band,0,0,0,0,0,4837
LY_640533_ccrop.jpg,Lymphocyte,unsegmented-round,bukan_neutrofil,0,0,0,0,0,7202
BA_20161_ccrop.jpg,Basophil,irregular,bukan_neutrofil,0,0,0,0,0,7204
BNE_347275_ccrop.jpg,Neutrophil,unsegmented-band,A_sepakat_band,0,0,0,0,0,6638
EO_569294_ccrop.jpg,Eosinophil,segmented-bilobed,bukan_neutrofil,0,0,0,0,0,4905
SNE_262782_ccrop.jpg,Neutrophil,unsegmented-band,C_konflik_SNE_band,0,0,0,0,0,4382
EO_486757_ccrop.jpg,Eosinophil,segmented-bilobed,bukan_neutrofil,0,0,0,0,0,5826
MO_155861_ccrop.jpg,Monocyte,unsegmented-indented,bukan_neutrofil,0,0,0,0,0,11519
EO_87992_ccrop.jpg,Eosinophil,segmented-bilobed,bukan_neutrofil,0,0,0,0,0,6615
BNE_961533_ccrop.jpg,Neutrophil,unsegmented-band,A_sepakat_band,0,0,0,0,0,4423
SNE_602361_ccrop.jpg,Neutrophil,segmented-multilobed,B_sepakat_segmented,1,912,912,0,1,6394
SNE_226132_ccrop.jpg,Neutrophil,segmented-bilobed,B_sepakat_segmented,0,0,0,0,0,6376
EO_856517_ccrop.jpg,Eosinophil,segmented-bilobed,bukan_neutrofil,0,0,0,0,0,4842
LY_400910_ccrop.jpg,Lymphocyte,unsegmented-round,bukan_neutrofil,0,0,0,0,0,6059
BNE_341802_ccrop.jpg,Neutrophil,unsegmented-band,A_sepakat_band,0,0,0,0,0,7747
EO_492738_ccrop.jpg,Eosinophil,unsegmented-band,bukan_neutrofil,0,0,0,0,0,7334
BA_340913_ccrop.jpg,Basophil,segmented-multilobed,bukan_neutrofil,1,20,20,0,1,8094
LY_985627_ccrop.jpg,Lymphocyte,unsegmented-round,bukan_neutrofil,0,0,0,0,0,4250
BNE_62656_ccrop.jpg,Neutrophil,unsegmented-band,A_sepakat_band,0,0,0,0,0,6007
MO_834369_ccrop.jpg,Monocyte,irregular,bukan_neutrofil,0,0,0,0,0,11002
SNE_461282_ccrop.jpg,Neutrophil,segmented-multilobed,B_sepakat_segmented,1,28,28,0,1,6899
EO_660308_ccrop.jpg,Eosinophil,segmented-bilobed,bukan_neutrofil,0,0,0,0,0,5698
BA_662105_ccrop.jpg,Basophil,segmented-multilobed,bukan_neutrofil,1,848,848,0,1,5369
EO_190519_ccrop.jpg,Eosinophil,segmented-bilobed,bukan_neutrofil,0,0,0,0,0,6231
EO_280451_ccrop.jpg,Eosinophil,segmented-bilobed,bukan_neutrofil,1,68,68,0,1,6173
EO_747341_ccrop.jpg,Eosinophil,segmented-bilobed,bukan_neutrofil,0,0,0,0,0,5969
MO_265799_ccrop.jpg,Monocyte,unsegmented-indented,bukan_neutrofil,0,0,0,0,0,10276
SNE_714873_ccrop.jpg,Neutrophil,segmented-bilobed,B_sepakat_segmented,1,1,1,0,1,7027
SNE_602927_ccrop.jpg,Neutrophil,segmented-multilobed,B_sepakat_segmented,1,831,831,0,1,5447
LY_46986_ccrop.jpg,Lymphocyte,unsegmented-round,bukan_neutrofil,0,0,0,0,0,7042
BNE_423805_ccrop.jpg,Neutrophil,unsegmented-band,A_sepakat_band,0,0,0,0,0,6506
BNE_903935_ccrop.jpg,Neutrophil,unsegmented-band,A_sepakat_band,0,0,0,0,0,6624
BNE_76588_ccrop.jpg,Neutrophil,unsegmented-band,A_sepakat_band,0,0,0,0,0,5137
NEUTROPHIL_615770_ccrop.jpg,Neutrophil,segmented-multilobed,F_tak_bersubtipe,1,23,23,0,1,4992
EO_325893_ccrop.jpg,Eosinophil,segmented-bilobed,bukan_neutrofil,0,0,0,0,0,6587
EO_650071_ccrop.jpg,Eosinophil,segmented-bilobed,bukan_neutrofil,0,0,0,0,0,5984
LY_16036_ccrop.jpg,Lymphocyte,unsegmented-round,bukan_neutrofil,0,0,0,0,0,6656
EO_928972_ccrop.jpg,Eosinophil,segmented-multilobed,bukan_neutrofil,0,0,0,0,0,6773
EO_564456_ccrop.jpg,Eosinophil,unsegmented-band,bukan_neutrofil,0,0,0,0,0,5775
SNE_960177_ccrop.jpg,Neutrophil,unsegmented-band,C_konflik_SNE_band,0,0,0,0,0,4886
LY_287479_ccrop.jpg,Lymphocyte,unsegmented-round,bukan_neutrofil,0,0,0,0,0,6338
LY_684602_ccrop.jpg,Lymphocyte,unsegmented-round,bukan_neutrofil,0,0,0,0,0,5485
EO_466882_ccrop.jpg,Eosinophil,segmented-bilobed,bukan_neutrofil,0,0,0,0,0,5797
BNE_432647_ccrop.jpg,Neutrophil,unsegmented-band,A_sepakat_band,0,0,0,0,0,5584
LY_683648_ccrop.jpg,Lymphocyte,unsegmented-round,bukan_neutrofil,0,0,0,0,0,6965
EO_846877_ccrop.jpg,Eosinophil,segmented-bilobed,bukan_neutrofil,0,0,0,0,0,5398
BNE_655340_ccrop.jpg,Neutrophil,unsegmented-band,A_sepakat_band,0,0,0,0,0,5438
EO_78948_ccrop.jpg,Eosinophil,segmented-bilobed,bukan_neutrofil,0,0,0,0,0,5677
SNE_506855_ccrop.jpg,Neutrophil,unsegmented-band,C_konflik_SNE_band,2,2,1,0,2,6846
EO_134305_ccrop.jpg,Eosinophil,segmented-bilobed,bukan_neutrofil,0,0,0,0,0,6183
BA_275300_ccrop.jpg,Basophil,irregular,bukan_neutrofil,1,91,91,0,1,7016
BNE_730904_ccrop.jpg,Neutrophil,unsegmented-band,A_sepakat_band,0,0,0,0,0,6134
LY_884721_ccrop.jpg,Lymphocyte,unsegmented-indented,bukan_neutrofil,0,0,0,0,0,6137
EO_685778_ccrop.jpg,Eosinophil,segmented-bilobed,bukan_neutrofil,0,0,0,0,0,6748
SNE_668137_ccrop.jpg,Neutrophil,unsegmented-band,C_konflik_SNE_band,0,0,0,0,0,6620
EO_411321_ccrop.jpg,Eosinophil,segmented-bilobed,bukan_neutrofil,0,0,0,0,0,6024
BNE_562605_ccrop.jpg,Neutrophil,unsegmented-band,A_sepakat_band,0,0,0,0,0,5536
BA_640980_ccrop.jpg,Basophil,irregular,bukan_neutrofil,0,0,0,0,0,5219
LY_706870_ccrop.jpg,Lymphocyte,unsegmented-round,bukan_neutrofil,0,0,0,0,0,5734
LY_624959_ccrop.jpg,Lymphocyte,irregular,bukan_neutrofil,0,0,0,0,0,6388
SNE_333737_ccrop.jpg,Neutrophil,unsegmented-band,C_konflik_SNE_band,1,153,153,0,1,5082
MO_869600_ccrop.jpg,Monocyte,unsegmented-indented,bukan_neutrofil,0,0,0,0,0,10978
NEUTROPHIL_539412_ccrop.jpg,Neutrophil,unsegmented-band,F_tak_bersubtipe,0,0,0,0,0,5149
EO_316187_ccrop.jpg,Eosinophil,segmented-bilobed,bukan_neutrofil,0,0,0,0,0,8372
LY_481506_ccrop.jpg,Lymphocyte,unsegmented-round,bukan_neutrofil,0,0,0,0,0,6160
LY_447144_ccrop.jpg,Lymphocyte,unsegmented-indented,bukan_neutrofil,0,0,0,0,0,6177
EO_901011_ccrop.jpg,Eosinophil,segmented-bilobed,bukan_neutrofil,1,7,7,0,1,6227
EO_97346_ccrop.jpg,Eosinophil,segmented-bilobed,bukan_neutrofil,0,0,0,0,0,5953
SNE_126817_ccrop.jpg,Neutrophil,segmented-multilobed,B_sepakat_segmented,0,0,0,0,0,4428
BA_688859_ccrop.jpg,Basophil,irregular,bukan_neutrofil,0,0,0,0,0,7296
BNE_30848_ccrop.jpg,Neutrophil,unsegmented-band,A_sepakat_band,0,0,0,0,0,5077
EO_835288_ccrop.jpg,Eosinophil,segmented-multilobed,bukan_neutrofil,0,0,0,0,0,6851
SNE_685496_ccrop.jpg,Neutrophil,segmented-bilobed,B_sepakat_segmented,0,0,0,0,0,6585
SNE_474890_ccrop.jpg,Neutrophil,segmented-bilobed,B_sepakat_segmented,0,0,0,0,0,5754
SNE_389659_ccrop.jpg,Neutrophil,segmented-bilobed,B_sepakat_segmented,0,0,0,0,0,6081
SNE_14041_ccrop.jpg,Neutrophil,unsegmented-band,C_konflik_SNE_band,0,0,0,0,0,4839
EO_139723_ccrop.jpg,Eosinophil,segmented-multilobed,bukan_neutrofil,0,0,0,0,0,12311
LY_149883_ccrop.jpg,Lymphocyte,unsegmented-round,bukan_neutrofil,0,0,0,0,0,4965
EO_279817_ccrop.jpg,Eosinophil,segmented-bilobed,bukan_neutrofil,0,0,0,0,0,7307
MO_640601_ccrop.jpg,Monocyte,unsegmented-indented,bukan_neutrofil,0,0,0,0,0,10273
EO_8265_ccrop.jpg,Eosinophil,segmented-multilobed,bukan_neutrofil,0,0,0,0,0,6400
LY_333883_ccrop.jpg,Lymphocyte,unsegmented-round,bukan_neutrofil,0,0,0,0,0,6895
EO_606347_ccrop.jpg,Eosinophil,segmented-multilobed,bukan_neutrofil,0,0,0,0,0,7281
BNE_580270_ccrop.jpg,Neutrophil,unsegmented-band,A_sepakat_band,0,0,0,0,0,6499
SNE_206523_ccrop.jpg,Neutrophil,segmented-multilobed,B_sepakat_segmented,0,0,0,0,0,5584
MO_62638_ccrop.jpg,Monocyte,unsegmented-indented,bukan_neutrofil,0,0,0,0,0,7537
BNE_644685_ccrop.jpg,Neutrophil,unsegmented-band,A_sepakat_band,0,0,0,0,0,6113
BA_840272_ccrop.jpg,Basophil,irregular,bukan_neutrofil,0,0,0,0,0,5119
EO_99718_ccrop.jpg,Eosinophil,segmented-bilobed,bukan_neutrofil,0,0,0,0,0,5544
EO_728803_ccrop.jpg,Eosinophil,segmented-bilobed,bukan_neutrofil,0,0,0,0,0,6311
BA_936098_ccrop.jpg,Basophil,unsegmented-indented,bukan_neutrofil,0,0,0,0,0,5828
BNE_343646_ccrop.jpg,Neutrophil,unsegmented-band,A_sepakat_band,0,0,0,0,0,4877
MO_932576_ccrop.jpg,Monocyte,unsegmented-indented,bukan_neutrofil,0,0,0,0,0,12050
BNE_218678_ccrop.jpg,Neutrophil,unsegmented-band,A_sepakat_band,0,0,0,0,0,5059
SNE_570629_ccrop.jpg,Neutrophil,segmented-bilobed,B_sepakat_segmented,0,0,0,0,0,6056
EO_437014_ccrop.jpg,Eosinophil,segmented-bilobed,bukan_neutrofil,0,0,0,0,0,4569
BA_68639_ccrop.jpg,Basophil,irregular,bukan_neutrofil,0,0,0,0,0,5314
BNE_247190_ccrop.jpg,Neutrophil,unsegmented-band,A_sepakat_band,3,110,108,0,3,5017
LY_753705_ccrop.jpg,Lymphocyte,unsegmented-round,bukan_neutrofil,0,0,0,0,0,6256
EO_594333_ccrop.jpg,Eosinophil,segmented-bilobed,bukan_neutrofil,0,0,0,0,0,7522
BNE_572115_ccrop.jpg,Neutrophil,unsegmented-band,A_sepakat_band,0,0,0,0,0,4337
BNE_493832_ccrop.jpg,Neutrophil,unsegmented-band,A_sepakat_band,0,0,0,0,0,6605
SNE_174050_ccrop.jpg,Neutrophil,segmented-bilobed,B_sepakat_segmented,0,0,0,0,0,5750
SNE_106040_ccrop.jpg,Neutrophil,segmented-multilobed,B_sepakat_segmented,0,0,0,0,0,5608
BNE_935780_ccrop.jpg,Neutrophil,irregular,E_lainnya,1,2,2,0,1,5370
SNE_962008_ccrop.jpg,Neutrophil,segmented-multilobed,B_sepakat_segmented,0,0,0,0,0,6828
EO_33894_ccrop.jpg,Eosinophil,segmented-multilobed,bukan_neutrofil,0,0,0,0,0,5972
SNE_405975_ccrop.jpg,Neutrophil,unsegmented-band,C_konflik_SNE_band,0,0,0,0,0,6451
BNE_595137_ccrop.jpg,Neutrophil,unsegmented-band,A_sepakat_band,1,17,17,0,1,5344
BA_359743_ccrop.jpg,Basophil,segmented-bilobed,bukan_neutrofil,5,198,96,0,5,6428
BNE_683128_ccrop.jpg,Neutrophil,unsegmented-band,A_sepakat_band,0,0,0,0,0,5706
BNE_969932_ccrop.jpg,Neutrophil,unsegmented-band,A_sepakat_band,0,0,0,0,0,4786
EO_388531_ccrop.jpg,Eosinophil,segmented-multilobed,bukan_neutrofil,0,0,0,0,0,5979
BA_173262_ccrop.jpg,Basophil,irregular,bukan_neutrofil,0,0,0,0,0,6539
SNE_73281_ccrop.jpg,Neutrophil,segmented-multilobed,B_sepakat_segmented,0,0,0,0,0,6528
MO_264258_ccrop.jpg,Monocyte,unsegmented-indented,bukan_neutrofil,0,0,0,0,0,10687
EO_192015_ccrop.jpg,Eosinophil,segmented-bilobed,bukan_neutrofil,1,159,159,0,1,5121
MO_674127_ccrop.jpg,Monocyte,unsegmented-indented,bukan_neutrofil,0,0,0,0,0,10785
EO_958034_ccrop.jpg,Eosinophil,segmented-bilobed,bukan_neutrofil,2,65,62,0,2,6158
EO_187981_ccrop.jpg,Eosinophil,segmented-bilobed,bukan_neutrofil,0,0,0,0,0,6854
EO_776262_ccrop.jpg,Eosinophil,segmented-bilobed,bukan_neutrofil,1,312,312,0,1,5876
EO_9597_ccrop.jpg,Eosinophil,segmented-bilobed,bukan_neutrofil,0,0,0,0,0,6978
BA_99338_ccrop.jpg,Basophil,segmented-bilobed,bukan_neutrofil,1,405,405,0,1,7065
EO_100213_ccrop.jpg,Eosinophil,segmented-multilobed,bukan_neutrofil,0,0,0,0,0,7490
EO_846851_ccrop.jpg,Eosinophil,segmented-bilobed,bukan_neutrofil,0,0,0,0,0,6135
EO_537381_ccrop.jpg,Eosinophil,segmented-bilobed,bukan_neutrofil,0,0,0,0,0,5904
EO_5050_ccrop.jpg,Eosinophil,unsegmented-band,bukan_neutrofil,0,0,0,0,0,6362
BNE_247568_ccrop.jpg,Neutrophil,unsegmented-band,A_sepakat_band,0,0,0,0,0,5751
BA_853366_ccrop.jpg,Basophil,irregular,bukan_neutrofil,0,0,0,0,0,7176
MO_94197_ccrop.jpg,Monocyte,unsegmented-indented,bukan_neutrofil,1,1,1,0,1,10235
BNE_444300_ccrop.jpg,Neutrophil,unsegmented-band,A_sepakat_band,0,0,0,0,0,4852
BNE_913828_ccrop.jpg,Neutrophil,unsegmented-band,A_sepakat_band,0,0,0,0,0,6185
MO_652824_ccrop.jpg,Monocyte,unsegmented-indented,bukan_neutrofil,2,68,50,0,2,10504
MO_385020_ccrop.jpg,Monocyte,unsegmented-indented,bukan_neutrofil,0,0,0,0,0,10962
MO_463322_ccrop.jpg,Monocyte,unsegmented-indented,bukan_neutrofil,0,0,0,0,0,8694
SNE_954003_ccrop.jpg,Neutrophil,segmented-multilobed,B_sepakat_segmented,0,0,0,0,0,6210
BA_776763_ccrop.jpg,Basophil,segmented-bilobed,bukan_neutrofil,0,0,0,0,0,5801
BNE_47425_ccrop.jpg,Neutrophil,unsegmented-band,A_sepakat_band,0,0,0,0,0,4659
BA_878384_ccrop.jpg,Basophil,irregular,bukan_neutrofil,0,0,0,0,0,7863
BA_78609_ccrop.jpg,Basophil,unsegmented-band,bukan_neutrofil,0,0,0,0,0,7416
SNE_660142_ccrop.jpg,Neutrophil,segmented-bilobed,B_sepakat_segmented,0,0,0,0,0,5531
BNE_889719_ccrop.jpg,Neutrophil,unsegmented-band,A_sepakat_band,0,0,0,0,0,5126
MO_973211_ccrop.jpg,Monocyte,unsegmented-indented,bukan_neutrofil,0,0,0,0,0,10893
LY_949147_ccrop.jpg,Lymphocyte,unsegmented-round,bukan_neutrofil,0,0,0,0,0,7330
EO_450536_ccrop.jpg,Eosinophil,segmented-bilobed,bukan_neutrofil,0,0,0,0,0,5499
EO_876956_ccrop.jpg,Eosinophil,segmented-bilobed,bukan_neutrofil,0,0,0,0,0,6042
BNE_144692_ccrop.jpg,Neutrophil,unsegmented-band,A_sepakat_band,0,0,0,0,0,5886
EO_464735_ccrop.jpg,Eosinophil,segmented-bilobed,bukan_neutrofil,1,1,1,0,1,6606
SNE_873201_ccrop.jpg,Neutrophil,segmented-multilobed,B_sepakat_segmented,0,0,0,0,0,5844
EO_777553_ccrop.jpg,Eosinophil,segmented-bilobed,bukan_neutrofil,0,0,0,0,0,6733
LY_654739_ccrop.jpg,Lymphocyte,unsegmented-round,bukan_neutrofil,0,0,0,0,0,6225
SNE_524562_ccrop.jpg,Neutrophil,segmented-bilobed,B_sepakat_segmented,0,0,0,0,0,6283
EO_196051_ccrop.jpg,Eosinophil,segmented-bilobed,bukan_neutrofil,0,0,0,0,0,7245
MO_53920_ccrop.jpg,Monocyte,irregular,bukan_neutrofil,0,0,0,0,0,11339
BNE_160358_ccrop.jpg,Neutrophil,unsegmented-band,A_sepakat_band,0,0,0,0,0,5186
BA_698070_ccrop.jpg,Basophil,segmented-multilobed,bukan_neutrofil,0,0,0,0,0,8642
SNE_899001_ccrop.jpg,Neutrophil,segmented-multilobed,B_sepakat_segmented,1,2,2,0,1,6795
LY_623093_ccrop.jpg,Lymphocyte,unsegmented-round,bukan_neutrofil,0,0,0,0,0,6109
EO_442363_ccrop.jpg,Eosinophil,segmented-bilobed,bukan_neutrofil,0,0,0,0,0,4931
SNE_799574_ccrop.jpg,Neutrophil,unsegmented-band,C_konflik_SNE_band,0,0,0,0,0,5779
EO_85775_ccrop.jpg,Eosinophil,segmented-bilobed,bukan_neutrofil,0,0,0,0,0,7345
SNE_290162_ccrop.jpg,Neutrophil,segmented-multilobed,B_sepakat_segmented,0,0,0,0,0,5470
BNE_570071_ccrop.jpg,Neutrophil,unsegmented-band,A_sepakat_band,0,0,0,0,0,6113
BA_466768_ccrop.jpg,Basophil,irregular,bukan_neutrofil,0,0,0,0,0,6265
LY_907480_ccrop.jpg,Lymphocyte,unsegmented-round,bukan_neutrofil,0,0,0,0,0,5168
MO_139718_ccrop.jpg,Monocyte,unsegmented-indented,bukan_neutrofil,0,0,0,0,0,9558
BA_158647_ccrop.jpg,Basophil,unsegmented-round,bukan_neutrofil,0,0,0,0,0,5807
MO_487630_ccrop.jpg,Monocyte,unsegmented-indented,bukan_neutrofil,0,0,0,0,0,8710
MO_447535_ccrop.jpg,Monocyte,unsegmented-indented,bukan_neutrofil,0,0,0,0,0,8745
EO_551894_ccrop.jpg,Eosinophil,segmented-bilobed,bukan_neutrofil,0,0,0,0,0,5070
BNE_517212_ccrop.jpg,Neutrophil,unsegmented-band,A_sepakat_band,1,428,428,0,1,5154
SNE_467879_ccrop.jpg,Neutrophil,segmented-bilobed,B_sepakat_segmented,0,0,0,0,0,5455
EO_508120_ccrop.jpg,Eosinophil,segmented-bilobed,bukan_neutrofil,0,0,0,0,0,5569
EO_429010_ccrop.jpg,Eosinophil,segmented-bilobed,bukan_neutrofil,0,0,0,0,0,5226
MO_647601_ccrop.jpg,Monocyte,irregular,bukan_neutrofil,1,91,91,0,1,10506
EO_151442_ccrop.jpg,Eosinophil,segmented-bilobed,bukan_neutrofil,0,0,0,0,0,5458
LY_147472_ccrop.jpg,Lymphocyte,unsegmented-round,bukan_neutrofil,0,0,0,0,0,6031
EO_606244_ccrop.jpg,Eosinophil,segmented-multilobed,bukan_neutrofil,0,0,0,0,0,5786
EO_985557_ccrop.jpg,Eosinophil,segmented-bilobed,bukan_neutrofil,0,0,0,0,0,5588
EO_680039_ccrop.jpg,Eosinophil,segmented-bilobed,bukan_neutrofil,0,0,0,0,0,6276
MO_436409_ccrop.jpg,Monocyte,unsegmented-indented,bukan_neutrofil,0,0,0,0,0,10574
EO_90077_ccrop.jpg,Eosinophil,segmented-bilobed,bukan_neutrofil,0,0,0,0,0,6075
BNE_372073_ccrop.jpg,Neutrophil,unsegmented-band,A_sepakat_band,0,0,0,0,0,5271
EO_589907_ccrop.jpg,Eosinophil,segmented-bilobed,bukan_neutrofil,0,0,0,0,0,6368
LY_925672_ccrop.jpg,Lymphocyte,unsegmented-indented,bukan_neutrofil,0,0,0,0,0,5333
BNE_840814_ccrop.jpg,Neutrophil,unsegmented-band,A_sepakat_band,1,416,416,0,1,5660
BA_973682_ccrop.jpg,Basophil,segmented-multilobed,bukan_neutrofil,0,0,0,0,0,8466
MO_379315_ccrop.jpg,Monocyte,unsegmented-indented,bukan_neutrofil,0,0,0,0,0,8863
EO_48775_ccrop.jpg,Eosinophil,segmented-bilobed,bukan_neutrofil,0,0,0,0,0,6514
SNE_537361_ccrop.jpg,Neutrophil,segmented-multilobed,B_sepakat_segmented,2,1400,1364,0,2,6862
BNE_955134_ccrop.jpg,Neutrophil,unsegmented-band,A_sepakat_band,0,0,0,0,0,5442
EO_236407_ccrop.jpg,Eosinophil,segmented-bilobed,bukan_neutrofil,0,0,0,0,0,6642
EO_929265_ccrop.jpg,Eosinophil,irregular,bukan_neutrofil,1,1,1,0,1,12737
LY_60004_ccrop.jpg,Lymphocyte,irregular,bukan_neutrofil,0,0,0,0,0,5861
MO_353833_ccrop.jpg,Monocyte,unsegmented-indented,bukan_neutrofil,0,0,0,0,0,10868
EO_463377_ccrop.jpg,Eosinophil,segmented-bilobed,bukan_neutrofil,0,0,0,0,0,5469
MO_721448_ccrop.jpg,Monocyte,unsegmented-indented,bukan_neutrofil,1,24,24,0,1,12113
MO_596170_ccrop.jpg,Monocyte,unsegmented-indented,bukan_neutrofil,1,55,55,0,1,11135
EO_120163_ccrop.jpg,Eosinophil,segmented-bilobed,bukan_neutrofil,1,16,16,0,1,5852
BA_334078_ccrop.jpg,Basophil,segmented-bilobed,bukan_neutrofil,0,0,0,0,0,6936
EO_842254_ccrop.jpg,Eosinophil,segmented-bilobed,bukan_neutrofil,2,3,2,0,2,5108
SNE_69616_ccrop.jpg,Neutrophil,unsegmented-band,C_konflik_SNE_band,0,0,0,0,0,6292
BA_949723_ccrop.jpg,Basophil,irregular,bukan_neutrofil,0,0,0,0,0,5700
BA_827021_ccrop.jpg,Basophil,irregular,bukan_neutrofil,0,0,0,0,0,5325
LY_407147_ccrop.jpg,Lymphocyte,unsegmented-round,bukan_neutrofil,0,0,0,0,0,5468
SNE_983818_ccrop.jpg,Neutrophil,segmented-bilobed,B_sepakat_segmented,0,0,0,0,0,5256
SNE_689137_ccrop.jpg,Neutrophil,segmented-bilobed,B_sepakat_segmented,1,137,137,0,1,5773
EO_625560_ccrop.jpg,Eosinophil,segmented-bilobed,bukan_neutrofil,0,0,0,0,0,4689
BA_330726_ccrop.jpg,Basophil,irregular,bukan_neutrofil,0,0,0,0,0,6276
SNE_120844_ccrop.jpg,Neutrophil,unsegmented-band,C_konflik_SNE_band,0,0,0,0,0,5842
BNE_379425_ccrop.jpg,Neutrophil,unsegmented-band,A_sepakat_band,3,36,32,0,3,5375
SNE_297935_ccrop.jpg,Neutrophil,segmented-bilobed,B_sepakat_segmented,2,86,75,0,2,5423
BA_720434_ccrop.jpg,Basophil,irregular,bukan_neutrofil,0,0,0,0,0,5670
BA_839500_ccrop.jpg,Basophil,irregular,bukan_neutrofil,0,0,0,0,0,5914
BNE_599043_ccrop.jpg,Neutrophil,unsegmented-band,A_sepakat_band,0,0,0,0,0,7797
SNE_17629_ccrop.jpg,Neutrophil,unsegmented-band,C_konflik_SNE_band,0,0,0,0,0,6105
BA_868762_ccrop.jpg,Basophil,irregular,bukan_neutrofil,0,0,0,0,0,5918
BA_255533_ccrop.jpg,Basophil,segmented-bilobed,bukan_neutrofil,0,0,0,0,0,7084
LY_858672_ccrop.jpg,Lymphocyte,unsegmented-round,bukan_neutrofil,0,0,0,0,0,6303
BA_26527_ccrop.jpg,Basophil,irregular,bukan_neutrofil,0,0,0,0,0,6229
LY_505060_ccrop.jpg,Lymphocyte,unsegmented-round,bukan_neutrofil,0,0,0,0,0,7518
BNE_556740_ccrop.jpg,Neutrophil,unsegmented-band,A_sepakat_band,0,0,0,0,0,5379
MO_820425_ccrop.jpg,Monocyte,unsegmented-indented,bukan_neutrofil,0,0,0,0,0,9102
EO_317789_ccrop.jpg,Eosinophil,segmented-multilobed,bukan_neutrofil,0,0,0,0,0,6850
EO_795985_ccrop.jpg,Eosinophil,unsegmented-band,bukan_neutrofil,0,0,0,0,0,6056
EO_76093_ccrop.jpg,Eosinophil,segmented-bilobed,bukan_neutrofil,1,870,870,0,1,5921
BA_377164_ccrop.jpg,Basophil,segmented-bilobed,bukan_neutrofil,0,0,0,0,0,6464
EO_476251_ccrop.jpg,Eosinophil,unsegmented-band,bukan_neutrofil,0,0,0,0,0,7846
BNE_120913_ccrop.jpg,Neutrophil,unsegmented-band,A_sepakat_band,0,0,0,0,0,5662
EO_487468_ccrop.jpg,Eosinophil,segmented-bilobed,bukan_neutrofil,1,116,116,0,1,5245
EO_738318_ccrop.jpg,Eosinophil,segmented-bilobed,bukan_neutrofil,0,0,0,0,0,10339
BA_304705_ccrop.jpg,Basophil,unsegmented-indented,bukan_neutrofil,0,0,0,0,0,4804
EO_337120_ccrop.jpg,Eosinophil,segmented-multilobed,bukan_neutrofil,0,0,0,0,0,5926
LY_321533_ccrop.jpg,Lymphocyte,unsegmented-round,bukan_neutrofil,0,0,0,0,0,5847
EO_651676_ccrop.jpg,Eosinophil,segmented-bilobed,bukan_neutrofil,0,0,0,0,0,4511
BA_80990_ccrop.jpg,Basophil,segmented-bilobed,bukan_neutrofil,0,0,0,0,0,6803
EO_958993_ccrop.jpg,Eosinophil,segmented-bilobed,bukan_neutrofil,0,0,0,0,0,4909
BNE_423757_ccrop.jpg,Neutrophil,unsegmented-band,A_sepakat_band,0,0,0,0,0,6313
BNE_531726_ccrop.jpg,Neutrophil,unsegmented-band,A_sepakat_band,0,0,0,0,0,4924
SNE_744858_ccrop.jpg,Neutrophil,unsegmented-band,C_konflik_SNE_band,0,0,0,0,0,5578
BA_863951_ccrop.jpg,Basophil,segmented-multilobed,bukan_neutrofil,0,0,0,0,0,6491
BNE_616743_ccrop.jpg,Neutrophil,unsegmented-band,A_sepakat_band,1,2,2,0,1,5055
EO_619508_ccrop.jpg,Eosinophil,segmented-bilobed,bukan_neutrofil,0,0,0,0,0,7679
EO_95954_ccrop.jpg,Eosinophil,segmented-bilobed,bukan_neutrofil,0,0,0,0,0,5882
EO_52578_ccrop.jpg,Eosinophil,segmented-bilobed,bukan_neutrofil,2,195,191,0,2,6024
EO_133370_ccrop.jpg,Eosinophil,segmented-bilobed,bukan_neutrofil,0,0,0,0,0,5316
BA_386912_ccrop.jpg,Basophil,irregular,bukan_neutrofil,0,0,0,0,0,5432
LY_152181_ccrop.jpg,Lymphocyte,unsegmented-round,bukan_neutrofil,0,0,0,0,0,4765
SNE_164455_ccrop.jpg,Neutrophil,segmented-bilobed,B_sepakat_segmented,1,328,328,0,1,5259
SNE_64185_ccrop.jpg,Neutrophil,segmented-multilobed,B_sepakat_segmented,1,89,89,0,1,5657
EO_835323_ccrop.jpg,Eosinophil,segmented-multilobed,bukan_neutrofil,0,0,0,0,0,6449
MO_952558_ccrop.jpg,Monocyte,unsegmented-indented,bukan_neutrofil,0,0,0,0,0,10312
SNE_841201_ccrop.jpg,Neutrophil,unsegmented-band,C_konflik_SNE_band,0,0,0,0,0,6264
SNE_164897_ccrop.jpg,Neutrophil,segmented-multilobed,B_sepakat_segmented,0,0,0,0,0,5919
SNE_6105_ccrop.jpg,Neutrophil,segmented-bilobed,B_sepakat_segmented,0,0,0,0,0,5609
BNE_514118_ccrop.jpg,Neutrophil,unsegmented-band,A_sepakat_band,0,0,0,0,0,5170
BNE_814008_ccrop.jpg,Neutrophil,unsegmented-band,A_sepakat_band,0,0,0,0,0,4749
SNE_735828_ccrop.jpg,Neutrophil,segmented-bilobed,B_sepakat_segmented,0,0,0,0,0,6576
SNE_145127_ccrop.jpg,Neutrophil,unsegmented-band,C_konflik_SNE_band,0,0,0,0,0,4773
SNE_514355_ccrop.jpg,Neutrophil,segmented-multilobed,B_sepakat_segmented,0,0,0,0,0,5034
SNE_34243_ccrop.jpg,Neutrophil,segmented-bilobed,B_sepakat_segmented,0,0,0,0,0,6072
BA_936581_ccrop.jpg,Basophil,segmented-multilobed,bukan_neutrofil,1,100,100,0,1,6724
EO_994040_ccrop.jpg,Eosinophil,unsegmented-band,bukan_neutrofil,0,0,0,0,0,6275
SNE_254489_ccrop.jpg,Neutrophil,unsegmented-band,C_konflik_SNE_band,0,0,0,0,0,4774
BA_77980_ccrop.jpg,Basophil,segmented-bilobed,bukan_neutrofil,1,127,127,0,1,7007
BNE_842928_ccrop.jpg,Neutrophil,unsegmented-band,A_sepakat_band,0,0,0,0,0,5703
EO_390237_ccrop.jpg,Eosinophil,segmented-bilobed,bukan_neutrofil,0,0,0,0,0,8233
EO_8200_ccrop.jpg,Eosinophil,segmented-bilobed,bukan_neutrofil,1,301,301,0,1,6181
MO_187660_ccrop.jpg,Monocyte,unsegmented-round,bukan_neutrofil,0,0,0,0,0,10740
BA_153085_ccrop.jpg,Basophil,irregular,bukan_neutrofil,0,0,0,0,0,6605
SNE_659354_ccrop.jpg,Neutrophil,unsegmented-band,C_konflik_SNE_band,0,0,0,0,0,5966
BA_201984_ccrop.jpg,Basophil,irregular,bukan_neutrofil,0,0,0,0,0,6058
LY_90345_ccrop.jpg,Lymphocyte,unsegmented-round,bukan_neutrofil,0,0,0,0,0,5795
EO_115441_ccrop.jpg,Eosinophil,segmented-bilobed,bukan_neutrofil,0,0,0,0,0,7670
EO_830143_ccrop.jpg,Eosinophil,segmented-bilobed,bukan_neutrofil,0,0,0,0,0,6900
BNE_987959_ccrop.jpg,Neutrophil,unsegmented-band,A_sepakat_band,0,0,0,0,0,5449
BA_242626_ccrop.jpg,Basophil,segmented-multilobed,bukan_neutrofil,0,0,0,0,0,8003
MO_641336_ccrop.jpg,Monocyte,unsegmented-indented,bukan_neutrofil,0,0,0,0,0,15279
MO_845034_ccrop.jpg,Monocyte,unsegmented-indented,bukan_neutrofil,1,64,64,0,1,13866
BA_426545_ccrop.jpg,Basophil,segmented-bilobed,bukan_neutrofil,0,0,0,0,0,7065
BNE_808074_ccrop.jpg,Neutrophil,unsegmented-band,A_sepakat_band,0,0,0,0,0,5145
BNE_941004_ccrop.jpg,Neutrophil,unsegmented-band,A_sepakat_band,0,0,0,0,0,5616
EO_712944_ccrop.jpg,Eosinophil,segmented-bilobed,bukan_neutrofil,0,0,0,0,0,8102
SNE_151251_ccrop.jpg,Neutrophil,segmented-multilobed,B_sepakat_segmented,0,0,0,0,0,12202
MO_398778_ccrop.jpg,Monocyte,unsegmented-indented,bukan_neutrofil,0,0,0,0,0,11823
MO_479548_ccrop.jpg,Monocyte,irregular,bukan_neutrofil,1,838,838,0,1,8229
BA_827462_ccrop.jpg,Basophil,segmented-bilobed,bukan_neutrofil,6,18,10,0,6,8307
BNE_98051_ccrop.jpg,Neutrophil,unsegmented-band,A_sepakat_band,0,0,0,0,0,5393
MO_379615_ccrop.jpg,Monocyte,irregular,bukan_neutrofil,1,306,306,0,1,11157
EO_781911_ccrop.jpg,Eosinophil,segmented-bilobed,bukan_neutrofil,2,107,106,0,2,6045
SNE_252116_ccrop.jpg,Neutrophil,segmented-multilobed,B_sepakat_segmented,0,0,0,0,0,4496
BNE_289804_ccrop.jpg,Neutrophil,unsegmented-band,A_sepakat_band,0,0,0,0,0,5635
BA_769402_ccrop.jpg,Basophil,irregular,bukan_neutrofil,0,0,0,0,0,6358
EO_210577_ccrop.jpg,Eosinophil,segmented-multilobed,bukan_neutrofil,0,0,0,0,0,6545
BNE_208843_ccrop.jpg,Neutrophil,unsegmented-band,A_sepakat_band,0,0,0,0,0,6199
BA_777270_ccrop.jpg,Basophil,segmented-bilobed,bukan_neutrofil,0,0,0,0,0,6214
MO_145357_ccrop.jpg,Monocyte,irregular,bukan_neutrofil,0,0,0,0,0,10767
EO_333101_ccrop.jpg,Eosinophil,unsegmented-round,bukan_neutrofil,0,0,0,0,0,6107
EO_941266_ccrop.jpg,Eosinophil,unsegmented-band,bukan_neutrofil,0,0,0,0,0,6256
BNE_889212_ccrop.jpg,Neutrophil,unsegmented-band,A_sepakat_band,0,0,0,0,0,5665
EO_478891_ccrop.jpg,Eosinophil,segmented-multilobed,bukan_neutrofil,0,0,0,0,0,5047
EO_902202_ccrop.jpg,Eosinophil,segmented-bilobed,bukan_neutrofil,0,0,0,0,0,5744
EO_321841_ccrop.jpg,Eosinophil,segmented-multilobed,bukan_neutrofil,2,189,184,0,2,5563
SNE_390699_ccrop.jpg,Neutrophil,unsegmented-band,C_konflik_SNE_band,0,0,0,0,0,4056
SNE_415670_ccrop.jpg,Neutrophil,segmented-multilobed,B_sepakat_segmented,2,23,17,0,2,6050
LY_327708_ccrop.jpg,Lymphocyte,unsegmented-round,bukan_neutrofil,0,0,0,0,0,6107
SNE_278647_ccrop.jpg,Neutrophil,segmented-bilobed,B_sepakat_segmented,0,0,0,0,0,5707
LY_901764_ccrop.jpg,Lymphocyte,unsegmented-round,bukan_neutrofil,0,0,0,0,0,6255
BNE_766773_ccrop.jpg,Neutrophil,irregular,E_lainnya,0,0,0,0,0,6763
EO_447155_ccrop.jpg,Eosinophil,segmented-multilobed,bukan_neutrofil,0,0,0,0,0,6093
EO_112777_ccrop.jpg,Eosinophil,unsegmented-band,bukan_neutrofil,0,0,0,0,0,5180
MO_271075_ccrop.jpg,Monocyte,irregular,bukan_neutrofil,0,0,0,0,0,10742
LY_482766_ccrop.jpg,Lymphocyte,unsegmented-round,bukan_neutrofil,0,0,0,0,0,6017
SNE_629685_ccrop.jpg,Neutrophil,segmented-bilobed,B_sepakat_segmented,0,0,0,0,0,4744
MO_143419_ccrop.jpg,Monocyte,unsegmented-indented,bukan_neutrofil,0,0,0,0,0,12191
LY_351038_ccrop.jpg,Lymphocyte,unsegmented-round,bukan_neutrofil,0,0,0,0,0,5627
EO_218478_ccrop.jpg,Eosinophil,segmented-bilobed,bukan_neutrofil,0,0,0,0,0,6826
BNE_966230_ccrop.jpg,Neutrophil,unsegmented-band,A_sepakat_band,0,0,0,0,0,4624
SNE_433858_ccrop.jpg,Neutrophil,segmented-bilobed,B_sepakat_segmented,0,0,0,0,0,5743
EO_232945_ccrop.jpg,Eosinophil,segmented-multilobed,bukan_neutrofil,0,0,0,0,0,4820
EO_688234_ccrop.jpg,Eosinophil,segmented-multilobed,bukan_neutrofil,0,0,0,0,0,6828
LY_909959_ccrop.jpg,Lymphocyte,unsegmented-round,bukan_neutrofil,0,0,0,0,0,6692
BNE_911646_ccrop.jpg,Neutrophil,unsegmented-band,A_sepakat_band,0,0,0,0,0,4467
BNE_918862_ccrop.jpg,Neutrophil,unsegmented-band,A_sepakat_band,0,0,0,0,0,7627
MO_61220_ccrop.jpg,Monocyte,unsegmented-indented,bukan_neutrofil,0,0,0,0,0,9231
BNE_98657_ccrop.jpg,Neutrophil,unsegmented-band,A_sepakat_band,0,0,0,0,0,5113
EO_957649_ccrop.jpg,Eosinophil,segmented-bilobed,bukan_neutrofil,0,0,0,0,0,5902
EO_473999_ccrop.jpg,Eosinophil,irregular,bukan_neutrofil,0,0,0,0,0,11250
SNE_827687_ccrop.jpg,Neutrophil,unsegmented-band,C_konflik_SNE_band,0,0,0,0,0,5819
EO_700857_ccrop.jpg,Eosinophil,segmented-bilobed,bukan_neutrofil,0,0,0,0,0,4644
BNE_973323_ccrop.jpg,Neutrophil,unsegmented-band,A_sepakat_band,0,0,0,0,0,6567
EO_162719_ccrop.jpg,Eosinophil,segmented-bilobed,bukan_neutrofil,0,0,0,0,0,8551
SNE_193682_ccrop.jpg,Neutrophil,segmented-bilobed,B_sepakat_segmented,1,110,110,0,1,5220
LY_275148_ccrop.jpg,Lymphocyte,unsegmented-indented,bukan_neutrofil,0,0,0,0,0,5912
EO_473251_ccrop.jpg,Eosinophil,segmented-bilobed,bukan_neutrofil,1,6,6,0,1,6398
MO_724779_ccrop.jpg,Monocyte,unsegmented-indented,bukan_neutrofil,0,0,0,0,0,10313
EO_4246_ccrop.jpg,Eosinophil,segmented-bilobed,bukan_neutrofil,0,0,0,0,0,7888
SNE_390859_ccrop.jpg,Neutrophil,unsegmented-band,C_konflik_SNE_band,0,0,0,0,0,5099
LY_603476_ccrop.jpg,Lymphocyte,unsegmented-indented,bukan_neutrofil,0,0,0,0,0,6969
BA_102039_ccrop.jpg,Basophil,unsegmented-band,bukan_neutrofil,0,0,0,0,0,8551
MO_927827_ccrop.jpg,Monocyte,unsegmented-indented,bukan_neutrofil,0,0,0,0,0,9492
LY_960788_ccrop.jpg,Lymphocyte,unsegmented-round,bukan_neutrofil,0,0,0,0,0,6165
BA_89221_ccrop.jpg,Basophil,irregular,bukan_neutrofil,0,0,0,0,0,4157
BNE_173170_ccrop.jpg,Neutrophil,unsegmented-band,A_sepakat_band,0,0,0,0,0,5884
EO_641173_ccrop.jpg,Eosinophil,segmented-bilobed,bukan_neutrofil,2,114,113,0,2,5279
LY_308489_ccrop.jpg,Lymphocyte,unsegmented-indented,bukan_neutrofil,0,0,0,0,0,4608
SNE_204075_ccrop.jpg,Neutrophil,segmented-multilobed,B_sepakat_segmented,0,0,0,0,0,6560
EO_354662_ccrop.jpg,Eosinophil,segmented-bilobed,bukan_neutrofil,0,0,0,0,0,6358
EO_150810_ccrop.jpg,Eosinophil,segmented-bilobed,bukan_neutrofil,0,0,0,0,0,5987
BA_418374_ccrop.jpg,Basophil,irregular,bukan_neutrofil,0,0,0,0,0,5103
LY_810594_ccrop.jpg,Lymphocyte,unsegmented-round,bukan_neutrofil,0,0,0,0,0,6591
EO_952649_ccrop.jpg,Eosinophil,unsegmented-band,bukan_neutrofil,0,0,0,0,0,4724
LY_25363_ccrop.jpg,Lymphocyte,unsegmented-round,bukan_neutrofil,0,0,0,0,0,6625
MO_392815_ccrop.jpg,Monocyte,unsegmented-indented,bukan_neutrofil,0,0,0,0,0,10394
BA_82322_ccrop.jpg,Basophil,irregular,bukan_neutrofil,0,0,0,0,0,6471
LY_231768_ccrop.jpg,Lymphocyte,unsegmented-round,bukan_neutrofil,0,0,0,0,0,5201
EO_107416_ccrop.jpg,Eosinophil,segmented-bilobed,bukan_neutrofil,1,138,138,0,1,6389
SNE_550192_ccrop.jpg,Neutrophil,unsegmented-band,C_konflik_SNE_band,0,0,0,0,0,6614
SNE_874225_ccrop.jpg,Neutrophil,segmented-multilobed,B_sepakat_segmented,1,278,278,0,1,6797
EO_499434_ccrop.jpg,Eosinophil,segmented-multilobed,bukan_neutrofil,0,0,0,0,0,5532
EO_258490_ccrop.jpg,Eosinophil,segmented-bilobed,bukan_neutrofil,0,0,0,0,0,6338
SNE_715571_ccrop.jpg,Neutrophil,segmented-multilobed,B_sepakat_segmented,0,0,0,0,0,8309
LY_914594_ccrop.jpg,Lymphocyte,unsegmented-round,bukan_neutrofil,0,0,0,0,0,4932
SNE_330099_ccrop.jpg,Neutrophil,unsegmented-band,C_konflik_SNE_band,0,0,0,0,0,4770
EO_960022_ccrop.jpg,Eosinophil,segmented-bilobed,bukan_neutrofil,0,0,0,0,0,6442
EO_650903_ccrop.jpg,Eosinophil,segmented-multilobed,bukan_neutrofil,4,974,970,0,4,5610
LY_815909_ccrop.jpg,Lymphocyte,unsegmented-round,bukan_neutrofil,0,0,0,0,0,6740
EO_359361_ccrop.jpg,Eosinophil,segmented-bilobed,bukan_neutrofil,0,0,0,0,0,5045
LY_166114_ccrop.jpg,Lymphocyte,unsegmented-round,bukan_neutrofil,0,0,0,0,0,6067
BNE_37587_ccrop.jpg,Neutrophil,unsegmented-band,A_sepakat_band,0,0,0,0,0,5475
MO_176021_ccrop.jpg,Monocyte,unsegmented-indented,bukan_neutrofil,0,0,0,0,0,9329
LY_31663_ccrop.jpg,Lymphocyte,unsegmented-indented,bukan_neutrofil,0,0,0,0,0,6048
BNE_489658_ccrop.jpg,Neutrophil,unsegmented-band,A_sepakat_band,0,0,0,0,0,5353
SNE_372299_ccrop.jpg,Neutrophil,unsegmented-band,C_konflik_SNE_band,0,0,0,0,0,5572
MO_928929_ccrop.jpg,Monocyte,unsegmented-indented,bukan_neutrofil,0,0,0,0,0,10101
BNE_174048_ccrop.jpg,Neutrophil,unsegmented-band,A_sepakat_band,0,0,0,0,0,6362
EO_250964_ccrop.jpg,Eosinophil,segmented-bilobed,bukan_neutrofil,0,0,0,0,0,5033
EO_428861_ccrop.jpg,Eosinophil,segmented-bilobed,bukan_neutrofil,0,0,0,0,0,5967
BA_332707_ccrop.jpg,Basophil,segmented-bilobed,bukan_neutrofil,1,13,13,0,1,7233
LY_824813_ccrop.jpg,Lymphocyte,unsegmented-round,bukan_neutrofil,0,0,0,0,0,4063
LY_893140_ccrop.jpg,Lymphocyte,unsegmented-round,bukan_neutrofil,0,0,0,0,0,5002
MO_854625_ccrop.jpg,Monocyte,irregular,bukan_neutrofil,0,0,0,0,0,8067
BNE_256074_ccrop.jpg,Neutrophil,unsegmented-band,A_sepakat_band,0,0,0,0,0,6231
EO_627519_ccrop.jpg,Eosinophil,segmented-bilobed,bukan_neutrofil,0,0,0,0,0,13024
MO_575942_ccrop.jpg,Monocyte,unsegmented-indented,bukan_neutrofil,0,0,0,0,0,10485
BNE_81058_ccrop.jpg,Neutrophil,unsegmented-band,A_sepakat_band,0,0,0,0,0,5318
SNE_974314_ccrop.jpg,Neutrophil,unsegmented-band,C_konflik_SNE_band,0,0,0,0,0,5754
EO_262501_ccrop.jpg,Eosinophil,segmented-bilobed,bukan_neutrofil,0,0,0,0,0,6704
BA_348770_ccrop.jpg,Basophil,segmented-bilobed,bukan_neutrofil,2,57,40,0,2,7334
MO_970300_ccrop.jpg,Monocyte,unsegmented-indented,bukan_neutrofil,3,90,87,0,3,8388
BNE_846661_ccrop.jpg,Neutrophil,unsegmented-band,A_sepakat_band,0,0,0,0,0,4889
BA_345077_ccrop.jpg,Basophil,segmented-bilobed,bukan_neutrofil,0,0,0,0,0,5662
SNE_606249_ccrop.jpg,Neutrophil,segmented-bilobed,B_sepakat_segmented,0,0,0,0,0,5605
BA_888511_ccrop.jpg,Basophil,irregular,bukan_neutrofil,1,1,1,0,1,4953
EO_819708_ccrop.jpg,Eosinophil,segmented-bilobed,bukan_neutrofil,0,0,0,0,0,6067
BA_406770_ccrop.jpg,Basophil,unsegmented-band,bukan_neutrofil,0,0,0,0,0,7642
EO_60532_ccrop.jpg,Eosinophil,segmented-bilobed,bukan_neutrofil,1,37,37,0,1,5383
LY_600174_ccrop.jpg,Lymphocyte,unsegmented-round,bukan_neutrofil,0,0,0,0,0,6198
LY_589279_ccrop.jpg,Lymphocyte,unsegmented-round,bukan_neutrofil,0,0,0,0,0,5738
BNE_785852_ccrop.jpg,Neutrophil,unsegmented-band,A_sepakat_band,0,0,0,0,0,6984
MO_661482_ccrop.jpg,Monocyte,unsegmented-indented,bukan_neutrofil,0,0,0,0,0,9756
EO_859718_ccrop.jpg,Eosinophil,segmented-bilobed,bukan_neutrofil,0,0,0,0,0,7329
EO_807634_ccrop.jpg,Eosinophil,segmented-multilobed,bukan_neutrofil,0,0,0,0,0,5992
SNE_621758_ccrop.jpg,Neutrophil,segmented-multilobed,B_sepakat_segmented,0,0,0,0,0,4880
BA_212732_ccrop.jpg,Basophil,unsegmented-band,bukan_neutrofil,0,0,0,0,0,5786
LY_530259_ccrop.jpg,Lymphocyte,unsegmented-indented,bukan_neutrofil,0,0,0,0,0,7997
BA_379312_ccrop.jpg,Basophil,irregular,bukan_neutrofil,2,96,84,0,2,8534
LY_187676_ccrop.jpg,Lymphocyte,unsegmented-round,bukan_neutrofil,0,0,0,0,0,6332
EO_851904_ccrop.jpg,Eosinophil,segmented-multilobed,bukan_neutrofil,0,0,0,0,0,5818
EO_522315_ccrop.jpg,Eosinophil,segmented-bilobed,bukan_neutrofil,1,31,31,0,1,5521
BA_426699_ccrop.jpg,Basophil,segmented-bilobed,bukan_neutrofil,3,112,110,0,3,5864
EO_312283_ccrop.jpg,Eosinophil,segmented-bilobed,bukan_neutrofil,0,0,0,0,0,6337
SNE_145546_ccrop.jpg,Neutrophil,unsegmented-band,C_konflik_SNE_band,1,96,96,0,1,5842
BNE_817919_ccrop.jpg,Neutrophil,unsegmented-band,A_sepakat_band,1,14,14,0,1,6407
EO_403514_ccrop.jpg,Eosinophil,segmented-bilobed,bukan_neutrofil,0,0,0,0,0,6419
SNE_710179_ccrop.jpg,Neutrophil,segmented-bilobed,B_sepakat_segmented,0,0,0,0,0,6666
BNE_936163_ccrop.jpg,Neutrophil,unsegmented-band,A_sepakat_band,0,0,0,0,0,4922
SNE_860657_ccrop.jpg,Neutrophil,unsegmented-band,C_konflik_SNE_band,0,0,0,0,0,5368
EO_161514_ccrop.jpg,Eosinophil,segmented-multilobed,bukan_neutrofil,0,0,0,0,0,6393
MO_56409_ccrop.jpg,Monocyte,irregular,bukan_neutrofil,0,0,0,0,0,12829
LY_122957_ccrop.jpg,Lymphocyte,unsegmented-indented,bukan_neutrofil,0,0,0,0,0,6692
MO_861570_ccrop.jpg,Monocyte,unsegmented-indented,bukan_neutrofil,0,0,0,0,0,11026
EO_268984_ccrop.jpg,Eosinophil,segmented-bilobed,bukan_neutrofil,0,0,0,0,0,5736
EO_486225_ccrop.jpg,Eosinophil,segmented-bilobed,bukan_neutrofil,0,0,0,0,0,6287
MO_29749_ccrop.jpg,Monocyte,unsegmented-indented,bukan_neutrofil,0,0,0,0,0,9637
MO_325782_ccrop.jpg,Monocyte,irregular,bukan_neutrofil,0,0,0,0,0,9885
EO_22156_ccrop.jpg,Eosinophil,segmented-bilobed,bukan_neutrofil,0,0,0,0,0,6346
MO_943027_ccrop.jpg,Monocyte,unsegmented-indented,bukan_neutrofil,0,0,0,0,0,9244
SNE_286987_ccrop.jpg,Neutrophil,segmented-bilobed,B_sepakat_segmented,0,0,0,0,0,4840
BNE_101007_ccrop.jpg,Neutrophil,unsegmented-band,A_sepakat_band,0,0,0,0,0,5955
BNE_269318_ccrop.jpg,Neutrophil,unsegmented-band,A_sepakat_band,2,2,1,0,2,4712
BA_705969_ccrop.jpg,Basophil,irregular,bukan_neutrofil,0,0,0,0,0,7040
BA_653817_ccrop.jpg,Basophil,segmented-bilobed,bukan_neutrofil,2,9,5,0,2,5601
EO_193635_ccrop.jpg,Eosinophil,segmented-bilobed,bukan_neutrofil,0,0,0,0,0,10378
MO_540869_ccrop.jpg,Monocyte,unsegmented-indented,bukan_neutrofil,0,0,0,0,0,10985
BA_343929_ccrop.jpg,Basophil,segmented-bilobed,bukan_neutrofil,3,30,26,0,3,5887
LY_769569_ccrop.jpg,Lymphocyte,unsegmented-round,bukan_neutrofil,0,0,0,0,0,7571
EO_446061_ccrop.jpg,Eosinophil,segmented-bilobed,bukan_neutrofil,0,0,0,0,0,6046
EO_632079_ccrop.jpg,Eosinophil,unsegmented-band,bukan_neutrofil,0,0,0,0,0,5403
MO_914261_ccrop.jpg,Monocyte,unsegmented-indented,bukan_neutrofil,0,0,0,0,0,8971
BA_91996_ccrop.jpg,Basophil,irregular,bukan_neutrofil,0,0,0,0,0,5731
BNE_349340_ccrop.jpg,Neutrophil,unsegmented-band,A_sepakat_band,0,0,0,0,0,6675
LY_476903_ccrop.jpg,Lymphocyte,unsegmented-round,bukan_neutrofil,0,0,0,0,0,7320
EO_926290_ccrop.jpg,Eosinophil,segmented-multilobed,bukan_neutrofil,0,0,0,0,0,6304
BNE_778432_ccrop.jpg,Neutrophil,unsegmented-band,A_sepakat_band,0,0,0,0,0,6367
LY_651718_ccrop.jpg,Lymphocyte,irregular,bukan_neutrofil,0,0,0,0,0,5547
BA_752647_ccrop.jpg,Basophil,irregular,bukan_neutrofil,0,0,0,0,0,5961
BNE_911025_ccrop.jpg,Neutrophil,unsegmented-band,A_sepakat_band,0,0,0,0,0,4993
EO_129141_ccrop.jpg,Eosinophil,segmented-multilobed,bukan_neutrofil,0,0,0,0,0,6743
BA_279676_ccrop.jpg,Basophil,segmented-bilobed,bukan_neutrofil,1,7,7,0,1,6295
EO_336692_ccrop.jpg,Eosinophil,segmented-multilobed,bukan_neutrofil,0,0,0,0,0,4083
MO_528930_ccrop.jpg,Monocyte,unsegmented-indented,bukan_neutrofil,0,0,0,0,0,8443
MO_171455_ccrop.jpg,Monocyte,unsegmented-round,bukan_neutrofil,0,0,0,0,0,10501
SNE_443914_ccrop.jpg,Neutrophil,segmented-bilobed,B_sepakat_segmented,0,0,0,0,0,5311
BNE_513021_ccrop.jpg,Neutrophil,unsegmented-band,A_sepakat_band,0,0,0,0,0,4843
BA_451206_ccrop.jpg,Basophil,irregular,bukan_neutrofil,0,0,0,0,0,7489
EO_256492_ccrop.jpg,Eosinophil,segmented-bilobed,bukan_neutrofil,0,0,0,0,0,6075
LY_99358_ccrop.jpg,Lymphocyte,unsegmented-round,bukan_neutrofil,0,0,0,0,0,5756
LY_560142_ccrop.jpg,Lymphocyte,unsegmented-indented,bukan_neutrofil,0,0,0,0,0,5234
BNE_808363_ccrop.jpg,Neutrophil,unsegmented-band,A_sepakat_band,0,0,0,0,0,5146
EO_248919_ccrop.jpg,Eosinophil,segmented-bilobed,bukan_neutrofil,0,0,0,0,0,4738
BA_662040_ccrop.jpg,Basophil,irregular,bukan_neutrofil,0,0,0,0,0,7599
BA_994163_ccrop.jpg,Basophil,unsegmented-band,bukan_neutrofil,0,0,0,0,0,6197
EO_341403_ccrop.jpg,Eosinophil,segmented-bilobed,bukan_neutrofil,1,1,1,0,1,7049
MO_859473_ccrop.jpg,Monocyte,unsegmented-indented,bukan_neutrofil,0,0,0,0,0,8162
MO_715604_ccrop.jpg,Monocyte,unsegmented-indented,bukan_neutrofil,0,0,0,0,0,8496
BA_1223_ccrop.jpg,Basophil,irregular,bukan_neutrofil,0,0,0,0,0,7697
EO_612226_ccrop.jpg,Eosinophil,segmented-bilobed,bukan_neutrofil,0,0,0,0,0,6552
BA_179459_ccrop.jpg,Basophil,irregular,bukan_neutrofil,0,0,0,0,0,5190
BNE_937245_ccrop.jpg,Neutrophil,unsegmented-band,A_sepakat_band,0,0,0,0,0,7522
LY_814540_ccrop.jpg,Lymphocyte,unsegmented-indented,bukan_neutrofil,0,0,0,0,0,6591
BNE_45687_ccrop.jpg,Neutrophil,unsegmented-band,A_sepakat_band,0,0,0,0,0,4978
NEUTROPHIL_620442_ccrop.jpg,Neutrophil,segmented-multilobed,F_tak_bersubtipe,0,0,0,0,0,5180
EO_928297_ccrop.jpg,Eosinophil,segmented-bilobed,bukan_neutrofil,0,0,0,0,0,6009
BNE_524065_ccrop.jpg,Neutrophil,unsegmented-band,A_sepakat_band,0,0,0,0,0,6554
BA_504915_ccrop.jpg,Basophil,irregular,bukan_neutrofil,0,0,0,0,0,7541
SNE_157076_ccrop.jpg,Neutrophil,segmented-bilobed,B_sepakat_segmented,0,0,0,0,0,5834
EO_454476_ccrop.jpg,Eosinophil,segmented-bilobed,bukan_neutrofil,0,0,0,0,0,8180
MO_359116_ccrop.jpg,Monocyte,unsegmented-indented,bukan_neutrofil,0,0,0,0,0,11222
SNE_613779_ccrop.jpg,Neutrophil,segmented-bilobed,B_sepakat_segmented,1,63,63,0,1,6334
EO_324837_ccrop.jpg,Eosinophil,segmented-multilobed,bukan_neutrofil,0,0,0,0,0,5779
BA_583260_ccrop.jpg,Basophil,irregular,bukan_neutrofil,0,0,0,0,0,6908
EO_460476_ccrop.jpg,Eosinophil,segmented-bilobed,bukan_neutrofil,0,0,0,0,0,7168
EO_30344_ccrop.jpg,Eosinophil,segmented-multilobed,bukan_neutrofil,0,0,0,0,0,5267
MO_441309_ccrop.jpg,Monocyte,irregular,bukan_neutrofil,2,408,350,0,2,9375
MO_49442_ccrop.jpg,Monocyte,unsegmented-indented,bukan_neutrofil,0,0,0,0,0,13088
EO_533774_ccrop.jpg,Eosinophil,segmented-bilobed,bukan_neutrofil,0,0,0,0,0,7269
EO_73632_ccrop.jpg,Eosinophil,segmented-bilobed,bukan_neutrofil,0,0,0,0,0,7665
MO_881516_ccrop.jpg,Monocyte,irregular,bukan_neutrofil,2,388,324,0,2,12077
LY_148243_ccrop.jpg,Lymphocyte,irregular,bukan_neutrofil,0,0,0,0,0,6301
SNE_224317_ccrop.jpg,Neutrophil,segmented-multilobed,B_sepakat_segmented,0,0,0,0,0,6630
EO_109976_ccrop.jpg,Eosinophil,irregular,bukan_neutrofil,0,0,0,0,0,7516
BNE_992115_ccrop.jpg,Neutrophil,unsegmented-band,A_sepakat_band,0,0,0,0,0,5896
SNE_763224_ccrop.jpg,Neutrophil,segmented-bilobed,B_sepakat_segmented,0,0,0,0,0,6248
EO_740137_ccrop.jpg,Eosinophil,segmented-multilobed,bukan_neutrofil,0,0,0,0,0,5038
LY_997935_ccrop.jpg,Lymphocyte,unsegmented-round,bukan_neutrofil,0,0,0,0,0,6311
EO_473743_ccrop.jpg,Eosinophil,segmented-bilobed,bukan_neutrofil,0,0,0,0,0,5326
EO_198602_ccrop.jpg,Eosinophil,segmented-bilobed,bukan_neutrofil,0,0,0,0,0,7011
BNE_384128_ccrop.jpg,Neutrophil,unsegmented-band,A_sepakat_band,0,0,0,0,0,6029
EO_461953_ccrop.jpg,Eosinophil,segmented-bilobed,bukan_neutrofil,0,0,0,0,0,6550
MO_662297_ccrop.jpg,Monocyte,unsegmented-indented,bukan_neutrofil,1,170,170,0,1,10549
LY_79706_ccrop.jpg,Lymphocyte,unsegmented-indented,bukan_neutrofil,0,0,0,0,0,7149
LY_948825_ccrop.jpg,Lymphocyte,unsegmented-round,bukan_neutrofil,0,0,0,0,0,6477
BA_855006_ccrop.jpg,Basophil,segmented-bilobed,bukan_neutrofil,0,0,0,0,0,5551
EO_548205_ccrop.jpg,Eosinophil,unsegmented-band,bukan_neutrofil,0,0,0,0,0,8776
MO_530447_ccrop.jpg,Monocyte,unsegmented-indented,bukan_neutrofil,0,0,0,0,0,10574
EO_5364_ccrop.jpg,Eosinophil,segmented-bilobed,bukan_neutrofil,0,0,0,0,0,5186
LY_121614_ccrop.jpg,Lymphocyte,unsegmented-round,bukan_neutrofil,0,0,0,0,0,6479
EO_322492_ccrop.jpg,Eosinophil,segmented-bilobed,bukan_neutrofil,0,0,0,0,0,4833
BNE_678750_ccrop.jpg,Neutrophil,unsegmented-band,A_sepakat_band,0,0,0,0,0,5322
BNE_426408_ccrop.jpg,Neutrophil,unsegmented-band,A_sepakat_band,0,0,0,0,0,4508
BA_535377_ccrop.jpg,Basophil,irregular,bukan_neutrofil,0,0,0,0,0,6323
BNE_278119_ccrop.jpg,Neutrophil,unsegmented-round,E_lainnya,0,0,0,0,0,6448
SNE_975451_ccrop.jpg,Neutrophil,segmented-bilobed,B_sepakat_segmented,0,0,0,0,0,6889
BNE_316618_ccrop.jpg,Neutrophil,unsegmented-band,A_sepakat_band,0,0,0,0,0,6764
LY_83417_ccrop.jpg,Lymphocyte,unsegmented-round,bukan_neutrofil,0,0,0,0,0,5675
LY_732056_ccrop.jpg,Lymphocyte,unsegmented-round,bukan_neutrofil,0,0,0,0,0,7261
EO_923555_ccrop.jpg,Eosinophil,segmented-bilobed,bukan_neutrofil,0,0,0,0,0,6935
SNE_813985_ccrop.jpg,Neutrophil,unsegmented-band,C_konflik_SNE_band,1,684,684,0,1,4715
EO_583733_ccrop.jpg,Eosinophil,segmented-bilobed,bukan_neutrofil,0,0,0,0,0,5524
EO_735445_ccrop.jpg,Eosinophil,segmented-bilobed,bukan_neutrofil,0,0,0,0,0,5252
BNE_348065_ccrop.jpg,Neutrophil,unsegmented-band,A_sepakat_band,0,0,0,0,0,4388
SNE_621549_ccrop.jpg,Neutrophil,segmented-bilobed,B_sepakat_segmented,2,300,279,0,2,6305
BNE_753173_ccrop.jpg,Neutrophil,unsegmented-band,A_sepakat_band,0,0,0,0,0,5842
MO_629941_ccrop.jpg,Monocyte,unsegmented-round,bukan_neutrofil,0,0,0,0,0,12283
EO_643332_ccrop.jpg,Eosinophil,segmented-multilobed,bukan_neutrofil,0,0,0,0,0,6090
MO_23093_ccrop.jpg,Monocyte,unsegmented-indented,bukan_neutrofil,0,0,0,0,0,10713
SNE_624137_ccrop.jpg,Neutrophil,segmented-multilobed,B_sepakat_segmented,1,976,976,0,1,6236
EO_724369_ccrop.jpg,Eosinophil,segmented-bilobed,bukan_neutrofil,0,0,0,0,0,6129
SNE_64196_ccrop.jpg,Neutrophil,segmented-bilobed,B_sepakat_segmented,0,0,0,0,0,6014
SNE_363098_ccrop.jpg,Neutrophil,unsegmented-band,C_konflik_SNE_band,0,0,0,0,0,6738
BA_882416_ccrop.jpg,Basophil,segmented-multilobed,bukan_neutrofil,0,0,0,0,0,6394
LY_43870_ccrop.jpg,Lymphocyte,unsegmented-round,bukan_neutrofil,0,0,0,0,0,5122
MO_226222_ccrop.jpg,Monocyte,unsegmented-indented,bukan_neutrofil,0,0,0,0,0,11557
SNE_588235_ccrop.jpg,Neutrophil,segmented-multilobed,B_sepakat_segmented,0,0,0,0,0,6670
BA_206112_ccrop.jpg,Basophil,irregular,bukan_neutrofil,0,0,0,0,0,7028
EO_819208_ccrop.jpg,Eosinophil,segmented-bilobed,bukan_neutrofil,0,0,0,0,0,4485
SNE_24189_ccrop.jpg,Neutrophil,segmented-bilobed,B_sepakat_segmented,0,0,0,0,0,5787
LY_330488_ccrop.jpg,Lymphocyte,unsegmented-round,bukan_neutrofil,0,0,0,0,0,5427
MO_91936_ccrop.jpg,Monocyte,irregular,bukan_neutrofil,0,0,0,0,0,12143
EO_649696_ccrop.jpg,Eosinophil,segmented-bilobed,bukan_neutrofil,0,0,0,0,0,5540
BNE_265195_ccrop.jpg,Neutrophil,unsegmented-band,A_sepakat_band,0,0,0,0,0,5862
BA_461900_ccrop.jpg,Basophil,irregular,bukan_neutrofil,1,6,6,0,1,7979
EO_998173_ccrop.jpg,Eosinophil,segmented-bilobed,bukan_neutrofil,0,0,0,0,0,7248
EO_520683_ccrop.jpg,Eosinophil,unsegmented-band,bukan_neutrofil,0,0,0,0,0,5392
MO_348717_ccrop.jpg,Monocyte,unsegmented-indented,bukan_neutrofil,0,0,0,0,0,9708
SNE_952749_ccrop.jpg,Neutrophil,unsegmented-band,C_konflik_SNE_band,0,0,0,0,0,5307
EO_596214_ccrop.jpg,Eosinophil,segmented-bilobed,bukan_neutrofil,0,0,0,0,0,7104
SNE_467597_ccrop.jpg,Neutrophil,unsegmented-band,C_konflik_SNE_band,0,0,0,0,0,5809
MO_211767_ccrop.jpg,Monocyte,unsegmented-indented,bukan_neutrofil,0,0,0,0,0,9625
MO_159280_ccrop.jpg,Monocyte,irregular,bukan_neutrofil,0,0,0,0,0,11072
SNE_339610_ccrop.jpg,Neutrophil,segmented-multilobed,B_sepakat_segmented,0,0,0,0,0,6315
EO_122655_ccrop.jpg,Eosinophil,segmented-bilobed,bukan_neutrofil,0,0,0,0,0,6517
LY_198818_ccrop.jpg,Lymphocyte,unsegmented-indented,bukan_neutrofil,0,0,0,0,0,5030
EO_467461_ccrop.jpg,Eosinophil,segmented-bilobed,bukan_neutrofil,2,229,228,0,2,7084
SNE_648700_ccrop.jpg,Neutrophil,segmented-multilobed,B_sepakat_segmented,0,0,0,0,0,5360
SNE_133532_ccrop.jpg,Neutrophil,segmented-multilobed,B_sepakat_segmented,0,0,0,0,0,5480
BNE_347448_ccrop.jpg,Neutrophil,unsegmented-band,A_sepakat_band,0,0,0,0,0,5109
BA_41844_ccrop.jpg,Basophil,segmented-multilobed,bukan_neutrofil,2,148,147,0,2,6598
LY_829942_ccrop.jpg,Lymphocyte,unsegmented-round,bukan_neutrofil,0,0,0,0,0,11805
LY_131013_ccrop.jpg,Lymphocyte,unsegmented-round,bukan_neutrofil,0,0,0,0,0,6335
SNE_364981_ccrop.jpg,Neutrophil,unsegmented-band,C_konflik_SNE_band,0,0,0,0,0,5411
SNE_915927_ccrop.jpg,Neutrophil,unsegmented-band,C_konflik_SNE_band,1,107,107,0,1,4622
BA_912566_ccrop.jpg,Basophil,irregular,bukan_neutrofil,1,127,127,0,1,7205
BNE_120491_ccrop.jpg,Neutrophil,unsegmented-band,A_sepakat_band,0,0,0,0,0,4498
MO_459530_ccrop.jpg,Monocyte,irregular,bukan_neutrofil,1,245,245,0,1,9863
BNE_631496_ccrop.jpg,Neutrophil,unsegmented-band,A_sepakat_band,0,0,0,0,0,7601
EO_729292_ccrop.jpg,Eosinophil,unsegmented-band,bukan_neutrofil,0,0,0,0,0,6767
EO_975672_ccrop.jpg,Eosinophil,unsegmented-band,bukan_neutrofil,2,249,248,0,2,7554
EO_605990_ccrop.jpg,Eosinophil,segmented-bilobed,bukan_neutrofil,0,0,0,0,0,6204
BNE_490548_ccrop.jpg,Neutrophil,unsegmented-band,A_sepakat_band,0,0,0,0,0,5387
SNE_501283_ccrop.jpg,Neutrophil,segmented-bilobed,B_sepakat_segmented,0,0,0,0,0,5875
SNE_142258_ccrop.jpg,Neutrophil,segmented-bilobed,B_sepakat_segmented,1,77,77,0,1,6385
SNE_732623_ccrop.jpg,Neutrophil,segmented-bilobed,B_sepakat_segmented,0,0,0,0,0,5961
SNE_57295_ccrop.jpg,Neutrophil,unsegmented-band,C_konflik_SNE_band,0,0,0,0,0,6401
MO_689697_ccrop.jpg,Monocyte,unsegmented-round,bukan_neutrofil,0,0,0,0,0,9990
SNE_460781_ccrop.jpg,Neutrophil,unsegmented-band,C_konflik_SNE_band,0,0,0,0,0,5230
MO_377587_ccrop.jpg,Monocyte,unsegmented-indented,bukan_neutrofil,0,0,0,0,0,10233
MO_286053_ccrop.jpg,Monocyte,unsegmented-indented,bukan_neutrofil,1,119,119,0,1,10346
EO_344769_ccrop.jpg,Eosinophil,segmented-bilobed,bukan_neutrofil,0,0,0,0,0,5845
LY_345440_ccrop.jpg,Lymphocyte,unsegmented-indented,bukan_neutrofil,0,0,0,0,0,6290
MO_532846_ccrop.jpg,Monocyte,unsegmented-indented,bukan_neutrofil,0,0,0,0,0,10930
SNE_753316_ccrop.jpg,Neutrophil,segmented-bilobed,B_sepakat_segmented,2,356,354,0,2,5099
BNE_876156_ccrop.jpg,Neutrophil,unsegmented-band,A_sepakat_band,0,0,0,0,0,6387
BA_731764_ccrop.jpg,Basophil,segmented-multilobed,bukan_neutrofil,1,21,21,0,1,7143
BNE_342517_ccrop.jpg,Neutrophil,unsegmented-band,A_sepakat_band,0,0,0,0,0,7517
SNE_459251_ccrop.jpg,Neutrophil,unsegmented-band,C_konflik_SNE_band,1,2,2,0,1,5695
SNE_445423_ccrop.jpg,Neutrophil,segmented-multilobed,B_sepakat_segmented,0,0,0,0,0,5771
SNE_131610_ccrop.jpg,Neutrophil,segmented-bilobed,B_sepakat_segmented,0,0,0,0,0,5425
EO_916041_ccrop.jpg,Eosinophil,segmented-bilobed,bukan_neutrofil,1,426,426,0,1,6866
MO_96448_ccrop.jpg,Monocyte,unsegmented-indented,bukan_neutrofil,0,0,0,0,0,12584
EO_95450_ccrop.jpg,Eosinophil,segmented-bilobed,bukan_neutrofil,0,0,0,0,0,5790
EO_845169_ccrop.jpg,Eosinophil,unsegmented-band,bukan_neutrofil,0,0,0,0,0,4905
MO_765341_ccrop.jpg,Monocyte,unsegmented-indented,bukan_neutrofil,0,0,0,0,0,11334
LY_604558_ccrop.jpg,Lymphocyte,unsegmented-round,bukan_neutrofil,0,0,0,0,0,3965
SNE_649747_ccrop.jpg,Neutrophil,segmented-bilobed,B_sepakat_segmented,0,0,0,0,0,5371
MO_896706_ccrop.jpg,Monocyte,unsegmented-indented,bukan_neutrofil,0,0,0,0,0,8976
EO_784441_ccrop.jpg,Eosinophil,segmented-multilobed,bukan_neutrofil,0,0,0,0,0,7207
BA_27002_ccrop.jpg,Basophil,irregular,bukan_neutrofil,0,0,0,0,0,7144
LY_166721_ccrop.jpg,Lymphocyte,unsegmented-round,bukan_neutrofil,0,0,0,0,0,5653
SNE_908590_ccrop.jpg,Neutrophil,segmented-multilobed,B_sepakat_segmented,0,0,0,0,0,6801
BA_717328_ccrop.jpg,Basophil,irregular,bukan_neutrofil,0,0,0,0,0,6625
EO_123499_ccrop.jpg,Eosinophil,segmented-bilobed,bukan_neutrofil,0,0,0,0,0,6604
LY_200918_ccrop.jpg,Lymphocyte,unsegmented-round,bukan_neutrofil,0,0,0,0,0,6011
EO_784638_ccrop.jpg,Eosinophil,segmented-bilobed,bukan_neutrofil,1,1,1,0,1,5379
SNE_897183_ccrop.jpg,Neutrophil,unsegmented-band,C_konflik_SNE_band,0,0,0,0,0,6445
LY_21798_ccrop.jpg,Lymphocyte,unsegmented-round,bukan_neutrofil,0,0,0,0,0,6468
EO_755434_ccrop.jpg,Eosinophil,segmented-bilobed,bukan_neutrofil,0,0,0,0,0,6597
EO_68346_ccrop.jpg,Eosinophil,segmented-bilobed,bukan_neutrofil,0,0,0,0,0,7213
SNE_927649_ccrop.jpg,Neutrophil,segmented-bilobed,B_sepakat_segmented,0,0,0,0,0,5379
EO_569992_ccrop.jpg,Eosinophil,segmented-bilobed,bukan_neutrofil,0,0,0,0,0,7303
MO_894356_ccrop.jpg,Monocyte,segmented-bilobed,bukan_neutrofil,0,0,0,0,0,9286
SNE_95665_ccrop.jpg,Neutrophil,unsegmented-band,C_konflik_SNE_band,0,0,0,0,0,6017
BNE_622154_ccrop.jpg,Neutrophil,unsegmented-band,A_sepakat_band,0,0,0,0,0,5248
SNE_635074_ccrop.jpg,Neutrophil,segmented-bilobed,B_sepakat_segmented,0,0,0,0,0,5535
EO_560821_ccrop.jpg,Eosinophil,segmented-bilobed,bukan_neutrofil,0,0,0,0,0,6433
BNE_135118_ccrop.jpg,Neutrophil,unsegmented-band,A_sepakat_band,0,0,0,0,0,5672
BNE_909035_ccrop.jpg,Neutrophil,unsegmented-band,A_sepakat_band,0,0,0,0,0,5692
EO_243308_ccrop.jpg,Eosinophil,segmented-multilobed,bukan_neutrofil,1,13,13,0,1,6023
BNE_580781_ccrop.jpg,Neutrophil,unsegmented-band,A_sepakat_band,0,0,0,0,0,4936
EO_609630_ccrop.jpg,Eosinophil,segmented-multilobed,bukan_neutrofil,1,17,17,0,1,6919
LY_371352_ccrop.jpg,Lymphocyte,unsegmented-round,bukan_neutrofil,0,0,0,0,0,5275
BA_229541_ccrop.jpg,Basophil,irregular,bukan_neutrofil,1,193,193,0,1,7018
BA_529390_ccrop.jpg,Basophil,segmented-multilobed,bukan_neutrofil,0,0,0,0,0,7469
SNE_810873_ccrop.jpg,Neutrophil,segmented-multilobed,B_sepakat_segmented,0,0,0,0,0,5805
BA_284282_ccrop.jpg,Basophil,unsegmented-indented,bukan_neutrofil,0,0,0,0,0,8334
LY_818085_ccrop.jpg,Lymphocyte,unsegmented-round,bukan_neutrofil,0,0,0,0,0,5721
EO_63106_ccrop.jpg,Eosinophil,segmented-bilobed,bukan_neutrofil,0,0,0,0,0,7263
EO_39991_ccrop.jpg,Eosinophil,segmented-multilobed,bukan_neutrofil,0,0,0,0,0,5082
SNE_506153_ccrop.jpg,Neutrophil,segmented-bilobed,B_sepakat_segmented,0,0,0,0,0,6560
SNE_832642_ccrop.jpg,Neutrophil,unsegmented-band,C_konflik_SNE_band,3,92,88,0,3,5488
EO_930939_ccrop.jpg,Eosinophil,segmented-bilobed,bukan_neutrofil,0,0,0,0,0,6330
EO_618199_ccrop.jpg,Eosinophil,segmented-multilobed,bukan_neutrofil,0,0,0,0,0,5112
EO_190093_ccrop.jpg,Eosinophil,unsegmented-band,bukan_neutrofil,0,0,0,0,0,6880
EO_25065_ccrop.jpg,Eosinophil,segmented-bilobed,bukan_neutrofil,0,0,0,0,0,5909
SNE_809080_ccrop.jpg,Neutrophil,unsegmented-band,C_konflik_SNE_band,0,0,0,0,0,6048
EO_606776_ccrop.jpg,Eosinophil,unsegmented-band,bukan_neutrofil,0,0,0,0,0,5786
BA_988844_ccrop.jpg,Basophil,segmented-bilobed,bukan_neutrofil,0,0,0,0,0,6491
LY_720543_ccrop.jpg,Lymphocyte,unsegmented-indented,bukan_neutrofil,0,0,0,0,0,6906
MO_14768_ccrop.jpg,Monocyte,unsegmented-indented,bukan_neutrofil,0,0,0,0,0,10712
SNE_328930_ccrop.jpg,Neutrophil,unsegmented-band,C_konflik_SNE_band,0,0,0,0,0,4784
BNE_168051_ccrop.jpg,Neutrophil,unsegmented-band,A_sepakat_band,0,0,0,0,0,6340
EO_10787_ccrop.jpg,Eosinophil,segmented-multilobed,bukan_neutrofil,0,0,0,0,0,5069
SNE_196369_ccrop.jpg,Neutrophil,segmented-bilobed,B_sepakat_segmented,0,0,0,0,0,4526
LY_746784_ccrop.jpg,Lymphocyte,unsegmented-indented,bukan_neutrofil,0,0,0,0,0,6714
LY_483388_ccrop.jpg,Lymphocyte,unsegmented-round,bukan_neutrofil,0,0,0,0,0,6293
MO_551018_ccrop.jpg,Monocyte,unsegmented-indented,bukan_neutrofil,0,0,0,0,0,10369
EO_77098_ccrop.jpg,Eosinophil,segmented-bilobed,bukan_neutrofil,0,0,0,0,0,5675
EO_336192_ccrop.jpg,Eosinophil,segmented-bilobed,bukan_neutrofil,0,0,0,0,0,6476
BA_87690_ccrop.jpg,Basophil,segmented-multilobed,bukan_neutrofil,0,0,0,0,0,6261
EO_547464_ccrop.jpg,Eosinophil,segmented-bilobed,bukan_neutrofil,0,0,0,0,0,7300
BNE_602066_ccrop.jpg,Neutrophil,unsegmented-band,A_sepakat_band,0,0,0,0,0,5752
BNE_239636_ccrop.jpg,Neutrophil,unsegmented-band,A_sepakat_band,0,0,0,0,0,6273
LY_933374_ccrop.jpg,Lymphocyte,unsegmented-round,bukan_neutrofil,0,0,0,0,0,5387
EO_388396_ccrop.jpg,Eosinophil,segmented-bilobed,bukan_neutrofil,0,0,0,0,0,6810
EO_126173_ccrop.jpg,Eosinophil,irregular,bukan_neutrofil,0,0,0,0,0,6282
MO_197584_ccrop.jpg,Monocyte,unsegmented-round,bukan_neutrofil,0,0,0,0,0,7598
EO_660594_ccrop.jpg,Eosinophil,segmented-bilobed,bukan_neutrofil,0,0,0,0,0,8022
MO_676706_ccrop.jpg,Monocyte,unsegmented-indented,bukan_neutrofil,1,49,49,0,1,10223
MO_490833_ccrop.jpg,Monocyte,unsegmented-indented,bukan_neutrofil,0,0,0,0,0,12208
EO_165140_ccrop.jpg,Eosinophil,segmented-bilobed,bukan_neutrofil,0,0,0,0,0,6351
BNE_847477_ccrop.jpg,Neutrophil,unsegmented-band,A_sepakat_band,0,0,0,0,0,5387
MO_993110_ccrop.jpg,Monocyte,unsegmented-indented,bukan_neutrofil,1,26,26,0,1,12940
EO_939374_ccrop.jpg,Eosinophil,segmented-multilobed,bukan_neutrofil,0,0,0,0,0,5127
EO_311652_ccrop.jpg,Eosinophil,segmented-multilobed,bukan_neutrofil,0,0,0,0,0,13317
EO_370072_ccrop.jpg,Eosinophil,segmented-multilobed,bukan_neutrofil,1,143,143,0,1,6563
SNE_446923_ccrop.jpg,Neutrophil,unsegmented-band,C_konflik_SNE_band,1,577,577,0,1,7668
EO_965871_ccrop.jpg,Eosinophil,segmented-bilobed,bukan_neutrofil,0,0,0,0,0,18628
MO_319445_ccrop.jpg,Monocyte,irregular,bukan_neutrofil,1,77,77,0,1,11215
SNE_143231_ccrop.jpg,Neutrophil,unsegmented-band,C_konflik_SNE_band,0,0,0,0,0,6650
MO_721550_ccrop.jpg,Monocyte,unsegmented-indented,bukan_neutrofil,0,0,0,0,0,10451
BNE_900832_ccrop.jpg,Neutrophil,unsegmented-band,A_sepakat_band,0,0,0,0,0,5464
EO_824437_ccrop.jpg,Eosinophil,segmented-bilobed,bukan_neutrofil,0,0,0,0,0,6952
LY_79607_ccrop.jpg,Lymphocyte,unsegmented-indented,bukan_neutrofil,0,0,0,0,0,5619
SNE_938139_ccrop.jpg,Neutrophil,unsegmented-band,C_konflik_SNE_band,0,0,0,0,0,5286
EO_2736_ccrop.jpg,Eosinophil,segmented-bilobed,bukan_neutrofil,0,0,0,0,0,6130
BNE_26083_ccrop.jpg,Neutrophil,unsegmented-band,A_sepakat_band,0,0,0,0,0,5497
EO_886791_ccrop.jpg,Eosinophil,segmented-bilobed,bukan_neutrofil,0,0,0,0,0,5462
BA_445437_ccrop.jpg,Basophil,segmented-bilobed,bukan_neutrofil,0,0,0,0,0,6775
EO_371287_ccrop.jpg,Eosinophil,segmented-bilobed,bukan_neutrofil,0,0,0,0,0,7459
MO_71718_ccrop.jpg,Monocyte,irregular,bukan_neutrofil,0,0,0,0,0,10464
BA_276896_ccrop.jpg,Basophil,segmented-multilobed,bukan_neutrofil,0,0,0,0,0,11005
BNE_312496_ccrop.jpg,Neutrophil,unsegmented-band,A_sepakat_band,0,0,0,0,0,6219
BNE_889353_ccrop.jpg,Neutrophil,unsegmented-band,A_sepakat_band,0,0,0,0,0,7582
LY_221714_ccrop.jpg,Lymphocyte,unsegmented-round,bukan_neutrofil,0,0,0,0,0,5591
EO_162533_ccrop.jpg,Eosinophil,segmented-bilobed,bukan_neutrofil,0,0,0,0,0,6016
MO_457305_ccrop.jpg,Monocyte,unsegmented-indented,bukan_neutrofil,0,0,0,0,0,9901
MO_36685_ccrop.jpg,Monocyte,irregular,bukan_neutrofil,0,0,0,0,0,12044
BA_658251_ccrop.jpg,Basophil,segmented-bilobed,bukan_neutrofil,1,105,105,0,1,6411
EO_554939_ccrop.jpg,Eosinophil,segmented-multilobed,bukan_neutrofil,0,0,0,0,0,6400
SNE_388847_ccrop.jpg,Neutrophil,unsegmented-band,C_konflik_SNE_band,0,0,0,0,0,4495
BA_81869_ccrop.jpg,Basophil,segmented-multilobed,bukan_neutrofil,0,0,0,0,0,7483
MO_371751_ccrop.jpg,Monocyte,irregular,bukan_neutrofil,0,0,0,0,0,9394
BNE_472201_ccrop.jpg,Neutrophil,unsegmented-band,A_sepakat_band,0,0,0,0,0,7416
EO_849675_ccrop.jpg,Eosinophil,segmented-bilobed,bukan_neutrofil,0,0,0,0,0,5786
EO_876599_ccrop.jpg,Eosinophil,segmented-bilobed,bukan_neutrofil,0,0,0,0,0,5825
BNE_56375_ccrop.jpg,Neutrophil,unsegmented-band,A_sepakat_band,0,0,0,0,0,4873
LY_813628_ccrop.jpg,Lymphocyte,unsegmented-round,bukan_neutrofil,0,0,0,0,0,8295
BNE_567004_ccrop.jpg,Neutrophil,unsegmented-band,A_sepakat_band,0,0,0,0,0,5197
EO_169682_ccrop.jpg,Eosinophil,segmented-multilobed,bukan_neutrofil,0,0,0,0,0,5504
MO_245686_ccrop.jpg,Monocyte,unsegmented-indented,bukan_neutrofil,0,0,0,0,0,12636
BNE_489422_ccrop.jpg,Neutrophil,unsegmented-band,A_sepakat_band,0,0,0,0,0,6247
BA_89458_ccrop.jpg,Basophil,irregular,bukan_neutrofil,0,0,0,0,0,4211
BNE_848315_ccrop.jpg,Neutrophil,unsegmented-band,A_sepakat_band,1,115,115,0,1,5638
LY_431600_ccrop.jpg,Lymphocyte,unsegmented-indented,bukan_neutrofil,0,0,0,0,0,5457
EO_357066_ccrop.jpg,Eosinophil,segmented-bilobed,bukan_neutrofil,0,0,0,0,0,6170
BNE_305252_ccrop.jpg,Neutrophil,unsegmented-band,A_sepakat_band,0,0,0,0,0,6287
MO_866623_ccrop.jpg,Monocyte,irregular,bukan_neutrofil,0,0,0,0,0,11233
EO_326529_ccrop.jpg,Eosinophil,segmented-bilobed,bukan_neutrofil,0,0,0,0,0,4683
BNE_974504_ccrop.jpg,Neutrophil,unsegmented-band,A_sepakat_band,0,0,0,0,0,6251
EO_480632_ccrop.jpg,Eosinophil,segmented-bilobed,bukan_neutrofil,0,0,0,0,0,7145
SNE_663742_ccrop.jpg,Neutrophil,segmented-multilobed,B_sepakat_segmented,15,18,2,0,15,5339
EO_39469_ccrop.jpg,Eosinophil,segmented-bilobed,bukan_neutrofil,0,0,0,0,0,5631
EO_147562_ccrop.jpg,Eosinophil,segmented-bilobed,bukan_neutrofil,0,0,0,0,0,6387
BNE_263455_ccrop.jpg,Neutrophil,unsegmented-band,A_sepakat_band,0,0,0,0,0,5399
MO_568713_ccrop.jpg,Monocyte,unsegmented-indented,bukan_neutrofil,0,0,0,0,0,8838
EO_867470_ccrop.jpg,Eosinophil,segmented-bilobed,bukan_neutrofil,0,0,0,0,0,5895
BNE_787071_ccrop.jpg,Neutrophil,unsegmented-band,A_sepakat_band,0,0,0,0,0,4668
EO_670733_ccrop.jpg,Eosinophil,segmented-multilobed,bukan_neutrofil,0,0,0,0,0,5015
BA_400754_ccrop.jpg,Basophil,unsegmented-indented,bukan_neutrofil,0,0,0,0,0,7016
SNE_517469_ccrop.jpg,Neutrophil,segmented-multilobed,B_sepakat_segmented,0,0,0,0,0,5905
EO_890163_ccrop.jpg,Eosinophil,unsegmented-band,bukan_neutrofil,0,0,0,0,0,6096
LY_83324_ccrop.jpg,Lymphocyte,unsegmented-round,bukan_neutrofil,0,0,0,0,0,6807
BNE_592314_ccrop.jpg,Neutrophil,unsegmented-band,A_sepakat_band,0,0,0,0,0,5274
BNE_956550_ccrop.jpg,Neutrophil,unsegmented-band,A_sepakat_band,0,0,0,0,0,5402
SNE_847185_ccrop.jpg,Neutrophil,segmented-bilobed,B_sepakat_segmented,1,234,234,0,1,5628
EO_351827_ccrop.jpg,Eosinophil,segmented-multilobed,bukan_neutrofil,0,0,0,0,0,6029
BNE_416205_ccrop.jpg,Neutrophil,unsegmented-band,A_sepakat_band,0,0,0,0,0,5405
EO_269312_ccrop.jpg,Eosinophil,segmented-multilobed,bukan_neutrofil,2,6,5,0,2,5482
EO_729671_ccrop.jpg,Eosinophil,segmented-bilobed,bukan_neutrofil,0,0,0,0,0,6519
BA_412507_ccrop.jpg,Basophil,segmented-multilobed,bukan_neutrofil,0,0,0,0,0,6473
BNE_280282_ccrop.jpg,Neutrophil,unsegmented-band,A_sepakat_band,0,0,0,0,0,6380
BNE_864076_ccrop.jpg,Neutrophil,irregular,E_lainnya,0,0,0,0,0,4447
SNE_379032_ccrop.jpg,Neutrophil,unsegmented-band,C_konflik_SNE_band,0,0,0,0,0,5707
LY_322720_ccrop.jpg,Lymphocyte,unsegmented-round,bukan_neutrofil,0,0,0,0,0,6279
EO_329897_ccrop.jpg,Eosinophil,segmented-multilobed,bukan_neutrofil,1,143,143,0,1,7183
SNE_344985_ccrop.jpg,Neutrophil,unsegmented-band,C_konflik_SNE_band,0,0,0,0,0,7615
EO_215530_ccrop.jpg,Eosinophil,segmented-bilobed,bukan_neutrofil,0,0,0,0,0,5952
BNE_506191_ccrop.jpg,Neutrophil,unsegmented-band,A_sepakat_band,0,0,0,0,0,7150
SNE_842165_ccrop.jpg,Neutrophil,segmented-bilobed,B_sepakat_segmented,1,5,5,0,1,5232
BNE_96489_ccrop.jpg,Neutrophil,unsegmented-band,A_sepakat_band,0,0,0,0,0,7093
EO_158718_ccrop.jpg,Eosinophil,segmented-bilobed,bukan_neutrofil,0,0,0,0,0,5116
BA_809286_ccrop.jpg,Basophil,segmented-bilobed,bukan_neutrofil,1,52,52,0,1,4828
LY_34151_ccrop.jpg,Lymphocyte,unsegmented-indented,bukan_neutrofil,0,0,0,0,0,6801
EO_365533_ccrop.jpg,Eosinophil,segmented-bilobed,bukan_neutrofil,0,0,0,0,0,5408
LY_837910_ccrop.jpg,Lymphocyte,unsegmented-indented,bukan_neutrofil,0,0,0,0,0,5047
BA_338090_ccrop.jpg,Basophil,segmented-multilobed,bukan_neutrofil,0,0,0,0,0,7590
BNE_160527_ccrop.jpg,Neutrophil,unsegmented-band,A_sepakat_band,0,0,0,0,0,4796
EO_952156_ccrop.jpg,Eosinophil,segmented-multilobed,bukan_neutrofil,2,312,311,0,2,5787
BA_142746_ccrop.jpg,Basophil,segmented-multilobed,bukan_neutrofil,0,0,0,0,0,7305
BNE_940318_ccrop.jpg,Neutrophil,unsegmented-band,A_sepakat_band,0,0,0,0,0,7783
BNE_592877_ccrop.jpg,Neutrophil,unsegmented-band,A_sepakat_band,0,0,0,0,0,6036
SNE_873982_ccrop.jpg,Neutrophil,unsegmented-band,C_konflik_SNE_band,0,0,0,0,0,5245
MO_484116_ccrop.jpg,Monocyte,unsegmented-indented,bukan_neutrofil,0,0,0,0,0,8939
SNE_871577_ccrop.jpg,Neutrophil,segmented-bilobed,B_sepakat_segmented,0,0,0,0,0,4861
BA_75331_ccrop.jpg,Basophil,segmented-multilobed,bukan_neutrofil,0,0,0,0,0,7385
MO_221446_ccrop.jpg,Monocyte,unsegmented-indented,bukan_neutrofil,1,148,148,0,1,9246
EO_813789_ccrop.jpg,Eosinophil,segmented-multilobed,bukan_neutrofil,0,0,0,0,0,5346
LY_4334_ccrop.jpg,Lymphocyte,unsegmented-round,bukan_neutrofil,0,0,0,0,0,5979
SNE_395210_ccrop.jpg,Neutrophil,segmented-bilobed,B_sepakat_segmented,0,0,0,0,0,7434
LY_796625_ccrop.jpg,Lymphocyte,unsegmented-round,bukan_neutrofil,0,0,0,0,0,6773
SNE_504764_ccrop.jpg,Neutrophil,segmented-multilobed,B_sepakat_segmented,0,0,0,0,0,6684
BNE_996898_ccrop.jpg,Neutrophil,unsegmented-band,A_sepakat_band,0,0,0,0,0,6058
EO_195632_ccrop.jpg,Eosinophil,segmented-bilobed,bukan_neutrofil,3,12,10,0,3,5059
BA_17648_ccrop.jpg,Basophil,irregular,bukan_neutrofil,0,0,0,0,0,8244
EO_859700_ccrop.jpg,Eosinophil,segmented-bilobed,bukan_neutrofil,0,0,0,0,0,5566
BA_453322_ccrop.jpg,Basophil,irregular,bukan_neutrofil,0,0,0,0,0,5650
BNE_638211_ccrop.jpg,Neutrophil,unsegmented-band,A_sepakat_band,0,0,0,0,0,5105
BA_198153_ccrop.jpg,Basophil,segmented-bilobed,bukan_neutrofil,0,0,0,0,0,8080
SNE_144826_ccrop.jpg,Neutrophil,segmented-multilobed,B_sepakat_segmented,0,0,0,0,0,5953
BNE_31047_ccrop.jpg,Neutrophil,unsegmented-band,A_sepakat_band,0,0,0,0,0,4879
SNE_81791_ccrop.jpg,Neutrophil,unsegmented-band,C_konflik_SNE_band,0,0,0,0,0,5413
MO_371825_ccrop.jpg,Monocyte,unsegmented-indented,bukan_neutrofil,0,0,0,0,0,10460
EO_824203_ccrop.jpg,Eosinophil,unsegmented-band,bukan_neutrofil,0,0,0,0,0,6397
EO_418680_ccrop.jpg,Eosinophil,unsegmented-band,bukan_neutrofil,0,0,0,0,0,5048
SNE_235627_ccrop.jpg,Neutrophil,segmented-multilobed,B_sepakat_segmented,3,698,240,0,3,6501
NEUTROPHIL_982898_ccrop.jpg,Neutrophil,segmented-multilobed,F_tak_bersubtipe,0,0,0,0,0,5942
MO_230888_ccrop.jpg,Monocyte,unsegmented-indented,bukan_neutrofil,0,0,0,0,0,9076
MO_679384_ccrop.jpg,Monocyte,irregular,bukan_neutrofil,1,322,322,0,1,10556
BNE_466488_ccrop.jpg,Neutrophil,unsegmented-band,A_sepakat_band,0,0,0,0,0,5692
MO_748904_ccrop.jpg,Monocyte,unsegmented-indented,bukan_neutrofil,0,0,0,0,0,11349
MO_139615_ccrop.jpg,Monocyte,unsegmented-indented,bukan_neutrofil,0,0,0,0,0,11582
MO_757550_ccrop.jpg,Monocyte,unsegmented-indented,bukan_neutrofil,0,0,0,0,0,9946
LY_273042_ccrop.jpg,Lymphocyte,unsegmented-round,bukan_neutrofil,0,0,0,0,0,6559
BNE_549155_ccrop.jpg,Neutrophil,unsegmented-band,A_sepakat_band,0,0,0,0,0,5903
EO_242182_ccrop.jpg,Eosinophil,segmented-multilobed,bukan_neutrofil,1,1,1,0,1,5598
SNE_659530_ccrop.jpg,Neutrophil,segmented-bilobed,B_sepakat_segmented,0,0,0,0,0,6168
BNE_287569_ccrop.jpg,Neutrophil,unsegmented-band,A_sepakat_band,0,0,0,0,0,4471
EO_902313_ccrop.jpg,Eosinophil,segmented-bilobed,bukan_neutrofil,0,0,0,0,0,8136
BNE_832549_ccrop.jpg,Neutrophil,unsegmented-band,A_sepakat_band,0,0,0,0,0,5507
EO_358658_ccrop.jpg,Eosinophil,segmented-multilobed,bukan_neutrofil,0,0,0,0,0,7424
LY_92946_ccrop.jpg,Lymphocyte,unsegmented-round,bukan_neutrofil,0,0,0,0,0,6625
EO_40644_ccrop.jpg,Eosinophil,segmented-multilobed,bukan_neutrofil,0,0,0,0,0,5215
SNE_114388_ccrop.jpg,Neutrophil,segmented-multilobed,B_sepakat_segmented,2,567,427,0,2,5981
EO_341511_ccrop.jpg,Eosinophil,unsegmented-band,bukan_neutrofil,0,0,0,0,0,5614
LY_104155_ccrop.jpg,Lymphocyte,unsegmented-round,bukan_neutrofil,0,0,0,0,0,4843
EO_987861_ccrop.jpg,Eosinophil,segmented-bilobed,bukan_neutrofil,0,0,0,0,0,5902
EO_425417_ccrop.jpg,Eosinophil,segmented-bilobed,bukan_neutrofil,0,0,0,0,0,5522
MO_778100_ccrop.jpg,Monocyte,unsegmented-indented,bukan_neutrofil,0,0,0,0,0,11388
BA_885582_ccrop.jpg,Basophil,irregular,bukan_neutrofil,0,0,0,0,0,6231
EO_720242_ccrop.jpg,Eosinophil,unsegmented-band,bukan_neutrofil,1,204,204,0,1,5504
BNE_495973_ccrop.jpg,Neutrophil,unsegmented-band,A_sepakat_band,0,0,0,0,0,5234
BNE_656677_ccrop.jpg,Neutrophil,unsegmented-band,A_sepakat_band,0,0,0,0,0,5673
SNE_263163_ccrop.jpg,Neutrophil,unsegmented-band,C_konflik_SNE_band,0,0,0,0,0,5031
EO_470840_ccrop.jpg,Eosinophil,segmented-bilobed,bukan_neutrofil,1,232,232,0,1,4436
LY_715395_ccrop.jpg,Lymphocyte,unsegmented-round,bukan_neutrofil,0,0,0,0,0,5679
EO_359520_ccrop.jpg,Eosinophil,segmented-bilobed,bukan_neutrofil,1,285,285,0,1,7319
EO_290570_ccrop.jpg,Eosinophil,segmented-bilobed,bukan_neutrofil,0,0,0,0,0,10927
BNE_439737_ccrop.jpg,Neutrophil,unsegmented-band,A_sepakat_band,0,0,0,0,0,5527
EO_260172_ccrop.jpg,Eosinophil,segmented-bilobed,bukan_neutrofil,0,0,0,0,0,6166
SNE_484777_ccrop.jpg,Neutrophil,segmented-bilobed,B_sepakat_segmented,0,0,0,0,0,5158
SNE_13989_ccrop.jpg,Neutrophil,segmented-bilobed,B_sepakat_segmented,0,0,0,0,0,5788
EO_836459_ccrop.jpg,Eosinophil,segmented-bilobed,bukan_neutrofil,0,0,0,0,0,7305
SNE_82483_ccrop.jpg,Neutrophil,segmented-bilobed,B_sepakat_segmented,0,0,0,0,0,5432
SNE_480949_ccrop.jpg,Neutrophil,unsegmented-band,C_konflik_SNE_band,0,0,0,0,0,4838
BNE_936581_ccrop.jpg,Neutrophil,unsegmented-band,A_sepakat_band,0,0,0,0,0,4649
SNE_323753_ccrop.jpg,Neutrophil,unsegmented-band,C_konflik_SNE_band,0,0,0,0,0,4820
EO_664535_ccrop.jpg,Eosinophil,segmented-bilobed,bukan_neutrofil,0,0,0,0,0,7811
EO_119559_ccrop.jpg,Eosinophil,segmented-bilobed,bukan_neutrofil,2,82,81,0,2,7448
BA_702934_ccrop.jpg,Basophil,irregular,bukan_neutrofil,2,17,16,0,2,8177
BNE_536937_ccrop.jpg,Neutrophil,unsegmented-band,A_sepakat_band,0,0,0,0,0,6116
LY_179009_ccrop.jpg,Lymphocyte,unsegmented-round,bukan_neutrofil,0,0,0,0,0,6227
EO_118550_ccrop.jpg,Eosinophil,segmented-multilobed,bukan_neutrofil,2,275,274,0,2,5678
LY_904936_ccrop.jpg,Lymphocyte,unsegmented-round,bukan_neutrofil,0,0,0,0,0,5556
EO_244392_ccrop.jpg,Eosinophil,segmented-bilobed,bukan_neutrofil,0,0,0,0,0,5493
LY_646314_ccrop.jpg,Lymphocyte,unsegmented-round,bukan_neutrofil,0,0,0,0,0,4597
EO_838548_ccrop.jpg,Eosinophil,segmented-bilobed,bukan_neutrofil,0,0,0,0,0,6315
BNE_414406_ccrop.jpg,Neutrophil,unsegmented-band,A_sepakat_band,0,0,0,0,0,7087
EO_74517_ccrop.jpg,Eosinophil,segmented-bilobed,bukan_neutrofil,1,52,52,0,1,6217
LY_29343_ccrop.jpg,Lymphocyte,unsegmented-round,bukan_neutrofil,0,0,0,0,0,5485
BNE_593410_ccrop.jpg,Neutrophil,unsegmented-band,A_sepakat_band,0,0,0,0,0,5854
EO_140425_ccrop.jpg,Eosinophil,segmented-multilobed,bukan_neutrofil,0,0,0,0,0,5278
BNE_388799_ccrop.jpg,Neutrophil,unsegmented-band,A_sepakat_band,1,1,1,0,1,5111
BA_866163_ccrop.jpg,Basophil,irregular,bukan_neutrofil,0,0,0,0,0,6629
EO_496972_ccrop.jpg,Eosinophil,segmented-multilobed,bukan_neutrofil,0,0,0,0,0,7069
BNE_105000_ccrop.jpg,Neutrophil,unsegmented-band,A_sepakat_band,0,0,0,0,0,5886
LY_829659_ccrop.jpg,Lymphocyte,unsegmented-indented,bukan_neutrofil,0,0,0,0,0,6133
BA_828657_ccrop.jpg,Basophil,segmented-multilobed,bukan_neutrofil,1,489,489,0,1,5831
BNE_32331_ccrop.jpg,Neutrophil,unsegmented-band,A_sepakat_band,0,0,0,0,0,5153
BA_410010_ccrop.jpg,Basophil,irregular,bukan_neutrofil,0,0,0,0,0,5496
EO_157092_ccrop.jpg,Eosinophil,segmented-multilobed,bukan_neutrofil,0,0,0,0,0,8340
EO_975594_ccrop.jpg,Eosinophil,segmented-bilobed,bukan_neutrofil,0,0,0,0,0,5963
MO_850767_ccrop.jpg,Monocyte,unsegmented-indented,bukan_neutrofil,0,0,0,0,0,7780
BA_72104_ccrop.jpg,Basophil,segmented-multilobed,bukan_neutrofil,1,11,11,0,1,9113
SNE_655718_ccrop.jpg,Neutrophil,unsegmented-band,C_konflik_SNE_band,1,28,28,0,1,6387
EO_378108_ccrop.jpg,Eosinophil,unsegmented-band,bukan_neutrofil,0,0,0,0,0,4478
EO_904923_ccrop.jpg,Eosinophil,segmented-bilobed,bukan_neutrofil,0,0,0,0,0,5166
BNE_321865_ccrop.jpg,Neutrophil,unsegmented-band,A_sepakat_band,0,0,0,0,0,5784
BA_214867_ccrop.jpg,Basophil,irregular,bukan_neutrofil,1,83,83,0,1,6916
MO_648019_ccrop.jpg,Monocyte,unsegmented-indented,bukan_neutrofil,0,0,0,0,0,9962
EO_32178_ccrop.jpg,Eosinophil,segmented-bilobed,bukan_neutrofil,0,0,0,0,0,6988
MO_595256_ccrop.jpg,Monocyte,irregular,bukan_neutrofil,0,0,0,0,0,9760
LY_678409_ccrop.jpg,Lymphocyte,unsegmented-indented,bukan_neutrofil,0,0,0,0,0,8021
LY_649255_ccrop.jpg,Lymphocyte,unsegmented-round,bukan_neutrofil,0,0,0,0,0,6067
BNE_532125_ccrop.jpg,Neutrophil,unsegmented-band,A_sepakat_band,0,0,0,0,0,4431
BA_982740_ccrop.jpg,Basophil,segmented-multilobed,bukan_neutrofil,0,0,0,0,0,7628
BNE_866357_ccrop.jpg,Neutrophil,unsegmented-band,A_sepakat_band,0,0,0,0,0,4897
EO_464002_ccrop.jpg,Eosinophil,segmented-bilobed,bukan_neutrofil,0,0,0,0,0,5538
LY_184784_ccrop.jpg,Lymphocyte,unsegmented-round,bukan_neutrofil,0,0,0,0,0,7770
MO_222197_ccrop.jpg,Monocyte,irregular,bukan_neutrofil,0,0,0,0,0,10198
SNE_275361_ccrop.jpg,Neutrophil,unsegmented-band,C_konflik_SNE_band,0,0,0,0,0,5541
BNE_918993_ccrop.jpg,Neutrophil,unsegmented-band,A_sepakat_band,0,0,0,0,0,5769
BNE_857629_ccrop.jpg,Neutrophil,unsegmented-band,A_sepakat_band,0,0,0,0,0,5497
EO_455444_ccrop.jpg,Eosinophil,segmented-bilobed,bukan_neutrofil,0,0,0,0,0,5939
MO_518385_ccrop.jpg,Monocyte,unsegmented-indented,bukan_neutrofil,0,0,0,0,0,11021
MO_271560_ccrop.jpg,Monocyte,unsegmented-round,bukan_neutrofil,0,0,0,0,0,9306
LY_988983_ccrop.jpg,Lymphocyte,unsegmented-round,bukan_neutrofil,0,0,0,0,0,6754
NEUTROPHIL_373535_ccrop.jpg,Neutrophil,segmented-multilobed,F_tak_bersubtipe,0,0,0,0,0,5530
BNE_981987_ccrop.jpg,Neutrophil,unsegmented-band,A_sepakat_band,0,0,0,0,0,7414
MO_846704_ccrop.jpg,Monocyte,irregular,bukan_neutrofil,0,0,0,0,0,8697
EO_276199_ccrop.jpg,Eosinophil,segmented-multilobed,bukan_neutrofil,1,1,1,0,1,5395
SNE_207762_ccrop.jpg,Neutrophil,segmented-multilobed,B_sepakat_segmented,0,0,0,0,0,5626
SNE_340205_ccrop.jpg,Neutrophil,segmented-bilobed,B_sepakat_segmented,0,0,0,0,0,5659
BNE_380493_ccrop.jpg,Neutrophil,segmented-bilobed,D_konflik_BNE_segmented,3,96,91,0,3,5352
LY_189746_ccrop.jpg,Lymphocyte,unsegmented-indented,bukan_neutrofil,0,0,0,0,0,6072
BA_846077_ccrop.jpg,Basophil,segmented-bilobed,bukan_neutrofil,0,0,0,0,0,6760
EO_524854_ccrop.jpg,Eosinophil,segmented-multilobed,bukan_neutrofil,0,0,0,0,0,5098
LY_868217_ccrop.jpg,Lymphocyte,unsegmented-round,bukan_neutrofil,0,0,0,0,0,5643
MO_269002_ccrop.jpg,Monocyte,irregular,bukan_neutrofil,0,0,0,0,0,11609
SNE_4152_ccrop.jpg,Neutrophil,segmented-bilobed,B_sepakat_segmented,0,0,0,0,0,4799
BA_992623_ccrop.jpg,Basophil,irregular,bukan_neutrofil,0,0,0,0,0,7743
SNE_118471_ccrop.jpg,Neutrophil,segmented-bilobed,B_sepakat_segmented,0,0,0,0,0,5516
MO_349949_ccrop.jpg,Monocyte,unsegmented-indented,bukan_neutrofil,0,0,0,0,0,10396
SNE_682213_ccrop.jpg,Neutrophil,segmented-multilobed,B_sepakat_segmented,2,27,26,0,2,5227
BNE_73288_ccrop.jpg,Neutrophil,unsegmented-band,A_sepakat_band,0,0,0,0,0,4816
EO_542874_ccrop.jpg,Eosinophil,unsegmented-band,bukan_neutrofil,0,0,0,0,0,6499
MO_634461_ccrop.jpg,Monocyte,irregular,bukan_neutrofil,1,29,29,0,1,10659
SNE_409307_ccrop.jpg,Neutrophil,segmented-bilobed,B_sepakat_segmented,0,0,0,0,0,6477
EO_458751_ccrop.jpg,Eosinophil,segmented-bilobed,bukan_neutrofil,0,0,0,0,0,6226
SNE_65396_ccrop.jpg,Neutrophil,unsegmented-band,C_konflik_SNE_band,5,20,13,0,5,5122
SNE_185225_ccrop.jpg,Neutrophil,segmented-multilobed,B_sepakat_segmented,0,0,0,0,0,4952
BNE_958040_ccrop.jpg,Neutrophil,unsegmented-band,A_sepakat_band,0,0,0,0,0,5868
SNE_906709_ccrop.jpg,Neutrophil,unsegmented-band,C_konflik_SNE_band,0,0,0,0,0,5399
BA_403789_ccrop.jpg,Basophil,segmented-bilobed,bukan_neutrofil,0,0,0,0,0,5672
SNE_876025_ccrop.jpg,Neutrophil,segmented-bilobed,B_sepakat_segmented,0,0,0,0,0,5795
EO_666938_ccrop.jpg,Eosinophil,segmented-bilobed,bukan_neutrofil,0,0,0,0,0,8337
EO_814189_ccrop.jpg,Eosinophil,segmented-bilobed,bukan_neutrofil,0,0,0,0,0,7064
EO_237894_ccrop.jpg,Eosinophil,irregular,bukan_neutrofil,0,0,0,0,0,6612
EO_849425_ccrop.jpg,Eosinophil,segmented-bilobed,bukan_neutrofil,0,0,0,0,0,7237
BA_434728_ccrop.jpg,Basophil,irregular,bukan_neutrofil,0,0,0,0,0,6696
EO_456448_ccrop.jpg,Eosinophil,segmented-bilobed,bukan_neutrofil,0,0,0,0,0,6861
EO_388214_ccrop.jpg,Eosinophil,segmented-multilobed,bukan_neutrofil,0,0,0,0,0,5572
SNE_209297_ccrop.jpg,Neutrophil,segmented-multilobed,B_sepakat_segmented,2,189,164,0,2,5353
EO_577804_ccrop.jpg,Eosinophil,segmented-bilobed,bukan_neutrofil,0,0,0,0,0,5833
SNE_403663_ccrop.jpg,Neutrophil,unsegmented-band,C_konflik_SNE_band,2,172,170,0,2,6195
MO_564271_ccrop.jpg,Monocyte,unsegmented-indented,bukan_neutrofil,0,0,0,0,0,8828
NEUTROPHIL_35735_ccrop.jpg,Neutrophil,unsegmented-band,F_tak_bersubtipe,0,0,0,0,0,5529
EO_795895_ccrop.jpg,Eosinophil,segmented-bilobed,bukan_neutrofil,0,0,0,0,0,5907
BA_991310_ccrop.jpg,Basophil,irregular,bukan_neutrofil,0,0,0,0,0,7923
EO_167179_ccrop.jpg,Eosinophil,segmented-multilobed,bukan_neutrofil,0,0,0,0,0,5820
BNE_614370_ccrop.jpg,Neutrophil,unsegmented-band,A_sepakat_band,1,599,599,0,1,5266
MO_163770_ccrop.jpg,Monocyte,irregular,bukan_neutrofil,0,0,0,0,0,10421
LY_745113_ccrop.jpg,Lymphocyte,unsegmented-round,bukan_neutrofil,0,0,0,0,0,6787
BNE_719678_ccrop.jpg,Neutrophil,unsegmented-band,A_sepakat_band,1,426,426,0,1,5920
EO_469614_ccrop.jpg,Eosinophil,segmented-bilobed,bukan_neutrofil,0,0,0,0,0,6350
SNE_316202_ccrop.jpg,Neutrophil,segmented-bilobed,B_sepakat_segmented,0,0,0,0,0,11206
BA_475530_ccrop.jpg,Basophil,segmented-multilobed,bukan_neutrofil,1,69,69,0,1,7721
MO_466891_ccrop.jpg,Monocyte,unsegmented-indented,bukan_neutrofil,2,688,357,0,2,9774
SNE_151342_ccrop.jpg,Neutrophil,segmented-bilobed,B_sepakat_segmented,0,0,0,0,0,6074
BNE_546901_ccrop.jpg,Neutrophil,unsegmented-band,A_sepakat_band,0,0,0,0,0,6675
BNE_270475_ccrop.jpg,Neutrophil,unsegmented-band,A_sepakat_band,0,0,0,0,0,5801
SNE_905668_ccrop.jpg,Neutrophil,segmented-multilobed,B_sepakat_segmented,0,0,0,0,0,7517
BA_24963_ccrop.jpg,Basophil,irregular,bukan_neutrofil,0,0,0,0,0,5346
BA_956163_ccrop.jpg,Basophil,segmented-bilobed,bukan_neutrofil,0,0,0,0,0,6723
LY_193962_ccrop.jpg,Lymphocyte,unsegmented-indented,bukan_neutrofil,0,0,0,0,0,5268
LY_299340_ccrop.jpg,Lymphocyte,unsegmented-indented,bukan_neutrofil,0,0,0,0,0,6395
LY_919876_ccrop.jpg,Lymphocyte,unsegmented-round,bukan_neutrofil,0,0,0,0,0,5431
BNE_12839_ccrop.jpg,Neutrophil,unsegmented-band,A_sepakat_band,0,0,0,0,0,4723
LY_676405_ccrop.jpg,Lymphocyte,unsegmented-indented,bukan_neutrofil,0,0,0,0,0,7234
EO_514303_ccrop.jpg,Eosinophil,segmented-bilobed,bukan_neutrofil,0,0,0,0,0,5886
BNE_818983_ccrop.jpg,Neutrophil,unsegmented-band,A_sepakat_band,0,0,0,0,0,6340
BNE_602491_ccrop.jpg,Neutrophil,unsegmented-band,A_sepakat_band,0,0,0,0,0,4655
EO_976194_ccrop.jpg,Eosinophil,segmented-bilobed,bukan_neutrofil,0,0,0,0,0,5840
EO_279650_ccrop.jpg,Eosinophil,unsegmented-band,bukan_neutrofil,0,0,0,0,0,5625
EO_387942_ccrop.jpg,Eosinophil,segmented-bilobed,bukan_neutrofil,0,0,0,0,0,5837
EO_641313_ccrop.jpg,Eosinophil,segmented-bilobed,bukan_neutrofil,0,0,0,0,0,7860
EO_185146_ccrop.jpg,Eosinophil,segmented-multilobed,bukan_neutrofil,0,0,0,0,0,6408
BA_915452_ccrop.jpg,Basophil,segmented-bilobed,bukan_neutrofil,0,0,0,0,0,6699
SNE_857357_ccrop.jpg,Neutrophil,segmented-bilobed,B_sepakat_segmented,0,0,0,0,0,5802
EO_505278_ccrop.jpg,Eosinophil,segmented-bilobed,bukan_neutrofil,0,0,0,0,0,4996
SNE_541286_ccrop.jpg,Neutrophil,segmented-bilobed,B_sepakat_segmented,6,348,305,0,6,5775
EO_582429_ccrop.jpg,Eosinophil,segmented-bilobed,bukan_neutrofil,0,0,0,0,0,5731
EO_703501_ccrop.jpg,Eosinophil,segmented-bilobed,bukan_neutrofil,0,0,0,0,0,6759
MO_97872_ccrop.jpg,Monocyte,unsegmented-indented,bukan_neutrofil,0,0,0,0,0,9542
BNE_683267_ccrop.jpg,Neutrophil,unsegmented-band,A_sepakat_band,0,0,0,0,0,6936
LY_444522_ccrop.jpg,Lymphocyte,unsegmented-round,bukan_neutrofil,0,0,0,0,0,6232
BA_727591_ccrop.jpg,Basophil,irregular,bukan_neutrofil,2,14,12,0,2,6854
EO_264083_ccrop.jpg,Eosinophil,segmented-multilobed,bukan_neutrofil,0,0,0,0,0,5758
BA_77298_ccrop.jpg,Basophil,segmented-bilobed,bukan_neutrofil,0,0,0,0,0,7363
LY_420634_ccrop.jpg,Lymphocyte,unsegmented-indented,bukan_neutrofil,0,0,0,0,0,7245
BA_136062_ccrop.jpg,Basophil,irregular,bukan_neutrofil,0,0,0,0,0,6072
MO_376948_ccrop.jpg,Monocyte,irregular,bukan_neutrofil,1,12,12,0,1,10628
MO_358712_ccrop.jpg,Monocyte,unsegmented-indented,bukan_neutrofil,0,0,0,0,0,11509
MO_910651_ccrop.jpg,Monocyte,unsegmented-indented,bukan_neutrofil,0,0,0,0,0,9404
EO_609525_ccrop.jpg,Eosinophil,segmented-bilobed,bukan_neutrofil,0,0,0,0,0,7155
MO_183302_ccrop.jpg,Monocyte,unsegmented-indented,bukan_neutrofil,0,0,0,0,0,11197
SNE_725375_ccrop.jpg,Neutrophil,segmented-bilobed,B_sepakat_segmented,0,0,0,0,0,5087
BA_280715_ccrop.jpg,Basophil,irregular,bukan_neutrofil,0,0,0,0,0,5783
EO_84849_ccrop.jpg,Eosinophil,segmented-bilobed,bukan_neutrofil,0,0,0,0,0,5930
LY_294248_ccrop.jpg,Lymphocyte,unsegmented-round,bukan_neutrofil,0,0,0,0,0,7144
BA_661119_ccrop.jpg,Basophil,segmented-multilobed,bukan_neutrofil,1,1,1,0,1,5388
MO_808222_ccrop.jpg,Monocyte,unsegmented-indented,bukan_neutrofil,0,0,0,0,0,8720
LY_752828_ccrop.jpg,Lymphocyte,unsegmented-round,bukan_neutrofil,0,0,0,0,0,6632
MO_896245_ccrop.jpg,Monocyte,unsegmented-indented,bukan_neutrofil,1,30,30,0,1,9488
SNE_276067_ccrop.jpg,Neutrophil,segmented-multilobed,B_sepakat_segmented,0,0,0,0,0,4216
EO_10690_ccrop.jpg,Eosinophil,segmented-bilobed,bukan_neutrofil,1,319,319,0,1,7779
MO_445991_ccrop.jpg,Monocyte,unsegmented-indented,bukan_neutrofil,0,0,0,0,0,8972
SNE_622393_ccrop.jpg,Neutrophil,segmented-multilobed,B_sepakat_segmented,2,62,47,0,2,5377
EO_348444_ccrop.jpg,Eosinophil,segmented-multilobed,bukan_neutrofil,0,0,0,0,0,4998
SNE_23265_ccrop.jpg,Neutrophil,segmented-multilobed,B_sepakat_segmented,0,0,0,0,0,6329
EO_63145_ccrop.jpg,Eosinophil,segmented-multilobed,bukan_neutrofil,0,0,0,0,0,6422
LY_897158_ccrop.jpg,Lymphocyte,unsegmented-round,bukan_neutrofil,0,0,0,0,0,5580
LY_693776_ccrop.jpg,Lymphocyte,unsegmented-round,bukan_neutrofil,0,0,0,0,0,6812
EO_725651_ccrop.jpg,Eosinophil,unsegmented-band,bukan_neutrofil,0,0,0,0,0,7426
LY_832617_ccrop.jpg,Lymphocyte,unsegmented-round,bukan_neutrofil,0,0,0,0,0,7069
EO_455657_ccrop.jpg,Eosinophil,segmented-bilobed,bukan_neutrofil,0,0,0,0,0,5517
MO_819505_ccrop.jpg,Monocyte,unsegmented-indented,bukan_neutrofil,0,0,0,0,0,13534
SNE_868570_ccrop.jpg,Neutrophil,segmented-multilobed,B_sepakat_segmented,1,87,87,0,1,5525
MO_868679_ccrop.jpg,Monocyte,unsegmented-indented,bukan_neutrofil,0,0,0,0,0,8553
EO_101852_ccrop.jpg,Eosinophil,segmented-bilobed,bukan_neutrofil,0,0,0,0,0,5744
BNE_328474_ccrop.jpg,Neutrophil,unsegmented-band,A_sepakat_band,0,0,0,0,0,5743
BA_691117_ccrop.jpg,Basophil,segmented-multilobed,bukan_neutrofil,0,0,0,0,0,7875
SNE_975635_ccrop.jpg,Neutrophil,segmented-multilobed,B_sepakat_segmented,0,0,0,0,0,5996
EO_219948_ccrop.jpg,Eosinophil,segmented-multilobed,bukan_neutrofil,0,0,0,0,0,5684
EO_591729_ccrop.jpg,Eosinophil,segmented-bilobed,bukan_neutrofil,0,0,0,0,0,5849
SNE_56722_ccrop.jpg,Neutrophil,segmented-multilobed,B_sepakat_segmented,0,0,0,0,0,6377
EO_853158_ccrop.jpg,Eosinophil,unsegmented-band,bukan_neutrofil,0,0,0,0,0,5148
SNE_226350_ccrop.jpg,Neutrophil,segmented-bilobed,B_sepakat_segmented,0,0,0,0,0,4677
LY_583675_ccrop.jpg,Lymphocyte,irregular,bukan_neutrofil,0,0,0,0,0,8393
BNE_586172_ccrop.jpg,Neutrophil,unsegmented-band,A_sepakat_band,0,0,0,0,0,6110
BNE_560491_ccrop.jpg,Neutrophil,unsegmented-band,A_sepakat_band,1,57,57,0,1,5360
MO_896208_ccrop.jpg,Monocyte,unsegmented-indented,bukan_neutrofil,1,489,489,0,1,10444
SNE_251761_ccrop.jpg,Neutrophil,segmented-multilobed,B_sepakat_segmented,0,0,0,0,0,5768
SNE_901854_ccrop.jpg,Neutrophil,segmented-bilobed,B_sepakat_segmented,0,0,0,0,0,5798
BA_692723_ccrop.jpg,Basophil,segmented-multilobed,bukan_neutrofil,0,0,0,0,0,6042
EO_828655_ccrop.jpg,Eosinophil,segmented-multilobed,bukan_neutrofil,1,867,867,0,1,6235
SNE_285625_ccrop.jpg,Neutrophil,segmented-multilobed,B_sepakat_segmented,0,0,0,0,0,6182
EO_361808_ccrop.jpg,Eosinophil,segmented-multilobed,bukan_neutrofil,0,0,0,0,0,6610
MO_141238_ccrop.jpg,Monocyte,unsegmented-indented,bukan_neutrofil,0,0,0,0,0,10323
EO_975861_ccrop.jpg,Eosinophil,segmented-bilobed,bukan_neutrofil,0,0,0,0,0,6014
BNE_170049_ccrop.jpg,Neutrophil,unsegmented-band,A_sepakat_band,0,0,0,0,0,7357
EO_322036_ccrop.jpg,Eosinophil,segmented-bilobed,bukan_neutrofil,0,0,0,0,0,5812
BA_218471_ccrop.jpg,Basophil,irregular,bukan_neutrofil,0,0,0,0,0,7713
EO_810213_ccrop.jpg,Eosinophil,segmented-bilobed,bukan_neutrofil,0,0,0,0,0,6372
BNE_295701_ccrop.jpg,Neutrophil,unsegmented-band,A_sepakat_band,0,0,0,0,0,7218
BNE_792532_ccrop.jpg,Neutrophil,unsegmented-band,A_sepakat_band,0,0,0,0,0,5174
BA_513500_ccrop.jpg,Basophil,irregular,bukan_neutrofil,0,0,0,0,0,8644
SNE_126017_ccrop.jpg,Neutrophil,segmented-multilobed,B_sepakat_segmented,3,464,324,0,3,6833
NEUTROPHIL_253260_ccrop.jpg,Neutrophil,segmented-multilobed,F_tak_bersubtipe,0,0,0,0,0,6462
SNE_944463_ccrop.jpg,Neutrophil,segmented-multilobed,B_sepakat_segmented,2,94,82,0,2,6502
MO_146501_ccrop.jpg,Monocyte,unsegmented-indented,bukan_neutrofil,0,0,0,0,0,10905
SNE_418745_ccrop.jpg,Neutrophil,unsegmented-band,C_konflik_SNE_band,0,0,0,0,0,5304
EO_56353_ccrop.jpg,Eosinophil,segmented-multilobed,bukan_neutrofil,8,37,18,0,8,6042
SNE_545367_ccrop.jpg,Neutrophil,segmented-bilobed,B_sepakat_segmented,0,0,0,0,0,5213
LY_774874_ccrop.jpg,Lymphocyte,unsegmented-round,bukan_neutrofil,0,0,0,0,0,4829
BA_399846_ccrop.jpg,Basophil,irregular,bukan_neutrofil,0,0,0,0,0,7382
BA_811885_ccrop.jpg,Basophil,segmented-multilobed,bukan_neutrofil,3,347,341,0,3,8278
BA_152930_ccrop.jpg,Basophil,segmented-multilobed,bukan_neutrofil,0,0,0,0,0,5483
EO_372284_ccrop.jpg,Eosinophil,segmented-multilobed,bukan_neutrofil,0,0,0,0,0,5756
EO_421922_ccrop.jpg,Eosinophil,segmented-bilobed,bukan_neutrofil,0,0,0,0,0,5732
MO_263797_ccrop.jpg,Monocyte,unsegmented-indented,bukan_neutrofil,0,0,0,0,0,11972
BA_442038_ccrop.jpg,Basophil,segmented-bilobed,bukan_neutrofil,0,0,0,0,0,5202
BA_631580_ccrop.jpg,Basophil,segmented-multilobed,bukan_neutrofil,0,0,0,0,0,6902
BA_433851_ccrop.jpg,Basophil,irregular,bukan_neutrofil,0,0,0,0,0,5053
MO_179950_ccrop.jpg,Monocyte,unsegmented-indented,bukan_neutrofil,0,0,0,0,0,9235
EO_259587_ccrop.jpg,Eosinophil,segmented-multilobed,bukan_neutrofil,0,0,0,0,0,5746
BNE_119250_ccrop.jpg,Neutrophil,unsegmented-band,A_sepakat_band,0,0,0,0,0,6536
BA_654891_ccrop.jpg,Basophil,segmented-bilobed,bukan_neutrofil,0,0,0,0,0,9098
EO_955702_ccrop.jpg,Eosinophil,segmented-bilobed,bukan_neutrofil,0,0,0,0,0,5703
EO_417016_ccrop.jpg,Eosinophil,segmented-bilobed,bukan_neutrofil,0,0,0,0,0,6954
EO_32900_ccrop.jpg,Eosinophil,segmented-bilobed,bukan_neutrofil,0,0,0,0,0,6170
LY_789698_ccrop.jpg,Lymphocyte,unsegmented-round,bukan_neutrofil,0,0,0,0,0,6108
BA_504467_ccrop.jpg,Basophil,segmented-multilobed,bukan_neutrofil,0,0,0,0,0,5853
SNE_396735_ccrop.jpg,Neutrophil,unsegmented-band,C_konflik_SNE_band,0,0,0,0,0,5768
BA_786578_ccrop.jpg,Basophil,segmented-multilobed,bukan_neutrofil,1,17,17,0,1,6871
BA_212452_ccrop.jpg,Basophil,irregular,bukan_neutrofil,0,0,0,0,0,7309
MO_293773_ccrop.jpg,Monocyte,unsegmented-indented,bukan_neutrofil,0,0,0,0,0,10913
BA_827257_ccrop.jpg,Basophil,segmented-bilobed,bukan_neutrofil,0,0,0,0,0,5998
EO_490812_ccrop.jpg,Eosinophil,segmented-bilobed,bukan_neutrofil,0,0,0,0,0,5552
MO_11595_ccrop.jpg,Monocyte,unsegmented-indented,bukan_neutrofil,0,0,0,0,0,8906
BNE_532595_ccrop.jpg,Neutrophil,unsegmented-band,A_sepakat_band,0,0,0,0,0,5561
BNE_954919_ccrop.jpg,Neutrophil,unsegmented-band,A_sepakat_band,0,0,0,0,0,5560
EO_611899_ccrop.jpg,Eosinophil,segmented-bilobed,bukan_neutrofil,0,0,0,0,0,6096
BA_720607_ccrop.jpg,Basophil,irregular,bukan_neutrofil,0,0,0,0,0,7234
EO_725251_ccrop.jpg,Eosinophil,segmented-bilobed,bukan_neutrofil,0,0,0,0,0,5770
LY_947487_ccrop.jpg,Lymphocyte,unsegmented-round,bukan_neutrofil,0,0,0,0,0,5595
MO_833433_ccrop.jpg,Monocyte,unsegmented-indented,bukan_neutrofil,0,0,0,0,0,9796
SNE_646450_ccrop.jpg,Neutrophil,unsegmented-band,C_konflik_SNE_band,1,238,238,0,1,5520
EO_769518_ccrop.jpg,Eosinophil,segmented-bilobed,bukan_neutrofil,0,0,0,0,0,5946
EO_475446_ccrop.jpg,Eosinophil,segmented-bilobed,bukan_neutrofil,0,0,0,0,0,7058
BA_970287_ccrop.jpg,Basophil,segmented-bilobed,bukan_neutrofil,0,0,0,0,0,6461
BA_455523_ccrop.jpg,Basophil,irregular,bukan_neutrofil,0,0,0,0,0,5620
BA_129537_ccrop.jpg,Basophil,unsegmented-indented,bukan_neutrofil,0,0,0,0,0,6999
BNE_372754_ccrop.jpg,Neutrophil,unsegmented-band,A_sepakat_band,0,0,0,0,0,6054
LY_735620_ccrop.jpg,Lymphocyte,unsegmented-round,bukan_neutrofil,0,0,0,0,0,5471
LY_825441_ccrop.jpg,Lymphocyte,unsegmented-round,bukan_neutrofil,0,0,0,0,0,5888
SNE_696483_ccrop.jpg,Neutrophil,segmented-bilobed,B_sepakat_segmented,0,0,0,0,0,6692
BNE_59680_ccrop.jpg,Neutrophil,unsegmented-band,A_sepakat_band,0,0,0,0,0,4949
BNE_35858_ccrop.jpg,Neutrophil,unsegmented-band,A_sepakat_band,1,75,75,0,1,4770
SNE_55404_ccrop.jpg,Neutrophil,segmented-bilobed,B_sepakat_segmented,0,0,0,0,0,5833
EO_608347_ccrop.jpg,Eosinophil,segmented-bilobed,bukan_neutrofil,0,0,0,0,0,6909
EO_733627_ccrop.jpg,Eosinophil,segmented-bilobed,bukan_neutrofil,0,0,0,0,0,7008
BNE_896337_ccrop.jpg,Neutrophil,unsegmented-band,A_sepakat_band,0,0,0,0,0,5449
BNE_51150_ccrop.jpg,Neutrophil,unsegmented-band,A_sepakat_band,0,0,0,0,0,5942
EO_815653_ccrop.jpg,Eosinophil,segmented-bilobed,bukan_neutrofil,0,0,0,0,0,5060
EO_351942_ccrop.jpg,Eosinophil,segmented-multilobed,bukan_neutrofil,0,0,0,0,0,6941
SNE_466558_ccrop.jpg,Neutrophil,segmented-bilobed,B_sepakat_segmented,0,0,0,0,0,4791
LY_803647_ccrop.jpg,Lymphocyte,unsegmented-round,bukan_neutrofil,0,0,0,0,0,6415
SNE_381785_ccrop.jpg,Neutrophil,unsegmented-band,C_konflik_SNE_band,1,43,43,0,1,5295
EO_603827_ccrop.jpg,Eosinophil,segmented-bilobed,bukan_neutrofil,1,26,26,0,1,6439
EO_535165_ccrop.jpg,Eosinophil,segmented-bilobed,bukan_neutrofil,1,17,17,0,1,4738
SNE_291570_ccrop.jpg,Neutrophil,segmented-bilobed,B_sepakat_segmented,0,0,0,0,0,5368
BA_391998_ccrop.jpg,Basophil,irregular,bukan_neutrofil,0,0,0,0,0,6465
EO_363989_ccrop.jpg,Eosinophil,segmented-bilobed,bukan_neutrofil,0,0,0,0,0,5932
BA_397187_ccrop.jpg,Basophil,segmented-bilobed,bukan_neutrofil,0,0,0,0,0,6313
EO_454188_ccrop.jpg,Eosinophil,segmented-bilobed,bukan_neutrofil,0,0,0,0,0,6417
LY_995949_ccrop.jpg,Lymphocyte,unsegmented-round,bukan_neutrofil,0,0,0,0,0,5777
BNE_710107_ccrop.jpg,Neutrophil,unsegmented-band,A_sepakat_band,0,0,0,0,0,4946
BNE_91645_ccrop.jpg,Neutrophil,unsegmented-band,A_sepakat_band,0,0,0,0,0,4779
LY_776689_ccrop.jpg,Lymphocyte,unsegmented-round,bukan_neutrofil,0,0,0,0,0,6000
SNE_211465_ccrop.jpg,Neutrophil,unsegmented-band,C_konflik_SNE_band,0,0,0,0,0,4506
LY_954324_ccrop.jpg,Lymphocyte,unsegmented-round,bukan_neutrofil,0,0,0,0,0,6216
BNE_275511_ccrop.jpg,Neutrophil,unsegmented-band,A_sepakat_band,0,0,0,0,0,6115
BA_74809_ccrop.jpg,Basophil,unsegmented-band,bukan_neutrofil,1,35,35,0,1,6317
EO_644027_ccrop.jpg,Eosinophil,segmented-bilobed,bukan_neutrofil,0,0,0,0,0,5525
MO_645801_ccrop.jpg,Monocyte,unsegmented-indented,bukan_neutrofil,1,140,140,0,1,10506
BNE_838349_ccrop.jpg,Neutrophil,unsegmented-band,A_sepakat_band,0,0,0,0,0,5985
MO_271310_ccrop.jpg,Monocyte,unsegmented-indented,bukan_neutrofil,0,0,0,0,0,9845
EO_953295_ccrop.jpg,Eosinophil,segmented-bilobed,bukan_neutrofil,0,0,0,0,0,5429
LY_592241_ccrop.jpg,Lymphocyte,unsegmented-round,bukan_neutrofil,0,0,0,0,0,6249
LY_567757_ccrop.jpg,Lymphocyte,unsegmented-round,bukan_neutrofil,0,0,0,0,0,6479
BNE_6747_ccrop.jpg,Neutrophil,unsegmented-band,A_sepakat_band,0,0,0,0,0,5459
LY_569623_ccrop.jpg,Lymphocyte,unsegmented-round,bukan_neutrofil,0,0,0,0,0,5387
SNE_870699_ccrop.jpg,Neutrophil,segmented-bilobed,B_sepakat_segmented,1,40,40,0,1,5492
SNE_688907_ccrop.jpg,Neutrophil,segmented-multilobed,B_sepakat_segmented,0,0,0,0,0,6632
EO_320908_ccrop.jpg,Eosinophil,segmented-multilobed,bukan_neutrofil,0,0,0,0,0,5673
MO_267923_ccrop.jpg,Monocyte,unsegmented-indented,bukan_neutrofil,0,0,0,0,0,10076
MO_745330_ccrop.jpg,Monocyte,irregular,bukan_neutrofil,0,0,0,0,0,10890
MO_289692_ccrop.jpg,Monocyte,unsegmented-indented,bukan_neutrofil,0,0,0,0,0,10202
MO_672954_ccrop.jpg,Monocyte,irregular,bukan_neutrofil,0,0,0,0,0,11345
SNE_460286_ccrop.jpg,Neutrophil,unsegmented-band,C_konflik_SNE_band,0,0,0,0,0,6102
EO_80261_ccrop.jpg,Eosinophil,segmented-multilobed,bukan_neutrofil,0,0,0,0,0,6632
BA_391096_ccrop.jpg,Basophil,irregular,bukan_neutrofil,1,157,157,0,1,6541
LY_140586_ccrop.jpg,Lymphocyte,unsegmented-round,bukan_neutrofil,0,0,0,0,0,6493
BA_659008_ccrop.jpg,Basophil,segmented-multilobed,bukan_neutrofil,0,0,0,0,0,6997
BNE_874904_ccrop.jpg,Neutrophil,unsegmented-band,A_sepakat_band,0,0,0,0,0,5357
BA_151210_ccrop.jpg,Basophil,irregular,bukan_neutrofil,0,0,0,0,0,4300
BA_357319_ccrop.jpg,Basophil,segmented-bilobed,bukan_neutrofil,0,0,0,0,0,6199
LY_179366_ccrop.jpg,Lymphocyte,unsegmented-round,bukan_neutrofil,0,0,0,0,0,6033
SNE_610263_ccrop.jpg,Neutrophil,segmented-multilobed,B_sepakat_segmented,2,19,18,0,2,5694
BA_872678_ccrop.jpg,Basophil,segmented-bilobed,bukan_neutrofil,1,7,7,0,1,5804
MO_762290_ccrop.jpg,Monocyte,unsegmented-round,bukan_neutrofil,0,0,0,0,0,10876
SNE_758302_ccrop.jpg,Neutrophil,unsegmented-band,C_konflik_SNE_band,0,0,0,0,0,5272
MO_516349_ccrop.jpg,Monocyte,unsegmented-indented,bukan_neutrofil,0,0,0,0,0,11605
SNE_336220_ccrop.jpg,Neutrophil,unsegmented-band,C_konflik_SNE_band,0,0,0,0,0,5039
EO_962992_ccrop.jpg,Eosinophil,segmented-multilobed,bukan_neutrofil,0,0,0,0,0,5683
SNE_175362_ccrop.jpg,Neutrophil,segmented-bilobed,B_sepakat_segmented,1,93,93,0,1,5226
BA_948281_ccrop.jpg,Basophil,segmented-bilobed,bukan_neutrofil,0,0,0,0,0,5865
SNE_804499_ccrop.jpg,Neutrophil,unsegmented-band,C_konflik_SNE_band,0,0,0,0,0,5438
SNE_663113_ccrop.jpg,Neutrophil,unsegmented-band,C_konflik_SNE_band,0,0,0,0,0,6352
BA_677090_ccrop.jpg,Basophil,segmented-bilobed,bukan_neutrofil,0,0,0,0,0,7309
BNE_276644_ccrop.jpg,Neutrophil,unsegmented-band,A_sepakat_band,0,0,0,0,0,7359
BA_188974_ccrop.jpg,Basophil,segmented-multilobed,bukan_neutrofil,0,0,0,0,0,6234
EO_31926_ccrop.jpg,Eosinophil,segmented-multilobed,bukan_neutrofil,0,0,0,0,0,5883
SNE_982230_ccrop.jpg,Neutrophil,unsegmented-band,C_konflik_SNE_band,0,0,0,0,0,5816
EO_328721_ccrop.jpg,Eosinophil,segmented-multilobed,bukan_neutrofil,0,0,0,0,0,5096
MO_947642_ccrop.jpg,Monocyte,irregular,bukan_neutrofil,3,365,158,0,3,11796
BA_965388_ccrop.jpg,Basophil,segmented-bilobed,bukan_neutrofil,0,0,0,0,0,6515
BNE_695913_ccrop.jpg,Neutrophil,unsegmented-band,A_sepakat_band,0,0,0,0,0,5571
EO_76111_ccrop.jpg,Eosinophil,segmented-multilobed,bukan_neutrofil,0,0,0,0,0,6340
MO_716662_ccrop.jpg,Monocyte,unsegmented-indented,bukan_neutrofil,0,0,0,0,0,9303
MO_235817_ccrop.jpg,Monocyte,unsegmented-indented,bukan_neutrofil,0,0,0,0,0,9582
EO_845594_ccrop.jpg,Eosinophil,segmented-bilobed,bukan_neutrofil,0,0,0,0,0,5690
LY_551814_ccrop.jpg,Lymphocyte,unsegmented-round,bukan_neutrofil,0,0,0,0,0,5156
EO_137658_ccrop.jpg,Eosinophil,segmented-multilobed,bukan_neutrofil,0,0,0,0,0,5098
BA_315376_ccrop.jpg,Basophil,irregular,bukan_neutrofil,0,0,0,0,0,4261
EO_433563_ccrop.jpg,Eosinophil,segmented-bilobed,bukan_neutrofil,0,0,0,0,0,5942
EO_839677_ccrop.jpg,Eosinophil,unsegmented-band,bukan_neutrofil,0,0,0,0,0,6383
LY_78141_ccrop.jpg,Lymphocyte,unsegmented-round,bukan_neutrofil,0,0,0,0,0,7876
BNE_186779_ccrop.jpg,Neutrophil,unsegmented-band,A_sepakat_band,0,0,0,0,0,6131
SNE_607393_ccrop.jpg,Neutrophil,segmented-multilobed,B_sepakat_segmented,0,0,0,0,0,6454
BNE_256049_ccrop.jpg,Neutrophil,unsegmented-band,A_sepakat_band,0,0,0,0,0,4701
SNE_24126_ccrop.jpg,Neutrophil,segmented-multilobed,B_sepakat_segmented,0,0,0,0,0,5615
BNE_595203_ccrop.jpg,Neutrophil,unsegmented-band,A_sepakat_band,0,0,0,0,0,4580
BNE_133625_ccrop.jpg,Neutrophil,segmented-bilobed,D_konflik_BNE_segmented,1,254,254,0,1,5309
SNE_518038_ccrop.jpg,Neutrophil,unsegmented-band,C_konflik_SNE_band,1,64,64,0,1,5333
EO_434933_ccrop.jpg,Eosinophil,segmented-bilobed,bukan_neutrofil,0,0,0,0,0,7044
LY_752671_ccrop.jpg,Lymphocyte,unsegmented-round,bukan_neutrofil,0,0,0,0,0,6304
SNE_563211_ccrop.jpg,Neutrophil,unsegmented-band,C_konflik_SNE_band,0,0,0,0,0,6034
EO_113017_ccrop.jpg,Eosinophil,segmented-bilobed,bukan_neutrofil,1,47,47,0,1,5991
LY_588849_ccrop.jpg,Lymphocyte,unsegmented-round,bukan_neutrofil,0,0,0,0,0,5069
MO_800516_ccrop.jpg,Monocyte,unsegmented-indented,bukan_neutrofil,0,0,0,0,0,9036
BA_236510_ccrop.jpg,Basophil,unsegmented-round,bukan_neutrofil,0,0,0,0,0,8610
SNE_461516_ccrop.jpg,Neutrophil,segmented-multilobed,B_sepakat_segmented,2,796,556,0,2,7286
BNE_789788_ccrop.jpg,Neutrophil,unsegmented-band,A_sepakat_band,0,0,0,0,0,5128
LY_488198_ccrop.jpg,Lymphocyte,unsegmented-round,bukan_neutrofil,0,0,0,0,0,7959
LY_121452_ccrop.jpg,Lymphocyte,unsegmented-round,bukan_neutrofil,0,0,0,0,0,4604
MO_18963_ccrop.jpg,Monocyte,irregular,bukan_neutrofil,1,9,9,0,1,10702
SNE_78175_ccrop.jpg,Neutrophil,unsegmented-band,C_konflik_SNE_band,0,0,0,0,0,5846
BA_130831_ccrop.jpg,Basophil,irregular,bukan_neutrofil,0,0,0,0,0,7673
BA_836099_ccrop.jpg,Basophil,irregular,bukan_neutrofil,1,1,1,0,1,7441
SNE_687178_ccrop.jpg,Neutrophil,segmented-multilobed,B_sepakat_segmented,0,0,0,0,0,6746
LY_705501_ccrop.jpg,Lymphocyte,unsegmented-indented,bukan_neutrofil,0,0,0,0,0,5669
EO_761180_ccrop.jpg,Eosinophil,segmented-bilobed,bukan_neutrofil,0,0,0,0,0,5178
LY_81076_ccrop.jpg,Lymphocyte,unsegmented-indented,bukan_neutrofil,0,0,0,0,0,6893
BNE_428219_ccrop.jpg,Neutrophil,unsegmented-band,A_sepakat_band,0,0,0,0,0,5072
SNE_682015_ccrop.jpg,Neutrophil,segmented-bilobed,B_sepakat_segmented,0,0,0,0,0,5199
SNE_206298_ccrop.jpg,Neutrophil,segmented-multilobed,B_sepakat_segmented,0,0,0,0,0,6005
LY_264881_ccrop.jpg,Lymphocyte,unsegmented-round,bukan_neutrofil,0,0,0,0,0,4363
LY_393334_ccrop.jpg,Lymphocyte,unsegmented-round,bukan_neutrofil,0,0,0,0,0,6344
LY_587246_ccrop.jpg,Lymphocyte,irregular,bukan_neutrofil,0,0,0,0,0,6186
EO_329444_ccrop.jpg,Eosinophil,segmented-bilobed,bukan_neutrofil,0,0,0,0,0,5357
BA_880798_ccrop.jpg,Basophil,irregular,bukan_neutrofil,1,119,119,0,1,6140
EO_872715_ccrop.jpg,Eosinophil,segmented-bilobed,bukan_neutrofil,0,0,0,0,0,7210
MO_48427_ccrop.jpg,Monocyte,irregular,bukan_neutrofil,1,29,29,0,1,9972
EO_761997_ccrop.jpg,Eosinophil,segmented-bilobed,bukan_neutrofil,0,0,0,0,0,5114
SNE_348778_ccrop.jpg,Neutrophil,segmented-bilobed,B_sepakat_segmented,0,0,0,0,0,5009
SNE_296573_ccrop.jpg,Neutrophil,segmented-multilobed,B_sepakat_segmented,2,96,95,0,2,6500
MO_231678_ccrop.jpg,Monocyte,unsegmented-indented,bukan_neutrofil,0,0,0,0,0,10343
SNE_881109_ccrop.jpg,Neutrophil,segmented-bilobed,B_sepakat_segmented,0,0,0,0,0,5306
EO_418150_ccrop.jpg,Eosinophil,unsegmented-band,bukan_neutrofil,0,0,0,0,0,6430
EO_997916_ccrop.jpg,Eosinophil,unsegmented-band,bukan_neutrofil,1,387,387,0,1,8508
EO_532436_ccrop.jpg,Eosinophil,segmented-bilobed,bukan_neutrofil,0,0,0,0,0,7278
SNE_231925_ccrop.jpg,Neutrophil,unsegmented-band,C_konflik_SNE_band,0,0,0,0,0,5605
EO_271014_ccrop.jpg,Eosinophil,segmented-bilobed,bukan_neutrofil,0,0,0,0,0,5392
MO_706560_ccrop.jpg,Monocyte,unsegmented-indented,bukan_neutrofil,0,0,0,0,0,8023
BNE_620708_ccrop.jpg,Neutrophil,unsegmented-band,A_sepakat_band,0,0,0,0,0,6211
EO_768445_ccrop.jpg,Eosinophil,segmented-bilobed,bukan_neutrofil,0,0,0,0,0,5760
EO_690628_ccrop.jpg,Eosinophil,segmented-bilobed,bukan_neutrofil,0,0,0,0,0,6337
LY_154914_ccrop.jpg,Lymphocyte,unsegmented-indented,bukan_neutrofil,0,0,0,0,0,4750
NEUTROPHIL_971896_ccrop.jpg,Neutrophil,segmented-multilobed,F_tak_bersubtipe,0,0,0,0,0,5597
SNE_551599_ccrop.jpg,Neutrophil,unsegmented-band,C_konflik_SNE_band,0,0,0,0,0,5554
LY_832073_ccrop.jpg,Lymphocyte,unsegmented-indented,bukan_neutrofil,0,0,0,0,0,5789
MO_794734_ccrop.jpg,Monocyte,unsegmented-indented,bukan_neutrofil,0,0,0,0,0,10718
BNE_224912_ccrop.jpg,Neutrophil,unsegmented-band,A_sepakat_band,0,0,0,0,0,6825
SNE_48031_ccrop.jpg,Neutrophil,segmented-multilobed,B_sepakat_segmented,0,0,0,0,0,5956
BA_898520_ccrop.jpg,Basophil,segmented-bilobed,bukan_neutrofil,0,0,0,0,0,7448
EO_435111_ccrop.jpg,Eosinophil,unsegmented-band,bukan_neutrofil,0,0,0,0,0,5870
EO_705791_ccrop.jpg,Eosinophil,segmented-bilobed,bukan_neutrofil,1,642,642,0,1,6252
BA_967197_ccrop.jpg,Basophil,segmented-bilobed,bukan_neutrofil,0,0,0,0,0,5268
EO_238704_ccrop.jpg,Eosinophil,segmented-bilobed,bukan_neutrofil,0,0,0,0,0,6628
SNE_885644_ccrop.jpg,Neutrophil,segmented-bilobed,B_sepakat_segmented,1,139,139,0,1,5733
EO_583797_ccrop.jpg,Eosinophil,segmented-multilobed,bukan_neutrofil,0,0,0,0,0,6204
BA_576591_ccrop.jpg,Basophil,segmented-multilobed,bukan_neutrofil,1,33,33,0,1,7326
EO_341474_ccrop.jpg,Eosinophil,segmented-multilobed,bukan_neutrofil,0,0,0,0,0,7021
LY_325503_ccrop.jpg,Lymphocyte,unsegmented-indented,bukan_neutrofil,0,0,0,0,0,6421
EO_460941_ccrop.jpg,Eosinophil,segmented-bilobed,bukan_neutrofil,2,171,94,0,2,6269
BA_243889_ccrop.jpg,Basophil,segmented-multilobed,bukan_neutrofil,0,0,0,0,0,5490
EO_726274_ccrop.jpg,Eosinophil,segmented-bilobed,bukan_neutrofil,0,0,0,0,0,5867
BNE_736774_ccrop.jpg,Neutrophil,unsegmented-band,A_sepakat_band,0,0,0,0,0,6396
EO_374244_ccrop.jpg,Eosinophil,segmented-bilobed,bukan_neutrofil,1,51,51,0,1,8940
EO_84435_ccrop.jpg,Eosinophil,segmented-multilobed,bukan_neutrofil,0,0,0,0,0,6170
SNE_881855_ccrop.jpg,Neutrophil,unsegmented-band,C_konflik_SNE_band,1,2004,2004,0,1,7623
EO_346820_ccrop.jpg,Eosinophil,segmented-bilobed,bukan_neutrofil,1,732,732,0,1,6385
EO_882772_ccrop.jpg,Eosinophil,segmented-bilobed,bukan_neutrofil,0,0,0,0,0,6822
SNE_53714_ccrop.jpg,Neutrophil,segmented-bilobed,B_sepakat_segmented,0,0,0,0,0,5510
EO_15801_ccrop.jpg,Eosinophil,segmented-bilobed,bukan_neutrofil,0,0,0,0,0,8035
EO_854185_ccrop.jpg,Eosinophil,segmented-multilobed,bukan_neutrofil,0,0,0,0,0,6572
EO_866120_ccrop.jpg,Eosinophil,segmented-bilobed,bukan_neutrofil,0,0,0,0,0,4770
EO_370179_ccrop.jpg,Eosinophil,unsegmented-band,bukan_neutrofil,2,14,12,0,2,5335
EO_893211_ccrop.jpg,Eosinophil,unsegmented-band,bukan_neutrofil,0,0,0,0,0,5938
BNE_776860_ccrop.jpg,Neutrophil,unsegmented-band,A_sepakat_band,0,0,0,0,0,8554
LY_874823_ccrop.jpg,Lymphocyte,unsegmented-round,bukan_neutrofil,0,0,0,0,0,6205
BA_825338_ccrop.jpg,Basophil,segmented-multilobed,bukan_neutrofil,0,0,0,0,0,6864
LY_851511_ccrop.jpg,Lymphocyte,unsegmented-round,bukan_neutrofil,0,0,0,0,0,6155
BA_513630_ccrop.jpg,Basophil,irregular,bukan_neutrofil,1,61,61,0,1,7392
LY_283307_ccrop.jpg,Lymphocyte,unsegmented-round,bukan_neutrofil,0,0,0,0,0,5374
EO_348684_ccrop.jpg,Eosinophil,segmented-multilobed,bukan_neutrofil,0,0,0,0,0,7268
MO_463255_ccrop.jpg,Monocyte,irregular,bukan_neutrofil,1,97,97,0,1,10341
EO_299733_ccrop.jpg,Eosinophil,segmented-bilobed,bukan_neutrofil,0,0,0,0,0,6723
LY_577175_ccrop.jpg,Lymphocyte,unsegmented-round,bukan_neutrofil,0,0,0,0,0,6966
MO_526259_ccrop.jpg,Monocyte,unsegmented-indented,bukan_neutrofil,0,0,0,0,0,10041
BA_124620_ccrop.jpg,Basophil,irregular,bukan_neutrofil,0,0,0,0,0,8765
SNE_83800_ccrop.jpg,Neutrophil,unsegmented-band,C_konflik_SNE_band,0,0,0,0,0,6488
BNE_135635_ccrop.jpg,Neutrophil,segmented-multilobed,D_konflik_BNE_segmented,0,0,0,0,0,5128
SNE_613380_ccrop.jpg,Neutrophil,segmented-bilobed,B_sepakat_segmented,0,0,0,0,0,6358
EO_869684_ccrop.jpg,Eosinophil,segmented-bilobed,bukan_neutrofil,0,0,0,0,0,5571
BNE_184660_ccrop.jpg,Neutrophil,unsegmented-band,A_sepakat_band,0,0,0,0,0,5478
SNE_620441_ccrop.jpg,Neutrophil,unsegmented-band,C_konflik_SNE_band,1,452,452,0,1,6503
EO_561010_ccrop.jpg,Eosinophil,segmented-bilobed,bukan_neutrofil,0,0,0,0,0,5838
EO_696748_ccrop.jpg,Eosinophil,segmented-bilobed,bukan_neutrofil,0,0,0,0,0,6403
BA_535962_ccrop.jpg,Basophil,irregular,bukan_neutrofil,0,0,0,0,0,7254
SNE_475422_ccrop.jpg,Neutrophil,unsegmented-band,C_konflik_SNE_band,1,95,95,0,1,6436
EO_841745_ccrop.jpg,Eosinophil,segmented-bilobed,bukan_neutrofil,0,0,0,0,0,7491
EO_636728_ccrop.jpg,Eosinophil,segmented-bilobed,bukan_neutrofil,0,0,0,0,0,5585
EO_462597_ccrop.jpg,Eosinophil,segmented-multilobed,bukan_neutrofil,0,0,0,0,0,4821
EO_528889_ccrop.jpg,Eosinophil,segmented-bilobed,bukan_neutrofil,0,0,0,0,0,5554
SNE_836601_ccrop.jpg,Neutrophil,unsegmented-band,C_konflik_SNE_band,0,0,0,0,0,5010
BNE_589632_ccrop.jpg,Neutrophil,unsegmented-band,A_sepakat_band,0,0,0,0,0,5291
BA_691762_ccrop.jpg,Basophil,segmented-bilobed,bukan_neutrofil,0,0,0,0,0,6189
SNE_195911_ccrop.jpg,Neutrophil,unsegmented-band,C_konflik_SNE_band,0,0,0,0,0,5502
BNE_390185_ccrop.jpg,Neutrophil,unsegmented-band,A_sepakat_band,0,0,0,0,0,5914
BNE_385586_ccrop.jpg,Neutrophil,unsegmented-band,A_sepakat_band,0,0,0,0,0,5774
EO_886816_ccrop.jpg,Eosinophil,segmented-bilobed,bukan_neutrofil,0,0,0,0,0,6370
EO_669676_ccrop.jpg,Eosinophil,segmented-multilobed,bukan_neutrofil,1,1,1,0,1,4621
MO_912190_ccrop.jpg,Monocyte,unsegmented-indented,bukan_neutrofil,0,0,0,0,0,12269
BA_383011_ccrop.jpg,Basophil,segmented-bilobed,bukan_neutrofil,1,16,16,0,1,7588
BNE_800374_ccrop.jpg,Neutrophil,unsegmented-band,A_sepakat_band,0,0,0,0,0,5018
LY_159646_ccrop.jpg,Lymphocyte,unsegmented-round,bukan_neutrofil,0,0,0,0,0,5513
NEUTROPHIL_909343_ccrop.jpg,Neutrophil,segmented-bilobed,F_tak_bersubtipe,0,0,0,0,0,5892
EO_814125_ccrop.jpg,Eosinophil,segmented-bilobed,bukan_neutrofil,0,0,0,0,0,7834
BA_881862_ccrop.jpg,Basophil,irregular,bukan_neutrofil,0,0,0,0,0,6874
EO_356811_ccrop.jpg,Eosinophil,segmented-multilobed,bukan_neutrofil,0,0,0,0,0,7270
BA_999747_ccrop.jpg,Basophil,irregular,bukan_neutrofil,0,0,0,0,0,7266
BNE_180055_ccrop.jpg,Neutrophil,unsegmented-band,A_sepakat_band,0,0,0,0,0,4418
MO_586423_ccrop.jpg,Monocyte,unsegmented-indented,bukan_neutrofil,0,0,0,0,0,10643
MO_826797_ccrop.jpg,Monocyte,irregular,bukan_neutrofil,1,53,53,0,1,9622
MO_889486_ccrop.jpg,Monocyte,unsegmented-indented,bukan_neutrofil,0,0,0,0,0,10881
MO_275440_ccrop.jpg,Monocyte,irregular,bukan_neutrofil,1,64,64,0,1,11363
BNE_813005_ccrop.jpg,Neutrophil,unsegmented-band,A_sepakat_band,0,0,0,0,0,4890
EO_294351_ccrop.jpg,Eosinophil,segmented-bilobed,bukan_neutrofil,0,0,0,0,0,5287
SNE_944030_ccrop.jpg,Neutrophil,segmented-bilobed,B_sepakat_segmented,0,0,0,0,0,4758
SNE_850565_ccrop.jpg,Neutrophil,unsegmented-band,C_konflik_SNE_band,1,248,248,0,1,5016
BNE_903428_ccrop.jpg,Neutrophil,unsegmented-band,A_sepakat_band,0,0,0,0,0,5969
SNE_105867_ccrop.jpg,Neutrophil,unsegmented-band,C_konflik_SNE_band,0,0,0,0,0,5150
EO_648933_ccrop.jpg,Eosinophil,segmented-bilobed,bukan_neutrofil,0,0,0,0,0,5531
EO_666333_ccrop.jpg,Eosinophil,segmented-multilobed,bukan_neutrofil,0,0,0,0,0,6323
LY_349836_ccrop.jpg,Lymphocyte,unsegmented-round,bukan_neutrofil,0,0,0,0,0,7361
MO_135818_ccrop.jpg,Monocyte,unsegmented-indented,bukan_neutrofil,0,0,0,0,0,9581
BA_680879_ccrop.jpg,Basophil,irregular,bukan_neutrofil,0,0,0,0,0,5524
LY_223403_ccrop.jpg,Lymphocyte,unsegmented-round,bukan_neutrofil,0,0,0,0,0,5511
SNE_894321_ccrop.jpg,Neutrophil,unsegmented-band,C_konflik_SNE_band,0,0,0,0,0,6266
BNE_581936_ccrop.jpg,Neutrophil,unsegmented-band,A_sepakat_band,0,0,0,0,0,5114
MO_421188_ccrop.jpg,Monocyte,unsegmented-indented,bukan_neutrofil,0,0,0,0,0,8080
BNE_289809_ccrop.jpg,Neutrophil,unsegmented-band,A_sepakat_band,0,0,0,0,0,6743
EO_574803_ccrop.jpg,Eosinophil,segmented-bilobed,bukan_neutrofil,0,0,0,0,0,6056
BNE_269921_ccrop.jpg,Neutrophil,unsegmented-band,A_sepakat_band,0,0,0,0,0,5648
BNE_699064_ccrop.jpg,Neutrophil,unsegmented-band,A_sepakat_band,0,0,0,0,0,5711
SNE_63643_ccrop.jpg,Neutrophil,unsegmented-band,C_konflik_SNE_band,0,0,0,0,0,6578
SNE_946101_ccrop.jpg,Neutrophil,segmented-bilobed,B_sepakat_segmented,0,0,0,0,0,7492
EO_350196_ccrop.jpg,Eosinophil,segmented-bilobed,bukan_neutrofil,0,0,0,0,0,5211
BNE_580240_ccrop.jpg,Neutrophil,unsegmented-band,A_sepakat_band,0,0,0,0,0,6006
BA_427583_ccrop.jpg,Basophil,segmented-bilobed,bukan_neutrofil,0,0,0,0,0,6415
BNE_859570_ccrop.jpg,Neutrophil,unsegmented-band,A_sepakat_band,0,0,0,0,0,5643
LY_999045_ccrop.jpg,Lymphocyte,unsegmented-round,bukan_neutrofil,0,0,0,0,0,5957
BA_754100_ccrop.jpg,Basophil,segmented-multilobed,bukan_neutrofil,0,0,0,0,0,6024
SNE_207714_ccrop.jpg,Neutrophil,unsegmented-band,C_konflik_SNE_band,0,0,0,0,0,6066
EO_556235_ccrop.jpg,Eosinophil,segmented-multilobed,bukan_neutrofil,1,1172,1172,0,1,7013
MO_387421_ccrop.jpg,Monocyte,unsegmented-indented,bukan_neutrofil,0,0,0,0,0,11094
BNE_681345_ccrop.jpg,Neutrophil,unsegmented-band,A_sepakat_band,0,0,0,0,0,5505
BA_830328_ccrop.jpg,Basophil,segmented-bilobed,bukan_neutrofil,0,0,0,0,0,8362
LY_21122_ccrop.jpg,Lymphocyte,unsegmented-round,bukan_neutrofil,0,0,0,0,0,6211
EO_356580_ccrop.jpg,Eosinophil,segmented-multilobed,bukan_neutrofil,0,0,0,0,0,5703
EO_257520_ccrop.jpg,Eosinophil,segmented-bilobed,bukan_neutrofil,0,0,0,0,0,5531
SNE_700139_ccrop.jpg,Neutrophil,unsegmented-band,C_konflik_SNE_band,0,0,0,0,0,7877
EO_937011_ccrop.jpg,Eosinophil,segmented-bilobed,bukan_neutrofil,0,0,0,0,0,5187
BNE_489079_ccrop.jpg,Neutrophil,unsegmented-band,A_sepakat_band,0,0,0,0,0,5912
MO_619116_ccrop.jpg,Monocyte,unsegmented-indented,bukan_neutrofil,0,0,0,0,0,8240
SNE_122865_ccrop.jpg,Neutrophil,unsegmented-band,C_konflik_SNE_band,0,0,0,0,0,5260
SNE_598198_ccrop.jpg,Neutrophil,segmented-bilobed,B_sepakat_segmented,0,0,0,0,0,6785
LY_275445_ccrop.jpg,Lymphocyte,unsegmented-round,bukan_neutrofil,0,0,0,0,0,6017
BA_412674_ccrop.jpg,Basophil,segmented-bilobed,bukan_neutrofil,0,0,0,0,0,6860
MO_85774_ccrop.jpg,Monocyte,unsegmented-round,bukan_neutrofil,0,0,0,0,0,12176
BA_664643_ccrop.jpg,Basophil,irregular,bukan_neutrofil,0,0,0,0,0,5142
EO_225902_ccrop.jpg,Eosinophil,segmented-multilobed,bukan_neutrofil,0,0,0,0,0,5091
BA_393442_ccrop.jpg,Basophil,segmented-bilobed,bukan_neutrofil,0,0,0,0,0,8372
EO_582679_ccrop.jpg,Eosinophil,segmented-bilobed,bukan_neutrofil,0,0,0,0,0,5955
EO_781920_ccrop.jpg,Eosinophil,segmented-bilobed,bukan_neutrofil,0,0,0,0,0,6794
EO_737144_ccrop.jpg,Eosinophil,segmented-multilobed,bukan_neutrofil,0,0,0,0,0,6027
SNE_908767_ccrop.jpg,Neutrophil,segmented-bilobed,B_sepakat_segmented,0,0,0,0,0,6223
SNE_138431_ccrop.jpg,Neutrophil,segmented-multilobed,B_sepakat_segmented,0,0,0,0,0,6676
BA_243554_ccrop.jpg,Basophil,irregular,bukan_neutrofil,2,14,13,0,2,6367
BA_238331_ccrop.jpg,Basophil,segmented-bilobed,bukan_neutrofil,0,0,0,0,0,6228
SNE_745606_ccrop.jpg,Neutrophil,unsegmented-band,C_konflik_SNE_band,0,0,0,0,0,5739
EO_609046_ccrop.jpg,Eosinophil,segmented-multilobed,bukan_neutrofil,0,0,0,0,0,6019
BA_434512_ccrop.jpg,Basophil,irregular,bukan_neutrofil,3,263,236,0,3,5875
MO_110450_ccrop.jpg,Monocyte,unsegmented-indented,bukan_neutrofil,0,0,0,0,0,11782
LY_199868_ccrop.jpg,Lymphocyte,unsegmented-round,bukan_neutrofil,0,0,0,0,0,4711
MO_516178_ccrop.jpg,Monocyte,unsegmented-indented,bukan_neutrofil,0,0,0,0,0,9437
SNE_223132_ccrop.jpg,Neutrophil,segmented-multilobed,B_sepakat_segmented,1,25,25,0,1,6956
EO_389123_ccrop.jpg,Eosinophil,segmented-bilobed,bukan_neutrofil,1,235,235,0,1,6715
SNE_683106_ccrop.jpg,Neutrophil,segmented-bilobed,B_sepakat_segmented,0,0,0,0,0,5741
BNE_852425_ccrop.jpg,Neutrophil,unsegmented-band,A_sepakat_band,0,0,0,0,0,5218
LY_452236_ccrop.jpg,Lymphocyte,unsegmented-round,bukan_neutrofil,0,0,0,0,0,5747
SNE_905104_ccrop.jpg,Neutrophil,segmented-bilobed,B_sepakat_segmented,0,0,0,0,0,5561
EO_106296_ccrop.jpg,Eosinophil,segmented-bilobed,bukan_neutrofil,0,0,0,0,0,6043
EO_550911_ccrop.jpg,Eosinophil,segmented-bilobed,bukan_neutrofil,0,0,0,0,0,6840
SNE_166616_ccrop.jpg,Neutrophil,segmented-bilobed,B_sepakat_segmented,1,32,32,0,1,6204
BNE_389385_ccrop.jpg,Neutrophil,unsegmented-band,A_sepakat_band,0,0,0,0,0,5003
BNE_342806_ccrop.jpg,Neutrophil,unsegmented-band,A_sepakat_band,0,0,0,0,0,5294
LY_273418_ccrop.jpg,Lymphocyte,unsegmented-indented,bukan_neutrofil,0,0,0,0,0,6448
EO_885845_ccrop.jpg,Eosinophil,segmented-bilobed,bukan_neutrofil,0,0,0,0,0,7048
MO_552828_ccrop.jpg,Monocyte,unsegmented-indented,bukan_neutrofil,0,0,0,0,0,7817
BNE_50191_ccrop.jpg,Neutrophil,unsegmented-band,A_sepakat_band,0,0,0,0,0,5834
BA_145728_ccrop.jpg,Basophil,irregular,bukan_neutrofil,0,0,0,0,0,6971
SNE_226369_ccrop.jpg,Neutrophil,unsegmented-band,C_konflik_SNE_band,0,0,0,0,0,6721
EO_50681_ccrop.jpg,Eosinophil,segmented-bilobed,bukan_neutrofil,0,0,0,0,0,5468
BNE_222771_ccrop.jpg,Neutrophil,unsegmented-band,A_sepakat_band,0,0,0,0,0,7093
SNE_508088_ccrop.jpg,Neutrophil,unsegmented-band,C_konflik_SNE_band,0,0,0,0,0,5722
BA_770783_ccrop.jpg,Basophil,segmented-multilobed,bukan_neutrofil,0,0,0,0,0,7868
MO_389357_ccrop.jpg,Monocyte,unsegmented-indented,bukan_neutrofil,0,0,0,0,0,10680
BNE_51939_ccrop.jpg,Neutrophil,unsegmented-band,A_sepakat_band,0,0,0,0,0,10720
BA_938872_ccrop.jpg,Basophil,irregular,bukan_neutrofil,1,617,617,0,1,11805
BNE_768718_ccrop.jpg,Neutrophil,unsegmented-band,A_sepakat_band,0,0,0,0,0,7346
EO_372485_ccrop.jpg,Eosinophil,segmented-multilobed,bukan_neutrofil,0,0,0,0,0,6258
EO_366351_ccrop.jpg,Eosinophil,unsegmented-indented,bukan_neutrofil,0,0,0,0,0,7195
BNE_679574_ccrop.jpg,Neutrophil,unsegmented-band,A_sepakat_band,0,0,0,0,0,4696
MO_128174_ccrop.jpg,Monocyte,unsegmented-indented,bukan_neutrofil,0,0,0,0,0,9611
BNE_965001_ccrop.jpg,Neutrophil,unsegmented-band,A_sepakat_band,0,0,0,0,0,6070
EO_553315_ccrop.jpg,Eosinophil,segmented-bilobed,bukan_neutrofil,1,213,213,0,1,6943
LY_178247_ccrop.jpg,Lymphocyte,unsegmented-round,bukan_neutrofil,0,0,0,0,0,8174
BA_324706_ccrop.jpg,Basophil,segmented-multilobed,bukan_neutrofil,1,22,22,0,1,8403
EO_926395_ccrop.jpg,Eosinophil,segmented-bilobed,bukan_neutrofil,0,0,0,0,0,5025
EO_633597_ccrop.jpg,Eosinophil,segmented-bilobed,bukan_neutrofil,0,0,0,0,0,5860
EO_563139_ccrop.jpg,Eosinophil,segmented-bilobed,bukan_neutrofil,1,99,99,0,1,5606
SNE_187967_ccrop.jpg,Neutrophil,unsegmented-band,C_konflik_SNE_band,0,0,0,0,0,5024
BNE_136823_ccrop.jpg,Neutrophil,segmented-multilobed,D_konflik_BNE_segmented,0,0,0,0,0,4239
SNE_190191_ccrop.jpg,Neutrophil,segmented-multilobed,B_sepakat_segmented,1,108,108,0,1,7400
MO_289893_ccrop.jpg,Monocyte,unsegmented-indented,bukan_neutrofil,0,0,0,0,0,8581
SNE_861933_ccrop.jpg,Neutrophil,unsegmented-band,C_konflik_SNE_band,0,0,0,0,0,5963
EO_921592_ccrop.jpg,Eosinophil,segmented-bilobed,bukan_neutrofil,0,0,0,0,0,5945
LY_804969_ccrop.jpg,Lymphocyte,unsegmented-indented,bukan_neutrofil,0,0,0,0,0,5374
EO_371208_ccrop.jpg,Eosinophil,segmented-bilobed,bukan_neutrofil,0,0,0,0,0,5148
SNE_394122_ccrop.jpg,Neutrophil,segmented-multilobed,B_sepakat_segmented,0,0,0,0,0,6413
EO_472616_ccrop.jpg,Eosinophil,segmented-bilobed,bukan_neutrofil,0,0,0,0,0,6004
BNE_135566_ccrop.jpg,Neutrophil,unsegmented-band,A_sepakat_band,1,442,442,0,1,7552
EO_575434_ccrop.jpg,Eosinophil,segmented-bilobed,bukan_neutrofil,0,0,0,0,0,5732
BNE_890818_ccrop.jpg,Neutrophil,unsegmented-band,A_sepakat_band,0,0,0,0,0,5359
SNE_860190_ccrop.jpg,Neutrophil,segmented-bilobed,B_sepakat_segmented,0,0,0,0,0,6234
SNE_387274_ccrop.jpg,Neutrophil,unsegmented-band,C_konflik_SNE_band,1,99,99,0,1,5779
BNE_115235_ccrop.jpg,Neutrophil,unsegmented-band,A_sepakat_band,0,0,0,0,0,4710
MO_696522_ccrop.jpg,Monocyte,unsegmented-round,bukan_neutrofil,0,0,0,0,0,9951
EO_315956_ccrop.jpg,Eosinophil,segmented-bilobed,bukan_neutrofil,0,0,0,0,0,7565
LY_504582_ccrop.jpg,Lymphocyte,unsegmented-round,bukan_neutrofil,0,0,0,0,0,5108
MO_674929_ccrop.jpg,Monocyte,unsegmented-indented,bukan_neutrofil,0,0,0,0,0,11237
EO_936331_ccrop.jpg,Eosinophil,segmented-bilobed,bukan_neutrofil,1,65,65,0,1,6379
EO_743627_ccrop.jpg,Eosinophil,unsegmented-band,bukan_neutrofil,0,0,0,0,0,7249
EO_75989_ccrop.jpg,Eosinophil,segmented-multilobed,bukan_neutrofil,0,0,0,0,0,5562
MO_795847_ccrop.jpg,Monocyte,unsegmented-indented,bukan_neutrofil,0,0,0,0,0,10166
BNE_924437_ccrop.jpg,Neutrophil,unsegmented-band,A_sepakat_band,0,0,0,0,0,5768
EO_909502_ccrop.jpg,Eosinophil,segmented-bilobed,bukan_neutrofil,0,0,0,0,0,5207
SNE_207145_ccrop.jpg,Neutrophil,unsegmented-band,C_konflik_SNE_band,0,0,0,0,0,4675
EO_490379_ccrop.jpg,Eosinophil,segmented-bilobed,bukan_neutrofil,0,0,0,0,0,5056
BNE_404601_ccrop.jpg,Neutrophil,unsegmented-band,A_sepakat_band,0,0,0,0,0,5985
LY_965640_ccrop.jpg,Lymphocyte,unsegmented-round,bukan_neutrofil,0,0,0,0,0,6719
MO_125963_ccrop.jpg,Monocyte,irregular,bukan_neutrofil,2,106,68,0,2,11939
MO_759794_ccrop.jpg,Monocyte,irregular,bukan_neutrofil,1,213,213,0,1,12365
EO_533258_ccrop.jpg,Eosinophil,segmented-bilobed,bukan_neutrofil,0,0,0,0,0,9049
BA_175579_ccrop.jpg,Basophil,unsegmented-indented,bukan_neutrofil,0,0,0,0,0,7229
EO_299477_ccrop.jpg,Eosinophil,segmented-bilobed,bukan_neutrofil,0,0,0,0,0,5950
MO_836553_ccrop.jpg,Monocyte,irregular,bukan_neutrofil,0,0,0,0,0,11869
BA_162483_ccrop.jpg,Basophil,unsegmented-band,bukan_neutrofil,0,0,0,0,0,6570
SNE_231165_ccrop.jpg,Neutrophil,unsegmented-band,C_konflik_SNE_band,0,0,0,0,0,5738
EO_215406_ccrop.jpg,Eosinophil,segmented-multilobed,bukan_neutrofil,0,0,0,0,0,6413
BNE_759017_ccrop.jpg,Neutrophil,unsegmented-band,A_sepakat_band,0,0,0,0,0,5768
EO_322766_ccrop.jpg,Eosinophil,segmented-bilobed,bukan_neutrofil,0,0,0,0,0,5393
SNE_576696_ccrop.jpg,Neutrophil,segmented-multilobed,B_sepakat_segmented,1,249,249,0,1,5649
BNE_94135_ccrop.jpg,Neutrophil,unsegmented-band,A_sepakat_band,0,0,0,0,0,5276
BNE_573180_ccrop.jpg,Neutrophil,unsegmented-band,A_sepakat_band,1,301,301,0,1,4936
MO_985517_ccrop.jpg,Monocyte,unsegmented-indented,bukan_neutrofil,0,0,0,0,0,11211
LY_907042_ccrop.jpg,Lymphocyte,unsegmented-round,bukan_neutrofil,0,0,0,0,0,5875
BA_60739_ccrop.jpg,Basophil,irregular,bukan_neutrofil,0,0,0,0,0,5881
LY_884557_ccrop.jpg,Lymphocyte,unsegmented-round,bukan_neutrofil,0,0,0,0,0,6077
LY_744989_ccrop.jpg,Lymphocyte,unsegmented-round,bukan_neutrofil,0,0,0,0,0,5701
MO_764682_ccrop.jpg,Monocyte,unsegmented-indented,bukan_neutrofil,0,0,0,0,0,12186
BNE_63504_ccrop.jpg,Neutrophil,unsegmented-band,A_sepakat_band,0,0,0,0,0,6185
LY_797793_ccrop.jpg,Lymphocyte,unsegmented-round,bukan_neutrofil,0,0,0,0,0,5327
EO_165287_ccrop.jpg,Eosinophil,segmented-multilobed,bukan_neutrofil,0,0,0,0,0,5334
LY_879256_ccrop.jpg,Lymphocyte,unsegmented-round,bukan_neutrofil,0,0,0,0,0,5613
BNE_146572_ccrop.jpg,Neutrophil,unsegmented-band,A_sepakat_band,0,0,0,0,0,5056
LY_33119_ccrop.jpg,Lymphocyte,unsegmented-round,bukan_neutrofil,0,0,0,0,0,6825
EO_103649_ccrop.jpg,Eosinophil,segmented-bilobed,bukan_neutrofil,0,0,0,0,0,7286
MO_686982_ccrop.jpg,Monocyte,irregular,bukan_neutrofil,2,631,551,0,2,9110
EO_362842_ccrop.jpg,Eosinophil,segmented-bilobed,bukan_neutrofil,0,0,0,0,0,5809
EO_453896_ccrop.jpg,Eosinophil,segmented-multilobed,bukan_neutrofil,0,0,0,0,0,6903
EO_421945_ccrop.jpg,Eosinophil,segmented-bilobed,bukan_neutrofil,0,0,0,0,0,7385
BNE_187111_ccrop.jpg,Neutrophil,unsegmented-band,A_sepakat_band,0,0,0,0,0,5766
LY_866646_ccrop.jpg,Lymphocyte,unsegmented-round,bukan_neutrofil,0,0,0,0,0,7323
EO_55803_ccrop.jpg,Eosinophil,unsegmented-band,bukan_neutrofil,0,0,0,0,0,8208
EO_455825_ccrop.jpg,Eosinophil,segmented-bilobed,bukan_neutrofil,0,0,0,0,0,6578
BA_786369_ccrop.jpg,Basophil,irregular,bukan_neutrofil,1,50,50,0,1,8063
LY_3945_ccrop.jpg,Lymphocyte,unsegmented-round,bukan_neutrofil,0,0,0,0,0,4799
EO_861966_ccrop.jpg,Eosinophil,segmented-bilobed,bukan_neutrofil,0,0,0,0,0,6664
MO_347962_ccrop.jpg,Monocyte,unsegmented-indented,bukan_neutrofil,0,0,0,0,0,10127
BNE_172972_ccrop.jpg,Neutrophil,unsegmented-band,A_sepakat_band,0,0,0,0,0,5609
LY_708881_ccrop.jpg,Lymphocyte,unsegmented-round,bukan_neutrofil,0,0,0,0,0,5706
SNE_5829_ccrop.jpg,Neutrophil,unsegmented-band,C_konflik_SNE_band,0,0,0,0,0,6649
EO_659213_ccrop.jpg,Eosinophil,segmented-bilobed,bukan_neutrofil,0,0,0,0,0,6973
EO_992150_ccrop.jpg,Eosinophil,segmented-bilobed,bukan_neutrofil,0,0,0,0,0,7118
EO_104682_ccrop.jpg,Eosinophil,segmented-multilobed,bukan_neutrofil,1,106,106,0,1,5752
LY_670241_ccrop.jpg,Lymphocyte,unsegmented-indented,bukan_neutrofil,0,0,0,0,0,4339
SNE_522338_ccrop.jpg,Neutrophil,segmented-bilobed,B_sepakat_segmented,0,0,0,0,0,6330
LY_683794_ccrop.jpg,Lymphocyte,unsegmented-round,bukan_neutrofil,0,0,0,0,0,6364
MO_406508_ccrop.jpg,Monocyte,irregular,bukan_neutrofil,0,0,0,0,0,10702
EO_780969_ccrop.jpg,Eosinophil,segmented-bilobed,bukan_neutrofil,0,0,0,0,0,6224
SNE_880408_ccrop.jpg,Neutrophil,unsegmented-band,C_konflik_SNE_band,0,0,0,0,0,5199
LY_311010_ccrop.jpg,Lymphocyte,unsegmented-round,bukan_neutrofil,0,0,0,0,0,6495
MO_148905_ccrop.jpg,Monocyte,unsegmented-indented,bukan_neutrofil,1,534,534,0,1,10835
BNE_811195_ccrop.jpg,Neutrophil,unsegmented-band,A_sepakat_band,0,0,0,0,0,4858
EO_487689_ccrop.jpg,Eosinophil,segmented-bilobed,bukan_neutrofil,0,0,0,0,0,7493
BNE_186566_ccrop.jpg,Neutrophil,unsegmented-band,A_sepakat_band,0,0,0,0,0,5277
BNE_721607_ccrop.jpg,Neutrophil,unsegmented-band,A_sepakat_band,0,0,0,0,0,5041
EO_413200_ccrop.jpg,Eosinophil,segmented-bilobed,bukan_neutrofil,0,0,0,0,0,5555
BNE_168500_ccrop.jpg,Neutrophil,unsegmented-band,A_sepakat_band,0,0,0,0,0,6759
EO_83547_ccrop.jpg,Eosinophil,segmented-bilobed,bukan_neutrofil,0,0,0,0,0,5544
LY_593769_ccrop.jpg,Lymphocyte,unsegmented-round,bukan_neutrofil,0,0,0,0,0,7098
SNE_84714_ccrop.jpg,Neutrophil,segmented-multilobed,B_sepakat_segmented,0,0,0,0,0,5376
EO_577819_ccrop.jpg,Eosinophil,unsegmented-band,bukan_neutrofil,0,0,0,0,0,5801
LY_18213_ccrop.jpg,Lymphocyte,unsegmented-indented,bukan_neutrofil,0,0,0,0,0,6383
BA_155436_ccrop.jpg,Basophil,segmented-bilobed,bukan_neutrofil,0,0,0,0,0,6047
SNE_42662_ccrop.jpg,Neutrophil,unsegmented-band,C_konflik_SNE_band,1,177,177,0,1,5095
EO_177724_ccrop.jpg,Eosinophil,segmented-bilobed,bukan_neutrofil,0,0,0,0,0,5734
MO_44030_ccrop.jpg,Monocyte,unsegmented-indented,bukan_neutrofil,0,0,0,0,0,12796
SNE_824674_ccrop.jpg,Neutrophil,unsegmented-band,C_konflik_SNE_band,0,0,0,0,0,4378
BNE_417662_ccrop.jpg,Neutrophil,unsegmented-band,A_sepakat_band,0,0,0,0,0,5754
EO_569320_ccrop.jpg,Eosinophil,segmented-bilobed,bukan_neutrofil,0,0,0,0,0,5690
SNE_496455_ccrop.jpg,Neutrophil,unsegmented-band,C_konflik_SNE_band,0,0,0,0,0,5991
SNE_332004_ccrop.jpg,Neutrophil,unsegmented-band,C_konflik_SNE_band,0,0,0,0,0,5745
LY_553626_ccrop.jpg,Lymphocyte,unsegmented-round,bukan_neutrofil,0,0,0,0,0,5750
BNE_499158_ccrop.jpg,Neutrophil,unsegmented-band,A_sepakat_band,1,106,106,0,1,7463
EO_562173_ccrop.jpg,Eosinophil,segmented-bilobed,bukan_neutrofil,0,0,0,0,0,5341
EO_833281_ccrop.jpg,Eosinophil,unsegmented-band,bukan_neutrofil,0,0,0,0,0,7148
MO_965966_ccrop.jpg,Monocyte,unsegmented-indented,bukan_neutrofil,0,0,0,0,0,9046
BA_275073_ccrop.jpg,Basophil,irregular,bukan_neutrofil,0,0,0,0,0,7276
BNE_358715_ccrop.jpg,Neutrophil,unsegmented-band,A_sepakat_band,0,0,0,0,0,6420
LY_246005_ccrop.jpg,Lymphocyte,unsegmented-indented,bukan_neutrofil,0,0,0,0,0,8137
BNE_805167_ccrop.jpg,Neutrophil,unsegmented-band,A_sepakat_band,0,0,0,0,0,4990
MO_266899_ccrop.jpg,Monocyte,irregular,bukan_neutrofil,1,176,176,0,1,11933
SNE_279281_ccrop.jpg,Neutrophil,unsegmented-band,C_konflik_SNE_band,0,0,0,0,0,6509
LY_721751_ccrop.jpg,Lymphocyte,unsegmented-round,bukan_neutrofil,0,0,0,0,0,4614
EO_535035_ccrop.jpg,Eosinophil,segmented-bilobed,bukan_neutrofil,1,42,42,0,1,5798
MO_600210_ccrop.jpg,Monocyte,unsegmented-indented,bukan_neutrofil,2,147,76,0,2,9745
MO_417384_ccrop.jpg,Monocyte,unsegmented-indented,bukan_neutrofil,0,0,0,0,0,12343
MO_356161_ccrop.jpg,Monocyte,irregular,bukan_neutrofil,0,0,0,0,0,10853
LY_305556_ccrop.jpg,Lymphocyte,unsegmented-indented,bukan_neutrofil,0,0,0,0,0,6852
SNE_243234_ccrop.jpg,Neutrophil,unsegmented-band,C_konflik_SNE_band,4,141,124,0,4,6162
SNE_934730_ccrop.jpg,Neutrophil,segmented-multilobed,B_sepakat_segmented,0,0,0,0,0,6319
SNE_655671_ccrop.jpg,Neutrophil,segmented-multilobed,B_sepakat_segmented,0,0,0,0,0,6220
EO_197396_ccrop.jpg,Eosinophil,segmented-bilobed,bukan_neutrofil,0,0,0,0,0,5315
SNE_398870_ccrop.jpg,Neutrophil,segmented-bilobed,B_sepakat_segmented,0,0,0,0,0,5835
MO_198867_ccrop.jpg,Monocyte,unsegmented-round,bukan_neutrofil,1,238,238,0,1,10423
EO_739181_ccrop.jpg,Eosinophil,segmented-bilobed,bukan_neutrofil,0,0,0,0,0,5749
EO_693173_ccrop.jpg,Eosinophil,segmented-bilobed,bukan_neutrofil,0,0,0,0,0,6820
MO_529996_ccrop.jpg,Monocyte,unsegmented-indented,bukan_neutrofil,0,0,0,0,0,9573
EO_745249_ccrop.jpg,Eosinophil,segmented-bilobed,bukan_neutrofil,1,297,297,0,1,5514
EO_825740_ccrop.jpg,Eosinophil,unsegmented-band,bukan_neutrofil,0,0,0,0,0,6261
EO_823986_ccrop.jpg,Eosinophil,segmented-bilobed,bukan_neutrofil,0,0,0,0,0,7354
BNE_660993_ccrop.jpg,Neutrophil,unsegmented-band,A_sepakat_band,0,0,0,0,0,5946
LY_830593_ccrop.jpg,Lymphocyte,irregular,bukan_neutrofil,0,0,0,0,0,4648
EO_861038_ccrop.jpg,Eosinophil,segmented-bilobed,bukan_neutrofil,0,0,0,0,0,5155
LY_820246_ccrop.jpg,Lymphocyte,unsegmented-indented,bukan_neutrofil,0,0,0,0,0,7570
EO_975709_ccrop.jpg,Eosinophil,segmented-bilobed,bukan_neutrofil,0,0,0,0,0,5484
EO_626311_ccrop.jpg,Eosinophil,segmented-bilobed,bukan_neutrofil,0,0,0,0,0,5216
LY_347553_ccrop.jpg,Lymphocyte,unsegmented-round,bukan_neutrofil,0,0,0,0,0,7446
MO_317584_ccrop.jpg,Monocyte,irregular,bukan_neutrofil,1,94,94,0,1,11978
BNE_228172_ccrop.jpg,Neutrophil,unsegmented-band,A_sepakat_band,0,0,0,0,0,6267
BNE_840311_ccrop.jpg,Neutrophil,unsegmented-band,A_sepakat_band,0,0,0,0,0,5756
MO_248919_ccrop.jpg,Monocyte,unsegmented-indented,bukan_neutrofil,1,55,55,0,1,10424
SNE_804760_ccrop.jpg,Neutrophil,unsegmented-band,C_konflik_SNE_band,6,7,2,0,6,4505
MO_417311_ccrop.jpg,Monocyte,unsegmented-indented,bukan_neutrofil,0,0,0,0,0,8483
LY_939287_ccrop.jpg,Lymphocyte,unsegmented-round,bukan_neutrofil,0,0,0,0,0,6280
EO_110481_ccrop.jpg,Eosinophil,segmented-bilobed,bukan_neutrofil,0,0,0,0,0,5277
EO_357811_ccrop.jpg,Eosinophil,segmented-multilobed,bukan_neutrofil,0,0,0,0,0,6362
LY_780549_ccrop.jpg,Lymphocyte,unsegmented-round,bukan_neutrofil,0,0,0,0,0,5645
EO_525056_ccrop.jpg,Eosinophil,segmented-bilobed,bukan_neutrofil,0,0,0,0,0,6038
BNE_212334_ccrop.jpg,Neutrophil,unsegmented-band,A_sepakat_band,0,0,0,0,0,6177
EO_747861_ccrop.jpg,Eosinophil,segmented-bilobed,bukan_neutrofil,0,0,0,0,0,6733
BA_267693_ccrop.jpg,Basophil,segmented-bilobed,bukan_neutrofil,0,0,0,0,0,6337
LY_161086_ccrop.jpg,Lymphocyte,unsegmented-round,bukan_neutrofil,0,0,0,0,0,4440
LY_816147_ccrop.jpg,Lymphocyte,unsegmented-round,bukan_neutrofil,0,0,0,0,0,6380
SNE_614536_ccrop.jpg,Neutrophil,unsegmented-band,C_konflik_SNE_band,0,0,0,0,0,5561
BNE_190447_ccrop.jpg,Neutrophil,unsegmented-band,A_sepakat_band,0,0,0,0,0,6253
BA_345373_ccrop.jpg,Basophil,segmented-multilobed,bukan_neutrofil,1,43,43,0,1,7843
BA_995163_ccrop.jpg,Basophil,segmented-multilobed,bukan_neutrofil,1,457,457,0,1,5274
SNE_485296_ccrop.jpg,Neutrophil,unsegmented-band,C_konflik_SNE_band,0,0,0,0,0,5808
EO_945147_ccrop.jpg,Eosinophil,segmented-bilobed,bukan_neutrofil,0,0,0,0,0,7701
EO_25085_ccrop.jpg,Eosinophil,segmented-bilobed,bukan_neutrofil,0,0,0,0,0,6298
BA_166406_ccrop.jpg,Basophil,segmented-bilobed,bukan_neutrofil,0,0,0,0,0,6741
LY_272152_ccrop.jpg,Lymphocyte,unsegmented-indented,bukan_neutrofil,0,0,0,0,0,4805
EO_617981_ccrop.jpg,Eosinophil,segmented-bilobed,bukan_neutrofil,0,0,0,0,0,8010
LY_971434_ccrop.jpg,Lymphocyte,irregular,bukan_neutrofil,0,0,0,0,0,6937
LY_360878_ccrop.jpg,Lymphocyte,unsegmented-round,bukan_neutrofil,0,0,0,0,0,7714
BNE_533920_ccrop.jpg,Neutrophil,unsegmented-band,A_sepakat_band,1,4,4,0,1,6253
EO_336031_ccrop.jpg,Eosinophil,unsegmented-band,bukan_neutrofil,0,0,0,0,0,8864
EO_566341_ccrop.jpg,Eosinophil,segmented-bilobed,bukan_neutrofil,0,0,0,0,0,6449
BNE_37691_ccrop.jpg,Neutrophil,unsegmented-band,A_sepakat_band,0,0,0,0,0,7007
BNE_423704_ccrop.jpg,Neutrophil,unsegmented-band,A_sepakat_band,0,0,0,0,0,5859
BA_474348_ccrop.jpg,Basophil,segmented-multilobed,bukan_neutrofil,0,0,0,0,0,6253
EO_162742_ccrop.jpg,Eosinophil,segmented-multilobed,bukan_neutrofil,0,0,0,0,0,5681
EO_29874_ccrop.jpg,Eosinophil,segmented-bilobed,bukan_neutrofil,1,1,1,0,1,4348
EO_61374_ccrop.jpg,Eosinophil,segmented-bilobed,bukan_neutrofil,0,0,0,0,0,6719
SNE_679413_ccrop.jpg,Neutrophil,segmented-bilobed,B_sepakat_segmented,0,0,0,0,0,4893
EO_30439_ccrop.jpg,Eosinophil,segmented-bilobed,bukan_neutrofil,0,0,0,0,0,5984
SNE_826772_ccrop.jpg,Neutrophil,unsegmented-band,C_konflik_SNE_band,0,0,0,0,0,4405
EO_768671_ccrop.jpg,Eosinophil,segmented-bilobed,bukan_neutrofil,0,0,0,0,0,4974
MO_455527_ccrop.jpg,Monocyte,unsegmented-indented,bukan_neutrofil,0,0,0,0,0,9959
EO_529477_ccrop.jpg,Eosinophil,segmented-bilobed,bukan_neutrofil,0,0,0,0,0,5774
EO_155490_ccrop.jpg,Eosinophil,segmented-multilobed,bukan_neutrofil,0,0,0,0,0,6314
MO_493402_ccrop.jpg,Monocyte,unsegmented-indented,bukan_neutrofil,0,0,0,0,0,9880
EO_704275_ccrop.jpg,Eosinophil,segmented-bilobed,bukan_neutrofil,4,36,19,0,4,4789
SNE_801373_ccrop.jpg,Neutrophil,unsegmented-band,C_konflik_SNE_band,0,0,0,0,0,5946
MO_611333_ccrop.jpg,Monocyte,unsegmented-indented,bukan_neutrofil,0,0,0,0,0,10731
EO_169810_ccrop.jpg,Eosinophil,segmented-bilobed,bukan_neutrofil,0,0,0,0,0,5354
EO_500571_ccrop.jpg,Eosinophil,segmented-bilobed,bukan_neutrofil,0,0,0,0,0,4922
EO_808686_ccrop.jpg,Eosinophil,segmented-bilobed,bukan_neutrofil,3,61,58,0,3,5919
MO_66318_ccrop.jpg,Monocyte,unsegmented-indented,bukan_neutrofil,1,370,370,0,1,7802
LY_893656_ccrop.jpg,Lymphocyte,unsegmented-indented,bukan_neutrofil,0,0,0,0,0,6869
BA_882393_ccrop.jpg,Basophil,irregular,bukan_neutrofil,0,0,0,0,0,7479
BNE_476007_ccrop.jpg,Neutrophil,unsegmented-band,A_sepakat_band,0,0,0,0,0,5493
EO_140071_ccrop.jpg,Eosinophil,unsegmented-band,bukan_neutrofil,0,0,0,0,0,7191
SNE_324033_ccrop.jpg,Neutrophil,segmented-multilobed,B_sepakat_segmented,1,28,28,0,1,5043
EO_291883_ccrop.jpg,Eosinophil,segmented-multilobed,bukan_neutrofil,0,0,0,0,0,6290
MO_986516_ccrop.jpg,Monocyte,unsegmented-indented,bukan_neutrofil,0,0,0,0,0,10042
SNE_406702_ccrop.jpg,Neutrophil,segmented-bilobed,B_sepakat_segmented,1,47,47,0,1,5025
MO_723768_ccrop.jpg,Monocyte,unsegmented-indented,bukan_neutrofil,0,0,0,0,0,12988
EO_607458_ccrop.jpg,Eosinophil,segmented-multilobed,bukan_neutrofil,0,0,0,0,0,7937
LY_661853_ccrop.jpg,Lymphocyte,unsegmented-round,bukan_neutrofil,0,0,0,0,0,4603
EO_724677_ccrop.jpg,Eosinophil,segmented-bilobed,bukan_neutrofil,1,176,176,0,1,5758
LY_637633_ccrop.jpg,Lymphocyte,unsegmented-round,bukan_neutrofil,0,0,0,0,0,5186
SNE_541817_ccrop.jpg,Neutrophil,unsegmented-band,C_konflik_SNE_band,0,0,0,0,0,5220
EO_355150_ccrop.jpg,Eosinophil,unsegmented-band,bukan_neutrofil,0,0,0,0,0,5961
BA_760857_ccrop.jpg,Basophil,segmented-bilobed,bukan_neutrofil,0,0,0,0,0,7420
LY_9533_ccrop.jpg,Lymphocyte,unsegmented-round,bukan_neutrofil,0,0,0,0,0,6265
SNE_189918_ccrop.jpg,Neutrophil,unsegmented-band,C_konflik_SNE_band,0,0,0,0,0,5708
SNE_395866_ccrop.jpg,Neutrophil,segmented-bilobed,B_sepakat_segmented,0,0,0,0,0,6609
BNE_742189_ccrop.jpg,Neutrophil,unsegmented-band,A_sepakat_band,0,0,0,0,0,5179
EO_885096_ccrop.jpg,Eosinophil,segmented-bilobed,bukan_neutrofil,0,0,0,0,0,5883
LY_341627_ccrop.jpg,Lymphocyte,unsegmented-round,bukan_neutrofil,0,0,0,0,0,4685
LY_827379_ccrop.jpg,Lymphocyte,unsegmented-indented,bukan_neutrofil,0,0,0,0,0,5832
EO_356010_ccrop.jpg,Eosinophil,segmented-bilobed,bukan_neutrofil,0,0,0,0,0,5772
LY_700199_ccrop.jpg,Lymphocyte,unsegmented-indented,bukan_neutrofil,0,0,0,0,0,6121
EO_580840_ccrop.jpg,Eosinophil,segmented-bilobed,bukan_neutrofil,0,0,0,0,0,6669
SNE_915765_ccrop.jpg,Neutrophil,segmented-multilobed,B_sepakat_segmented,0,0,0,0,0,5994
EO_744301_ccrop.jpg,Eosinophil,unsegmented-band,bukan_neutrofil,0,0,0,0,0,4810
EO_519041_ccrop.jpg,Eosinophil,unsegmented-band,bukan_neutrofil,2,4,3,0,2,5675
MO_820929_ccrop.jpg,Monocyte,unsegmented-indented,bukan_neutrofil,0,0,0,0,0,10802
EO_765640_ccrop.jpg,Eosinophil,segmented-multilobed,bukan_neutrofil,0,0,0,0,0,7492
EO_707277_ccrop.jpg,Eosinophil,segmented-bilobed,bukan_neutrofil,0,0,0,0,0,7150
EO_992859_ccrop.jpg,Eosinophil,segmented-bilobed,bukan_neutrofil,1,1162,1162,0,1,6928
SNE_125792_ccrop.jpg,Neutrophil,segmented-multilobed,B_sepakat_segmented,0,0,0,0,0,5950
BNE_204428_ccrop.jpg,Neutrophil,unsegmented-band,A_sepakat_band,0,0,0,0,0,7187
EO_553969_ccrop.jpg,Eosinophil,segmented-multilobed,bukan_neutrofil,0,0,0,0,0,6527
BA_490880_ccrop.jpg,Basophil,irregular,bukan_neutrofil,0,0,0,0,0,7704
EO_984542_ccrop.jpg,Eosinophil,unsegmented-indented,bukan_neutrofil,0,0,0,0,0,6536
EO_756267_ccrop.jpg,Eosinophil,segmented-bilobed,bukan_neutrofil,1,314,314,0,1,5888
BNE_575248_ccrop.jpg,Neutrophil,unsegmented-band,A_sepakat_band,0,0,0,0,0,4976
BA_407690_ccrop.jpg,Basophil,segmented-bilobed,bukan_neutrofil,1,10,10,0,1,6868
BA_93147_ccrop.jpg,Basophil,segmented-multilobed,bukan_neutrofil,1,190,190,0,1,6150
EO_703192_ccrop.jpg,Eosinophil,segmented-multilobed,bukan_neutrofil,0,0,0,0,0,6111
SNE_755678_ccrop.jpg,Neutrophil,unsegmented-band,C_konflik_SNE_band,1,361,361,0,1,4918
LY_377286_ccrop.jpg,Lymphocyte,unsegmented-indented,bukan_neutrofil,0,0,0,0,0,11609
EO_759358_ccrop.jpg,Eosinophil,unsegmented-band,bukan_neutrofil,0,0,0,0,0,6257
MO_676964_ccrop.jpg,Monocyte,irregular,bukan_neutrofil,1,21,21,0,1,12580
MO_207089_ccrop.jpg,Monocyte,unsegmented-indented,bukan_neutrofil,0,0,0,0,0,8847
EO_526929_ccrop.jpg,Eosinophil,segmented-bilobed,bukan_neutrofil,0,0,0,0,0,6446
EO_141054_ccrop.jpg,Eosinophil,segmented-bilobed,bukan_neutrofil,0,0,0,0,0,6030
LY_762686_ccrop.jpg,Lymphocyte,unsegmented-round,bukan_neutrofil,0,0,0,0,0,5973
LY_819930_ccrop.jpg,Lymphocyte,unsegmented-round,bukan_neutrofil,0,0,0,0,0,6270
BNE_618678_ccrop.jpg,Neutrophil,unsegmented-band,A_sepakat_band,0,0,0,0,0,5727
SNE_374420_ccrop.jpg,Neutrophil,segmented-multilobed,B_sepakat_segmented,2,10,6,0,2,6352
EO_155258_ccrop.jpg,Eosinophil,segmented-bilobed,bukan_neutrofil,0,0,0,0,0,4557
EO_537580_ccrop.jpg,Eosinophil,segmented-bilobed,bukan_neutrofil,0,0,0,0,0,4402
EO_19756_ccrop.jpg,Eosinophil,segmented-bilobed,bukan_neutrofil,2,349,284,0,2,7365
EO_302258_ccrop.jpg,Eosinophil,segmented-multilobed,bukan_neutrofil,2,91,90,0,2,5928
BA_634407_ccrop.jpg,Basophil,irregular,bukan_neutrofil,0,0,0,0,0,5640
LY_463029_ccrop.jpg,Lymphocyte,irregular,bukan_neutrofil,0,0,0,0,0,6099
EO_703258_ccrop.jpg,Eosinophil,segmented-bilobed,bukan_neutrofil,0,0,0,0,0,6739
EO_881434_ccrop.jpg,Eosinophil,segmented-multilobed,bukan_neutrofil,5,53,48,0,5,6903
EO_321489_ccrop.jpg,Eosinophil,unsegmented-indented,bukan_neutrofil,0,0,0,0,0,6625
BA_401068_ccrop.jpg,Basophil,segmented-bilobed,bukan_neutrofil,0,0,0,0,0,5756
LY_148377_ccrop.jpg,Lymphocyte,unsegmented-round,bukan_neutrofil,0,0,0,0,0,8010
MO_9059_ccrop.jpg,Monocyte,irregular,bukan_neutrofil,0,0,0,0,0,12276
BA_439718_ccrop.jpg,Basophil,irregular,bukan_neutrofil,0,0,0,0,0,7080
EO_345534_ccrop.jpg,Eosinophil,segmented-multilobed,bukan_neutrofil,1,2,2,0,1,7634
EO_317907_ccrop.jpg,Eosinophil,segmented-multilobed,bukan_neutrofil,0,0,0,0,0,6992
MO_582430_ccrop.jpg,Monocyte,unsegmented-indented,bukan_neutrofil,0,0,0,0,0,10979
SNE_414265_ccrop.jpg,Neutrophil,segmented-multilobed,B_sepakat_segmented,0,0,0,0,0,7521
EO_349283_ccrop.jpg,Eosinophil,segmented-bilobed,bukan_neutrofil,0,0,0,0,0,6676
MO_219523_ccrop.jpg,Monocyte,unsegmented-indented,bukan_neutrofil,0,0,0,0,0,10420
BNE_471627_ccrop.jpg,Neutrophil,unsegmented-band,A_sepakat_band,1,778,778,0,1,5701
EO_652411_ccrop.jpg,Eosinophil,segmented-multilobed,bukan_neutrofil,0,0,0,0,0,6557
BNE_158778_ccrop.jpg,Neutrophil,unsegmented-band,A_sepakat_band,1,415,415,0,1,4854
EO_209028_ccrop.jpg,Eosinophil,segmented-multilobed,bukan_neutrofil,0,0,0,0,0,5831
BA_700689_ccrop.jpg,Basophil,unsegmented-band,bukan_neutrofil,0,0,0,0,0,7740
LY_413165_ccrop.jpg,Lymphocyte,unsegmented-round,bukan_neutrofil,0,0,0,0,0,6654
SNE_114771_ccrop.jpg,Neutrophil,segmented-multilobed,B_sepakat_segmented,0,0,0,0,0,6649
SNE_379742_ccrop.jpg,Neutrophil,unsegmented-band,C_konflik_SNE_band,1,54,54,0,1,6982
BNE_480371_ccrop.jpg,Neutrophil,unsegmented-band,A_sepakat_band,0,0,0,0,0,7274
EO_538813_ccrop.jpg,Eosinophil,segmented-multilobed,bukan_neutrofil,1,235,235,0,1,5533
LY_124409_ccrop.jpg,Lymphocyte,unsegmented-indented,bukan_neutrofil,0,0,0,0,0,3965
MO_977500_ccrop.jpg,Monocyte,unsegmented-indented,bukan_neutrofil,0,0,0,0,0,9829
MO_718063_ccrop.jpg,Monocyte,unsegmented-indented,bukan_neutrofil,0,0,0,0,0,10022
EO_449753_ccrop.jpg,Eosinophil,segmented-bilobed,bukan_neutrofil,4,127,124,0,4,6391
EO_216577_ccrop.jpg,Eosinophil,segmented-multilobed,bukan_neutrofil,1,118,118,0,1,5149
SNE_828240_ccrop.jpg,Neutrophil,segmented-bilobed,B_sepakat_segmented,0,0,0,0,0,4276
EO_677021_ccrop.jpg,Eosinophil,segmented-bilobed,bukan_neutrofil,0,0,0,0,0,5389
BA_949235_ccrop.jpg,Basophil,segmented-multilobed,bukan_neutrofil,0,0,0,0,0,8158
BNE_377635_ccrop.jpg,Neutrophil,unsegmented-band,A_sepakat_band,0,0,0,0,0,5902
SNE_54012_ccrop.jpg,Neutrophil,segmented-multilobed,B_sepakat_segmented,0,0,0,0,0,6474
LY_566480_ccrop.jpg,Lymphocyte,irregular,bukan_neutrofil,0,0,0,0,0,4364
NEUTROPHIL_183270_ccrop.jpg,Neutrophil,segmented-bilobed,F_tak_bersubtipe,0,0,0,0,0,5673
BNE_642562_ccrop.jpg,Neutrophil,unsegmented-band,A_sepakat_band,0,0,0,0,0,5260
EO_182160_ccrop.jpg,Eosinophil,segmented-multilobed,bukan_neutrofil,1,12,12,0,1,5614
LY_848571_ccrop.jpg,Lymphocyte,unsegmented-round,bukan_neutrofil,0,0,0,0,0,6547
EO_661088_ccrop.jpg,Eosinophil,segmented-bilobed,bukan_neutrofil,0,0,0,0,0,5456
BNE_323827_ccrop.jpg,Neutrophil,unsegmented-band,A_sepakat_band,0,0,0,0,0,5093
EO_871360_ccrop.jpg,Eosinophil,segmented-bilobed,bukan_neutrofil,0,0,0,0,0,7765
BNE_300032_ccrop.jpg,Neutrophil,unsegmented-band,A_sepakat_band,1,63,63,0,1,5467
LY_23375_ccrop.jpg,Lymphocyte,unsegmented-round,bukan_neutrofil,0,0,0,0,0,6132
BA_957608_ccrop.jpg,Basophil,irregular,bukan_neutrofil,0,0,0,0,0,6151
EO_376283_ccrop.jpg,Eosinophil,segmented-bilobed,bukan_neutrofil,0,0,0,0,0,7739
BNE_741019_ccrop.jpg,Neutrophil,unsegmented-band,A_sepakat_band,0,0,0,0,0,5546
EO_845966_ccrop.jpg,Eosinophil,segmented-bilobed,bukan_neutrofil,0,0,0,0,0,6446
SNE_960147_ccrop.jpg,Neutrophil,segmented-bilobed,B_sepakat_segmented,0,0,0,0,0,6290
EO_579311_ccrop.jpg,Eosinophil,segmented-bilobed,bukan_neutrofil,0,0,0,0,0,6669
BNE_728297_ccrop.jpg,Neutrophil,unsegmented-band,A_sepakat_band,0,0,0,0,0,5406
EO_703433_ccrop.jpg,Eosinophil,segmented-multilobed,bukan_neutrofil,0,0,0,0,0,6074
EO_850248_ccrop.jpg,Eosinophil,segmented-bilobed,bukan_neutrofil,0,0,0,0,0,4996
SNE_402139_ccrop.jpg,Neutrophil,segmented-bilobed,B_sepakat_segmented,0,0,0,0,0,5229
BA_305341_ccrop.jpg,Basophil,irregular,bukan_neutrofil,8,65,48,0,8,6516
EO_324172_ccrop.jpg,Eosinophil,segmented-bilobed,bukan_neutrofil,1,90,90,0,1,5065
EO_107073_ccrop.jpg,Eosinophil,segmented-multilobed,bukan_neutrofil,0,0,0,0,0,6627
SNE_483803_ccrop.jpg,Neutrophil,segmented-multilobed,B_sepakat_segmented,0,0,0,0,0,6896
BNE_846496_ccrop.jpg,Neutrophil,unsegmented-band,A_sepakat_band,0,0,0,0,0,6087
EO_678684_ccrop.jpg,Eosinophil,segmented-bilobed,bukan_neutrofil,0,0,0,0,0,5432
MO_980470_ccrop.jpg,Monocyte,unsegmented-indented,bukan_neutrofil,0,0,0,0,0,11382
EO_776938_ccrop.jpg,Eosinophil,segmented-bilobed,bukan_neutrofil,0,0,0,0,0,5185
EO_847926_ccrop.jpg,Eosinophil,segmented-bilobed,bukan_neutrofil,0,0,0,0,0,6094
BNE_573596_ccrop.jpg,Neutrophil,unsegmented-indented,E_lainnya,0,0,0,0,0,5027
LY_495207_ccrop.jpg,Lymphocyte,unsegmented-round,bukan_neutrofil,0,0,0,0,0,5926
SNE_850041_ccrop.jpg,Neutrophil,unsegmented-band,C_konflik_SNE_band,0,0,0,0,0,5385
SNE_919457_ccrop.jpg,Neutrophil,unsegmented-band,C_konflik_SNE_band,0,0,0,0,0,4391
LY_317346_ccrop.jpg,Lymphocyte,unsegmented-indented,bukan_neutrofil,0,0,0,0,0,6954
LY_832402_ccrop.jpg,Lymphocyte,unsegmented-round,bukan_neutrofil,0,0,0,0,0,5880
SNE_111720_ccrop.jpg,Neutrophil,segmented-multilobed,B_sepakat_segmented,1,405,405,0,1,5702
EO_262512_ccrop.jpg,Eosinophil,segmented-bilobed,bukan_neutrofil,1,133,133,0,1,5775
LY_801230_ccrop.jpg,Lymphocyte,unsegmented-indented,bukan_neutrofil,0,0,0,0,0,5578
BA_689893_ccrop.jpg,Basophil,irregular,bukan_neutrofil,1,245,245,0,1,7445
MO_660545_ccrop.jpg,Monocyte,unsegmented-indented,bukan_neutrofil,0,0,0,0,0,12216
LY_651453_ccrop.jpg,Lymphocyte,unsegmented-round,bukan_neutrofil,0,0,0,0,0,5425
LY_86171_ccrop.jpg,Lymphocyte,unsegmented-round,bukan_neutrofil,0,0,0,0,0,6118
MO_120291_ccrop.jpg,Monocyte,unsegmented-indented,bukan_neutrofil,0,0,0,0,0,10211
LY_919251_ccrop.jpg,Lymphocyte,irregular,bukan_neutrofil,0,0,0,0,0,7207
SNE_743249_ccrop.jpg,Neutrophil,segmented-multilobed,B_sepakat_segmented,1,76,76,0,1,5408
MO_952246_ccrop.jpg,Monocyte,unsegmented-indented,bukan_neutrofil,0,0,0,0,0,10143
EO_41073_ccrop.jpg,Eosinophil,segmented-bilobed,bukan_neutrofil,0,0,0,0,0,4738
MO_782660_ccrop.jpg,Monocyte,irregular,bukan_neutrofil,1,111,111,0,1,11391
BNE_468574_ccrop.jpg,Neutrophil,unsegmented-band,A_sepakat_band,0,0,0,0,0,5488
MO_245125_ccrop.jpg,Monocyte,unsegmented-indented,bukan_neutrofil,1,81,81,0,1,10683
SNE_145845_ccrop.jpg,Neutrophil,unsegmented-band,C_konflik_SNE_band,0,0,0,0,0,4781
EO_202465_ccrop.jpg,Eosinophil,segmented-bilobed,bukan_neutrofil,0,0,0,0,0,8071
BA_813231_ccrop.jpg,Basophil,irregular,bukan_neutrofil,0,0,0,0,0,7304
EO_582948_ccrop.jpg,Eosinophil,irregular,bukan_neutrofil,0,0,0,0,0,6119
BNE_362479_ccrop.jpg,Neutrophil,unsegmented-band,A_sepakat_band,0,0,0,0,0,4897
BNE_78683_ccrop.jpg,Neutrophil,unsegmented-band,A_sepakat_band,0,0,0,0,0,4436
SNE_108753_ccrop.jpg,Neutrophil,unsegmented-band,C_konflik_SNE_band,0,0,0,0,0,4667
BNE_949649_ccrop.jpg,Neutrophil,unsegmented-band,A_sepakat_band,0,0,0,0,0,4678
EO_711299_ccrop.jpg,Eosinophil,unsegmented-band,bukan_neutrofil,0,0,0,0,0,5416
SNE_563198_ccrop.jpg,Neutrophil,segmented-multilobed,B_sepakat_segmented,1,258,258,0,1,5920
LY_380019_ccrop.jpg,Lymphocyte,unsegmented-indented,bukan_neutrofil,0,0,0,0,0,5624
MO_288581_ccrop.jpg,Monocyte,irregular,bukan_neutrofil,1,59,59,0,1,6593
BNE_174277_ccrop.jpg,Neutrophil,unsegmented-band,A_sepakat_band,0,0,0,0,0,4361
LY_427101_ccrop.jpg,Lymphocyte,unsegmented-indented,bukan_neutrofil,0,0,0,0,0,5357
EO_595397_ccrop.jpg,Eosinophil,segmented-bilobed,bukan_neutrofil,0,0,0,0,0,5718
MO_774513_ccrop.jpg,Monocyte,unsegmented-indented,bukan_neutrofil,0,0,0,0,0,8114
EO_230357_ccrop.jpg,Eosinophil,segmented-multilobed,bukan_neutrofil,0,0,0,0,0,7587
BNE_400045_ccrop.jpg,Neutrophil,unsegmented-band,A_sepakat_band,1,20,20,0,1,5474
EO_956597_ccrop.jpg,Eosinophil,segmented-bilobed,bukan_neutrofil,0,0,0,0,0,6373
LY_310550_ccrop.jpg,Lymphocyte,unsegmented-round,bukan_neutrofil,0,0,0,0,0,6749
MO_905033_ccrop.jpg,Monocyte,unsegmented-round,bukan_neutrofil,0,0,0,0,0,12035
LY_929629_ccrop.jpg,Lymphocyte,unsegmented-round,bukan_neutrofil,0,0,0,0,0,7380
BNE_338079_ccrop.jpg,Neutrophil,unsegmented-band,A_sepakat_band,0,0,0,0,0,6104
LY_652833_ccrop.jpg,Lymphocyte,unsegmented-round,bukan_neutrofil,0,0,0,0,0,6204
EO_400262_ccrop.jpg,Eosinophil,segmented-bilobed,bukan_neutrofil,0,0,0,0,0,5757
BA_584910_ccrop.jpg,Basophil,segmented-bilobed,bukan_neutrofil,0,0,0,0,0,8175
MO_775971_ccrop.jpg,Monocyte,unsegmented-indented,bukan_neutrofil,0,0,0,0,0,10340
MO_108488_ccrop.jpg,Monocyte,unsegmented-indented,bukan_neutrofil,0,0,0,0,0,11268
LY_962162_ccrop.jpg,Lymphocyte,unsegmented-round,bukan_neutrofil,0,0,0,0,0,7003
BNE_832481_ccrop.jpg,Neutrophil,unsegmented-band,A_sepakat_band,0,0,0,0,0,6661
SNE_543039_ccrop.jpg,Neutrophil,segmented-bilobed,B_sepakat_segmented,3,12,10,0,3,6732
BNE_502039_ccrop.jpg,Neutrophil,unsegmented-band,A_sepakat_band,0,0,0,0,0,5107
MO_451257_ccrop.jpg,Monocyte,unsegmented-indented,bukan_neutrofil,0,0,0,0,0,8527
EO_671068_ccrop.jpg,Eosinophil,segmented-bilobed,bukan_neutrofil,0,0,0,0,0,6226
BNE_307391_ccrop.jpg,Neutrophil,unsegmented-band,A_sepakat_band,0,0,0,0,0,8341
LY_592408_ccrop.jpg,Lymphocyte,unsegmented-round,bukan_neutrofil,0,0,0,0,0,6897
BA_507035_ccrop.jpg,Basophil,segmented-bilobed,bukan_neutrofil,0,0,0,0,0,7067
SNE_96280_ccrop.jpg,Neutrophil,segmented-bilobed,B_sepakat_segmented,1,635,635,0,1,5196
SNE_770314_ccrop.jpg,Neutrophil,segmented-bilobed,B_sepakat_segmented,0,0,0,0,0,6147
MO_352633_ccrop.jpg,Monocyte,unsegmented-indented,bukan_neutrofil,0,0,0,0,0,8986
LY_360951_ccrop.jpg,Lymphocyte,unsegmented-round,bukan_neutrofil,0,0,0,0,0,5831
BA_230866_ccrop.jpg,Basophil,segmented-multilobed,bukan_neutrofil,0,0,0,0,0,4629
MO_375623_ccrop.jpg,Monocyte,irregular,bukan_neutrofil,0,0,0,0,0,9940
SNE_642932_ccrop.jpg,Neutrophil,unsegmented-band,C_konflik_SNE_band,0,0,0,0,0,5783
BA_883174_ccrop.jpg,Basophil,irregular,bukan_neutrofil,0,0,0,0,0,7199
LY_730423_ccrop.jpg,Lymphocyte,unsegmented-round,bukan_neutrofil,0,0,0,0,0,6462
EO_781274_ccrop.jpg,Eosinophil,segmented-bilobed,bukan_neutrofil,0,0,0,0,0,4978
EO_993669_ccrop.jpg,Eosinophil,segmented-bilobed,bukan_neutrofil,0,0,0,0,0,6133
EO_103746_ccrop.jpg,Eosinophil,segmented-bilobed,bukan_neutrofil,0,0,0,0,0,8407
SNE_379254_ccrop.jpg,Neutrophil,unsegmented-band,C_konflik_SNE_band,0,0,0,0,0,6245
SNE_632468_ccrop.jpg,Neutrophil,unsegmented-band,C_konflik_SNE_band,0,0,0,0,0,5500
SNE_863552_ccrop.jpg,Neutrophil,segmented-bilobed,B_sepakat_segmented,0,0,0,0,0,5618
EO_938003_ccrop.jpg,Eosinophil,segmented-bilobed,bukan_neutrofil,0,0,0,0,0,5884
EO_909229_ccrop.jpg,Eosinophil,segmented-bilobed,bukan_neutrofil,0,0,0,0,0,5608
SNE_185661_ccrop.jpg,Neutrophil,segmented-bilobed,B_sepakat_segmented,0,0,0,0,0,6974
BNE_494612_ccrop.jpg,Neutrophil,unsegmented-band,A_sepakat_band,2,31,30,0,2,5057
BNE_570080_ccrop.jpg,Neutrophil,segmented-multilobed,D_konflik_BNE_segmented,0,0,0,0,0,4362
SNE_445545_ccrop.jpg,Neutrophil,unsegmented-band,C_konflik_SNE_band,0,0,0,0,0,7290
EO_587998_ccrop.jpg,Eosinophil,segmented-bilobed,bukan_neutrofil,0,0,0,0,0,5663
LY_448631_ccrop.jpg,Lymphocyte,unsegmented-round,bukan_neutrofil,0,0,0,0,0,6606
MO_376969_ccrop.jpg,Monocyte,unsegmented-indented,bukan_neutrofil,0,0,0,0,0,10445
SNE_130010_ccrop.jpg,Neutrophil,segmented-multilobed,B_sepakat_segmented,0,0,0,0,0,5571
SNE_874428_ccrop.jpg,Neutrophil,unsegmented-band,C_konflik_SNE_band,0,0,0,0,0,5574
BNE_40894_ccrop.jpg,Neutrophil,unsegmented-band,A_sepakat_band,1,20,20,0,1,5349
EO_981616_ccrop.jpg,Eosinophil,segmented-bilobed,bukan_neutrofil,1,420,420,0,1,5262
EO_41456_ccrop.jpg,Eosinophil,segmented-multilobed,bukan_neutrofil,0,0,0,0,0,6527
EO_551490_ccrop.jpg,Eosinophil,segmented-multilobed,bukan_neutrofil,0,0,0,0,0,4977
BNE_619060_ccrop.jpg,Neutrophil,unsegmented-indented,E_lainnya,0,0,0,0,0,5494
EO_113145_ccrop.jpg,Eosinophil,unsegmented-band,bukan_neutrofil,0,0,0,0,0,4345
MO_770267_ccrop.jpg,Monocyte,unsegmented-round,bukan_neutrofil,0,0,0,0,0,10705
BA_260213_ccrop.jpg,Basophil,irregular,bukan_neutrofil,0,0,0,0,0,7095
BA_724023_ccrop.jpg,Basophil,segmented-bilobed,bukan_neutrofil,0,0,0,0,0,6924
SNE_605656_ccrop.jpg,Neutrophil,unsegmented-band,C_konflik_SNE_band,0,0,0,0,0,5240
EO_5540_ccrop.jpg,Eosinophil,segmented-bilobed,bukan_neutrofil,0,0,0,0,0,6665
MO_701572_ccrop.jpg,Monocyte,unsegmented-indented,bukan_neutrofil,1,116,116,0,1,9877
BNE_897481_ccrop.jpg,Neutrophil,unsegmented-band,A_sepakat_band,0,0,0,0,0,5277
SNE_253964_ccrop.jpg,Neutrophil,segmented-bilobed,B_sepakat_segmented,0,0,0,0,0,5508
MO_507433_ccrop.jpg,Monocyte,unsegmented-indented,bukan_neutrofil,0,0,0,0,0,10818
SNE_972820_ccrop.jpg,Neutrophil,segmented-multilobed,B_sepakat_segmented,4,433,372,0,4,5959
SNE_10898_ccrop.jpg,Neutrophil,unsegmented-band,C_konflik_SNE_band,0,0,0,0,0,5693
SNE_465051_ccrop.jpg,Neutrophil,segmented-multilobed,B_sepakat_segmented,3,98,95,0,3,4976
EO_366118_ccrop.jpg,Eosinophil,unsegmented-band,bukan_neutrofil,0,0,0,0,0,7786
LY_284856_ccrop.jpg,Lymphocyte,unsegmented-round,bukan_neutrofil,0,0,0,0,0,5406
BNE_194308_ccrop.jpg,Neutrophil,unsegmented-band,A_sepakat_band,0,0,0,0,0,5657
MO_805320_ccrop.jpg,Monocyte,unsegmented-indented,bukan_neutrofil,0,0,0,0,0,10607
EO_769223_ccrop.jpg,Eosinophil,segmented-bilobed,bukan_neutrofil,0,0,0,0,0,6810
SNE_81977_ccrop.jpg,Neutrophil,unsegmented-band,C_konflik_SNE_band,0,0,0,0,0,6053
MO_332437_ccrop.jpg,Monocyte,unsegmented-indented,bukan_neutrofil,1,46,46,0,1,9058
SNE_338242_ccrop.jpg,Neutrophil,segmented-bilobed,B_sepakat_segmented,0,0,0,0,0,5050
SNE_263049_ccrop.jpg,Neutrophil,segmented-bilobed,B_sepakat_segmented,0,0,0,0,0,5963
MO_914340_ccrop.jpg,Monocyte,unsegmented-indented,bukan_neutrofil,1,722,722,0,1,8893
SNE_836665_ccrop.jpg,Neutrophil,segmented-bilobed,B_sepakat_segmented,0,0,0,0,0,5896
SNE_385613_ccrop.jpg,Neutrophil,segmented-bilobed,B_sepakat_segmented,0,0,0,0,0,5586
EO_908152_ccrop.jpg,Eosinophil,segmented-bilobed,bukan_neutrofil,0,0,0,0,0,6010
EO_813712_ccrop.jpg,Eosinophil,segmented-bilobed,bukan_neutrofil,0,0,0,0,0,8081
MO_770728_ccrop.jpg,Monocyte,unsegmented-indented,bukan_neutrofil,0,0,0,0,0,9837
EO_15383_ccrop.jpg,Eosinophil,unsegmented-band,bukan_neutrofil,0,0,0,0,0,6004
BNE_685343_ccrop.jpg,Neutrophil,unsegmented-band,A_sepakat_band,0,0,0,0,0,4562
BNE_624319_ccrop.jpg,Neutrophil,unsegmented-band,A_sepakat_band,0,0,0,0,0,6358
EO_815051_ccrop.jpg,Eosinophil,segmented-bilobed,bukan_neutrofil,0,0,0,0,0,4882
EO_871262_ccrop.jpg,Eosinophil,segmented-multilobed,bukan_neutrofil,0,0,0,0,0,5555
BA_991920_ccrop.jpg,Basophil,segmented-multilobed,bukan_neutrofil,0,0,0,0,0,5695
EO_455626_ccrop.jpg,Eosinophil,segmented-bilobed,bukan_neutrofil,0,0,0,0,0,5224
EO_616716_ccrop.jpg,Eosinophil,segmented-bilobed,bukan_neutrofil,0,0,0,0,0,7626
BA_611781_ccrop.jpg,Basophil,irregular,bukan_neutrofil,0,0,0,0,0,6591
SNE_860061_ccrop.jpg,Neutrophil,segmented-multilobed,B_sepakat_segmented,5,101,74,0,5,5730
SNE_73627_ccrop.jpg,Neutrophil,unsegmented-band,C_konflik_SNE_band,0,0,0,0,0,5318
LY_508185_ccrop.jpg,Lymphocyte,unsegmented-round,bukan_neutrofil,0,0,0,0,0,6300
SNE_126871_ccrop.jpg,Neutrophil,segmented-multilobed,B_sepakat_segmented,0,0,0,0,0,5818
EO_949245_ccrop.jpg,Eosinophil,segmented-bilobed,bukan_neutrofil,0,0,0,0,0,4965
BNE_229472_ccrop.jpg,Neutrophil,unsegmented-band,A_sepakat_band,1,103,103,0,1,5584
LY_308596_ccrop.jpg,Lymphocyte,unsegmented-round,bukan_neutrofil,0,0,0,0,0,7026
MO_132182_ccrop.jpg,Monocyte,irregular,bukan_neutrofil,1,74,74,0,1,11558
BA_492819_ccrop.jpg,Basophil,irregular,bukan_neutrofil,0,0,0,0,0,10780
MO_649556_ccrop.jpg,Monocyte,unsegmented-indented,bukan_neutrofil,0,0,0,0,0,10776
LY_722583_ccrop.jpg,Lymphocyte,unsegmented-round,bukan_neutrofil,0,0,0,0,0,6304
BNE_29625_ccrop.jpg,Neutrophil,unsegmented-band,A_sepakat_band,0,0,0,0,0,6011
EO_703667_ccrop.jpg,Eosinophil,segmented-bilobed,bukan_neutrofil,1,220,220,0,1,6385
BNE_300363_ccrop.jpg,Neutrophil,unsegmented-band,A_sepakat_band,1,368,368,0,1,5119
BA_354415_ccrop.jpg,Basophil,irregular,bukan_neutrofil,1,12,12,0,1,5377
EO_429018_ccrop.jpg,Eosinophil,segmented-bilobed,bukan_neutrofil,0,0,0,0,0,5651
BNE_707709_ccrop.jpg,Neutrophil,unsegmented-band,A_sepakat_band,0,0,0,0,0,5216
BA_59580_ccrop.jpg,Basophil,segmented-multilobed,bukan_neutrofil,0,0,0,0,0,7556
MO_786122_ccrop.jpg,Monocyte,unsegmented-indented,bukan_neutrofil,0,0,0,0,0,12469
SNE_189642_ccrop.jpg,Neutrophil,unsegmented-band,C_konflik_SNE_band,1,12,12,0,1,5660
EO_914908_ccrop.jpg,Eosinophil,segmented-multilobed,bukan_neutrofil,0,0,0,0,0,5976
EO_960399_ccrop.jpg,Eosinophil,segmented-bilobed,bukan_neutrofil,0,0,0,0,0,5655
EO_967099_ccrop.jpg,Eosinophil,segmented-bilobed,bukan_neutrofil,1,2,2,0,1,6051
SNE_88623_ccrop.jpg,Neutrophil,segmented-bilobed,B_sepakat_segmented,0,0,0,0,0,5852
EO_278219_ccrop.jpg,Eosinophil,segmented-bilobed,bukan_neutrofil,0,0,0,0,0,5217
SNE_10568_ccrop.jpg,Neutrophil,segmented-bilobed,B_sepakat_segmented,0,0,0,0,0,6077
EO_64531_ccrop.jpg,Eosinophil,segmented-bilobed,bukan_neutrofil,0,0,0,0,0,5280
EO_457864_ccrop.jpg,Eosinophil,segmented-bilobed,bukan_neutrofil,0,0,0,0,0,17486
SNE_198471_ccrop.jpg,Neutrophil,unsegmented-band,C_konflik_SNE_band,0,0,0,0,0,5029
LY_109025_ccrop.jpg,Lymphocyte,unsegmented-round,bukan_neutrofil,0,0,0,0,0,5874
BNE_122030_ccrop.jpg,Neutrophil,unsegmented-band,A_sepakat_band,0,0,0,0,0,5157
EO_185985_ccrop.jpg,Eosinophil,segmented-bilobed,bukan_neutrofil,0,0,0,0,0,6972
EO_193797_ccrop.jpg,Eosinophil,segmented-bilobed,bukan_neutrofil,0,0,0,0,0,5672
LY_268161_ccrop.jpg,Lymphocyte,unsegmented-round,bukan_neutrofil,0,0,0,0,0,4867
EO_620959_ccrop.jpg,Eosinophil,irregular,bukan_neutrofil,1,4,4,0,1,7124
BNE_495409_ccrop.jpg,Neutrophil,unsegmented-band,A_sepakat_band,0,0,0,0,0,7131
EO_988618_ccrop.jpg,Eosinophil,segmented-bilobed,bukan_neutrofil,0,0,0,0,0,6932
EO_253401_ccrop.jpg,Eosinophil,segmented-multilobed,bukan_neutrofil,1,132,132,0,1,6418
SNE_234830_ccrop.jpg,Neutrophil,segmented-multilobed,B_sepakat_segmented,1,247,247,0,1,6215
BNE_289221_ccrop.jpg,Neutrophil,unsegmented-band,A_sepakat_band,0,0,0,0,0,5348
MO_546774_ccrop.jpg,Monocyte,irregular,bukan_neutrofil,1,66,66,0,1,8418
LY_163635_ccrop.jpg,Lymphocyte,unsegmented-round,bukan_neutrofil,0,0,0,0,0,4565
EO_858044_ccrop.jpg,Eosinophil,segmented-bilobed,bukan_neutrofil,0,0,0,0,0,5399
BNE_281395_ccrop.jpg,Neutrophil,unsegmented-band,A_sepakat_band,0,0,0,0,0,4985
EO_937080_ccrop.jpg,Eosinophil,segmented-bilobed,bukan_neutrofil,2,100,99,0,2,5014
SNE_614777_ccrop.jpg,Neutrophil,segmented-bilobed,B_sepakat_segmented,0,0,0,0,0,6302
BA_128423_ccrop.jpg,Basophil,unsegmented-round,bukan_neutrofil,0,0,0,0,0,5346
MO_74720_ccrop.jpg,Monocyte,unsegmented-indented,bukan_neutrofil,0,0,0,0,0,16206
EO_823457_ccrop.jpg,Eosinophil,unsegmented-band,bukan_neutrofil,0,0,0,0,0,6142
BNE_146215_ccrop.jpg,Neutrophil,unsegmented-band,A_sepakat_band,0,0,0,0,0,5120
EO_865258_ccrop.jpg,Eosinophil,segmented-bilobed,bukan_neutrofil,0,0,0,0,0,6119
BNE_640988_ccrop.jpg,Neutrophil,unsegmented-band,A_sepakat_band,1,100,100,0,1,5417
EO_775066_ccrop.jpg,Eosinophil,segmented-bilobed,bukan_neutrofil,0,0,0,0,0,6514
MO_548871_ccrop.jpg,Monocyte,unsegmented-indented,bukan_neutrofil,0,0,0,0,0,12625
EO_426140_ccrop.jpg,Eosinophil,segmented-bilobed,bukan_neutrofil,0,0,0,0,0,5397
BNE_863056_ccrop.jpg,Neutrophil,unsegmented-band,A_sepakat_band,0,0,0,0,0,4679
BNE_863051_ccrop.jpg,Neutrophil,unsegmented-band,A_sepakat_band,0,0,0,0,0,7143
BNE_335505_ccrop.jpg,Neutrophil,unsegmented-band,A_sepakat_band,0,0,0,0,0,4956
EO_686463_ccrop.jpg,Eosinophil,segmented-bilobed,bukan_neutrofil,0,0,0,0,0,6410
BNE_960532_ccrop.jpg,Neutrophil,unsegmented-band,A_sepakat_band,0,0,0,0,0,5203
SNE_159739_ccrop.jpg,Neutrophil,unsegmented-band,C_konflik_SNE_band,0,0,0,0,0,6612
MO_318223_ccrop.jpg,Monocyte,unsegmented-indented,bukan_neutrofil,1,29,29,0,1,12218
SNE_450483_ccrop.jpg,Neutrophil,unsegmented-band,C_konflik_SNE_band,0,0,0,0,0,5560
EO_774942_ccrop.jpg,Eosinophil,unsegmented-band,bukan_neutrofil,0,0,0,0,0,5879
BA_866633_ccrop.jpg,Basophil,irregular,bukan_neutrofil,0,0,0,0,0,6522
EO_317558_ccrop.jpg,Eosinophil,unsegmented-indented,bukan_neutrofil,0,0,0,0,0,4561
LY_556886_ccrop.jpg,Lymphocyte,unsegmented-round,bukan_neutrofil,0,0,0,0,0,7581
SNE_922279_ccrop.jpg,Neutrophil,segmented-bilobed,B_sepakat_segmented,0,0,0,0,0,6792
BA_266178_ccrop.jpg,Basophil,segmented-bilobed,bukan_neutrofil,0,0,0,0,0,4474
BNE_566535_ccrop.jpg,Neutrophil,unsegmented-band,A_sepakat_band,0,0,0,0,0,4558
EO_276797_ccrop.jpg,Eosinophil,segmented-bilobed,bukan_neutrofil,1,12,12,0,1,6182
EO_967813_ccrop.jpg,Eosinophil,segmented-bilobed,bukan_neutrofil,0,0,0,0,0,6313
EO_350738_ccrop.jpg,Eosinophil,segmented-bilobed,bukan_neutrofil,0,0,0,0,0,3417
EO_375413_ccrop.jpg,Eosinophil,segmented-multilobed,bukan_neutrofil,0,0,0,0,0,5935
BA_772530_ccrop.jpg,Basophil,unsegmented-band,bukan_neutrofil,0,0,0,0,0,6380
EO_627603_ccrop.jpg,Eosinophil,segmented-multilobed,bukan_neutrofil,0,0,0,0,0,6126
LY_115774_ccrop.jpg,Lymphocyte,unsegmented-indented,bukan_neutrofil,0,0,0,0,0,7867
MO_107817_ccrop.jpg,Monocyte,unsegmented-indented,bukan_neutrofil,0,0,0,0,0,10767
SNE_823486_ccrop.jpg,Neutrophil,segmented-multilobed,B_sepakat_segmented,0,0,0,0,0,5520
EO_586643_ccrop.jpg,Eosinophil,segmented-bilobed,bukan_neutrofil,0,0,0,0,0,5161
EO_535577_ccrop.jpg,Eosinophil,segmented-bilobed,bukan_neutrofil,0,0,0,0,0,7220
EO_690304_ccrop.jpg,Eosinophil,unsegmented-band,bukan_neutrofil,0,0,0,0,0,5982
LY_372787_ccrop.jpg,Lymphocyte,unsegmented-indented,bukan_neutrofil,0,0,0,0,0,4394
EO_501730_ccrop.jpg,Eosinophil,segmented-bilobed,bukan_neutrofil,0,0,0,0,0,5742
BNE_218096_ccrop.jpg,Neutrophil,unsegmented-band,A_sepakat_band,0,0,0,0,0,5115
MO_609056_ccrop.jpg,Monocyte,unsegmented-indented,bukan_neutrofil,0,0,0,0,0,9575
EO_105961_ccrop.jpg,Eosinophil,segmented-multilobed,bukan_neutrofil,3,81,45,0,3,6143
BA_648155_ccrop.jpg,Basophil,segmented-bilobed,bukan_neutrofil,0,0,0,0,0,6706
SNE_777650_ccrop.jpg,Neutrophil,unsegmented-band,C_konflik_SNE_band,0,0,0,0,0,6238
SNE_165041_ccrop.jpg,Neutrophil,segmented-multilobed,B_sepakat_segmented,2,77,76,0,2,4863
MO_560006_ccrop.jpg,Monocyte,unsegmented-indented,bukan_neutrofil,0,0,0,0,0,9761
BNE_108161_ccrop.jpg,Neutrophil,unsegmented-band,A_sepakat_band,0,0,0,0,0,5588
LY_412051_ccrop.jpg,Lymphocyte,unsegmented-indented,bukan_neutrofil,0,0,0,0,0,6552
MO_942533_ccrop.jpg,Monocyte,irregular,bukan_neutrofil,0,0,0,0,0,11680
EO_312272_ccrop.jpg,Eosinophil,segmented-bilobed,bukan_neutrofil,0,0,0,0,0,5645
BNE_989250_ccrop.jpg,Neutrophil,unsegmented-band,A_sepakat_band,0,0,0,0,0,6576
BA_458363_ccrop.jpg,Basophil,segmented-multilobed,bukan_neutrofil,1,891,891,0,1,7446
LY_597880_ccrop.jpg,Lymphocyte,unsegmented-round,bukan_neutrofil,0,0,0,0,0,6365
LY_755997_ccrop.jpg,Lymphocyte,unsegmented-round,bukan_neutrofil,0,0,0,0,0,4397
BNE_271302_ccrop.jpg,Neutrophil,unsegmented-band,A_sepakat_band,0,0,0,0,0,6739
EO_402715_ccrop.jpg,Eosinophil,segmented-multilobed,bukan_neutrofil,0,0,0,0,0,4907
EO_241496_ccrop.jpg,Eosinophil,segmented-bilobed,bukan_neutrofil,0,0,0,0,0,5821
EO_96233_ccrop.jpg,Eosinophil,unsegmented-band,bukan_neutrofil,0,0,0,0,0,6499
EO_201623_ccrop.jpg,Eosinophil,segmented-bilobed,bukan_neutrofil,0,0,0,0,0,4979
SNE_466618_ccrop.jpg,Neutrophil,segmented-multilobed,B_sepakat_segmented,1,44,44,0,1,12355
MO_817666_ccrop.jpg,Monocyte,unsegmented-indented,bukan_neutrofil,7,136,107,0,7,10677
BNE_854066_ccrop.jpg,Neutrophil,unsegmented-band,A_sepakat_band,0,0,0,0,0,7971
EO_485347_ccrop.jpg,Eosinophil,unsegmented-band,bukan_neutrofil,1,41,41,0,1,4863
LY_421662_ccrop.jpg,Lymphocyte,unsegmented-indented,bukan_neutrofil,0,0,0,0,0,7115
BA_594363_ccrop.jpg,Basophil,irregular,bukan_neutrofil,1,534,534,0,1,6300
BNE_461200_ccrop.jpg,Neutrophil,unsegmented-band,A_sepakat_band,0,0,0,0,0,6372
BNE_290973_ccrop.jpg,Neutrophil,unsegmented-band,A_sepakat_band,0,0,0,0,0,13678
EO_925979_ccrop.jpg,Eosinophil,segmented-bilobed,bukan_neutrofil,0,0,0,0,0,5459
NEUTROPHIL_473612_ccrop.jpg,Neutrophil,segmented-multilobed,F_tak_bersubtipe,0,0,0,0,0,4989
SNE_752569_ccrop.jpg,Neutrophil,unsegmented-band,C_konflik_SNE_band,0,0,0,0,0,6896
EO_756779_ccrop.jpg,Eosinophil,segmented-bilobed,bukan_neutrofil,0,0,0,0,0,6144
EO_312702_ccrop.jpg,Eosinophil,segmented-bilobed,bukan_neutrofil,1,22,22,0,1,5576
BNE_870956_ccrop.jpg,Neutrophil,unsegmented-band,A_sepakat_band,0,0,0,0,0,6843
MO_770326_ccrop.jpg,Monocyte,unsegmented-indented,bukan_neutrofil,0,0,0,0,0,10752
BNE_408431_ccrop.jpg,Neutrophil,unsegmented-band,A_sepakat_band,0,0,0,0,0,5209
BNE_311426_ccrop.jpg,Neutrophil,unsegmented-band,A_sepakat_band,0,0,0,0,0,5766
BNE_427592_ccrop.jpg,Neutrophil,unsegmented-band,A_sepakat_band,0,0,0,0,0,5037
MO_14801_ccrop.jpg,Monocyte,unsegmented-indented,bukan_neutrofil,2,134,103,0,2,11861
BNE_107370_ccrop.jpg,Neutrophil,segmented-bilobed,D_konflik_BNE_segmented,0,0,0,0,0,7131
EO_704593_ccrop.jpg,Eosinophil,unsegmented-band,bukan_neutrofil,0,0,0,0,0,5923
LY_619039_ccrop.jpg,Lymphocyte,unsegmented-round,bukan_neutrofil,0,0,0,0,0,6252
EO_815394_ccrop.jpg,Eosinophil,segmented-bilobed,bukan_neutrofil,0,0,0,0,0,6246
MO_871861_ccrop.jpg,Monocyte,unsegmented-indented,bukan_neutrofil,0,0,0,0,0,7819
BA_147282_ccrop.jpg,Basophil,irregular,bukan_neutrofil,0,0,0,0,0,6389
MO_616615_ccrop.jpg,Monocyte,unsegmented-indented,bukan_neutrofil,0,0,0,0,0,7430
BA_126411_ccrop.jpg,Basophil,segmented-multilobed,bukan_neutrofil,0,0,0,0,0,6871
MO_770250_ccrop.jpg,Monocyte,unsegmented-indented,bukan_neutrofil,0,0,0,0,0,11503
EO_431005_ccrop.jpg,Eosinophil,segmented-bilobed,bukan_neutrofil,0,0,0,0,0,5919
BA_741421_ccrop.jpg,Basophil,unsegmented-band,bukan_neutrofil,0,0,0,0,0,4709
SNE_543424_ccrop.jpg,Neutrophil,unsegmented-band,C_konflik_SNE_band,0,0,0,0,0,6383
BA_895971_ccrop.jpg,Basophil,segmented-bilobed,bukan_neutrofil,1,1,1,0,1,7551
EO_316132_ccrop.jpg,Eosinophil,segmented-multilobed,bukan_neutrofil,0,0,0,0,0,5377
MO_903587_ccrop.jpg,Monocyte,unsegmented-indented,bukan_neutrofil,0,0,0,0,0,9036
EO_606687_ccrop.jpg,Eosinophil,segmented-bilobed,bukan_neutrofil,0,0,0,0,0,6563
EO_364521_ccrop.jpg,Eosinophil,segmented-bilobed,bukan_neutrofil,0,0,0,0,0,6286
EO_916660_ccrop.jpg,Eosinophil,segmented-bilobed,bukan_neutrofil,0,0,0,0,0,6254
MO_887626_ccrop.jpg,Monocyte,unsegmented-indented,bukan_neutrofil,0,0,0,0,0,12173
MO_382161_ccrop.jpg,Monocyte,unsegmented-indented,bukan_neutrofil,0,0,0,0,0,8206
EO_784034_ccrop.jpg,Eosinophil,unsegmented-band,bukan_neutrofil,1,31,31,0,1,5610
SNE_408047_ccrop.jpg,Neutrophil,segmented-bilobed,B_sepakat_segmented,0,0,0,0,0,6069
MO_576044_ccrop.jpg,Monocyte,unsegmented-indented,bukan_neutrofil,0,0,0,0,0,8581
BA_186830_ccrop.jpg,Basophil,unsegmented-round,bukan_neutrofil,0,0,0,0,0,5720
EO_614252_ccrop.jpg,Eosinophil,segmented-bilobed,bukan_neutrofil,0,0,0,0,0,5429
BA_329684_ccrop.jpg,Basophil,segmented-bilobed,bukan_neutrofil,0,0,0,0,0,7842
BNE_448273_ccrop.jpg,Neutrophil,unsegmented-band,A_sepakat_band,0,0,0,0,0,5260
EO_462794_ccrop.jpg,Eosinophil,segmented-bilobed,bukan_neutrofil,0,0,0,0,0,6280
EO_561743_ccrop.jpg,Eosinophil,segmented-bilobed,bukan_neutrofil,0,0,0,0,0,8671
SNE_140717_ccrop.jpg,Neutrophil,segmented-bilobed,B_sepakat_segmented,0,0,0,0,0,6662
LY_618428_ccrop.jpg,Lymphocyte,unsegmented-indented,bukan_neutrofil,0,0,0,0,0,6499
MO_818859_ccrop.jpg,Monocyte,unsegmented-indented,bukan_neutrofil,0,0,0,0,0,9812
MO_945220_ccrop.jpg,Monocyte,unsegmented-indented,bukan_neutrofil,0,0,0,0,0,11324
EO_388588_ccrop.jpg,Eosinophil,segmented-bilobed,bukan_neutrofil,0,0,0,0,0,5710
EO_135768_ccrop.jpg,Eosinophil,segmented-bilobed,bukan_neutrofil,0,0,0,0,0,5925
BNE_636834_ccrop.jpg,Neutrophil,unsegmented-band,A_sepakat_band,0,0,0,0,0,5096
EO_460233_ccrop.jpg,Eosinophil,segmented-bilobed,bukan_neutrofil,0,0,0,0,0,5426
BNE_105748_ccrop.jpg,Neutrophil,irregular,E_lainnya,0,0,0,0,0,6238
MO_444848_ccrop.jpg,Monocyte,unsegmented-indented,bukan_neutrofil,0,0,0,0,0,9626
SNE_3754_ccrop.jpg,Neutrophil,unsegmented-band,C_konflik_SNE_band,0,0,0,0,0,6086
MO_815995_ccrop.jpg,Monocyte,unsegmented-indented,bukan_neutrofil,0,0,0,0,0,16528
BA_925384_ccrop.jpg,Basophil,irregular,bukan_neutrofil,0,0,0,0,0,7400
LY_966026_ccrop.jpg,Lymphocyte,unsegmented-round,bukan_neutrofil,0,0,0,0,0,5651
BA_889561_ccrop.jpg,Basophil,segmented-bilobed,bukan_neutrofil,0,0,0,0,0,7129
SNE_140904_ccrop.jpg,Neutrophil,unsegmented-band,C_konflik_SNE_band,0,0,0,0,0,6295
EO_696379_ccrop.jpg,Eosinophil,segmented-bilobed,bukan_neutrofil,0,0,0,0,0,4846
EO_973923_ccrop.jpg,Eosinophil,segmented-bilobed,bukan_neutrofil,0,0,0,0,0,5637
MO_881775_ccrop.jpg,Monocyte,unsegmented-indented,bukan_neutrofil,0,0,0,0,0,9717
BNE_480776_ccrop.jpg,Neutrophil,unsegmented-band,A_sepakat_band,0,0,0,0,0,4153
EO_352789_ccrop.jpg,Eosinophil,segmented-bilobed,bukan_neutrofil,0,0,0,0,0,6234
BA_575718_ccrop.jpg,Basophil,segmented-bilobed,bukan_neutrofil,0,0,0,0,0,7286
SNE_898586_ccrop.jpg,Neutrophil,segmented-bilobed,B_sepakat_segmented,1,122,122,0,1,5440
BNE_680611_ccrop.jpg,Neutrophil,unsegmented-band,A_sepakat_band,0,0,0,0,0,6028
BA_839707_ccrop.jpg,Basophil,segmented-bilobed,bukan_neutrofil,0,0,0,0,0,6529
SNE_48537_ccrop.jpg,Neutrophil,segmented-bilobed,B_sepakat_segmented,2,197,101,0,2,5250
EO_152383_ccrop.jpg,Eosinophil,segmented-bilobed,bukan_neutrofil,0,0,0,0,0,6101
SNE_263591_ccrop.jpg,Neutrophil,segmented-bilobed,B_sepakat_segmented,0,0,0,0,0,5009
LY_437188_ccrop.jpg,Lymphocyte,unsegmented-round,bukan_neutrofil,0,0,0,0,0,8094
MO_745075_ccrop.jpg,Monocyte,unsegmented-indented,bukan_neutrofil,0,0,0,0,0,9304
MO_153038_ccrop.jpg,Monocyte,unsegmented-indented,bukan_neutrofil,0,0,0,0,0,10861
EO_614304_ccrop.jpg,Eosinophil,segmented-bilobed,bukan_neutrofil,0,0,0,0,0,5898
EO_685573_ccrop.jpg,Eosinophil,segmented-multilobed,bukan_neutrofil,0,0,0,0,0,6010
EO_66597_ccrop.jpg,Eosinophil,segmented-bilobed,bukan_neutrofil,0,0,0,0,0,5390
BA_775507_ccrop.jpg,Basophil,irregular,bukan_neutrofil,0,0,0,0,0,7392
LY_414119_ccrop.jpg,Lymphocyte,unsegmented-round,bukan_neutrofil,0,0,0,0,0,5706
BNE_24013_ccrop.jpg,Neutrophil,unsegmented-band,A_sepakat_band,0,0,0,0,0,6199
SNE_781300_ccrop.jpg,Neutrophil,unsegmented-band,C_konflik_SNE_band,0,0,0,0,0,4980
BA_893495_ccrop.jpg,Basophil,segmented-multilobed,bukan_neutrofil,0,0,0,0,0,7936
MO_83718_ccrop.jpg,Monocyte,unsegmented-indented,bukan_neutrofil,0,0,0,0,0,10747
EO_467859_ccrop.jpg,Eosinophil,segmented-bilobed,bukan_neutrofil,0,0,0,0,0,5645
EO_294488_ccrop.jpg,Eosinophil,segmented-bilobed,bukan_neutrofil,0,0,0,0,0,6254
SNE_214327_ccrop.jpg,Neutrophil,segmented-multilobed,B_sepakat_segmented,2,368,322,0,2,5639
BA_795062_ccrop.jpg,Basophil,irregular,bukan_neutrofil,0,0,0,0,0,4872
EO_371502_ccrop.jpg,Eosinophil,segmented-bilobed,bukan_neutrofil,0,0,0,0,0,5405
BNE_356501_ccrop.jpg,Neutrophil,unsegmented-band,A_sepakat_band,0,0,0,0,0,10869
LY_649814_ccrop.jpg,Lymphocyte,unsegmented-indented,bukan_neutrofil,0,0,0,0,0,7139
EO_44756_ccrop.jpg,Eosinophil,unsegmented-indented,bukan_neutrofil,0,0,0,0,0,7914
MO_248030_ccrop.jpg,Monocyte,unsegmented-indented,bukan_neutrofil,0,0,0,0,0,9250
MO_262776_ccrop.jpg,Monocyte,unsegmented-indented,bukan_neutrofil,0,0,0,0,0,10831
BNE_525989_ccrop.jpg,Neutrophil,unsegmented-band,A_sepakat_band,0,0,0,0,0,5074
BNE_845186_ccrop.jpg,Neutrophil,unsegmented-band,A_sepakat_band,0,0,0,0,0,5215
LY_447658_ccrop.jpg,Lymphocyte,unsegmented-indented,bukan_neutrofil,0,0,0,0,0,6654
BNE_568904_ccrop.jpg,Neutrophil,unsegmented-band,A_sepakat_band,0,0,0,0,0,5378
BNE_516401_ccrop.jpg,Neutrophil,unsegmented-band,A_sepakat_band,0,0,0,0,0,5264
EO_809432_ccrop.jpg,Eosinophil,segmented-bilobed,bukan_neutrofil,0,0,0,0,0,5757
MO_967515_ccrop.jpg,Monocyte,unsegmented-indented,bukan_neutrofil,0,0,0,0,0,12287
BNE_575028_ccrop.jpg,Neutrophil,unsegmented-band,A_sepakat_band,0,0,0,0,0,5732
SNE_870354_ccrop.jpg,Neutrophil,segmented-multilobed,B_sepakat_segmented,0,0,0,0,0,6948
BA_80247_ccrop.jpg,Basophil,irregular,bukan_neutrofil,0,0,0,0,0,7303
EO_786690_ccrop.jpg,Eosinophil,segmented-bilobed,bukan_neutrofil,0,0,0,0,0,6766
BNE_150489_ccrop.jpg,Neutrophil,unsegmented-band,A_sepakat_band,0,0,0,0,0,4745
MO_266522_ccrop.jpg,Monocyte,unsegmented-indented,bukan_neutrofil,0,0,0,0,0,8984
LY_109414_ccrop.jpg,Lymphocyte,unsegmented-round,bukan_neutrofil,0,0,0,0,0,5218
BNE_781521_ccrop.jpg,Neutrophil,unsegmented-band,A_sepakat_band,0,0,0,0,0,5293
SNE_209892_ccrop.jpg,Neutrophil,unsegmented-band,C_konflik_SNE_band,1,1,1,0,1,5513
SNE_559470_ccrop.jpg,Neutrophil,unsegmented-band,C_konflik_SNE_band,1,4,4,0,1,3589
SNE_513440_ccrop.jpg,Neutrophil,segmented-multilobed,B_sepakat_segmented,0,0,0,0,0,5951
BNE_77263_ccrop.jpg,Neutrophil,unsegmented-band,A_sepakat_band,0,0,0,0,0,4910
LY_870677_ccrop.jpg,Lymphocyte,unsegmented-round,bukan_neutrofil,0,0,0,0,0,6557
LY_216135_ccrop.jpg,Lymphocyte,unsegmented-indented,bukan_neutrofil,0,0,0,0,0,7394
BNE_73716_ccrop.jpg,Neutrophil,unsegmented-band,A_sepakat_band,1,35,35,0,1,5799
BA_814754_ccrop.jpg,Basophil,unsegmented-band,bukan_neutrofil,0,0,0,0,0,10904
EO_86752_ccrop.jpg,Eosinophil,segmented-multilobed,bukan_neutrofil,0,0,0,0,0,7031
EO_228956_ccrop.jpg,Eosinophil,segmented-multilobed,bukan_neutrofil,0,0,0,0,0,6890
SNE_28048_ccrop.jpg,Neutrophil,unsegmented-band,C_konflik_SNE_band,0,0,0,0,0,5922
BNE_854984_ccrop.jpg,Neutrophil,unsegmented-band,A_sepakat_band,0,0,0,0,0,5978
BNE_667509_ccrop.jpg,Neutrophil,segmented-bilobed,D_konflik_BNE_segmented,0,0,0,0,0,5271
LY_87818_ccrop.jpg,Lymphocyte,unsegmented-indented,bukan_neutrofil,0,0,0,0,0,6500
EO_572260_ccrop.jpg,Eosinophil,segmented-multilobed,bukan_neutrofil,0,0,0,0,0,5061
EO_55090_ccrop.jpg,Eosinophil,segmented-multilobed,bukan_neutrofil,0,0,0,0,0,12029
SNE_827935_ccrop.jpg,Neutrophil,unsegmented-band,C_konflik_SNE_band,0,0,0,0,0,5373
BA_794444_ccrop.jpg,Basophil,segmented-bilobed,bukan_neutrofil,0,0,0,0,0,6366
EO_378582_ccrop.jpg,Eosinophil,segmented-bilobed,bukan_neutrofil,0,0,0,0,0,6019
LY_827566_ccrop.jpg,Lymphocyte,unsegmented-round,bukan_neutrofil,0,0,0,0,0,6483
EO_750315_ccrop.jpg,Eosinophil,segmented-bilobed,bukan_neutrofil,1,38,38,0,1,5183
MO_620326_ccrop.jpg,Monocyte,unsegmented-indented,bukan_neutrofil,0,0,0,0,0,7810
EO_490980_ccrop.jpg,Eosinophil,unsegmented-band,bukan_neutrofil,0,0,0,0,0,7268
EO_988427_ccrop.jpg,Eosinophil,segmented-bilobed,bukan_neutrofil,0,0,0,0,0,6200
BA_910152_ccrop.jpg,Basophil,irregular,bukan_neutrofil,2,59,44,0,2,6372
BA_713194_ccrop.jpg,Basophil,irregular,bukan_neutrofil,0,0,0,0,0,8767
EO_568828_ccrop.jpg,Eosinophil,unsegmented-band,bukan_neutrofil,0,0,0,0,0,7889
BNE_191041_ccrop.jpg,Neutrophil,unsegmented-band,A_sepakat_band,0,0,0,0,0,5368
EO_772994_ccrop.jpg,Eosinophil,segmented-bilobed,bukan_neutrofil,0,0,0,0,0,6968
SNE_647035_ccrop.jpg,Neutrophil,segmented-bilobed,B_sepakat_segmented,0,0,0,0,0,5246
BNE_960075_ccrop.jpg,Neutrophil,unsegmented-band,A_sepakat_band,0,0,0,0,0,6263
LY_891761_ccrop.jpg,Lymphocyte,unsegmented-round,bukan_neutrofil,0,0,0,0,0,6038
SNE_401211_ccrop.jpg,Neutrophil,segmented-multilobed,B_sepakat_segmented,0,0,0,0,0,7565
LY_134079_ccrop.jpg,Lymphocyte,irregular,bukan_neutrofil,0,0,0,0,0,7528
BA_525742_ccrop.jpg,Basophil,irregular,bukan_neutrofil,0,0,0,0,0,5605
BA_92205_ccrop.jpg,Basophil,irregular,bukan_neutrofil,0,0,0,0,0,6860
LY_138832_ccrop.jpg,Lymphocyte,unsegmented-round,bukan_neutrofil,0,0,0,0,0,5493
EO_68522_ccrop.jpg,Eosinophil,segmented-bilobed,bukan_neutrofil,3,71,65,0,3,6376
EO_537669_ccrop.jpg,Eosinophil,segmented-bilobed,bukan_neutrofil,0,0,0,0,0,7203
BNE_230180_ccrop.jpg,Neutrophil,unsegmented-band,A_sepakat_band,0,0,0,0,0,5557
SNE_645614_ccrop.jpg,Neutrophil,irregular,E_lainnya,0,0,0,0,0,10354
EO_416434_ccrop.jpg,Eosinophil,segmented-multilobed,bukan_neutrofil,0,0,0,0,0,5330
BNE_270322_ccrop.jpg,Neutrophil,unsegmented-band,A_sepakat_band,0,0,0,0,0,5872
MO_760420_ccrop.jpg,Monocyte,unsegmented-indented,bukan_neutrofil,0,0,0,0,0,9640
EO_964568_ccrop.jpg,Eosinophil,segmented-bilobed,bukan_neutrofil,0,0,0,0,0,4536
SNE_692892_ccrop.jpg,Neutrophil,segmented-bilobed,B_sepakat_segmented,0,0,0,0,0,5363
EO_552873_ccrop.jpg,Eosinophil,segmented-bilobed,bukan_neutrofil,0,0,0,0,0,7075
SNE_366990_ccrop.jpg,Neutrophil,segmented-bilobed,B_sepakat_segmented,0,0,0,0,0,5073
SNE_323373_ccrop.jpg,Neutrophil,unsegmented-band,C_konflik_SNE_band,0,0,0,0,0,5560
EO_55874_ccrop.jpg,Eosinophil,segmented-bilobed,bukan_neutrofil,0,0,0,0,0,4741
BA_296311_ccrop.jpg,Basophil,unsegmented-indented,bukan_neutrofil,0,0,0,0,0,7011
MO_20194_ccrop.jpg,Monocyte,unsegmented-indented,bukan_neutrofil,0,0,0,0,0,10840
MO_226755_ccrop.jpg,Monocyte,unsegmented-round,bukan_neutrofil,0,0,0,0,0,9394
BNE_271935_ccrop.jpg,Neutrophil,unsegmented-band,A_sepakat_band,0,0,0,0,0,6062
EO_809318_ccrop.jpg,Eosinophil,segmented-bilobed,bukan_neutrofil,0,0,0,0,0,5805
MO_294054_ccrop.jpg,Monocyte,unsegmented-indented,bukan_neutrofil,0,0,0,0,0,10431
MO_919303_ccrop.jpg,Monocyte,unsegmented-indented,bukan_neutrofil,0,0,0,0,0,10424
EO_712238_ccrop.jpg,Eosinophil,segmented-bilobed,bukan_neutrofil,0,0,0,0,0,6012
BA_364491_ccrop.jpg,Basophil,segmented-bilobed,bukan_neutrofil,1,26,26,0,1,7523
SNE_447298_ccrop.jpg,Neutrophil,unsegmented-band,C_konflik_SNE_band,0,0,0,0,0,5096
MO_853737_ccrop.jpg,Monocyte,unsegmented-indented,bukan_neutrofil,0,0,0,0,0,7658
MO_489036_ccrop.jpg,Monocyte,unsegmented-indented,bukan_neutrofil,0,0,0,0,0,11193
SNE_375899_ccrop.jpg,Neutrophil,unsegmented-band,C_konflik_SNE_band,0,0,0,0,0,9358
EO_499207_ccrop.jpg,Eosinophil,segmented-multilobed,bukan_neutrofil,0,0,0,0,0,6833
EO_60905_ccrop.jpg,Eosinophil,segmented-bilobed,bukan_neutrofil,0,0,0,0,0,7335
BNE_723408_ccrop.jpg,Neutrophil,unsegmented-band,A_sepakat_band,1,26,26,0,1,6346
EO_880204_ccrop.jpg,Eosinophil,segmented-bilobed,bukan_neutrofil,0,0,0,0,0,5236
EO_278795_ccrop.jpg,Eosinophil,segmented-bilobed,bukan_neutrofil,0,0,0,0,0,6909
MO_753429_ccrop.jpg,Monocyte,unsegmented-indented,bukan_neutrofil,0,0,0,0,0,9333
BA_49224_ccrop.jpg,Basophil,irregular,bukan_neutrofil,0,0,0,0,0,8342
BA_421331_ccrop.jpg,Basophil,irregular,bukan_neutrofil,2,196,190,0,2,7839
BNE_837180_ccrop.jpg,Neutrophil,unsegmented-band,A_sepakat_band,0,0,0,0,0,6221
MO_557047_ccrop.jpg,Monocyte,irregular,bukan_neutrofil,0,0,0,0,0,10824
LY_668316_ccrop.jpg,Lymphocyte,irregular,bukan_neutrofil,1,210,210,0,1,11861
BNE_95275_ccrop.jpg,Neutrophil,unsegmented-band,A_sepakat_band,0,0,0,0,0,5157
MO_338834_ccrop.jpg,Monocyte,unsegmented-indented,bukan_neutrofil,0,0,0,0,0,10782
BNE_187097_ccrop.jpg,Neutrophil,unsegmented-band,A_sepakat_band,0,0,0,0,0,6950
BA_504848_ccrop.jpg,Basophil,irregular,bukan_neutrofil,1,471,471,0,1,10865
EO_625835_ccrop.jpg,Eosinophil,unsegmented-band,bukan_neutrofil,0,0,0,0,0,6435
BNE_630198_ccrop.jpg,Neutrophil,unsegmented-band,A_sepakat_band,0,0,0,0,0,4716
BA_465767_ccrop.jpg,Basophil,segmented-bilobed,bukan_neutrofil,0,0,0,0,0,6192
EO_195225_ccrop.jpg,Eosinophil,segmented-bilobed,bukan_neutrofil,2,2,1,0,2,5121
BA_254321_ccrop.jpg,Basophil,segmented-bilobed,bukan_neutrofil,0,0,0,0,0,5272
BA_281662_ccrop.jpg,Basophil,segmented-bilobed,bukan_neutrofil,4,238,217,0,4,6476
EO_554176_ccrop.jpg,Eosinophil,unsegmented-band,bukan_neutrofil,0,0,0,0,0,6767
MO_377752_ccrop.jpg,Monocyte,unsegmented-indented,bukan_neutrofil,0,0,0,0,0,12119
SNE_446799_ccrop.jpg,Neutrophil,segmented-multilobed,B_sepakat_segmented,0,0,0,0,0,6652
SNE_811155_ccrop.jpg,Neutrophil,segmented-multilobed,B_sepakat_segmented,0,0,0,0,0,5299
EO_593837_ccrop.jpg,Eosinophil,segmented-bilobed,bukan_neutrofil,1,70,70,0,1,5150
MO_785200_ccrop.jpg,Monocyte,irregular,bukan_neutrofil,1,3,3,0,1,10380
EO_597199_ccrop.jpg,Eosinophil,segmented-bilobed,bukan_neutrofil,0,0,0,0,0,5873
EO_527321_ccrop.jpg,Eosinophil,segmented-bilobed,bukan_neutrofil,0,0,0,0,0,5834
EO_269091_ccrop.jpg,Eosinophil,segmented-bilobed,bukan_neutrofil,0,0,0,0,0,5984
EO_515564_ccrop.jpg,Eosinophil,segmented-bilobed,bukan_neutrofil,0,0,0,0,0,4998
MO_814069_ccrop.jpg,Monocyte,unsegmented-indented,bukan_neutrofil,0,0,0,0,0,11789
EO_333334_ccrop.jpg,Eosinophil,unsegmented-band,bukan_neutrofil,0,0,0,0,0,5559
EO_605920_ccrop.jpg,Eosinophil,segmented-bilobed,bukan_neutrofil,0,0,0,0,0,6178
BNE_674279_ccrop.jpg,Neutrophil,unsegmented-band,A_sepakat_band,1,164,164,0,1,4781
BNE_977930_ccrop.jpg,Neutrophil,unsegmented-band,A_sepakat_band,0,0,0,0,0,5863
EO_756045_ccrop.jpg,Eosinophil,segmented-bilobed,bukan_neutrofil,1,666,666,0,1,6448
SNE_417396_ccrop.jpg,Neutrophil,unsegmented-band,C_konflik_SNE_band,0,0,0,0,0,5292
EO_445928_ccrop.jpg,Eosinophil,segmented-multilobed,bukan_neutrofil,0,0,0,0,0,6185
EO_220046_ccrop.jpg,Eosinophil,segmented-multilobed,bukan_neutrofil,0,0,0,0,0,5168
EO_193184_ccrop.jpg,Eosinophil,segmented-bilobed,bukan_neutrofil,0,0,0,0,0,5394
MO_78471_ccrop.jpg,Monocyte,irregular,bukan_neutrofil,0,0,0,0,0,10954
LY_721153_ccrop.jpg,Lymphocyte,unsegmented-round,bukan_neutrofil,0,0,0,0,0,7600
BA_354561_ccrop.jpg,Basophil,segmented-multilobed,bukan_neutrofil,0,0,0,0,0,6435
MO_823715_ccrop.jpg,Monocyte,unsegmented-indented,bukan_neutrofil,1,102,102,0,1,12451
EO_158905_ccrop.jpg,Eosinophil,segmented-multilobed,bukan_neutrofil,0,0,0,0,0,6290
EO_487696_ccrop.jpg,Eosinophil,segmented-bilobed,bukan_neutrofil,0,0,0,0,0,5363
LY_700648_ccrop.jpg,Lymphocyte,unsegmented-round,bukan_neutrofil,0,0,0,0,0,5704
EO_634127_ccrop.jpg,Eosinophil,segmented-multilobed,bukan_neutrofil,0,0,0,0,0,6152
MO_634117_ccrop.jpg,Monocyte,unsegmented-indented,bukan_neutrofil,1,129,129,0,1,9854
MO_552161_ccrop.jpg,Monocyte,unsegmented-indented,bukan_neutrofil,0,0,0,0,0,10536
SNE_902849_ccrop.jpg,Neutrophil,segmented-bilobed,B_sepakat_segmented,0,0,0,0,0,5546
MO_768896_ccrop.jpg,Monocyte,unsegmented-indented,bukan_neutrofil,0,0,0,0,0,10748
SNE_754268_ccrop.jpg,Neutrophil,segmented-bilobed,B_sepakat_segmented,0,0,0,0,0,5288
BNE_923528_ccrop.jpg,Neutrophil,unsegmented-band,A_sepakat_band,0,0,0,0,0,4366
SNE_326733_ccrop.jpg,Neutrophil,segmented-bilobed,B_sepakat_segmented,0,0,0,0,0,5407
LY_709834_ccrop.jpg,Lymphocyte,unsegmented-round,bukan_neutrofil,0,0,0,0,0,6796
EO_443426_ccrop.jpg,Eosinophil,segmented-bilobed,bukan_neutrofil,0,0,0,0,0,6683
MO_329929_ccrop.jpg,Monocyte,unsegmented-round,bukan_neutrofil,0,0,0,0,0,8020
MO_770459_ccrop.jpg,Monocyte,unsegmented-indented,bukan_neutrofil,1,123,123,0,1,11994
LY_776045_ccrop.jpg,Lymphocyte,unsegmented-indented,bukan_neutrofil,0,0,0,0,0,7591
EO_722995_ccrop.jpg,Eosinophil,unsegmented-band,bukan_neutrofil,0,0,0,0,0,6252
SNE_266723_ccrop.jpg,Neutrophil,segmented-bilobed,B_sepakat_segmented,1,15,15,0,1,5018
LY_429887_ccrop.jpg,Lymphocyte,unsegmented-round,bukan_neutrofil,0,0,0,0,0,5395
BA_362887_ccrop.jpg,Basophil,irregular,bukan_neutrofil,0,0,0,0,0,6929
LY_844166_ccrop.jpg,Lymphocyte,unsegmented-round,bukan_neutrofil,0,0,0,0,0,5446
MO_487470_ccrop.jpg,Monocyte,unsegmented-round,bukan_neutrofil,0,0,0,0,0,10774
EO_234694_ccrop.jpg,Eosinophil,segmented-bilobed,bukan_neutrofil,0,0,0,0,0,4166
EO_662825_ccrop.jpg,Eosinophil,segmented-bilobed,bukan_neutrofil,0,0,0,0,0,6225
EO_271708_ccrop.jpg,Eosinophil,segmented-multilobed,bukan_neutrofil,0,0,0,0,0,6445
MO_963471_ccrop.jpg,Monocyte,unsegmented-indented,bukan_neutrofil,0,0,0,0,0,9455
LY_57617_ccrop.jpg,Lymphocyte,unsegmented-indented,bukan_neutrofil,0,0,0,0,0,7280
SNE_856721_ccrop.jpg,Neutrophil,unsegmented-band,C_konflik_SNE_band,0,0,0,0,0,6144
BNE_170066_ccrop.jpg,Neutrophil,unsegmented-band,A_sepakat_band,0,0,0,0,0,5737
MO_30511_ccrop.jpg,Monocyte,unsegmented-indented,bukan_neutrofil,0,0,0,0,0,11537
EO_150966_ccrop.jpg,Eosinophil,segmented-multilobed,bukan_neutrofil,1,1,1,0,1,8165
MO_995508_ccrop.jpg,Monocyte,unsegmented-indented,bukan_neutrofil,0,0,0,0,0,8583
EO_673897_ccrop.jpg,Eosinophil,segmented-bilobed,bukan_neutrofil,0,0,0,0,0,6240
EO_661478_ccrop.jpg,Eosinophil,unsegmented-band,bukan_neutrofil,1,36,36,0,1,5855
LY_241450_ccrop.jpg,Lymphocyte,unsegmented-round,bukan_neutrofil,0,0,0,0,0,5843
BA_800221_ccrop.jpg,Basophil,irregular,bukan_neutrofil,0,0,0,0,0,8096
SNE_541356_ccrop.jpg,Neutrophil,segmented-multilobed,B_sepakat_segmented,1,52,52,0,1,4697
LY_599020_ccrop.jpg,Lymphocyte,unsegmented-round,bukan_neutrofil,0,0,0,0,0,6439
LY_799385_ccrop.jpg,Lymphocyte,unsegmented-round,bukan_neutrofil,0,0,0,0,0,5608
BNE_263034_ccrop.jpg,Neutrophil,unsegmented-band,A_sepakat_band,0,0,0,0,0,6521
EO_453294_ccrop.jpg,Eosinophil,segmented-multilobed,bukan_neutrofil,0,0,0,0,0,5743
EO_449710_ccrop.jpg,Eosinophil,segmented-multilobed,bukan_neutrofil,0,0,0,0,0,6974
MO_451269_ccrop.jpg,Monocyte,unsegmented-indented,bukan_neutrofil,0,0,0,0,0,9643
MO_195608_ccrop.jpg,Monocyte,irregular,bukan_neutrofil,2,240,124,0,2,10450
BNE_735513_ccrop.jpg,Neutrophil,unsegmented-band,A_sepakat_band,0,0,0,0,0,5315
EO_715133_ccrop.jpg,Eosinophil,segmented-bilobed,bukan_neutrofil,1,123,123,0,1,6756
LY_249379_ccrop.jpg,Lymphocyte,unsegmented-round,bukan_neutrofil,0,0,0,0,0,6268
EO_375088_ccrop.jpg,Eosinophil,segmented-bilobed,bukan_neutrofil,0,0,0,0,0,5179
BA_204791_ccrop.jpg,Basophil,unsegmented-indented,bukan_neutrofil,0,0,0,0,0,7547
SNE_92591_ccrop.jpg,Neutrophil,unsegmented-band,C_konflik_SNE_band,0,0,0,0,0,5630
SNE_979034_ccrop.jpg,Neutrophil,segmented-multilobed,B_sepakat_segmented,0,0,0,0,0,6126
EO_16282477_ccrop.jpg,Eosinophil,segmented-bilobed,bukan_neutrofil,0,0,0,0,0,5040
SNE_98855_ccrop.jpg,Neutrophil,unsegmented-band,C_konflik_SNE_band,0,0,0,0,0,5510
LY_349680_ccrop.jpg,Lymphocyte,unsegmented-round,bukan_neutrofil,0,0,0,0,0,5132
EO_652542_ccrop.jpg,Eosinophil,segmented-bilobed,bukan_neutrofil,0,0,0,0,0,5386
MO_498472_ccrop.jpg,Monocyte,irregular,bukan_neutrofil,1,57,57,0,1,11952
EO_865426_ccrop.jpg,Eosinophil,segmented-multilobed,bukan_neutrofil,0,0,0,0,0,6715
EO_265718_ccrop.jpg,Eosinophil,segmented-bilobed,bukan_neutrofil,0,0,0,0,0,6817
MO_617263_ccrop.jpg,Monocyte,unsegmented-indented,bukan_neutrofil,0,0,0,0,0,10635
BA_470873_ccrop.jpg,Basophil,segmented-bilobed,bukan_neutrofil,0,0,0,0,0,6779
BNE_906537_ccrop.jpg,Neutrophil,unsegmented-band,A_sepakat_band,0,0,0,0,0,5381
BNE_377686_ccrop.jpg,Neutrophil,unsegmented-band,A_sepakat_band,0,0,0,0,0,6766
MO_12336_ccrop.jpg,Monocyte,irregular,bukan_neutrofil,2,205,116,0,2,10416
EO_568882_ccrop.jpg,Eosinophil,segmented-bilobed,bukan_neutrofil,0,0,0,0,0,5929
EO_634809_ccrop.jpg,Eosinophil,segmented-bilobed,bukan_neutrofil,0,0,0,0,0,7293
EO_634711_ccrop.jpg,Eosinophil,segmented-bilobed,bukan_neutrofil,0,0,0,0,0,5876
SNE_582848_ccrop.jpg,Neutrophil,segmented-multilobed,B_sepakat_segmented,0,0,0,0,0,6660
MO_475504_ccrop.jpg,Monocyte,unsegmented-indented,bukan_neutrofil,0,0,0,0,0,11740
EO_948394_ccrop.jpg,Eosinophil,segmented-bilobed,bukan_neutrofil,0,0,0,0,0,7886
BA_23839_ccrop.jpg,Basophil,irregular,bukan_neutrofil,1,311,311,0,1,6122
MO_988184_ccrop.jpg,Monocyte,unsegmented-indented,bukan_neutrofil,0,0,0,0,0,9828
EO_589594_ccrop.jpg,Eosinophil,segmented-bilobed,bukan_neutrofil,0,0,0,0,0,7018
EO_513889_ccrop.jpg,Eosinophil,segmented-multilobed,bukan_neutrofil,2,83,81,0,2,5011
MO_4884_ccrop.jpg,Monocyte,unsegmented-indented,bukan_neutrofil,0,0,0,0,0,10003
MO_302654_ccrop.jpg,Monocyte,unsegmented-indented,bukan_neutrofil,0,0,0,0,0,9595
EO_235307_ccrop.jpg,Eosinophil,segmented-bilobed,bukan_neutrofil,0,0,0,0,0,6520
MO_331103_ccrop.jpg,Monocyte,unsegmented-indented,bukan_neutrofil,0,0,0,0,0,8807
EO_431937_ccrop.jpg,Eosinophil,segmented-bilobed,bukan_neutrofil,0,0,0,0,0,6653
BNE_494338_ccrop.jpg,Neutrophil,unsegmented-band,A_sepakat_band,0,0,0,0,0,6548
SNE_920127_ccrop.jpg,Neutrophil,segmented-bilobed,B_sepakat_segmented,0,0,0,0,0,6370
SNE_829664_ccrop.jpg,Neutrophil,segmented-bilobed,B_sepakat_segmented,0,0,0,0,0,6213
EO_394346_ccrop.jpg,Eosinophil,segmented-multilobed,bukan_neutrofil,0,0,0,0,0,8627
SNE_843468_ccrop.jpg,Neutrophil,segmented-multilobed,B_sepakat_segmented,1,621,621,0,1,5715
BNE_604382_ccrop.jpg,Neutrophil,unsegmented-band,A_sepakat_band,0,0,0,0,0,4485
BA_90355_ccrop.jpg,Basophil,segmented-bilobed,bukan_neutrofil,0,0,0,0,0,4940
SNE_974133_ccrop.jpg,Neutrophil,segmented-multilobed,B_sepakat_segmented,0,0,0,0,0,7586
SNE_6938_ccrop.jpg,Neutrophil,unsegmented-band,C_konflik_SNE_band,0,0,0,0,0,5557
BA_661622_ccrop.jpg,Basophil,segmented-bilobed,bukan_neutrofil,0,0,0,0,0,10030
BA_463847_ccrop.jpg,Basophil,segmented-multilobed,bukan_neutrofil,1,16,16,0,1,5491
BNE_811237_ccrop.jpg,Neutrophil,unsegmented-band,A_sepakat_band,0,0,0,0,0,6370
LY_618017_ccrop.jpg,Lymphocyte,unsegmented-round,bukan_neutrofil,0,0,0,0,0,7348
MO_531560_ccrop.jpg,Monocyte,unsegmented-indented,bukan_neutrofil,0,0,0,0,0,11046
EO_42506_ccrop.jpg,Eosinophil,segmented-bilobed,bukan_neutrofil,0,0,0,0,0,6134
SNE_303827_ccrop.jpg,Neutrophil,segmented-multilobed,B_sepakat_segmented,0,0,0,0,0,5607
LY_91407_ccrop.jpg,Lymphocyte,unsegmented-round,bukan_neutrofil,0,0,0,0,0,6349
BNE_828729_ccrop.jpg,Neutrophil,unsegmented-band,A_sepakat_band,0,0,0,0,0,6713
MO_88838_ccrop.jpg,Monocyte,irregular,bukan_neutrofil,0,0,0,0,0,10235
EO_7843_ccrop.jpg,Eosinophil,segmented-bilobed,bukan_neutrofil,0,0,0,0,0,7327
SNE_696497_ccrop.jpg,Neutrophil,unsegmented-band,C_konflik_SNE_band,0,0,0,0,0,6100
SNE_564665_ccrop.jpg,Neutrophil,unsegmented-band,C_konflik_SNE_band,0,0,0,0,0,5355
BNE_113314_ccrop.jpg,Neutrophil,unsegmented-band,A_sepakat_band,0,0,0,0,0,5521
EO_298884_ccrop.jpg,Eosinophil,segmented-multilobed,bukan_neutrofil,0,0,0,0,0,5935
BNE_424919_ccrop.jpg,Neutrophil,unsegmented-band,A_sepakat_band,1,135,135,0,1,4866
LY_278416_ccrop.jpg,Lymphocyte,unsegmented-indented,bukan_neutrofil,0,0,0,0,0,7030
MO_60562_ccrop.jpg,Monocyte,unsegmented-indented,bukan_neutrofil,0,0,0,0,0,12463
BA_891907_ccrop.jpg,Basophil,segmented-multilobed,bukan_neutrofil,0,0,0,0,0,7825
EO_702365_ccrop.jpg,Eosinophil,segmented-bilobed,bukan_neutrofil,0,0,0,0,0,3972
EO_174724_ccrop.jpg,Eosinophil,segmented-bilobed,bukan_neutrofil,0,0,0,0,0,5479
LY_897525_ccrop.jpg,Lymphocyte,unsegmented-round,bukan_neutrofil,0,0,0,0,0,6677
EO_145815_ccrop.jpg,Eosinophil,segmented-bilobed,bukan_neutrofil,0,0,0,0,0,6515
SNE_668285_ccrop.jpg,Neutrophil,unsegmented-band,C_konflik_SNE_band,0,0,0,0,0,6888
BNE_341561_ccrop.jpg,Neutrophil,unsegmented-band,A_sepakat_band,5,49,42,0,5,4710
MO_131262_ccrop.jpg,Monocyte,unsegmented-indented,bukan_neutrofil,0,0,0,0,0,10568
LY_720578_ccrop.jpg,Lymphocyte,unsegmented-round,bukan_neutrofil,0,0,0,0,0,7017
LY_930690_ccrop.jpg,Lymphocyte,unsegmented-round,bukan_neutrofil,0,0,0,0,0,7712
SNE_621571_ccrop.jpg,Neutrophil,segmented-multilobed,B_sepakat_segmented,0,0,0,0,0,6087
BA_545901_ccrop.jpg,Basophil,unsegmented-indented,bukan_neutrofil,0,0,0,0,0,8536
BNE_813565_ccrop.jpg,Neutrophil,unsegmented-band,A_sepakat_band,0,0,0,0,0,6359
MO_860510_ccrop.jpg,Monocyte,unsegmented-indented,bukan_neutrofil,0,0,0,0,0,9234
SNE_850328_ccrop.jpg,Neutrophil,unsegmented-band,C_konflik_SNE_band,0,0,0,0,0,6018
MO_686892_ccrop.jpg,Monocyte,unsegmented-indented,bukan_neutrofil,0,0,0,0,0,12052
LY_788039_ccrop.jpg,Lymphocyte,unsegmented-round,bukan_neutrofil,0,0,0,0,0,8168
EO_31773_ccrop.jpg,Eosinophil,segmented-bilobed,bukan_neutrofil,0,0,0,0,0,5360
BNE_845340_ccrop.jpg,Neutrophil,unsegmented-band,A_sepakat_band,1,112,112,0,1,5215
BA_648725_ccrop.jpg,Basophil,unsegmented-band,bukan_neutrofil,0,0,0,0,0,6772
LY_924952_ccrop.jpg,Lymphocyte,unsegmented-indented,bukan_neutrofil,0,0,0,0,0,5763
SNE_147463_ccrop.jpg,Neutrophil,unsegmented-band,C_konflik_SNE_band,0,0,0,0,0,4669
EO_938284_ccrop.jpg,Eosinophil,segmented-bilobed,bukan_neutrofil,5,133,84,0,5,5503
BA_2035_ccrop.jpg,Basophil,segmented-bilobed,bukan_neutrofil,2,142,127,0,2,6291
EO_375162_ccrop.jpg,Eosinophil,segmented-bilobed,bukan_neutrofil,0,0,0,0,0,5514
EO_126461_ccrop.jpg,Eosinophil,segmented-bilobed,bukan_neutrofil,0,0,0,0,0,4668
EO_24835_ccrop.jpg,Eosinophil,segmented-bilobed,bukan_neutrofil,0,0,0,0,0,5540
LY_372008_ccrop.jpg,Lymphocyte,unsegmented-round,bukan_neutrofil,0,0,0,0,0,6450
LY_783503_ccrop.jpg,Lymphocyte,unsegmented-round,bukan_neutrofil,0,0,0,0,0,6320
MO_699279_ccrop.jpg,Monocyte,irregular,bukan_neutrofil,1,144,144,0,1,10679
EO_512889_ccrop.jpg,Eosinophil,unsegmented-band,bukan_neutrofil,0,0,0,0,0,5890
EO_95105_ccrop.jpg,Eosinophil,segmented-bilobed,bukan_neutrofil,1,26,26,0,1,5198
EO_391732_ccrop.jpg,Eosinophil,segmented-bilobed,bukan_neutrofil,0,0,0,0,0,6876
EO_123327_ccrop.jpg,Eosinophil,segmented-multilobed,bukan_neutrofil,0,0,0,0,0,6699
BNE_955849_ccrop.jpg,Neutrophil,unsegmented-band,A_sepakat_band,0,0,0,0,0,4455
MO_192510_ccrop.jpg,Monocyte,unsegmented-indented,bukan_neutrofil,1,128,128,0,1,9827
EO_941292_ccrop.jpg,Eosinophil,segmented-bilobed,bukan_neutrofil,0,0,0,0,0,6312
SNE_961733_ccrop.jpg,Neutrophil,segmented-multilobed,B_sepakat_segmented,1,1,1,0,1,6330
BNE_991489_ccrop.jpg,Neutrophil,unsegmented-band,A_sepakat_band,0,0,0,0,0,5518
SNE_968981_ccrop.jpg,Neutrophil,segmented-bilobed,B_sepakat_segmented,0,0,0,0,0,6070
BNE_669262_ccrop.jpg,Neutrophil,unsegmented-band,A_sepakat_band,0,0,0,0,0,4874
SNE_968237_ccrop.jpg,Neutrophil,unsegmented-band,C_konflik_SNE_band,1,96,96,0,1,7233
BA_566587_ccrop.jpg,Basophil,irregular,bukan_neutrofil,0,0,0,0,0,8068
BA_396170_ccrop.jpg,Basophil,unsegmented-indented,bukan_neutrofil,0,0,0,0,0,7738
EO_106437_ccrop.jpg,Eosinophil,segmented-bilobed,bukan_neutrofil,0,0,0,0,0,6038
MO_914790_ccrop.jpg,Monocyte,unsegmented-indented,bukan_neutrofil,0,0,0,0,0,10588
BA_54664_ccrop.jpg,Basophil,segmented-bilobed,bukan_neutrofil,0,0,0,0,0,6284
MO_658426_ccrop.jpg,Monocyte,unsegmented-round,bukan_neutrofil,0,0,0,0,0,10460
SNE_276203_ccrop.jpg,Neutrophil,segmented-bilobed,B_sepakat_segmented,0,0,0,0,0,4757
SNE_401654_ccrop.jpg,Neutrophil,segmented-bilobed,B_sepakat_segmented,0,0,0,0,0,5387
BA_177799_ccrop.jpg,Basophil,irregular,bukan_neutrofil,1,149,149,0,1,6032
MO_752387_ccrop.jpg,Monocyte,irregular,bukan_neutrofil,0,0,0,0,0,12125
EO_250836_ccrop.jpg,Eosinophil,segmented-bilobed,bukan_neutrofil,0,0,0,0,0,6104
EO_861772_ccrop.jpg,Eosinophil,segmented-bilobed,bukan_neutrofil,0,0,0,0,0,6869
EO_462783_ccrop.jpg,Eosinophil,segmented-multilobed,bukan_neutrofil,0,0,0,0,0,7566
SNE_443796_ccrop.jpg,Neutrophil,unsegmented-band,C_konflik_SNE_band,1,255,255,0,1,5912
EO_62286_ccrop.jpg,Eosinophil,segmented-bilobed,bukan_neutrofil,0,0,0,0,0,5879
EO_504940_ccrop.jpg,Eosinophil,segmented-bilobed,bukan_neutrofil,0,0,0,0,0,4737
BNE_115261_ccrop.jpg,Neutrophil,unsegmented-band,A_sepakat_band,0,0,0,0,0,5656
BNE_548143_ccrop.jpg,Neutrophil,unsegmented-band,A_sepakat_band,0,0,0,0,0,6264
EO_515602_ccrop.jpg,Eosinophil,segmented-bilobed,bukan_neutrofil,0,0,0,0,0,5973
EO_409860_ccrop.jpg,Eosinophil,segmented-bilobed,bukan_neutrofil,0,0,0,0,0,5561
EO_542933_ccrop.jpg,Eosinophil,segmented-bilobed,bukan_neutrofil,0,0,0,0,0,8103
SNE_645724_ccrop.jpg,Neutrophil,unsegmented-band,C_konflik_SNE_band,1,111,111,0,1,5278
LY_113005_ccrop.jpg,Lymphocyte,unsegmented-round,bukan_neutrofil,0,0,0,0,0,7033
MO_583021_ccrop.jpg,Monocyte,unsegmented-indented,bukan_neutrofil,0,0,0,0,0,9088
EO_926947_ccrop.jpg,Eosinophil,unsegmented-band,bukan_neutrofil,0,0,0,0,0,6329
LY_502223_ccrop.jpg,Lymphocyte,unsegmented-round,bukan_neutrofil,0,0,0,0,0,8080
SNE_73737_ccrop.jpg,Neutrophil,unsegmented-band,C_konflik_SNE_band,0,0,0,0,0,5089
BA_769899_ccrop.jpg,Basophil,unsegmented-band,bukan_neutrofil,0,0,0,0,0,6911
BNE_12343_ccrop.jpg,Neutrophil,segmented-bilobed,D_konflik_BNE_segmented,3,58,33,0,3,5745
EO_853914_ccrop.jpg,Eosinophil,segmented-bilobed,bukan_neutrofil,0,0,0,0,0,4674
MO_402936_ccrop.jpg,Monocyte,unsegmented-indented,bukan_neutrofil,0,0,0,0,0,9822
EO_854423_ccrop.jpg,Eosinophil,segmented-bilobed,bukan_neutrofil,1,283,283,0,1,5788
SNE_976204_ccrop.jpg,Neutrophil,unsegmented-band,C_konflik_SNE_band,0,0,0,0,0,5182
BNE_891971_ccrop.jpg,Neutrophil,unsegmented-band,A_sepakat_band,0,0,0,0,0,4909
BNE_482975_ccrop.jpg,Neutrophil,unsegmented-band,A_sepakat_band,4,632,597,0,4,5029
EO_666039_ccrop.jpg,Eosinophil,segmented-bilobed,bukan_neutrofil,0,0,0,0,0,5448
EO_735379_ccrop.jpg,Eosinophil,segmented-multilobed,bukan_neutrofil,0,0,0,0,0,6242
EO_441977_ccrop.jpg,Eosinophil,segmented-bilobed,bukan_neutrofil,0,0,0,0,0,5825
SNE_653262_ccrop.jpg,Neutrophil,segmented-multilobed,B_sepakat_segmented,1,13,13,0,1,5201
EO_317781_ccrop.jpg,Eosinophil,segmented-multilobed,bukan_neutrofil,0,0,0,0,0,5032
LY_680999_ccrop.jpg,Lymphocyte,unsegmented-round,bukan_neutrofil,0,0,0,0,0,7257
BNE_372859_ccrop.jpg,Neutrophil,unsegmented-band,A_sepakat_band,0,0,0,0,0,5767
EO_542847_ccrop.jpg,Eosinophil,unsegmented-indented,bukan_neutrofil,0,0,0,0,0,6543
MO_307973_ccrop.jpg,Monocyte,unsegmented-indented,bukan_neutrofil,1,143,143,0,1,9857
LY_963670_ccrop.jpg,Lymphocyte,unsegmented-round,bukan_neutrofil,0,0,0,0,0,7699
SNE_888384_ccrop.jpg,Neutrophil,segmented-bilobed,B_sepakat_segmented,0,0,0,0,0,5059
EO_286161_ccrop.jpg,Eosinophil,segmented-bilobed,bukan_neutrofil,0,0,0,0,0,5841
BNE_489467_ccrop.jpg,Neutrophil,unsegmented-band,A_sepakat_band,0,0,0,0,0,7088
MO_614447_ccrop.jpg,Monocyte,unsegmented-indented,bukan_neutrofil,0,0,0,0,0,10324
SNE_568613_ccrop.jpg,Neutrophil,segmented-bilobed,B_sepakat_segmented,0,0,0,0,0,5671
SNE_790875_ccrop.jpg,Neutrophil,segmented-bilobed,B_sepakat_segmented,0,0,0,0,0,6391
BNE_810533_ccrop.jpg,Neutrophil,unsegmented-band,A_sepakat_band,0,0,0,0,0,5127
EO_403452_ccrop.jpg,Eosinophil,segmented-bilobed,bukan_neutrofil,0,0,0,0,0,6052
BNE_853952_ccrop.jpg,Neutrophil,unsegmented-band,A_sepakat_band,0,0,0,0,0,6610
EO_585427_ccrop.jpg,Eosinophil,segmented-bilobed,bukan_neutrofil,0,0,0,0,0,5193
MO_303697_ccrop.jpg,Monocyte,unsegmented-indented,bukan_neutrofil,0,0,0,0,0,7244
EO_633663_ccrop.jpg,Eosinophil,segmented-bilobed,bukan_neutrofil,0,0,0,0,0,6940
SNE_914583_ccrop.jpg,Neutrophil,unsegmented-band,C_konflik_SNE_band,0,0,0,0,0,5922
MO_314702_ccrop.jpg,Monocyte,unsegmented-indented,bukan_neutrofil,1,78,78,0,1,10185
MO_228669_ccrop.jpg,Monocyte,irregular,bukan_neutrofil,2,629,550,0,2,11059
SNE_356080_ccrop.jpg,Neutrophil,segmented-bilobed,B_sepakat_segmented,0,0,0,0,0,5943
BA_165215_ccrop.jpg,Basophil,segmented-multilobed,bukan_neutrofil,0,0,0,0,0,5621
BNE_917757_ccrop.jpg,Neutrophil,unsegmented-band,A_sepakat_band,1,4,4,0,1,5411
MO_207195_ccrop.jpg,Monocyte,unsegmented-indented,bukan_neutrofil,0,0,0,0,0,9726
EO_921948_ccrop.jpg,Eosinophil,segmented-bilobed,bukan_neutrofil,0,0,0,0,0,5843
SNE_210288_ccrop.jpg,Neutrophil,unsegmented-band,C_konflik_SNE_band,0,0,0,0,0,4570
BA_836586_ccrop.jpg,Basophil,irregular,bukan_neutrofil,0,0,0,0,0,6177
BNE_481879_ccrop.jpg,Neutrophil,unsegmented-band,A_sepakat_band,1,1,1,0,1,5481
EO_95132_ccrop.jpg,Eosinophil,segmented-bilobed,bukan_neutrofil,0,0,0,0,0,6352
EO_943454_ccrop.jpg,Eosinophil,segmented-multilobed,bukan_neutrofil,0,0,0,0,0,7532
BA_926393_ccrop.jpg,Basophil,segmented-multilobed,bukan_neutrofil,0,0,0,0,0,5665
BNE_926497_ccrop.jpg,Neutrophil,unsegmented-band,A_sepakat_band,0,0,0,0,0,6072
MO_425760_ccrop.jpg,Monocyte,unsegmented-indented,bukan_neutrofil,0,0,0,0,0,7577
SNE_219189_ccrop.jpg,Neutrophil,segmented-bilobed,B_sepakat_segmented,0,0,0,0,0,5916
BA_248930_ccrop.jpg,Basophil,segmented-multilobed,bukan_neutrofil,1,1,1,0,1,6189
SNE_190775_ccrop.jpg,Neutrophil,unsegmented-band,C_konflik_SNE_band,0,0,0,0,0,4252
BNE_392730_ccrop.jpg,Neutrophil,unsegmented-band,A_sepakat_band,0,0,0,0,0,8181
EO_154985_ccrop.jpg,Eosinophil,segmented-multilobed,bukan_neutrofil,3,3,1,0,3,6909
LY_187288_ccrop.jpg,Lymphocyte,unsegmented-round,bukan_neutrofil,0,0,0,0,0,6937
MO_373555_ccrop.jpg,Monocyte,unsegmented-indented,bukan_neutrofil,0,0,0,0,0,10728
EO_41114_ccrop.jpg,Eosinophil,segmented-bilobed,bukan_neutrofil,0,0,0,0,0,7801
BNE_39101_ccrop.jpg,Neutrophil,unsegmented-band,A_sepakat_band,0,0,0,0,0,5447
LY_339629_ccrop.jpg,Lymphocyte,unsegmented-round,bukan_neutrofil,0,0,0,0,0,6368
EO_103957_ccrop.jpg,Eosinophil,unsegmented-round,bukan_neutrofil,0,0,0,0,0,6044
SNE_160550_ccrop.jpg,Neutrophil,unsegmented-band,C_konflik_SNE_band,0,0,0,0,0,6736
BA_655847_ccrop.jpg,Basophil,segmented-bilobed,bukan_neutrofil,2,287,239,0,2,8557
NEUTROPHIL_993818_ccrop.jpg,Neutrophil,segmented-multilobed,F_tak_bersubtipe,0,0,0,0,0,5164
EO_270999_ccrop.jpg,Eosinophil,segmented-bilobed,bukan_neutrofil,4,56,53,0,4,5757
MO_87762_ccrop.jpg,Monocyte,unsegmented-indented,bukan_neutrofil,2,192,115,0,2,8921
BA_398846_ccrop.jpg,Basophil,irregular,bukan_neutrofil,0,0,0,0,0,7849
EO_592357_ccrop.jpg,Eosinophil,segmented-bilobed,bukan_neutrofil,1,288,288,0,1,5582
LY_355226_ccrop.jpg,Lymphocyte,unsegmented-round,bukan_neutrofil,0,0,0,0,0,6413
SNE_707186_ccrop.jpg,Neutrophil,segmented-bilobed,B_sepakat_segmented,0,0,0,0,0,5706
SNE_918960_ccrop.jpg,Neutrophil,unsegmented-band,C_konflik_SNE_band,1,172,172,0,1,4885
MO_417623_ccrop.jpg,Monocyte,unsegmented-indented,bukan_neutrofil,0,0,0,0,0,9382
EO_998560_ccrop.jpg,Eosinophil,unsegmented-band,bukan_neutrofil,2,368,360,0,2,5393
SNE_619023_ccrop.jpg,Neutrophil,segmented-bilobed,B_sepakat_segmented,0,0,0,0,0,6597
EO_754231_ccrop.jpg,Eosinophil,segmented-bilobed,bukan_neutrofil,0,0,0,0,0,5129
MO_262163_ccrop.jpg,Monocyte,unsegmented-indented,bukan_neutrofil,0,0,0,0,0,9066
EO_133495_ccrop.jpg,Eosinophil,segmented-multilobed,bukan_neutrofil,0,0,0,0,0,5981
SNE_406359_ccrop.jpg,Neutrophil,segmented-bilobed,B_sepakat_segmented,0,0,0,0,0,5490
EO_980572_ccrop.jpg,Eosinophil,segmented-multilobed,bukan_neutrofil,0,0,0,0,0,6245
EO_445433_ccrop.jpg,Eosinophil,segmented-bilobed,bukan_neutrofil,0,0,0,0,0,5622
EO_865066_ccrop.jpg,Eosinophil,unsegmented-band,bukan_neutrofil,0,0,0,0,0,6626
LY_617499_ccrop.jpg,Lymphocyte,unsegmented-round,bukan_neutrofil,0,0,0,0,0,5461
LY_260701_ccrop.jpg,Lymphocyte,unsegmented-round,bukan_neutrofil,0,0,0,0,0,4509
MO_403840_ccrop.jpg,Monocyte,unsegmented-indented,bukan_neutrofil,0,0,0,0,0,13341
SNE_361921_ccrop.jpg,Neutrophil,segmented-bilobed,B_sepakat_segmented,0,0,0,0,0,6290
SNE_118348_ccrop.jpg,Neutrophil,unsegmented-band,C_konflik_SNE_band,0,0,0,0,0,5037
EO_744195_ccrop.jpg,Eosinophil,segmented-multilobed,bukan_neutrofil,0,0,0,0,0,7044
MO_475798_ccrop.jpg,Monocyte,irregular,bukan_neutrofil,1,36,36,0,1,9660
MO_127949_ccrop.jpg,Monocyte,unsegmented-indented,bukan_neutrofil,0,0,0,0,0,12089
BNE_345442_ccrop.jpg,Neutrophil,unsegmented-band,A_sepakat_band,0,0,0,0,0,5657
BNE_826741_ccrop.jpg,Neutrophil,unsegmented-band,A_sepakat_band,0,0,0,0,0,6147
EO_231928_ccrop.jpg,Eosinophil,segmented-multilobed,bukan_neutrofil,0,0,0,0,0,5530
LY_754771_ccrop.jpg,Lymphocyte,unsegmented-round,bukan_neutrofil,0,0,0,0,0,6118
MO_803041_ccrop.jpg,Monocyte,unsegmented-indented,bukan_neutrofil,1,75,75,0,1,12047
MO_806423_ccrop.jpg,Monocyte,irregular,bukan_neutrofil,2,212,126,0,2,10708
SNE_679084_ccrop.jpg,Neutrophil,segmented-bilobed,B_sepakat_segmented,0,0,0,0,0,6510
EO_346565_ccrop.jpg,Eosinophil,segmented-bilobed,bukan_neutrofil,0,0,0,0,0,5833
SNE_476747_ccrop.jpg,Neutrophil,unsegmented-band,C_konflik_SNE_band,0,0,0,0,0,4775
EO_421436_ccrop.jpg,Eosinophil,segmented-multilobed,bukan_neutrofil,0,0,0,0,0,6651
BNE_672922_ccrop.jpg,Neutrophil,unsegmented-band,A_sepakat_band,0,0,0,0,0,3928
EO_418576_ccrop.jpg,Eosinophil,segmented-bilobed,bukan_neutrofil,0,0,0,0,0,5200
MO_666302_ccrop.jpg,Monocyte,unsegmented-indented,bukan_neutrofil,0,0,0,0,0,10630
SNE_444266_ccrop.jpg,Neutrophil,segmented-bilobed,B_sepakat_segmented,1,354,354,0,1,6790
LY_833720_ccrop.jpg,Lymphocyte,unsegmented-round,bukan_neutrofil,0,0,0,0,0,5872
EO_383975_ccrop.jpg,Eosinophil,segmented-multilobed,bukan_neutrofil,0,0,0,0,0,5921
EO_609060_ccrop.jpg,Eosinophil,segmented-bilobed,bukan_neutrofil,0,0,0,0,0,6075
BNE_187466_ccrop.jpg,Neutrophil,unsegmented-band,A_sepakat_band,0,0,0,0,0,5349
BA_816718_ccrop.jpg,Basophil,irregular,bukan_neutrofil,0,0,0,0,0,5072
SNE_304261_ccrop.jpg,Neutrophil,unsegmented-band,C_konflik_SNE_band,0,0,0,0,0,6706
EO_483350_ccrop.jpg,Eosinophil,segmented-bilobed,bukan_neutrofil,0,0,0,0,0,6376
LY_947790_ccrop.jpg,Lymphocyte,unsegmented-round,bukan_neutrofil,0,0,0,0,0,7003
MO_769640_ccrop.jpg,Monocyte,unsegmented-indented,bukan_neutrofil,0,0,0,0,0,10094
MO_145965_ccrop.jpg,Monocyte,unsegmented-indented,bukan_neutrofil,2,101,100,0,2,11597
EO_788540_ccrop.jpg,Eosinophil,segmented-bilobed,bukan_neutrofil,0,0,0,0,0,5645
BA_243213_ccrop.jpg,Basophil,segmented-multilobed,bukan_neutrofil,0,0,0,0,0,6404
MO_147386_ccrop.jpg,Monocyte,irregular,bukan_neutrofil,0,0,0,0,0,10409
LY_200436_ccrop.jpg,Lymphocyte,unsegmented-round,bukan_neutrofil,0,0,0,0,0,6346
BNE_682103_ccrop.jpg,Neutrophil,unsegmented-band,A_sepakat_band,0,0,0,0,0,5560
BNE_464974_ccrop.jpg,Neutrophil,unsegmented-band,A_sepakat_band,0,0,0,0,0,6313
BNE_54463_ccrop.jpg,Neutrophil,unsegmented-band,A_sepakat_band,0,0,0,0,0,5783
EO_464030_ccrop.jpg,Eosinophil,segmented-bilobed,bukan_neutrofil,0,0,0,0,0,6709
SNE_355772_ccrop.jpg,Neutrophil,segmented-bilobed,B_sepakat_segmented,0,0,0,0,0,5497
LY_164687_ccrop.jpg,Lymphocyte,unsegmented-indented,bukan_neutrofil,0,0,0,0,0,4532
EO_214830_ccrop.jpg,Eosinophil,segmented-multilobed,bukan_neutrofil,0,0,0,0,0,6522
SNE_504699_ccrop.jpg,Neutrophil,segmented-bilobed,B_sepakat_segmented,0,0,0,0,0,7351
BNE_366650_ccrop.jpg,Neutrophil,unsegmented-band,A_sepakat_band,0,0,0,0,0,6406
MO_289610_ccrop.jpg,Monocyte,irregular,bukan_neutrofil,0,0,0,0,0,11432
SNE_308376_ccrop.jpg,Neutrophil,unsegmented-band,C_konflik_SNE_band,0,0,0,0,0,6287
EO_287970_ccrop.jpg,Eosinophil,segmented-bilobed,bukan_neutrofil,0,0,0,0,0,5776
BNE_818496_ccrop.jpg,Neutrophil,unsegmented-band,A_sepakat_band,0,0,0,0,0,5323
MO_187463_ccrop.jpg,Monocyte,unsegmented-round,bukan_neutrofil,0,0,0,0,0,9585
LY_222797_ccrop.jpg,Lymphocyte,unsegmented-round,bukan_neutrofil,0,0,0,0,0,5983
SNE_528715_ccrop.jpg,Neutrophil,segmented-bilobed,B_sepakat_segmented,0,0,0,0,0,6968
LY_321982_ccrop.jpg,Lymphocyte,unsegmented-indented,bukan_neutrofil,0,0,0,0,0,5375
SNE_565642_ccrop.jpg,Neutrophil,unsegmented-band,C_konflik_SNE_band,0,0,0,0,0,6516
EO_794671_ccrop.jpg,Eosinophil,unsegmented-band,bukan_neutrofil,0,0,0,0,0,6619
EO_618774_ccrop.jpg,Eosinophil,segmented-bilobed,bukan_neutrofil,0,0,0,0,0,5398
EO_966377_ccrop.jpg,Eosinophil,unsegmented-band,bukan_neutrofil,0,0,0,0,0,7226
BA_227863_ccrop.jpg,Basophil,irregular,bukan_neutrofil,0,0,0,0,0,6539
EO_882216_ccrop.jpg,Eosinophil,segmented-bilobed,bukan_neutrofil,0,0,0,0,0,6235
EO_48767_ccrop.jpg,Eosinophil,segmented-bilobed,bukan_neutrofil,0,0,0,0,0,10945
LY_211339_ccrop.jpg,Lymphocyte,unsegmented-round,bukan_neutrofil,0,0,0,0,0,7785
EO_312048_ccrop.jpg,Eosinophil,segmented-bilobed,bukan_neutrofil,0,0,0,0,0,5985
BNE_371594_ccrop.jpg,Neutrophil,unsegmented-band,A_sepakat_band,0,0,0,0,0,6712
LY_415354_ccrop.jpg,Lymphocyte,unsegmented-round,bukan_neutrofil,0,0,0,0,0,6687
EO_21337_ccrop.jpg,Eosinophil,segmented-bilobed,bukan_neutrofil,0,0,0,0,0,7299
MO_978077_ccrop.jpg,Monocyte,unsegmented-indented,bukan_neutrofil,0,0,0,0,0,9542
SNE_372018_ccrop.jpg,Neutrophil,unsegmented-band,C_konflik_SNE_band,0,0,0,0,0,5067
SNE_238278_ccrop.jpg,Neutrophil,segmented-multilobed,B_sepakat_segmented,0,0,0,0,0,5848
MO_189829_ccrop.jpg,Monocyte,unsegmented-indented,bukan_neutrofil,0,0,0,0,0,11147
LY_363901_ccrop.jpg,Lymphocyte,unsegmented-round,bukan_neutrofil,0,0,0,0,0,5543
LY_525561_ccrop.jpg,Lymphocyte,unsegmented-round,bukan_neutrofil,0,0,0,0,0,4751
EO_872946_ccrop.jpg,Eosinophil,segmented-bilobed,bukan_neutrofil,0,0,0,0,0,6073
MO_140886_ccrop.jpg,Monocyte,unsegmented-indented,bukan_neutrofil,0,0,0,0,0,12886
EO_480614_ccrop.jpg,Eosinophil,unsegmented-band,bukan_neutrofil,0,0,0,0,0,4794
SNE_411413_ccrop.jpg,Neutrophil,segmented-bilobed,B_sepakat_segmented,0,0,0,0,0,5462
EO_210793_ccrop.jpg,Eosinophil,segmented-multilobed,bukan_neutrofil,0,0,0,0,0,6759
SNE_573421_ccrop.jpg,Neutrophil,unsegmented-band,C_konflik_SNE_band,0,0,0,0,0,5370
MO_406112_ccrop.jpg,Monocyte,irregular,bukan_neutrofil,0,0,0,0,0,8927
MO_850422_ccrop.jpg,Monocyte,unsegmented-indented,bukan_neutrofil,0,0,0,0,0,13017
EO_420876_ccrop.jpg,Eosinophil,segmented-bilobed,bukan_neutrofil,0,0,0,0,0,4970
BNE_363984_ccrop.jpg,Neutrophil,unsegmented-band,A_sepakat_band,0,0,0,0,0,5683
BNE_149081_ccrop.jpg,Neutrophil,unsegmented-band,A_sepakat_band,1,51,51,0,1,7103
LY_215666_ccrop.jpg,Lymphocyte,unsegmented-round,bukan_neutrofil,0,0,0,0,0,5201
EO_222702_ccrop.jpg,Eosinophil,segmented-bilobed,bukan_neutrofil,0,0,0,0,0,5828
MO_335605_ccrop.jpg,Monocyte,unsegmented-indented,bukan_neutrofil,0,0,0,0,0,11403
EO_511506_ccrop.jpg,Eosinophil,unsegmented-band,bukan_neutrofil,0,0,0,0,0,4925
BNE_522327_ccrop.jpg,Neutrophil,unsegmented-band,A_sepakat_band,1,312,312,0,1,4804
BNE_342978_ccrop.jpg,Neutrophil,unsegmented-band,A_sepakat_band,0,0,0,0,0,5192
EO_406215_ccrop.jpg,Eosinophil,segmented-bilobed,bukan_neutrofil,1,547,547,0,1,4836
EO_983393_ccrop.jpg,Eosinophil,segmented-bilobed,bukan_neutrofil,0,0,0,0,0,6697
EO_969948_ccrop.jpg,Eosinophil,segmented-bilobed,bukan_neutrofil,0,0,0,0,0,6296
LY_86837_ccrop.jpg,Lymphocyte,unsegmented-round,bukan_neutrofil,0,0,0,0,0,6349
EO_992960_ccrop.jpg,Eosinophil,segmented-bilobed,bukan_neutrofil,0,0,0,0,0,6454
LY_260346_ccrop.jpg,Lymphocyte,unsegmented-indented,bukan_neutrofil,0,0,0,0,0,6036
EO_839813_ccrop.jpg,Eosinophil,segmented-multilobed,bukan_neutrofil,1,51,51,0,1,6564
LY_324819_ccrop.jpg,Lymphocyte,unsegmented-round,bukan_neutrofil,0,0,0,0,0,5966
BA_303986_ccrop.jpg,Basophil,unsegmented-indented,bukan_neutrofil,0,0,0,0,0,4350
LY_487502_ccrop.jpg,Lymphocyte,unsegmented-round,bukan_neutrofil,0,0,0,0,0,5080
BA_27810_ccrop.jpg,Basophil,irregular,bukan_neutrofil,0,0,0,0,0,6837
EO_322092_ccrop.jpg,Eosinophil,segmented-multilobed,bukan_neutrofil,1,66,66,0,1,5734
EO_847347_ccrop.jpg,Eosinophil,segmented-bilobed,bukan_neutrofil,0,0,0,0,0,5643
BNE_369954_ccrop.jpg,Neutrophil,unsegmented-band,A_sepakat_band,0,0,0,0,0,6117
EO_65339_ccrop.jpg,Eosinophil,segmented-bilobed,bukan_neutrofil,0,0,0,0,0,5890
BNE_524918_ccrop.jpg,Neutrophil,unsegmented-band,A_sepakat_band,2,243,240,0,2,6255
BNE_395939_ccrop.jpg,Neutrophil,unsegmented-band,A_sepakat_band,0,0,0,0,0,5838
BA_987742_ccrop.jpg,Basophil,segmented-multilobed,bukan_neutrofil,0,0,0,0,0,6149
MO_685443_ccrop.jpg,Monocyte,irregular,bukan_neutrofil,1,67,67,0,1,11698
EO_241911_ccrop.jpg,Eosinophil,segmented-bilobed,bukan_neutrofil,0,0,0,0,0,6356
EO_95563_ccrop.jpg,Eosinophil,segmented-multilobed,bukan_neutrofil,0,0,0,0,0,6092
BNE_437992_ccrop.jpg,Neutrophil,unsegmented-band,A_sepakat_band,0,0,0,0,0,5630
SNE_305627_ccrop.jpg,Neutrophil,unsegmented-band,C_konflik_SNE_band,0,0,0,0,0,5889
LY_970556_ccrop.jpg,Lymphocyte,unsegmented-round,bukan_neutrofil,0,0,0,0,0,6328
EO_766383_ccrop.jpg,Eosinophil,segmented-bilobed,bukan_neutrofil,0,0,0,0,0,5347
EO_228632_ccrop.jpg,Eosinophil,segmented-bilobed,bukan_neutrofil,0,0,0,0,0,5900
MO_70970_ccrop.jpg,Monocyte,unsegmented-indented,bukan_neutrofil,0,0,0,0,0,7777
BA_883452_ccrop.jpg,Basophil,segmented-multilobed,bukan_neutrofil,0,0,0,0,0,7125
EO_3103_ccrop.jpg,Eosinophil,segmented-multilobed,bukan_neutrofil,1,1,1,0,1,6495
BNE_210860_ccrop.jpg,Neutrophil,unsegmented-band,A_sepakat_band,0,0,0,0,0,5906
EO_720962_ccrop.jpg,Eosinophil,unsegmented-band,bukan_neutrofil,1,355,355,0,1,7991
MO_609013_ccrop.jpg,Monocyte,unsegmented-indented,bukan_neutrofil,0,0,0,0,0,11537
BNE_751844_ccrop.jpg,Neutrophil,unsegmented-band,A_sepakat_band,0,0,0,0,0,6106
EO_646765_ccrop.jpg,Eosinophil,segmented-bilobed,bukan_neutrofil,0,0,0,0,0,5853
SNE_845681_ccrop.jpg,Neutrophil,unsegmented-band,C_konflik_SNE_band,0,0,0,0,0,6437
EO_936911_ccrop.jpg,Eosinophil,segmented-bilobed,bukan_neutrofil,0,0,0,0,0,5365
SNE_993646_ccrop.jpg,Neutrophil,segmented-bilobed,B_sepakat_segmented,1,2,2,0,1,5621
BNE_583475_ccrop.jpg,Neutrophil,unsegmented-band,A_sepakat_band,0,0,0,0,0,5868
LY_586901_ccrop.jpg,Lymphocyte,irregular,bukan_neutrofil,0,0,0,0,0,6327
SNE_81929_ccrop.jpg,Neutrophil,segmented-bilobed,B_sepakat_segmented,0,0,0,0,0,6792
BNE_801236_ccrop.jpg,Neutrophil,unsegmented-band,A_sepakat_band,0,0,0,0,0,5137
MO_356393_ccrop.jpg,Monocyte,irregular,bukan_neutrofil,0,0,0,0,0,13323
NEUTROPHIL_19429_ccrop.jpg,Neutrophil,unsegmented-band,F_tak_bersubtipe,0,0,0,0,0,5111
EO_724140_ccrop.jpg,Eosinophil,segmented-multilobed,bukan_neutrofil,0,0,0,0,0,5078
SNE_539171_ccrop.jpg,Neutrophil,irregular,E_lainnya,0,0,0,0,0,5532
BA_139552_ccrop.jpg,Basophil,irregular,bukan_neutrofil,0,0,0,0,0,5640
MO_246991_ccrop.jpg,Monocyte,unsegmented-indented,bukan_neutrofil,0,0,0,0,0,11186
BNE_283815_ccrop.jpg,Neutrophil,unsegmented-band,A_sepakat_band,1,1,1,0,1,8234
EO_454841_ccrop.jpg,Eosinophil,segmented-bilobed,bukan_neutrofil,0,0,0,0,0,6122
EO_484601_ccrop.jpg,Eosinophil,segmented-bilobed,bukan_neutrofil,0,0,0,0,0,13057
EO_527213_ccrop.jpg,Eosinophil,segmented-bilobed,bukan_neutrofil,0,0,0,0,0,6594
EO_671358_ccrop.jpg,Eosinophil,unsegmented-band,bukan_neutrofil,0,0,0,0,0,4936
BA_18821_ccrop.jpg,Basophil,segmented-bilobed,bukan_neutrofil,0,0,0,0,0,5323
MO_559563_ccrop.jpg,Monocyte,unsegmented-indented,bukan_neutrofil,0,0,0,0,0,11952
LY_54448_ccrop.jpg,Lymphocyte,unsegmented-round,bukan_neutrofil,0,0,0,0,0,5826
BNE_245100_ccrop.jpg,Neutrophil,unsegmented-band,A_sepakat_band,0,0,0,0,0,5627
LY_660722_ccrop.jpg,Lymphocyte,irregular,bukan_neutrofil,0,0,0,0,0,6006
EO_377140_ccrop.jpg,Eosinophil,segmented-multilobed,bukan_neutrofil,1,186,186,0,1,5528
MO_323032_ccrop.jpg,Monocyte,unsegmented-indented,bukan_neutrofil,0,0,0,0,0,10266
SNE_211341_ccrop.jpg,Neutrophil,unsegmented-band,C_konflik_SNE_band,0,0,0,0,0,5893
BNE_594338_ccrop.jpg,Neutrophil,unsegmented-band,A_sepakat_band,0,0,0,0,0,7457
MO_2733_ccrop.jpg,Monocyte,unsegmented-indented,bukan_neutrofil,0,0,0,0,0,10434
EO_910585_ccrop.jpg,Eosinophil,segmented-bilobed,bukan_neutrofil,0,0,0,0,0,6125
EO_820478_ccrop.jpg,Eosinophil,segmented-multilobed,bukan_neutrofil,0,0,0,0,0,7204
MO_843881_ccrop.jpg,Monocyte,irregular,bukan_neutrofil,1,1354,1354,0,1,8753
EO_461608_ccrop.jpg,Eosinophil,segmented-multilobed,bukan_neutrofil,0,0,0,0,0,5495
MO_197366_ccrop.jpg,Monocyte,unsegmented-indented,bukan_neutrofil,0,0,0,0,0,12511
EO_496738_ccrop.jpg,Eosinophil,segmented-bilobed,bukan_neutrofil,0,0,0,0,0,5254
SNE_112815_ccrop.jpg,Neutrophil,unsegmented-band,C_konflik_SNE_band,0,0,0,0,0,5330
MO_889160_ccrop.jpg,Monocyte,unsegmented-indented,bukan_neutrofil,1,342,342,0,1,9302
EO_749709_ccrop.jpg,Eosinophil,segmented-bilobed,bukan_neutrofil,0,0,0,0,0,6221
EO_375973_ccrop.jpg,Eosinophil,segmented-bilobed,bukan_neutrofil,1,59,59,0,1,5442
EO_159536_ccrop.jpg,Eosinophil,segmented-bilobed,bukan_neutrofil,0,0,0,0,0,5868
SNE_684882_ccrop.jpg,Neutrophil,unsegmented-band,C_konflik_SNE_band,0,0,0,0,0,5738
BNE_573445_ccrop.jpg,Neutrophil,unsegmented-band,A_sepakat_band,0,0,0,0,0,7783
EO_326305_ccrop.jpg,Eosinophil,segmented-multilobed,bukan_neutrofil,0,0,0,0,0,7823
BA_736576_ccrop.jpg,Basophil,unsegmented-band,bukan_neutrofil,1,27,27,0,1,6809
EO_86510_ccrop.jpg,Eosinophil,segmented-bilobed,bukan_neutrofil,2,657,656,0,2,5187
MO_122703_ccrop.jpg,Monocyte,unsegmented-indented,bukan_neutrofil,0,0,0,0,0,9774
LY_724965_ccrop.jpg,Lymphocyte,unsegmented-round,bukan_neutrofil,0,0,0,0,0,3862
EO_579598_ccrop.jpg,Eosinophil,segmented-bilobed,bukan_neutrofil,0,0,0,0,0,6496
MO_283747_ccrop.jpg,Monocyte,unsegmented-indented,bukan_neutrofil,0,0,0,0,0,10163
SNE_271495_ccrop.jpg,Neutrophil,unsegmented-band,C_konflik_SNE_band,0,0,0,0,0,5430
EO_835338_ccrop.jpg,Eosinophil,segmented-bilobed,bukan_neutrofil,0,0,0,0,0,6382
MO_10819_ccrop.jpg,Monocyte,unsegmented-indented,bukan_neutrofil,1,20,20,0,1,10267
SNE_80584_ccrop.jpg,Neutrophil,unsegmented-band,C_konflik_SNE_band,0,0,0,0,0,6697
SNE_422423_ccrop.jpg,Neutrophil,unsegmented-band,C_konflik_SNE_band,0,0,0,0,0,6136
LY_659167_ccrop.jpg,Lymphocyte,unsegmented-round,bukan_neutrofil,0,0,0,0,0,5292
EO_841216_ccrop.jpg,Eosinophil,segmented-bilobed,bukan_neutrofil,1,1,1,0,1,6842
MO_452917_ccrop.jpg,Monocyte,unsegmented-indented,bukan_neutrofil,0,0,0,0,0,12150
EO_699219_ccrop.jpg,Eosinophil,segmented-bilobed,bukan_neutrofil,0,0,0,0,0,6403
EO_435926_ccrop.jpg,Eosinophil,segmented-multilobed,bukan_neutrofil,0,0,0,0,0,7081
MO_452518_ccrop.jpg,Monocyte,unsegmented-indented,bukan_neutrofil,0,0,0,0,0,11039
EO_824787_ccrop.jpg,Eosinophil,unsegmented-band,bukan_neutrofil,1,213,213,0,1,8906
EO_49360_ccrop.jpg,Eosinophil,segmented-bilobed,bukan_neutrofil,0,0,0,0,0,15360
LY_646952_ccrop.jpg,Lymphocyte,unsegmented-round,bukan_neutrofil,0,0,0,0,0,5707
BNE_76582_ccrop.jpg,Neutrophil,unsegmented-band,A_sepakat_band,0,0,0,0,0,5153
EO_531647_ccrop.jpg,Eosinophil,segmented-bilobed,bukan_neutrofil,1,1,1,0,1,5427
SNE_111548_ccrop.jpg,Neutrophil,unsegmented-band,C_konflik_SNE_band,2,13,12,0,2,5393
BA_220744_ccrop.jpg,Basophil,segmented-multilobed,bukan_neutrofil,1,94,94,0,1,6921
BNE_222611_ccrop.jpg,Neutrophil,unsegmented-band,A_sepakat_band,1,16,16,0,1,5639
EO_599275_ccrop.jpg,Eosinophil,segmented-bilobed,bukan_neutrofil,0,0,0,0,0,6152
BA_437348_ccrop.jpg,Basophil,segmented-multilobed,bukan_neutrofil,2,181,121,0,2,5973
BNE_700972_ccrop.jpg,Neutrophil,unsegmented-band,A_sepakat_band,0,0,0,0,0,6945
SNE_979904_ccrop.jpg,Neutrophil,unsegmented-band,C_konflik_SNE_band,0,0,0,0,0,5863
MO_344372_ccrop.jpg,Monocyte,irregular,bukan_neutrofil,3,197,107,0,3,10528
EO_647323_ccrop.jpg,Eosinophil,segmented-multilobed,bukan_neutrofil,0,0,0,0,0,6212
MO_939176_ccrop.jpg,Monocyte,unsegmented-indented,bukan_neutrofil,0,0,0,0,0,9551
EO_269763_ccrop.jpg,Eosinophil,segmented-multilobed,bukan_neutrofil,1,549,549,0,1,6591
BA_625394_ccrop.jpg,Basophil,irregular,bukan_neutrofil,0,0,0,0,0,8647
MO_902874_ccrop.jpg,Monocyte,unsegmented-indented,bukan_neutrofil,0,0,0,0,0,6548
EO_545062_ccrop.jpg,Eosinophil,segmented-bilobed,bukan_neutrofil,0,0,0,0,0,6471
LY_692000_ccrop.jpg,Lymphocyte,unsegmented-round,bukan_neutrofil,0,0,0,0,0,6116
SNE_862028_ccrop.jpg,Neutrophil,unsegmented-band,C_konflik_SNE_band,0,0,0,0,0,4856
EO_976763_ccrop.jpg,Eosinophil,segmented-bilobed,bukan_neutrofil,0,0,0,0,0,7563
EO_331089_ccrop.jpg,Eosinophil,segmented-bilobed,bukan_neutrofil,2,68,57,0,2,5106
EO_244255_ccrop.jpg,Eosinophil,segmented-bilobed,bukan_neutrofil,2,50,27,0,2,6030
BA_245418_ccrop.jpg,Basophil,irregular,bukan_neutrofil,0,0,0,0,0,6419
EO_529391_ccrop.jpg,Eosinophil,segmented-multilobed,bukan_neutrofil,1,37,37,0,1,5981
MO_400472_ccrop.jpg,Monocyte,unsegmented-indented,bukan_neutrofil,0,0,0,0,0,11058
EO_237035_ccrop.jpg,Eosinophil,segmented-bilobed,bukan_neutrofil,0,0,0,0,0,5623
SNE_61066_ccrop.jpg,Neutrophil,segmented-bilobed,B_sepakat_segmented,0,0,0,0,0,5185
BNE_630110_ccrop.jpg,Neutrophil,unsegmented-band,A_sepakat_band,0,0,0,0,0,6247
BNE_991404_ccrop.jpg,Neutrophil,unsegmented-band,A_sepakat_band,0,0,0,0,0,6169
SNE_613572_ccrop.jpg,Neutrophil,unsegmented-band,C_konflik_SNE_band,0,0,0,0,0,6173
SNE_256151_ccrop.jpg,Neutrophil,unsegmented-band,C_konflik_SNE_band,0,0,0,0,0,5709
MO_970840_ccrop.jpg,Monocyte,unsegmented-indented,bukan_neutrofil,1,178,178,0,1,8663
BNE_288616_ccrop.jpg,Neutrophil,unsegmented-band,A_sepakat_band,1,778,778,0,1,5588
LY_870847_ccrop.jpg,Lymphocyte,unsegmented-round,bukan_neutrofil,0,0,0,0,0,5701
SNE_73239_ccrop.jpg,Neutrophil,segmented-multilobed,B_sepakat_segmented,2,9,8,0,2,5588
MO_361616_ccrop.jpg,Monocyte,unsegmented-indented,bukan_neutrofil,6,551,157,0,6,10369
LY_531289_ccrop.jpg,Lymphocyte,unsegmented-round,bukan_neutrofil,0,0,0,0,0,6143
EO_217802_ccrop.jpg,Eosinophil,segmented-multilobed,bukan_neutrofil,4,33,25,0,4,6187
BNE_562004_ccrop.jpg,Neutrophil,unsegmented-band,A_sepakat_band,0,0,0,0,0,5069
SNE_999519_ccrop.jpg,Neutrophil,segmented-bilobed,B_sepakat_segmented,0,0,0,0,0,7589
EO_890557_ccrop.jpg,Eosinophil,segmented-bilobed,bukan_neutrofil,0,0,0,0,0,5394
LY_870923_ccrop.jpg,Lymphocyte,unsegmented-round,bukan_neutrofil,0,0,0,0,0,4207
EO_21910_ccrop.jpg,Eosinophil,segmented-multilobed,bukan_neutrofil,0,0,0,0,0,5568
LY_164944_ccrop.jpg,Lymphocyte,unsegmented-round,bukan_neutrofil,0,0,0,0,0,8706
BA_510275_ccrop.jpg,Basophil,irregular,bukan_neutrofil,0,0,0,0,0,5619
SNE_271109_ccrop.jpg,Neutrophil,segmented-bilobed,B_sepakat_segmented,0,0,0,0,0,5446
EO_344556_ccrop.jpg,Eosinophil,segmented-bilobed,bukan_neutrofil,0,0,0,0,0,6969
MO_481574_ccrop.jpg,Monocyte,irregular,bukan_neutrofil,1,336,336,0,1,11876
EO_850016_ccrop.jpg,Eosinophil,segmented-bilobed,bukan_neutrofil,0,0,0,0,0,4889
MO_165898_ccrop.jpg,Monocyte,unsegmented-indented,bukan_neutrofil,1,30,30,0,1,10076
SNE_418367_ccrop.jpg,Neutrophil,segmented-bilobed,B_sepakat_segmented,0,0,0,0,0,6390
BNE_305440_ccrop.jpg,Neutrophil,unsegmented-band,A_sepakat_band,0,0,0,0,0,6664
SNE_227560_ccrop.jpg,Neutrophil,segmented-bilobed,B_sepakat_segmented,0,0,0,0,0,4880
BA_868292_ccrop.jpg,Basophil,irregular,bukan_neutrofil,0,0,0,0,0,7179
SNE_111014_ccrop.jpg,Neutrophil,segmented-bilobed,B_sepakat_segmented,0,0,0,0,0,5529
MO_853712_ccrop.jpg,Monocyte,unsegmented-indented,bukan_neutrofil,0,0,0,0,0,11398
SNE_242356_ccrop.jpg,Neutrophil,segmented-bilobed,B_sepakat_segmented,0,0,0,0,0,6165
MO_858587_ccrop.jpg,Monocyte,unsegmented-indented,bukan_neutrofil,0,0,0,0,0,9969
BNE_378779_ccrop.jpg,Neutrophil,unsegmented-band,A_sepakat_band,0,0,0,0,0,5642
SNE_160_ccrop.jpg,Neutrophil,segmented-bilobed,B_sepakat_segmented,0,0,0,0,0,6142
SNE_88891_ccrop.jpg,Neutrophil,segmented-multilobed,B_sepakat_segmented,0,0,0,0,0,5350
BA_574229_ccrop.jpg,Basophil,segmented-bilobed,bukan_neutrofil,0,0,0,0,0,4835
EO_380528_ccrop.jpg,Eosinophil,segmented-bilobed,bukan_neutrofil,0,0,0,0,0,5165
MO_207940_ccrop.jpg,Monocyte,unsegmented-indented,bukan_neutrofil,0,0,0,0,0,10294
EO_603094_ccrop.jpg,Eosinophil,segmented-bilobed,bukan_neutrofil,0,0,0,0,0,5391
BA_81688_ccrop.jpg,Basophil,segmented-multilobed,bukan_neutrofil,0,0,0,0,0,6445
BNE_455080_ccrop.jpg,Neutrophil,unsegmented-band,A_sepakat_band,0,0,0,0,0,5626
LY_417364_ccrop.jpg,Lymphocyte,unsegmented-indented,bukan_neutrofil,0,0,0,0,0,4780
EO_78307_ccrop.jpg,Eosinophil,segmented-multilobed,bukan_neutrofil,0,0,0,0,0,6560
LY_660274_ccrop.jpg,Lymphocyte,unsegmented-round,bukan_neutrofil,0,0,0,0,0,5753
EO_150200_ccrop.jpg,Eosinophil,segmented-bilobed,bukan_neutrofil,0,0,0,0,0,5521
BA_765277_ccrop.jpg,Basophil,segmented-bilobed,bukan_neutrofil,0,0,0,0,0,7558
BA_200697_ccrop.jpg,Basophil,segmented-bilobed,bukan_neutrofil,0,0,0,0,0,6504
EO_529022_ccrop.jpg,Eosinophil,unsegmented-band,bukan_neutrofil,0,0,0,0,0,6538
SNE_722650_ccrop.jpg,Neutrophil,segmented-multilobed,B_sepakat_segmented,1,145,145,0,1,6716
NEUTROPHIL_369264_ccrop.jpg,Neutrophil,segmented-multilobed,F_tak_bersubtipe,0,0,0,0,0,6346
EO_961935_ccrop.jpg,Eosinophil,segmented-multilobed,bukan_neutrofil,0,0,0,0,0,6957
BNE_938012_ccrop.jpg,Neutrophil,unsegmented-band,A_sepakat_band,0,0,0,0,0,5452
EO_506596_ccrop.jpg,Eosinophil,unsegmented-band,bukan_neutrofil,0,0,0,0,0,5646
EO_536707_ccrop.jpg,Eosinophil,segmented-bilobed,bukan_neutrofil,0,0,0,0,0,6426
MO_231492_ccrop.jpg,Monocyte,unsegmented-indented,bukan_neutrofil,0,0,0,0,0,10866
EO_69004_ccrop.jpg,Eosinophil,segmented-multilobed,bukan_neutrofil,0,0,0,0,0,6241
LY_744979_ccrop.jpg,Lymphocyte,unsegmented-round,bukan_neutrofil,0,0,0,0,0,8530
BA_578023_ccrop.jpg,Basophil,irregular,bukan_neutrofil,0,0,0,0,0,6250
BNE_825578_ccrop.jpg,Neutrophil,unsegmented-band,A_sepakat_band,0,0,0,0,0,4987
EO_481364_ccrop.jpg,Eosinophil,segmented-bilobed,bukan_neutrofil,0,0,0,0,0,10357
BNE_120960_ccrop.jpg,Neutrophil,unsegmented-band,A_sepakat_band,0,0,0,0,0,5894
SNE_217857_ccrop.jpg,Neutrophil,unsegmented-band,C_konflik_SNE_band,0,0,0,0,0,5893
MO_645209_ccrop.jpg,Monocyte,unsegmented-indented,bukan_neutrofil,1,51,51,0,1,11930
EO_657178_ccrop.jpg,Eosinophil,unsegmented-band,bukan_neutrofil,0,0,0,0,0,7418
LY_463533_ccrop.jpg,Lymphocyte,unsegmented-round,bukan_neutrofil,0,0,0,0,0,6221
SNE_826401_ccrop.jpg,Neutrophil,segmented-bilobed,B_sepakat_segmented,1,61,61,0,1,5195
BNE_627505_ccrop.jpg,Neutrophil,unsegmented-band,A_sepakat_band,2,227,197,0,2,5208
EO_805258_ccrop.jpg,Eosinophil,unsegmented-band,bukan_neutrofil,0,0,0,0,0,7004
LY_914453_ccrop.jpg,Lymphocyte,unsegmented-round,bukan_neutrofil,0,0,0,0,0,16462
BNE_560580_ccrop.jpg,Neutrophil,unsegmented-band,A_sepakat_band,0,0,0,0,0,5728
BA_199179_ccrop.jpg,Basophil,irregular,bukan_neutrofil,0,0,0,0,0,7991
BA_695174_ccrop.jpg,Basophil,segmented-multilobed,bukan_neutrofil,1,115,115,0,1,6406
BNE_131100_ccrop.jpg,Neutrophil,unsegmented-band,A_sepakat_band,0,0,0,0,0,5906
EO_240691_ccrop.jpg,Eosinophil,segmented-multilobed,bukan_neutrofil,0,0,0,0,0,7506
EO_602651_ccrop.jpg,Eosinophil,segmented-bilobed,bukan_neutrofil,0,0,0,0,0,5943
BNE_695453_ccrop.jpg,Neutrophil,unsegmented-band,A_sepakat_band,0,0,0,0,0,6726
SNE_316972_ccrop.jpg,Neutrophil,segmented-bilobed,B_sepakat_segmented,1,717,717,0,1,5253
BA_465907_ccrop.jpg,Basophil,irregular,bukan_neutrofil,0,0,0,0,0,5108
BNE_347146_ccrop.jpg,Neutrophil,unsegmented-band,A_sepakat_band,0,0,0,0,0,5139
EO_265598_ccrop.jpg,Eosinophil,segmented-bilobed,bukan_neutrofil,0,0,0,0,0,5241
SNE_130136_ccrop.jpg,Neutrophil,unsegmented-band,C_konflik_SNE_band,0,0,0,0,0,6038
BNE_102203_ccrop.jpg,Neutrophil,segmented-multilobed,D_konflik_BNE_segmented,0,0,0,0,0,4910
SNE_387264_ccrop.jpg,Neutrophil,segmented-bilobed,B_sepakat_segmented,0,0,0,0,0,6156
SNE_332943_ccrop.jpg,Neutrophil,segmented-bilobed,B_sepakat_segmented,0,0,0,0,0,5061
MO_368109_ccrop.jpg,Monocyte,unsegmented-indented,bukan_neutrofil,0,0,0,0,0,10040
LY_326641_ccrop.jpg,Lymphocyte,unsegmented-indented,bukan_neutrofil,0,0,0,0,0,4543
EO_676351_ccrop.jpg,Eosinophil,segmented-bilobed,bukan_neutrofil,0,0,0,0,0,6020
MO_484619_ccrop.jpg,Monocyte,unsegmented-indented,bukan_neutrofil,0,0,0,0,0,11192
EO_959036_ccrop.jpg,Eosinophil,segmented-bilobed,bukan_neutrofil,5,28,15,0,5,5845
MO_675551_ccrop.jpg,Monocyte,unsegmented-indented,bukan_neutrofil,0,0,0,0,0,10870
BNE_470906_ccrop.jpg,Neutrophil,unsegmented-band,A_sepakat_band,0,0,0,0,0,4319
EO_690608_ccrop.jpg,Eosinophil,segmented-multilobed,bukan_neutrofil,0,0,0,0,0,5711
EO_926272_ccrop.jpg,Eosinophil,segmented-bilobed,bukan_neutrofil,1,6,6,0,1,6168
MO_214714_ccrop.jpg,Monocyte,unsegmented-indented,bukan_neutrofil,0,0,0,0,0,7162
LY_869994_ccrop.jpg,Lymphocyte,unsegmented-round,bukan_neutrofil,0,0,0,0,0,4686
LY_792776_ccrop.jpg,Lymphocyte,unsegmented-round,bukan_neutrofil,0,0,0,0,0,4128
EO_589574_ccrop.jpg,Eosinophil,segmented-bilobed,bukan_neutrofil,0,0,0,0,0,6353
BNE_700734_ccrop.jpg,Neutrophil,unsegmented-band,A_sepakat_band,0,0,0,0,0,7017
BA_852185_ccrop.jpg,Basophil,segmented-multilobed,bukan_neutrofil,1,20,20,0,1,7595
LY_4757_ccrop.jpg,Lymphocyte,unsegmented-round,bukan_neutrofil,0,0,0,0,0,6994
SNE_149300_ccrop.jpg,Neutrophil,segmented-multilobed,B_sepakat_segmented,1,488,488,0,1,6153
EO_935629_ccrop.jpg,Eosinophil,segmented-bilobed,bukan_neutrofil,0,0,0,0,0,5723
BNE_295784_ccrop.jpg,Neutrophil,unsegmented-band,A_sepakat_band,1,159,159,0,1,4728
EO_795543_ccrop.jpg,Eosinophil,unsegmented-band,bukan_neutrofil,0,0,0,0,0,6282
EO_263788_ccrop.jpg,Eosinophil,segmented-multilobed,bukan_neutrofil,0,0,0,0,0,5330
LY_788750_ccrop.jpg,Lymphocyte,unsegmented-indented,bukan_neutrofil,0,0,0,0,0,5802
BNE_175712_ccrop.jpg,Neutrophil,unsegmented-band,A_sepakat_band,0,0,0,0,0,3813
MO_771012_ccrop.jpg,Monocyte,irregular,bukan_neutrofil,1,76,76,0,1,9771
BNE_126456_ccrop.jpg,Neutrophil,unsegmented-band,A_sepakat_band,0,0,0,0,0,6568
BNE_63157_ccrop.jpg,Neutrophil,unsegmented-band,A_sepakat_band,1,50,50,0,1,5891
BA_699269_ccrop.jpg,Basophil,irregular,bukan_neutrofil,0,0,0,0,0,3498
BNE_765760_ccrop.jpg,Neutrophil,unsegmented-band,A_sepakat_band,0,0,0,0,0,5112
SNE_148442_ccrop.jpg,Neutrophil,unsegmented-band,C_konflik_SNE_band,0,0,0,0,0,5837
SNE_245577_ccrop.jpg,Neutrophil,unsegmented-band,C_konflik_SNE_band,0,0,0,0,0,5561
BNE_45719_ccrop.jpg,Neutrophil,unsegmented-band,A_sepakat_band,0,0,0,0,0,6263
EO_679301_ccrop.jpg,Eosinophil,segmented-bilobed,bukan_neutrofil,0,0,0,0,0,6125
LY_984424_ccrop.jpg,Lymphocyte,unsegmented-round,bukan_neutrofil,0,0,0,0,0,6631
EO_597403_ccrop.jpg,Eosinophil,segmented-bilobed,bukan_neutrofil,0,0,0,0,0,5502
BA_680048_ccrop.jpg,Basophil,segmented-multilobed,bukan_neutrofil,0,0,0,0,0,5002
LY_700280_ccrop.jpg,Lymphocyte,unsegmented-indented,bukan_neutrofil,0,0,0,0,0,5924
MO_779918_ccrop.jpg,Monocyte,unsegmented-indented,bukan_neutrofil,0,0,0,0,0,7608
MO_506752_ccrop.jpg,Monocyte,irregular,bukan_neutrofil,1,112,112,0,1,11499
BNE_238411_ccrop.jpg,Neutrophil,unsegmented-band,A_sepakat_band,0,0,0,0,0,5911
EO_657449_ccrop.jpg,Eosinophil,segmented-bilobed,bukan_neutrofil,0,0,0,0,0,5493
EO_549758_ccrop.jpg,Eosinophil,segmented-multilobed,bukan_neutrofil,0,0,0,0,0,6991
BA_277489_ccrop.jpg,Basophil,segmented-bilobed,bukan_neutrofil,1,25,25,0,1,7627
BA_208484_ccrop.jpg,Basophil,irregular,bukan_neutrofil,1,119,119,0,1,19363
MO_657991_ccrop.jpg,Monocyte,unsegmented-indented,bukan_neutrofil,0,0,0,0,0,8069
EO_339594_ccrop.jpg,Eosinophil,segmented-multilobed,bukan_neutrofil,0,0,0,0,0,5543
LY_660571_ccrop.jpg,Lymphocyte,unsegmented-indented,bukan_neutrofil,0,0,0,0,0,6771
SNE_210712_ccrop.jpg,Neutrophil,segmented-multilobed,B_sepakat_segmented,0,0,0,0,0,6056
SNE_23742_ccrop.jpg,Neutrophil,unsegmented-band,C_konflik_SNE_band,0,0,0,0,0,5350
BNE_173958_ccrop.jpg,Neutrophil,unsegmented-band,A_sepakat_band,0,0,0,0,0,5268
EO_769690_ccrop.jpg,Eosinophil,segmented-multilobed,bukan_neutrofil,0,0,0,0,0,6779
EO_171779_ccrop.jpg,Eosinophil,segmented-multilobed,bukan_neutrofil,0,0,0,0,0,6897
SNE_42657_ccrop.jpg,Neutrophil,segmented-multilobed,B_sepakat_segmented,0,0,0,0,0,5627
MO_260942_ccrop.jpg,Monocyte,unsegmented-indented,bukan_neutrofil,0,0,0,0,0,9880
BA_338791_ccrop.jpg,Basophil,irregular,bukan_neutrofil,0,0,0,0,0,7807
EO_275189_ccrop.jpg,Eosinophil,segmented-bilobed,bukan_neutrofil,1,566,566,0,1,6341
EO_23466371_ccrop.jpg,Eosinophil,segmented-multilobed,bukan_neutrofil,0,0,0,0,0,5524
SNE_350843_ccrop.jpg,Neutrophil,segmented-bilobed,B_sepakat_segmented,0,0,0,0,0,5388
EO_197483_ccrop.jpg,Eosinophil,segmented-bilobed,bukan_neutrofil,0,0,0,0,0,5823
MO_291599_ccrop.jpg,Monocyte,unsegmented-round,bukan_neutrofil,0,0,0,0,0,10614
BNE_556303_ccrop.jpg,Neutrophil,unsegmented-band,A_sepakat_band,0,0,0,0,0,5351
BA_143059_ccrop.jpg,Basophil,irregular,bukan_neutrofil,0,0,0,0,0,7054
LY_34670_ccrop.jpg,Lymphocyte,unsegmented-round,bukan_neutrofil,0,0,0,0,0,6442
MO_238906_ccrop.jpg,Monocyte,unsegmented-indented,bukan_neutrofil,0,0,0,0,0,10228
SNE_400327_ccrop.jpg,Neutrophil,segmented-multilobed,B_sepakat_segmented,0,0,0,0,0,5617
SNE_99568_ccrop.jpg,Neutrophil,segmented-bilobed,B_sepakat_segmented,0,0,0,0,0,5708
SNE_218509_ccrop.jpg,Neutrophil,unsegmented-band,C_konflik_SNE_band,0,0,0,0,0,5098
EO_522755_ccrop.jpg,Eosinophil,segmented-bilobed,bukan_neutrofil,1,60,60,0,1,5312
SNE_586640_ccrop.jpg,Neutrophil,segmented-bilobed,B_sepakat_segmented,0,0,0,0,0,5449
MO_865250_ccrop.jpg,Monocyte,unsegmented-indented,bukan_neutrofil,0,0,0,0,0,11414
EO_800795_ccrop.jpg,Eosinophil,unsegmented-band,bukan_neutrofil,0,0,0,0,0,5470
EO_451491_ccrop.jpg,Eosinophil,segmented-bilobed,bukan_neutrofil,0,0,0,0,0,6194
EO_807177_ccrop.jpg,Eosinophil,segmented-multilobed,bukan_neutrofil,0,0,0,0,0,5051
EO_490021_ccrop.jpg,Eosinophil,unsegmented-band,bukan_neutrofil,0,0,0,0,0,5114
EO_142899_ccrop.jpg,Eosinophil,segmented-bilobed,bukan_neutrofil,0,0,0,0,0,4991
BNE_93959_ccrop.jpg,Neutrophil,unsegmented-band,A_sepakat_band,0,0,0,0,0,6519
EO_536245_ccrop.jpg,Eosinophil,segmented-multilobed,bukan_neutrofil,0,0,0,0,0,5696
LY_359444_ccrop.jpg,Lymphocyte,unsegmented-round,bukan_neutrofil,0,0,0,0,0,6666
BNE_436871_ccrop.jpg,Neutrophil,unsegmented-band,A_sepakat_band,0,0,0,0,0,5058
EO_484926_ccrop.jpg,Eosinophil,segmented-bilobed,bukan_neutrofil,1,577,577,0,1,6596
MO_979155_ccrop.jpg,Monocyte,unsegmented-indented,bukan_neutrofil,1,50,50,0,1,8874
LY_581436_ccrop.jpg,Lymphocyte,unsegmented-round,bukan_neutrofil,0,0,0,0,0,7086
LY_264329_ccrop.jpg,Lymphocyte,unsegmented-round,bukan_neutrofil,0,0,0,0,0,5637
SNE_827292_ccrop.jpg,Neutrophil,unsegmented-band,C_konflik_SNE_band,1,7,7,0,1,6441
BNE_668846_ccrop.jpg,Neutrophil,unsegmented-band,A_sepakat_band,0,0,0,0,0,6008
SNE_107907_ccrop.jpg,Neutrophil,unsegmented-band,C_konflik_SNE_band,0,0,0,0,0,5727
MO_208200_ccrop.jpg,Monocyte,unsegmented-indented,bukan_neutrofil,0,0,0,0,0,10321
LY_500097_ccrop.jpg,Lymphocyte,unsegmented-round,bukan_neutrofil,0,0,0,0,0,5480
MO_326206_ccrop.jpg,Monocyte,unsegmented-indented,bukan_neutrofil,0,0,0,0,0,9386
MO_802512_ccrop.jpg,Monocyte,unsegmented-indented,bukan_neutrofil,0,0,0,0,0,11743
MO_91781_ccrop.jpg,Monocyte,unsegmented-indented,bukan_neutrofil,0,0,0,0,0,11510
EO_228261_ccrop.jpg,Eosinophil,segmented-bilobed,bukan_neutrofil,0,0,0,0,0,7880
LY_530482_ccrop.jpg,Lymphocyte,unsegmented-indented,bukan_neutrofil,0,0,0,0,0,6386
SNE_189979_ccrop.jpg,Neutrophil,unsegmented-band,C_konflik_SNE_band,1,13,13,0,1,6543
LY_464965_ccrop.jpg,Lymphocyte,unsegmented-round,bukan_neutrofil,0,0,0,0,0,4736
SNE_989373_ccrop.jpg,Neutrophil,segmented-bilobed,B_sepakat_segmented,0,0,0,0,0,7745
SNE_399454_ccrop.jpg,Neutrophil,segmented-bilobed,B_sepakat_segmented,0,0,0,0,0,7551
EO_863304_ccrop.jpg,Eosinophil,segmented-bilobed,bukan_neutrofil,0,0,0,0,0,5803
SNE_341145_ccrop.jpg,Neutrophil,segmented-multilobed,B_sepakat_segmented,1,114,114,0,1,5168
BNE_504244_ccrop.jpg,Neutrophil,unsegmented-band,A_sepakat_band,0,0,0,0,0,6357
BNE_872206_ccrop.jpg,Neutrophil,unsegmented-band,A_sepakat_band,0,0,0,0,0,5751
EO_828557_ccrop.jpg,Eosinophil,segmented-bilobed,bukan_neutrofil,1,41,41,0,1,6065
EO_458204_ccrop.jpg,Eosinophil,segmented-bilobed,bukan_neutrofil,0,0,0,0,0,4907
SNE_636414_ccrop.jpg,Neutrophil,segmented-multilobed,B_sepakat_segmented,0,0,0,0,0,5745
SNE_704271_ccrop.jpg,Neutrophil,segmented-multilobed,B_sepakat_segmented,0,0,0,0,0,5712
BNE_905051_ccrop.jpg,Neutrophil,unsegmented-band,A_sepakat_band,1,3,3,0,1,6017
EO_829748_ccrop.jpg,Eosinophil,segmented-bilobed,bukan_neutrofil,0,0,0,0,0,7077
MO_801922_ccrop.jpg,Monocyte,unsegmented-indented,bukan_neutrofil,0,0,0,0,0,7611
LY_893060_ccrop.jpg,Lymphocyte,irregular,bukan_neutrofil,0,0,0,0,0,5631
BNE_213353_ccrop.jpg,Neutrophil,unsegmented-band,A_sepakat_band,0,0,0,0,0,7053
MO_162441_ccrop.jpg,Monocyte,irregular,bukan_neutrofil,0,0,0,0,0,10842
EO_249066_ccrop.jpg,Eosinophil,segmented-bilobed,bukan_neutrofil,0,0,0,0,0,5983
BA_897131_ccrop.jpg,Basophil,segmented-bilobed,bukan_neutrofil,1,18,18,0,1,5670
BNE_418719_ccrop.jpg,Neutrophil,unsegmented-band,A_sepakat_band,0,0,0,0,0,5795
SNE_457299_ccrop.jpg,Neutrophil,segmented-bilobed,B_sepakat_segmented,0,0,0,0,0,6246
SNE_704264_ccrop.jpg,Neutrophil,segmented-bilobed,B_sepakat_segmented,0,0,0,0,0,4761
MO_817026_ccrop.jpg,Monocyte,unsegmented-indented,bukan_neutrofil,0,0,0,0,0,10473
BNE_946015_ccrop.jpg,Neutrophil,unsegmented-band,A_sepakat_band,0,0,0,0,0,4949
BNE_374932_ccrop.jpg,Neutrophil,unsegmented-band,A_sepakat_band,1,118,118,0,1,5478
SNE_221335_ccrop.jpg,Neutrophil,segmented-bilobed,B_sepakat_segmented,1,278,278,0,1,5342
BNE_641800_ccrop.jpg,Neutrophil,unsegmented-band,A_sepakat_band,0,0,0,0,0,7108
MO_787343_ccrop.jpg,Monocyte,unsegmented-indented,bukan_neutrofil,1,168,168,0,1,9715
EO_49296_ccrop.jpg,Eosinophil,segmented-multilobed,bukan_neutrofil,0,0,0,0,0,5502
BNE_420527_ccrop.jpg,Neutrophil,unsegmented-band,A_sepakat_band,0,0,0,0,0,6353
SNE_619982_ccrop.jpg,Neutrophil,segmented-bilobed,B_sepakat_segmented,0,0,0,0,0,7137
SNE_344447_ccrop.jpg,Neutrophil,unsegmented-band,C_konflik_SNE_band,0,0,0,0,0,7058
SNE_77275_ccrop.jpg,Neutrophil,segmented-bilobed,B_sepakat_segmented,0,0,0,0,0,6094
EO_67753_ccrop.jpg,Eosinophil,segmented-multilobed,bukan_neutrofil,0,0,0,0,0,5667
SNE_517153_ccrop.jpg,Neutrophil,segmented-bilobed,B_sepakat_segmented,0,0,0,0,0,5103
EO_89877_ccrop.jpg,Eosinophil,segmented-bilobed,bukan_neutrofil,3,102,100,0,3,7183
EO_934992_ccrop.jpg,Eosinophil,segmented-multilobed,bukan_neutrofil,0,0,0,0,0,6503
LY_348569_ccrop.jpg,Lymphocyte,unsegmented-round,bukan_neutrofil,0,0,0,0,0,4698
EO_303550_ccrop.jpg,Eosinophil,segmented-multilobed,bukan_neutrofil,0,0,0,0,0,6523
BNE_252419_ccrop.jpg,Neutrophil,unsegmented-band,A_sepakat_band,1,347,347,0,1,4998
MO_121452_ccrop.jpg,Monocyte,irregular,bukan_neutrofil,0,0,0,0,0,10310
BNE_38106_ccrop.jpg,Neutrophil,unsegmented-band,A_sepakat_band,0,0,0,0,0,5767
LY_81744_ccrop.jpg,Lymphocyte,unsegmented-round,bukan_neutrofil,0,0,0,0,0,5389
BNE_850427_ccrop.jpg,Neutrophil,unsegmented-band,A_sepakat_band,0,0,0,0,0,4341
LY_942960_ccrop.jpg,Lymphocyte,unsegmented-round,bukan_neutrofil,0,0,0,0,0,5510
MO_89535_ccrop.jpg,Monocyte,unsegmented-indented,bukan_neutrofil,1,308,308,0,1,11286
BA_98152_ccrop.jpg,Basophil,irregular,bukan_neutrofil,0,0,0,0,0,6728
LY_409311_ccrop.jpg,Lymphocyte,unsegmented-round,bukan_neutrofil,0,0,0,0,0,5211
BA_858229_ccrop.jpg,Basophil,irregular,bukan_neutrofil,0,0,0,0,0,7718
MO_497408_ccrop.jpg,Monocyte,unsegmented-indented,bukan_neutrofil,0,0,0,0,0,10943
SNE_256595_ccrop.jpg,Neutrophil,segmented-bilobed,B_sepakat_segmented,0,0,0,0,0,6662
BA_557453_ccrop.jpg,Basophil,segmented-bilobed,bukan_neutrofil,1,54,54,0,1,7903
BNE_753732_ccrop.jpg,Neutrophil,unsegmented-band,A_sepakat_band,0,0,0,0,0,6724
BNE_387944_ccrop.jpg,Neutrophil,unsegmented-band,A_sepakat_band,0,0,0,0,0,5287
MO_294849_ccrop.jpg,Monocyte,unsegmented-indented,bukan_neutrofil,0,0,0,0,0,7522
MO_438972_ccrop.jpg,Monocyte,unsegmented-indented,bukan_neutrofil,0,0,0,0,0,9728
BA_630455_ccrop.jpg,Basophil,irregular,bukan_neutrofil,0,0,0,0,0,7207
MO_116840_ccrop.jpg,Monocyte,unsegmented-indented,bukan_neutrofil,0,0,0,0,0,11708
EO_690577_ccrop.jpg,Eosinophil,segmented-bilobed,bukan_neutrofil,0,0,0,0,0,6491
LY_973118_ccrop.jpg,Lymphocyte,unsegmented-round,bukan_neutrofil,0,0,0,0,0,7135
EO_644490_ccrop.jpg,Eosinophil,segmented-bilobed,bukan_neutrofil,0,0,0,0,0,6293
MO_689589_ccrop.jpg,Monocyte,unsegmented-indented,bukan_neutrofil,0,0,0,0,0,9884
SNE_761065_ccrop.jpg,Neutrophil,segmented-multilobed,B_sepakat_segmented,2,16,9,0,2,5874
LY_634599_ccrop.jpg,Lymphocyte,unsegmented-round,bukan_neutrofil,0,0,0,0,0,6758
MO_154548_ccrop.jpg,Monocyte,unsegmented-indented,bukan_neutrofil,0,0,0,0,0,10321
EO_520850_ccrop.jpg,Eosinophil,segmented-bilobed,bukan_neutrofil,0,0,0,0,0,8637
LY_692569_ccrop.jpg,Lymphocyte,unsegmented-round,bukan_neutrofil,0,0,0,0,0,5658
BA_121897_ccrop.jpg,Basophil,irregular,bukan_neutrofil,2,56,55,0,2,6229
EO_734621_ccrop.jpg,Eosinophil,segmented-bilobed,bukan_neutrofil,0,0,0,0,0,5028
BNE_895467_ccrop.jpg,Neutrophil,unsegmented-band,A_sepakat_band,0,0,0,0,0,5160
MO_369094_ccrop.jpg,Monocyte,unsegmented-indented,bukan_neutrofil,0,0,0,0,0,10937
BNE_943257_ccrop.jpg,Neutrophil,unsegmented-band,A_sepakat_band,0,0,0,0,0,6672
BA_214538_ccrop.jpg,Basophil,segmented-multilobed,bukan_neutrofil,3,485,424,0,3,6806
EO_869508_ccrop.jpg,Eosinophil,segmented-bilobed,bukan_neutrofil,0,0,0,0,0,6340
MO_768961_ccrop.jpg,Monocyte,unsegmented-indented,bukan_neutrofil,0,0,0,0,0,9492
BNE_903373_ccrop.jpg,Neutrophil,unsegmented-band,A_sepakat_band,0,0,0,0,0,8413
BNE_489792_ccrop.jpg,Neutrophil,unsegmented-band,A_sepakat_band,0,0,0,0,0,5765
BNE_617577_ccrop.jpg,Neutrophil,unsegmented-band,A_sepakat_band,0,0,0,0,0,4310
MO_330502_ccrop.jpg,Monocyte,unsegmented-round,bukan_neutrofil,0,0,0,0,0,10662
EO_504861_ccrop.jpg,Eosinophil,segmented-bilobed,bukan_neutrofil,0,0,0,0,0,5802
BNE_716525_ccrop.jpg,Neutrophil,unsegmented-band,A_sepakat_band,0,0,0,0,0,6315
EO_602720_ccrop.jpg,Eosinophil,segmented-bilobed,bukan_neutrofil,0,0,0,0,0,6680
BNE_882512_ccrop.jpg,Neutrophil,unsegmented-band,A_sepakat_band,0,0,0,0,0,6238
EO_86435_ccrop.jpg,Eosinophil,segmented-bilobed,bukan_neutrofil,0,0,0,0,0,5200
SNE_959482_ccrop.jpg,Neutrophil,segmented-multilobed,B_sepakat_segmented,0,0,0,0,0,6020
LY_982252_ccrop.jpg,Lymphocyte,unsegmented-round,bukan_neutrofil,0,0,0,0,0,7037
BNE_369467_ccrop.jpg,Neutrophil,unsegmented-band,A_sepakat_band,1,36,36,0,1,6892
EO_481692_ccrop.jpg,Eosinophil,segmented-bilobed,bukan_neutrofil,0,0,0,0,0,6357
EO_906513_ccrop.jpg,Eosinophil,segmented-multilobed,bukan_neutrofil,0,0,0,0,0,5755
MO_936881_ccrop.jpg,Monocyte,unsegmented-indented,bukan_neutrofil,0,0,0,0,0,10442
EO_202909_ccrop.jpg,Eosinophil,segmented-multilobed,bukan_neutrofil,1,116,116,0,1,5010
SNE_744394_ccrop.jpg,Neutrophil,unsegmented-band,C_konflik_SNE_band,1,24,24,0,1,5321
LY_374896_ccrop.jpg,Lymphocyte,unsegmented-round,bukan_neutrofil,0,0,0,0,0,5582
BA_414090_ccrop.jpg,Basophil,irregular,bukan_neutrofil,0,0,0,0,0,9658
EO_825851_ccrop.jpg,Eosinophil,segmented-bilobed,bukan_neutrofil,0,0,0,0,0,7347
LY_730192_ccrop.jpg,Lymphocyte,unsegmented-round,bukan_neutrofil,0,0,0,0,0,5210
BA_453670_ccrop.jpg,Basophil,segmented-multilobed,bukan_neutrofil,0,0,0,0,0,8403
SNE_517466_ccrop.jpg,Neutrophil,segmented-bilobed,B_sepakat_segmented,0,0,0,0,0,6263
EO_220240_ccrop.jpg,Eosinophil,segmented-bilobed,bukan_neutrofil,0,0,0,0,0,6660
BNE_567645_ccrop.jpg,Neutrophil,unsegmented-band,A_sepakat_band,0,0,0,0,0,5466
BNE_864734_ccrop.jpg,Neutrophil,unsegmented-band,A_sepakat_band,0,0,0,0,0,5339
EO_865688_ccrop.jpg,Eosinophil,unsegmented-indented,bukan_neutrofil,0,0,0,0,0,6955
SNE_509454_ccrop.jpg,Neutrophil,unsegmented-band,C_konflik_SNE_band,2,118,108,0,2,5668
BA_180990_ccrop.jpg,Basophil,unsegmented-band,bukan_neutrofil,0,0,0,0,0,7192
SNE_406546_ccrop.jpg,Neutrophil,segmented-bilobed,B_sepakat_segmented,0,0,0,0,0,4909
SNE_740742_ccrop.jpg,Neutrophil,segmented-bilobed,B_sepakat_segmented,0,0,0,0,0,5673
SNE_578471_ccrop.jpg,Neutrophil,segmented-multilobed,B_sepakat_segmented,0,0,0,0,0,5358
LY_549231_ccrop.jpg,Lymphocyte,unsegmented-round,bukan_neutrofil,0,0,0,0,0,5946
EO_970630_ccrop.jpg,Eosinophil,segmented-multilobed,bukan_neutrofil,0,0,0,0,0,7509
BA_511776_ccrop.jpg,Basophil,segmented-multilobed,bukan_neutrofil,0,0,0,0,0,5237
EO_531152_ccrop.jpg,Eosinophil,segmented-bilobed,bukan_neutrofil,0,0,0,0,0,4754
BNE_229500_ccrop.jpg,Neutrophil,unsegmented-band,A_sepakat_band,0,0,0,0,0,4718
EO_417023_ccrop.jpg,Eosinophil,irregular,bukan_neutrofil,0,0,0,0,0,7870
MO_930017_ccrop.jpg,Monocyte,unsegmented-indented,bukan_neutrofil,0,0,0,0,0,9947
MO_435882_ccrop.jpg,Monocyte,unsegmented-indented,bukan_neutrofil,0,0,0,0,0,12344
SNE_939200_ccrop.jpg,Neutrophil,segmented-multilobed,B_sepakat_segmented,0,0,0,0,0,5331
BA_360221_ccrop.jpg,Basophil,segmented-bilobed,bukan_neutrofil,0,0,0,0,0,6329
EO_630646_ccrop.jpg,Eosinophil,segmented-bilobed,bukan_neutrofil,0,0,0,0,0,5998
BA_144863_ccrop.jpg,Basophil,irregular,bukan_neutrofil,0,0,0,0,0,6862
EO_728093_ccrop.jpg,Eosinophil,segmented-bilobed,bukan_neutrofil,0,0,0,0,0,6446
BA_279501_ccrop.jpg,Basophil,segmented-bilobed,bukan_neutrofil,1,98,98,0,1,6087
EO_902440_ccrop.jpg,Eosinophil,segmented-bilobed,bukan_neutrofil,1,1,1,0,1,6115
SNE_892623_ccrop.jpg,Neutrophil,segmented-bilobed,B_sepakat_segmented,1,269,269,0,1,5152
MO_129006_ccrop.jpg,Monocyte,unsegmented-indented,bukan_neutrofil,0,0,0,0,0,12290
MO_95719_ccrop.jpg,Monocyte,irregular,bukan_neutrofil,1,337,337,0,1,8843
EO_225010_ccrop.jpg,Eosinophil,segmented-bilobed,bukan_neutrofil,0,0,0,0,0,4521
BNE_865129_ccrop.jpg,Neutrophil,unsegmented-band,A_sepakat_band,0,0,0,0,0,4462
BNE_240454_ccrop.jpg,Neutrophil,unsegmented-band,A_sepakat_band,0,0,0,0,0,5224
SNE_576456_ccrop.jpg,Neutrophil,segmented-multilobed,B_sepakat_segmented,4,189,106,0,4,6465
BA_265929_ccrop.jpg,Basophil,segmented-bilobed,bukan_neutrofil,4,94,82,0,4,7247
MO_985112_ccrop.jpg,Monocyte,unsegmented-indented,bukan_neutrofil,0,0,0,0,0,10146
SNE_280149_ccrop.jpg,Neutrophil,segmented-multilobed,B_sepakat_segmented,2,2,1,0,2,7078
LY_847141_ccrop.jpg,Lymphocyte,unsegmented-round,bukan_neutrofil,0,0,0,0,0,4708
SNE_208866_ccrop.jpg,Neutrophil,unsegmented-band,C_konflik_SNE_band,0,0,0,0,0,6473
LY_834806_ccrop.jpg,Lymphocyte,unsegmented-round,bukan_neutrofil,0,0,0,0,0,5484
SNE_801267_ccrop.jpg,Neutrophil,segmented-multilobed,B_sepakat_segmented,1,52,52,0,1,5457
BA_481299_ccrop.jpg,Basophil,segmented-multilobed,bukan_neutrofil,0,0,0,0,0,7144
EO_990387_ccrop.jpg,Eosinophil,unsegmented-band,bukan_neutrofil,0,0,0,0,0,6732
EO_402029_ccrop.jpg,Eosinophil,segmented-bilobed,bukan_neutrofil,0,0,0,0,0,8153
BNE_760830_ccrop.jpg,Neutrophil,unsegmented-band,A_sepakat_band,0,0,0,0,0,6100
MO_919757_ccrop.jpg,Monocyte,unsegmented-indented,bukan_neutrofil,0,0,0,0,0,10238
EO_485156_ccrop.jpg,Eosinophil,segmented-bilobed,bukan_neutrofil,0,0,0,0,0,5369
EO_207954_ccrop.jpg,Eosinophil,segmented-multilobed,bukan_neutrofil,0,0,0,0,0,6115
MO_613852_ccrop.jpg,Monocyte,unsegmented-indented,bukan_neutrofil,0,0,0,0,0,11238
EO_848307_ccrop.jpg,Eosinophil,unsegmented-band,bukan_neutrofil,1,1298,1298,0,1,6039
EO_10781_ccrop.jpg,Eosinophil,segmented-bilobed,bukan_neutrofil,0,0,0,0,0,5232
EO_329010_ccrop.jpg,Eosinophil,segmented-bilobed,bukan_neutrofil,0,0,0,0,0,6754
BNE_890664_ccrop.jpg,Neutrophil,unsegmented-band,A_sepakat_band,0,0,0,0,0,4926
SNE_271323_ccrop.jpg,Neutrophil,segmented-bilobed,B_sepakat_segmented,0,0,0,0,0,5157
BA_936027_ccrop.jpg,Basophil,segmented-bilobed,bukan_neutrofil,0,0,0,0,0,5081
MO_409710_ccrop.jpg,Monocyte,irregular,bukan_neutrofil,1,119,119,0,1,10647
BNE_438120_ccrop.jpg,Neutrophil,unsegmented-band,A_sepakat_band,0,0,0,0,0,5049
LY_154313_ccrop.jpg,Lymphocyte,unsegmented-round,bukan_neutrofil,0,0,0,0,0,6013
LY_324792_ccrop.jpg,Lymphocyte,unsegmented-round,bukan_neutrofil,0,0,0,0,0,5746
MO_120253_ccrop.jpg,Monocyte,irregular,bukan_neutrofil,1,232,232,0,1,11336
SNE_569272_ccrop.jpg,Neutrophil,unsegmented-band,C_konflik_SNE_band,0,0,0,0,0,5146
BNE_446320_ccrop.jpg,Neutrophil,unsegmented-band,A_sepakat_band,0,0,0,0,0,5732
EO_46356_ccrop.jpg,Eosinophil,segmented-bilobed,bukan_neutrofil,0,0,0,0,0,6754
SNE_663929_ccrop.jpg,Neutrophil,segmented-bilobed,B_sepakat_segmented,0,0,0,0,0,5573
EO_889817_ccrop.jpg,Eosinophil,segmented-bilobed,bukan_neutrofil,0,0,0,0,0,6395
LY_755980_ccrop.jpg,Lymphocyte,unsegmented-round,bukan_neutrofil,0,0,0,0,0,6681
EO_383782_ccrop.jpg,Eosinophil,segmented-multilobed,bukan_neutrofil,0,0,0,0,0,6163
MO_368329_ccrop.jpg,Monocyte,unsegmented-indented,bukan_neutrofil,1,76,76,0,1,10016
BA_55185_ccrop.jpg,Basophil,segmented-bilobed,bukan_neutrofil,0,0,0,0,0,6472
SNE_141171_ccrop.jpg,Neutrophil,unsegmented-band,C_konflik_SNE_band,0,0,0,0,0,5471
LY_495804_ccrop.jpg,Lymphocyte,unsegmented-round,bukan_neutrofil,0,0,0,0,0,8483
MO_300921_ccrop.jpg,Monocyte,unsegmented-indented,bukan_neutrofil,0,0,0,0,0,11197
EO_374007_ccrop.jpg,Eosinophil,segmented-multilobed,bukan_neutrofil,0,0,0,0,0,5446
MO_746516_ccrop.jpg,Monocyte,unsegmented-indented,bukan_neutrofil,1,46,46,0,1,9428
EO_813056_ccrop.jpg,Eosinophil,segmented-bilobed,bukan_neutrofil,0,0,0,0,0,5804
BNE_68126_ccrop.jpg,Neutrophil,unsegmented-band,A_sepakat_band,0,0,0,0,0,4353
LY_891701_ccrop.jpg,Lymphocyte,unsegmented-indented,bukan_neutrofil,0,0,0,0,0,7914
EO_444568_ccrop.jpg,Eosinophil,segmented-multilobed,bukan_neutrofil,0,0,0,0,0,5530
EO_549577_ccrop.jpg,Eosinophil,segmented-bilobed,bukan_neutrofil,1,19,19,0,1,5396
EO_412838_ccrop.jpg,Eosinophil,segmented-bilobed,bukan_neutrofil,0,0,0,0,0,5920
MO_799430_ccrop.jpg,Monocyte,unsegmented-indented,bukan_neutrofil,0,0,0,0,0,10997
EO_28192_ccrop.jpg,Eosinophil,segmented-multilobed,bukan_neutrofil,1,186,186,0,1,5610
BNE_273491_ccrop.jpg,Neutrophil,unsegmented-band,A_sepakat_band,0,0,0,0,0,7493
SNE_782350_ccrop.jpg,Neutrophil,segmented-multilobed,B_sepakat_segmented,1,15,15,0,1,5807
EO_806843_ccrop.jpg,Eosinophil,segmented-bilobed,bukan_neutrofil,0,0,0,0,0,6815
MO_601290_ccrop.jpg,Monocyte,unsegmented-round,bukan_neutrofil,0,0,0,0,0,8503
MO_592949_ccrop.jpg,Monocyte,unsegmented-indented,bukan_neutrofil,0,0,0,0,0,9742
EO_457461_ccrop.jpg,Eosinophil,segmented-bilobed,bukan_neutrofil,1,108,108,0,1,7434
BA_332289_ccrop.jpg,Basophil,segmented-bilobed,bukan_neutrofil,0,0,0,0,0,8047
LY_483235_ccrop.jpg,Lymphocyte,unsegmented-round,bukan_neutrofil,0,0,0,0,0,6240
MO_194123_ccrop.jpg,Monocyte,unsegmented-indented,bukan_neutrofil,0,0,0,0,0,8720
SNE_800425_ccrop.jpg,Neutrophil,segmented-multilobed,B_sepakat_segmented,0,0,0,0,0,6895
LY_275504_ccrop.jpg,Lymphocyte,unsegmented-indented,bukan_neutrofil,0,0,0,0,0,6546
EO_265516_ccrop.jpg,Eosinophil,segmented-multilobed,bukan_neutrofil,0,0,0,0,0,6294
SNE_419260_ccrop.jpg,Neutrophil,unsegmented-band,C_konflik_SNE_band,0,0,0,0,0,4381
EO_266653_ccrop.jpg,Eosinophil,segmented-bilobed,bukan_neutrofil,0,0,0,0,0,7612
EO_261246_ccrop.jpg,Eosinophil,segmented-multilobed,bukan_neutrofil,0,0,0,0,0,6672
EO_865945_ccrop.jpg,Eosinophil,segmented-bilobed,bukan_neutrofil,0,0,0,0,0,5411
BNE_544854_ccrop.jpg,Neutrophil,unsegmented-band,A_sepakat_band,0,0,0,0,0,6591
MO_103089_ccrop.jpg,Monocyte,unsegmented-indented,bukan_neutrofil,0,0,0,0,0,7662
SNE_182336_ccrop.jpg,Neutrophil,unsegmented-band,C_konflik_SNE_band,1,92,92,0,1,5755
MO_545848_ccrop.jpg,Monocyte,unsegmented-indented,bukan_neutrofil,2,49,27,0,2,10079
EO_975814_ccrop.jpg,Eosinophil,unsegmented-band,bukan_neutrofil,0,0,0,0,0,6873
EO_730296_ccrop.jpg,Eosinophil,segmented-bilobed,bukan_neutrofil,0,0,0,0,0,5565
EO_198556_ccrop.jpg,Eosinophil,segmented-bilobed,bukan_neutrofil,0,0,0,0,0,5861
