img_name,label,nucleus_shape,kelompok,luas,nilai_dominan,frak_jaringan,diisi
BNE_7938_ccrop.jpg,Neutrophil,unsegmented-band,A_sepakat_band,10,sitoplasma,1.0,0
BNE_7938_ccrop.jpg,Neutrophil,unsegmented-band,A_sepakat_band,1,sitoplasma,1.0,0
BNE_7938_ccrop.jpg,Neutrophil,unsegmented-band,A_sepakat_band,465,sitoplasma,1.0,0
BNE_9071_ccrop.jpg,Neutrophil,unsegmented-band,A_sepakat_band,273,sitoplasma,1.0,0
BNE_17008_ccrop.jpg,Neutrophil,unsegmented-band,A_sepakat_band,155,sitoplasma,1.0,0
BNE_17008_ccrop.jpg,Neutrophil,unsegmented-band,A_sepakat_band,29,sitoplasma,1.0,0
BNE_17008_ccrop.jpg,Neutrophil,unsegmented-band,A_sepakat_band,4,sitoplasma,1.0,0
BNE_17008_ccrop.jpg,Neutrophil,unsegmented-band,A_sepakat_band,1,sitoplasma,1.0,0
BNE_17008_ccrop.jpg,Neutrophil,unsegmented-band,A_sepakat_band,1,sitoplasma,1.0,0
EO_9228_ccrop.jpg,Eosinophil,segmented-bilobed,bukan_neutrofil,229,sitoplasma,1.0,0
BA_22197_ccrop.jpg,Basophil,segmented-bilobed,bukan_neutrofil,91,sitoplasma,1.0,0
BA_30267_ccrop.jpg,Basophil,irregular,bukan_neutrofil,85,sitoplasma,1.0,0
BA_32490_ccrop.jpg,Basophil,irregular,bukan_neutrofil,251,sitoplasma,1.0,0
MO_26771_ccrop.jpg,Monocyte,unsegmented-indented,bukan_neutrofil,76,vakuola,1.0,0
BA_102750_ccrop.jpg,Basophil,segmented-multilobed,bukan_neutrofil,172,sitoplasma,1.0,0
BA_114542_ccrop.jpg,Basophil,segmented-bilobed,bukan_neutrofil,163,sitoplasma,1.0,0
BA_119131_ccrop.jpg,Basophil,irregular,bukan_neutrofil,280,sitoplasma,1.0,0
BA_120278_ccrop.jpg,Basophil,irregular,bukan_neutrofil,1,sitoplasma,1.0,0
BA_120278_ccrop.jpg,Basophil,irregular,bukan_neutrofil,1,sitoplasma,1.0,0
BA_120278_ccrop.jpg,Basophil,irregular,bukan_neutrofil,2,sitoplasma,1.0,0
BA_120278_ccrop.jpg,Basophil,irregular,bukan_neutrofil,14,sitoplasma,1.0,0
BA_120278_ccrop.jpg,Basophil,irregular,bukan_neutrofil,1,sitoplasma,1.0,0
BA_120278_ccrop.jpg,Basophil,irregular,bukan_neutrofil,1,sitoplasma,1.0,0
BA_120278_ccrop.jpg,Basophil,irregular,bukan_neutrofil,1,sitoplasma,1.0,0
BA_120278_ccrop.jpg,Basophil,irregular,bukan_neutrofil,1,sitoplasma,1.0,0
BA_120278_ccrop.jpg,Basophil,irregular,bukan_neutrofil,1,sitoplasma,1.0,0
BA_120278_ccrop.jpg,Basophil,irregular,bukan_neutrofil,1,sitoplasma,1.0,0
BA_158249_ccrop.jpg,Basophil,irregular,bukan_neutrofil,2,sitoplasma,1.0,0
BA_158249_ccrop.jpg,Basophil,irregular,bukan_neutrofil,28,sitoplasma,1.0,0
BA_161101_ccrop.jpg,Basophil,irregular,bukan_neutrofil,1,sitoplasma,1.0,0
BA_164170_ccrop.jpg,Basophil,irregular,bukan_neutrofil,17,sitoplasma,1.0,0
BA_168028_ccrop.jpg,Basophil,segmented-bilobed,bukan_neutrofil,12,sitoplasma,1.0,0
BA_168028_ccrop.jpg,Basophil,segmented-bilobed,bukan_neutrofil,3,sitoplasma,1.0,0
BA_168028_ccrop.jpg,Basophil,segmented-bilobed,bukan_neutrofil,1,sitoplasma,1.0,0
BA_168028_ccrop.jpg,Basophil,segmented-bilobed,bukan_neutrofil,1,sitoplasma,1.0,0
BA_168028_ccrop.jpg,Basophil,segmented-bilobed,bukan_neutrofil,2,sitoplasma,1.0,0
BA_168028_ccrop.jpg,Basophil,segmented-bilobed,bukan_neutrofil,1,sitoplasma,1.0,0
BA_168028_ccrop.jpg,Basophil,segmented-bilobed,bukan_neutrofil,1,sitoplasma,1.0,0
BA_168028_ccrop.jpg,Basophil,segmented-bilobed,bukan_neutrofil,1,sitoplasma,1.0,0
BA_168028_ccrop.jpg,Basophil,segmented-bilobed,bukan_neutrofil,1,sitoplasma,1.0,0
BA_168028_ccrop.jpg,Basophil,segmented-bilobed,bukan_neutrofil,1,sitoplasma,1.0,0
BA_168028_ccrop.jpg,Basophil,segmented-bilobed,bukan_neutrofil,4,sitoplasma,1.0,0
BA_168028_ccrop.jpg,Basophil,segmented-bilobed,bukan_neutrofil,41,sitoplasma,1.0,0
BA_168028_ccrop.jpg,Basophil,segmented-bilobed,bukan_neutrofil,3,sitoplasma,1.0,0
BA_168028_ccrop.jpg,Basophil,segmented-bilobed,bukan_neutrofil,1,sitoplasma,1.0,0
BA_178853_ccrop.jpg,Basophil,segmented-multilobed,bukan_neutrofil,2,sitoplasma,1.0,0
BA_193863_ccrop.jpg,Basophil,irregular,bukan_neutrofil,4,sitoplasma,1.0,0
BA_206130_ccrop.jpg,Basophil,segmented-bilobed,bukan_neutrofil,1,sitoplasma,1.0,0
BA_206130_ccrop.jpg,Basophil,segmented-bilobed,bukan_neutrofil,1,sitoplasma,1.0,0
BA_215988_ccrop.jpg,Basophil,segmented-bilobed,bukan_neutrofil,372,sitoplasma,1.0,0
BA_215988_ccrop.jpg,Basophil,segmented-bilobed,bukan_neutrofil,2,sitoplasma,1.0,0
BA_215988_ccrop.jpg,Basophil,segmented-bilobed,bukan_neutrofil,2,sitoplasma,1.0,0
BA_223010_ccrop.jpg,Basophil,irregular,bukan_neutrofil,473,sitoplasma,1.0,0
BA_225229_ccrop.jpg,Basophil,irregular,bukan_neutrofil,13,sitoplasma,1.0,0
BA_225540_ccrop.jpg,Basophil,irregular,bukan_neutrofil,50,sitoplasma,1.0,0
BA_229550_ccrop.jpg,Basophil,irregular,bukan_neutrofil,56,sitoplasma,1.0,0
BA_237069_ccrop.jpg,Basophil,segmented-multilobed,bukan_neutrofil,2,sitoplasma,1.0,0
BA_241392_ccrop.jpg,Basophil,segmented-bilobed,bukan_neutrofil,1,sitoplasma,1.0,0
BA_241392_ccrop.jpg,Basophil,segmented-bilobed,bukan_neutrofil,15,sitoplasma,1.0,0
BA_250000_ccrop.jpg,Basophil,segmented-bilobed,bukan_neutrofil,655,sitoplasma,1.0,0
BA_254820_ccrop.jpg,Basophil,segmented-multilobed,bukan_neutrofil,5,sitoplasma,1.0,0
BA_254820_ccrop.jpg,Basophil,segmented-multilobed,bukan_neutrofil,14,sitoplasma,1.0,0
BA_264833_ccrop.jpg,Basophil,segmented-bilobed,bukan_neutrofil,32,sitoplasma,1.0,0
BA_268064_ccrop.jpg,Basophil,irregular,bukan_neutrofil,149,sitoplasma,1.0,0
BA_271501_ccrop.jpg,Basophil,segmented-multilobed,bukan_neutrofil,224,sitoplasma,1.0,0
BA_278185_ccrop.jpg,Basophil,unsegmented-indented,bukan_neutrofil,22,sitoplasma,1.0,0
BA_278185_ccrop.jpg,Basophil,unsegmented-indented,bukan_neutrofil,12,sitoplasma,1.0,0
BA_278185_ccrop.jpg,Basophil,unsegmented-indented,bukan_neutrofil,6,sitoplasma,1.0,0
BA_278185_ccrop.jpg,Basophil,unsegmented-indented,bukan_neutrofil,5,sitoplasma,1.0,0
BA_278185_ccrop.jpg,Basophil,unsegmented-indented,bukan_neutrofil,14,sitoplasma,1.0,0
BA_278185_ccrop.jpg,Basophil,unsegmented-indented,bukan_neutrofil,1,sitoplasma,1.0,0
BA_287643_ccrop.jpg,Basophil,segmented-multilobed,bukan_neutrofil,32,sitoplasma,1.0,0
BA_297732_ccrop.jpg,Basophil,segmented-multilobed,bukan_neutrofil,18,sitoplasma,1.0,0
BA_298364_ccrop.jpg,Basophil,unsegmented-indented,bukan_neutrofil,19,sitoplasma,1.0,0
BA_303637_ccrop.jpg,Basophil,segmented-multilobed,bukan_neutrofil,83,sitoplasma,1.0,0
BA_305735_ccrop.jpg,Basophil,segmented-multilobed,bukan_neutrofil,64,sitoplasma,1.0,0
BA_310106_ccrop.jpg,Basophil,segmented-multilobed,bukan_neutrofil,247,sitoplasma,1.0,0
BA_310106_ccrop.jpg,Basophil,segmented-multilobed,bukan_neutrofil,1,sitoplasma,1.0,0
BA_319331_ccrop.jpg,Basophil,segmented-bilobed,bukan_neutrofil,77,sitoplasma,1.0,0
BA_324268_ccrop.jpg,Basophil,irregular,bukan_neutrofil,123,sitoplasma,1.0,0
BA_324268_ccrop.jpg,Basophil,irregular,bukan_neutrofil,15,sitoplasma,1.0,0
BA_326722_ccrop.jpg,Basophil,segmented-bilobed,bukan_neutrofil,378,sitoplasma,1.0,0
BA_335261_ccrop.jpg,Basophil,irregular,bukan_neutrofil,97,sitoplasma,1.0,0
BA_348602_ccrop.jpg,Basophil,segmented-multilobed,bukan_neutrofil,54,sitoplasma,1.0,0
BA_348602_ccrop.jpg,Basophil,segmented-multilobed,bukan_neutrofil,30,sitoplasma,1.0,0
BA_363018_ccrop.jpg,Basophil,segmented-bilobed,bukan_neutrofil,91,sitoplasma,1.0,0
BA_363018_ccrop.jpg,Basophil,segmented-bilobed,bukan_neutrofil,2,sitoplasma,1.0,0
BA_374431_ccrop.jpg,Basophil,segmented-bilobed,bukan_neutrofil,214,sitoplasma,1.0,0
BA_389328_ccrop.jpg,Basophil,segmented-multilobed,bukan_neutrofil,90,sitoplasma,1.0,0
BA_417333_ccrop.jpg,Basophil,irregular,bukan_neutrofil,33,sitoplasma,1.0,0
BA_417333_ccrop.jpg,Basophil,irregular,bukan_neutrofil,20,sitoplasma,1.0,0
BA_417832_ccrop.jpg,Basophil,segmented-multilobed,bukan_neutrofil,2,sitoplasma,1.0,0
BA_417832_ccrop.jpg,Basophil,segmented-multilobed,bukan_neutrofil,1,sitoplasma,1.0,0
BA_430537_ccrop.jpg,Basophil,segmented-multilobed,bukan_neutrofil,974,sitoplasma,1.0,0
BA_430561_ccrop.jpg,Basophil,segmented-multilobed,bukan_neutrofil,332,sitoplasma,1.0,0
BA_436500_ccrop.jpg,Basophil,irregular,bukan_neutrofil,116,sitoplasma,1.0,0
BA_438781_ccrop.jpg,Basophil,irregular,bukan_neutrofil,24,sitoplasma,1.0,0
BA_438781_ccrop.jpg,Basophil,irregular,bukan_neutrofil,6,sitoplasma,1.0,0
BA_463171_ccrop.jpg,Basophil,segmented-multilobed,bukan_neutrofil,2,sitoplasma,1.0,0
BA_466566_ccrop.jpg,Basophil,segmented-multilobed,bukan_neutrofil,1,sitoplasma,1.0,0
BA_466566_ccrop.jpg,Basophil,segmented-multilobed,bukan_neutrofil,1,sitoplasma,1.0,0
BA_466566_ccrop.jpg,Basophil,segmented-multilobed,bukan_neutrofil,1,sitoplasma,1.0,0
BA_466566_ccrop.jpg,Basophil,segmented-multilobed,bukan_neutrofil,1,sitoplasma,1.0,0
BA_466566_ccrop.jpg,Basophil,segmented-multilobed,bukan_neutrofil,1,sitoplasma,1.0,0
BA_466566_ccrop.jpg,Basophil,segmented-multilobed,bukan_neutrofil,1,sitoplasma,1.0,0
BA_46660_ccrop.jpg,Basophil,segmented-multilobed,bukan_neutrofil,2,sitoplasma,1.0,0
BA_46660_ccrop.jpg,Basophil,segmented-multilobed,bukan_neutrofil,25,sitoplasma,1.0,0
BA_472351_ccrop.jpg,Basophil,segmented-bilobed,bukan_neutrofil,75,sitoplasma,1.0,0
BA_476625_ccrop.jpg,Basophil,irregular,bukan_neutrofil,112,sitoplasma,1.0,0
BA_479247_ccrop.jpg,Basophil,segmented-bilobed,bukan_neutrofil,3,sitoplasma,1.0,0
BA_479247_ccrop.jpg,Basophil,segmented-bilobed,bukan_neutrofil,1,sitoplasma,1.0,0
BA_482919_ccrop.jpg,Basophil,irregular,bukan_neutrofil,13,sitoplasma,1.0,0
BA_484573_ccrop.jpg,Basophil,segmented-bilobed,bukan_neutrofil,19,sitoplasma,1.0,0
BA_486837_ccrop.jpg,Basophil,segmented-bilobed,bukan_neutrofil,12,sitoplasma,1.0,0
BA_490656_ccrop.jpg,Basophil,segmented-bilobed,bukan_neutrofil,107,sitoplasma,1.0,0
BA_495847_ccrop.jpg,Basophil,segmented-multilobed,bukan_neutrofil,67,sitoplasma,1.0,0
BA_499865_ccrop.jpg,Basophil,irregular,bukan_neutrofil,287,sitoplasma,1.0,0
BA_499865_ccrop.jpg,Basophil,irregular,bukan_neutrofil,36,sitoplasma,1.0,0
BA_504098_ccrop.jpg,Basophil,segmented-bilobed,bukan_neutrofil,3,sitoplasma,1.0,0
BA_504098_ccrop.jpg,Basophil,segmented-bilobed,bukan_neutrofil,186,sitoplasma,1.0,0
BA_505208_ccrop.jpg,Basophil,segmented-bilobed,bukan_neutrofil,1,sitoplasma,1.0,0
BA_505208_ccrop.jpg,Basophil,segmented-bilobed,bukan_neutrofil,2,sitoplasma,1.0,0
BA_505208_ccrop.jpg,Basophil,segmented-bilobed,bukan_neutrofil,1,sitoplasma,1.0,0
BA_505208_ccrop.jpg,Basophil,segmented-bilobed,bukan_neutrofil,1,sitoplasma,1.0,0
BA_505208_ccrop.jpg,Basophil,segmented-bilobed,bukan_neutrofil,2,sitoplasma,1.0,0
BA_505208_ccrop.jpg,Basophil,segmented-bilobed,bukan_neutrofil,1,sitoplasma,1.0,0
BA_505208_ccrop.jpg,Basophil,segmented-bilobed,bukan_neutrofil,1,sitoplasma,1.0,0
BA_509224_ccrop.jpg,Basophil,irregular,bukan_neutrofil,50,sitoplasma,1.0,0
BA_515577_ccrop.jpg,Basophil,segmented-bilobed,bukan_neutrofil,1,sitoplasma,1.0,0
BA_526172_ccrop.jpg,Basophil,segmented-bilobed,bukan_neutrofil,53,sitoplasma,1.0,0
BA_529706_ccrop.jpg,Basophil,unsegmented-band,bukan_neutrofil,2,sitoplasma,1.0,0
BA_530459_ccrop.jpg,Basophil,segmented-multilobed,bukan_neutrofil,365,sitoplasma,1.0,0
BA_530459_ccrop.jpg,Basophil,segmented-multilobed,bukan_neutrofil,200,sitoplasma,1.0,0
BA_532264_ccrop.jpg,Basophil,irregular,bukan_neutrofil,110,sitoplasma,1.0,0
BA_533987_ccrop.jpg,Basophil,irregular,bukan_neutrofil,9,sitoplasma,1.0,0
BA_533987_ccrop.jpg,Basophil,irregular,bukan_neutrofil,32,sitoplasma,1.0,0
BA_533987_ccrop.jpg,Basophil,irregular,bukan_neutrofil,6,sitoplasma,1.0,0
BA_534912_ccrop.jpg,Basophil,segmented-bilobed,bukan_neutrofil,220,sitoplasma,1.0,0
BA_545194_ccrop.jpg,Basophil,irregular,bukan_neutrofil,21,sitoplasma,1.0,0
BA_551430_ccrop.jpg,Basophil,segmented-multilobed,bukan_neutrofil,46,sitoplasma,1.0,0
BA_553981_ccrop.jpg,Basophil,irregular,bukan_neutrofil,127,sitoplasma,1.0,0
BA_556627_ccrop.jpg,Basophil,irregular,bukan_neutrofil,147,sitoplasma,1.0,0
BA_556627_ccrop.jpg,Basophil,irregular,bukan_neutrofil,5,sitoplasma,1.0,0
BA_56068_ccrop.jpg,Basophil,irregular,bukan_neutrofil,76,sitoplasma,1.0,0
BA_564059_ccrop.jpg,Basophil,segmented-multilobed,bukan_neutrofil,334,sitoplasma,1.0,0
BA_580_ccrop.jpg,Basophil,segmented-bilobed,bukan_neutrofil,83,sitoplasma,1.0,0
BA_58432_ccrop.jpg,Basophil,segmented-multilobed,bukan_neutrofil,75,sitoplasma,1.0,0
BA_585015_ccrop.jpg,Basophil,segmented-bilobed,bukan_neutrofil,36,sitoplasma,1.0,0
BA_589888_ccrop.jpg,Basophil,irregular,bukan_neutrofil,1,sitoplasma,1.0,0
BA_589888_ccrop.jpg,Basophil,irregular,bukan_neutrofil,2,sitoplasma,1.0,0
BA_60640_ccrop.jpg,Basophil,irregular,bukan_neutrofil,127,sitoplasma,1.0,0
BA_618288_ccrop.jpg,Basophil,irregular,bukan_neutrofil,309,sitoplasma,1.0,0
BA_625461_ccrop.jpg,Basophil,segmented-multilobed,bukan_neutrofil,104,sitoplasma,1.0,0
BA_625461_ccrop.jpg,Basophil,segmented-multilobed,bukan_neutrofil,18,sitoplasma,1.0,0
BA_629062_ccrop.jpg,Basophil,segmented-bilobed,bukan_neutrofil,223,sitoplasma,1.0,0
BA_633258_ccrop.jpg,Basophil,segmented-bilobed,bukan_neutrofil,19,sitoplasma,1.0,0
BA_634320_ccrop.jpg,Basophil,segmented-bilobed,bukan_neutrofil,41,sitoplasma,1.0,0
BA_636660_ccrop.jpg,Basophil,segmented-bilobed,bukan_neutrofil,450,sitoplasma,1.0,0
BA_636660_ccrop.jpg,Basophil,segmented-bilobed,bukan_neutrofil,2,sitoplasma,1.0,0
BA_647570_ccrop.jpg,Basophil,segmented-multilobed,bukan_neutrofil,40,sitoplasma,1.0,0
BA_647570_ccrop.jpg,Basophil,segmented-multilobed,bukan_neutrofil,1,sitoplasma,1.0,0
BA_65751_ccrop.jpg,Basophil,segmented-bilobed,bukan_neutrofil,176,sitoplasma,1.0,0
BA_660263_ccrop.jpg,Basophil,segmented-multilobed,bukan_neutrofil,44,sitoplasma,1.0,0
BA_667936_ccrop.jpg,Basophil,segmented-bilobed,bukan_neutrofil,17,sitoplasma,1.0,0
BA_667936_ccrop.jpg,Basophil,segmented-bilobed,bukan_neutrofil,3,sitoplasma,1.0,0
BA_66887_ccrop.jpg,Basophil,segmented-multilobed,bukan_neutrofil,15,sitoplasma,1.0,0
BA_674430_ccrop.jpg,Basophil,irregular,bukan_neutrofil,1,sitoplasma,1.0,0
BA_674593_ccrop.jpg,Basophil,segmented-bilobed,bukan_neutrofil,127,sitoplasma,1.0,0
BA_676044_ccrop.jpg,Basophil,irregular,bukan_neutrofil,33,sitoplasma,1.0,0
BA_676044_ccrop.jpg,Basophil,irregular,bukan_neutrofil,109,sitoplasma,1.0,0
BA_677937_ccrop.jpg,Basophil,segmented-multilobed,bukan_neutrofil,499,sitoplasma,1.0,0
BA_691235_ccrop.jpg,Basophil,segmented-multilobed,bukan_neutrofil,42,sitoplasma,1.0,0
BA_708202_ccrop.jpg,Basophil,segmented-bilobed,bukan_neutrofil,466,sitoplasma,1.0,0
BA_712840_ccrop.jpg,Basophil,irregular,bukan_neutrofil,8,sitoplasma,1.0,0
BA_717119_ccrop.jpg,Basophil,irregular,bukan_neutrofil,42,sitoplasma,1.0,0
BA_726199_ccrop.jpg,Basophil,irregular,bukan_neutrofil,170,sitoplasma,1.0,0
BA_727435_ccrop.jpg,Basophil,unsegmented-band,bukan_neutrofil,111,sitoplasma,1.0,0
BA_727435_ccrop.jpg,Basophil,unsegmented-band,bukan_neutrofil,1,sitoplasma,1.0,0
BA_73594_ccrop.jpg,Basophil,segmented-bilobed,bukan_neutrofil,442,sitoplasma,1.0,0
BA_737054_ccrop.jpg,Basophil,segmented-multilobed,bukan_neutrofil,1,sitoplasma,1.0,0
BA_737054_ccrop.jpg,Basophil,segmented-multilobed,bukan_neutrofil,3,sitoplasma,1.0,0
BA_738477_ccrop.jpg,Basophil,irregular,bukan_neutrofil,65,sitoplasma,1.0,0
BA_738477_ccrop.jpg,Basophil,irregular,bukan_neutrofil,16,sitoplasma,1.0,0
BA_74973_ccrop.jpg,Basophil,segmented-bilobed,bukan_neutrofil,1,sitoplasma,1.0,0
BA_74973_ccrop.jpg,Basophil,segmented-bilobed,bukan_neutrofil,6,sitoplasma,1.0,0
BA_74973_ccrop.jpg,Basophil,segmented-bilobed,bukan_neutrofil,1,sitoplasma,1.0,0
BA_74973_ccrop.jpg,Basophil,segmented-bilobed,bukan_neutrofil,1,sitoplasma,1.0,0
BA_74973_ccrop.jpg,Basophil,segmented-bilobed,bukan_neutrofil,2,sitoplasma,1.0,0
BA_74973_ccrop.jpg,Basophil,segmented-bilobed,bukan_neutrofil,2,sitoplasma,1.0,0
BA_74973_ccrop.jpg,Basophil,segmented-bilobed,bukan_neutrofil,1,sitoplasma,1.0,0
BA_74973_ccrop.jpg,Basophil,segmented-bilobed,bukan_neutrofil,17,sitoplasma,1.0,0
BA_74973_ccrop.jpg,Basophil,segmented-bilobed,bukan_neutrofil,2,sitoplasma,1.0,0
BA_74973_ccrop.jpg,Basophil,segmented-bilobed,bukan_neutrofil,1,sitoplasma,1.0,0
BA_752724_ccrop.jpg,Basophil,unsegmented-band,bukan_neutrofil,37,sitoplasma,1.0,0
BA_756115_ccrop.jpg,Basophil,segmented-bilobed,bukan_neutrofil,1,sitoplasma,1.0,0
BA_756115_ccrop.jpg,Basophil,segmented-bilobed,bukan_neutrofil,13,sitoplasma,1.0,0
BA_759768_ccrop.jpg,Basophil,segmented-bilobed,bukan_neutrofil,236,sitoplasma,1.0,0
BA_77342_ccrop.jpg,Basophil,segmented-bilobed,bukan_neutrofil,63,sitoplasma,1.0,0
BA_775053_ccrop.jpg,Basophil,irregular,bukan_neutrofil,43,sitoplasma,1.0,0
BA_779930_ccrop.jpg,Basophil,segmented-bilobed,bukan_neutrofil,50,sitoplasma,1.0,0
BA_779930_ccrop.jpg,Basophil,segmented-bilobed,bukan_neutrofil,51,sitoplasma,1.0,0
BA_785583_ccrop.jpg,Basophil,irregular,bukan_neutrofil,325,sitoplasma,1.0,0
BA_786828_ccrop.jpg,Basophil,segmented-bilobed,bukan_neutrofil,162,sitoplasma,1.0,0
BA_786828_ccrop.jpg,Basophil,segmented-bilobed,bukan_neutrofil,1,sitoplasma,1.0,0
BA_786828_ccrop.jpg,Basophil,segmented-bilobed,bukan_neutrofil,2,sitoplasma,1.0,0
BA_791032_ccrop.jpg,Basophil,irregular,bukan_neutrofil,194,sitoplasma,1.0,0
BA_801667_ccrop.jpg,Basophil,segmented-multilobed,bukan_neutrofil,647,sitoplasma,1.0,0
BA_804739_ccrop.jpg,Basophil,unsegmented-band,bukan_neutrofil,386,sitoplasma,1.0,0
BA_804739_ccrop.jpg,Basophil,unsegmented-band,bukan_neutrofil,3,sitoplasma,1.0,0
BA_809385_ccrop.jpg,Basophil,segmented-multilobed,bukan_neutrofil,23,sitoplasma,1.0,0
BA_809385_ccrop.jpg,Basophil,segmented-multilobed,bukan_neutrofil,129,sitoplasma,1.0,0
BA_809385_ccrop.jpg,Basophil,segmented-multilobed,bukan_neutrofil,14,sitoplasma,1.0,0
BA_809385_ccrop.jpg,Basophil,segmented-multilobed,bukan_neutrofil,262,sitoplasma,1.0,0
BA_810083_ccrop.jpg,Basophil,irregular,bukan_neutrofil,1,sitoplasma,1.0,0
BA_810083_ccrop.jpg,Basophil,irregular,bukan_neutrofil,13,sitoplasma,1.0,0
BA_810083_ccrop.jpg,Basophil,irregular,bukan_neutrofil,632,sitoplasma,1.0,0
BA_810083_ccrop.jpg,Basophil,irregular,bukan_neutrofil,1,sitoplasma,1.0,0
BA_812916_ccrop.jpg,Basophil,segmented-multilobed,bukan_neutrofil,1,sitoplasma,1.0,0
BA_816082_ccrop.jpg,Basophil,segmented-multilobed,bukan_neutrofil,322,sitoplasma,1.0,0
BA_816294_ccrop.jpg,Basophil,irregular,bukan_neutrofil,54,sitoplasma,1.0,0
BA_817842_ccrop.jpg,Basophil,irregular,bukan_neutrofil,2,sitoplasma,1.0,0
BA_819177_ccrop.jpg,Basophil,segmented-bilobed,bukan_neutrofil,93,sitoplasma,1.0,0
BA_820417_ccrop.jpg,Basophil,irregular,bukan_neutrofil,98,sitoplasma,1.0,0
BA_820417_ccrop.jpg,Basophil,irregular,bukan_neutrofil,1,sitoplasma,1.0,0
BA_820417_ccrop.jpg,Basophil,irregular,bukan_neutrofil,165,sitoplasma,1.0,0
BA_821772_ccrop.jpg,Basophil,segmented-bilobed,bukan_neutrofil,3,sitoplasma,1.0,0
BA_835645_ccrop.jpg,Basophil,segmented-bilobed,bukan_neutrofil,10,sitoplasma,1.0,0
BA_835897_ccrop.jpg,Basophil,irregular,bukan_neutrofil,34,sitoplasma,1.0,0
BA_844617_ccrop.jpg,Basophil,segmented-multilobed,bukan_neutrofil,109,sitoplasma,1.0,0
BA_847959_ccrop.jpg,Basophil,unsegmented-band,bukan_neutrofil,351,sitoplasma,1.0,0
BA_849533_ccrop.jpg,Basophil,segmented-multilobed,bukan_neutrofil,373,sitoplasma,1.0,0
BA_849723_ccrop.jpg,Basophil,irregular,bukan_neutrofil,86,sitoplasma,1.0,0
BA_858886_ccrop.jpg,Basophil,unsegmented-band,bukan_neutrofil,356,sitoplasma,1.0,0
BA_85940_ccrop.jpg,Basophil,segmented-bilobed,bukan_neutrofil,11,sitoplasma,1.0,0
BA_85940_ccrop.jpg,Basophil,segmented-bilobed,bukan_neutrofil,2,sitoplasma,1.0,0
BA_864938_ccrop.jpg,Basophil,segmented-multilobed,bukan_neutrofil,66,sitoplasma,1.0,0
BA_864938_ccrop.jpg,Basophil,segmented-multilobed,bukan_neutrofil,16,sitoplasma,1.0,0
BA_8742_ccrop.jpg,Basophil,irregular,bukan_neutrofil,89,sitoplasma,1.0,0
BA_877555_ccrop.jpg,Basophil,segmented-bilobed,bukan_neutrofil,11,sitoplasma,1.0,0
BA_877555_ccrop.jpg,Basophil,segmented-bilobed,bukan_neutrofil,91,sitoplasma,1.0,0
BA_877555_ccrop.jpg,Basophil,segmented-bilobed,bukan_neutrofil,2,sitoplasma,1.0,0
BA_877555_ccrop.jpg,Basophil,segmented-bilobed,bukan_neutrofil,4,sitoplasma,1.0,0
BA_892159_ccrop.jpg,Basophil,segmented-bilobed,bukan_neutrofil,4,sitoplasma,1.0,0
BA_893914_ccrop.jpg,Basophil,segmented-multilobed,bukan_neutrofil,18,sitoplasma,1.0,0
BA_895163_ccrop.jpg,Basophil,unsegmented-band,bukan_neutrofil,1,sitoplasma,1.0,0
BA_899396_ccrop.jpg,Basophil,irregular,bukan_neutrofil,25,sitoplasma,1.0,0
BA_911932_ccrop.jpg,Basophil,irregular,bukan_neutrofil,15,sitoplasma,1.0,0
BA_913408_ccrop.jpg,Basophil,segmented-multilobed,bukan_neutrofil,92,sitoplasma,1.0,0
BA_921895_ccrop.jpg,Basophil,segmented-bilobed,bukan_neutrofil,272,sitoplasma,1.0,0
BA_922772_ccrop.jpg,Basophil,unsegmented-band,bukan_neutrofil,122,sitoplasma,1.0,0
BA_925938_ccrop.jpg,Basophil,segmented-bilobed,bukan_neutrofil,545,sitoplasma,1.0,0
BA_929127_ccrop.jpg,Basophil,segmented-multilobed,bukan_neutrofil,363,sitoplasma,1.0,0
BA_937156_ccrop.jpg,Basophil,irregular,bukan_neutrofil,11,sitoplasma,1.0,0
BA_93822_ccrop.jpg,Basophil,segmented-bilobed,bukan_neutrofil,40,sitoplasma,1.0,0
BA_94405_ccrop.jpg,Basophil,segmented-multilobed,bukan_neutrofil,2,sitoplasma,1.0,0
BA_946406_ccrop.jpg,Basophil,segmented-bilobed,bukan_neutrofil,8,sitoplasma,1.0,0
BA_957241_ccrop.jpg,Basophil,irregular,bukan_neutrofil,94,sitoplasma,1.0,0
BA_957241_ccrop.jpg,Basophil,irregular,bukan_neutrofil,14,sitoplasma,1.0,0
BA_965389_ccrop.jpg,Basophil,irregular,bukan_neutrofil,9,sitoplasma,1.0,0
BA_965389_ccrop.jpg,Basophil,irregular,bukan_neutrofil,1,sitoplasma,1.0,0
BA_975585_ccrop.jpg,Basophil,segmented-bilobed,bukan_neutrofil,17,sitoplasma,1.0,0
BA_980473_ccrop.jpg,Basophil,irregular,bukan_neutrofil,10,sitoplasma,1.0,0
BA_98051_ccrop.jpg,Basophil,irregular,bukan_neutrofil,4,sitoplasma,1.0,0
BA_98051_ccrop.jpg,Basophil,irregular,bukan_neutrofil,23,sitoplasma,1.0,0
BA_989748_ccrop.jpg,Basophil,segmented-bilobed,bukan_neutrofil,32,sitoplasma,1.0,0
BA_994179_ccrop.jpg,Basophil,segmented-bilobed,bukan_neutrofil,376,sitoplasma,1.0,0
BNE_106934_ccrop.jpg,Neutrophil,unsegmented-band,A_sepakat_band,488,sitoplasma,1.0,0
BNE_115257_ccrop.jpg,Neutrophil,unsegmented-band,A_sepakat_band,122,sitoplasma,1.0,0
BNE_125774_ccrop.jpg,Neutrophil,unsegmented-band,A_sepakat_band,410,sitoplasma,1.0,0
BNE_125774_ccrop.jpg,Neutrophil,unsegmented-band,A_sepakat_band,1,sitoplasma,1.0,0
BNE_126596_ccrop.jpg,Neutrophil,unsegmented-band,A_sepakat_band,225,sitoplasma,1.0,0
BNE_133048_ccrop.jpg,Neutrophil,unsegmented-band,A_sepakat_band,623,sitoplasma,1.0,0
BNE_140522_ccrop.jpg,Neutrophil,unsegmented-band,A_sepakat_band,532,sitoplasma,1.0,0
BNE_150545_ccrop.jpg,Neutrophil,unsegmented-band,A_sepakat_band,269,sitoplasma,1.0,0
BNE_158179_ccrop.jpg,Neutrophil,unsegmented-band,A_sepakat_band,1,sitoplasma,1.0,0
BNE_158179_ccrop.jpg,Neutrophil,unsegmented-band,A_sepakat_band,2,sitoplasma,1.0,0
BNE_158179_ccrop.jpg,Neutrophil,unsegmented-band,A_sepakat_band,1,sitoplasma,1.0,0
BNE_158179_ccrop.jpg,Neutrophil,unsegmented-band,A_sepakat_band,2,sitoplasma,1.0,0
BNE_163974_ccrop.jpg,Neutrophil,unsegmented-band,A_sepakat_band,1,sitoplasma,1.0,0
BNE_163974_ccrop.jpg,Neutrophil,unsegmented-band,A_sepakat_band,1,sitoplasma,1.0,0
BNE_163974_ccrop.jpg,Neutrophil,unsegmented-band,A_sepakat_band,39,sitoplasma,1.0,0
BNE_163974_ccrop.jpg,Neutrophil,unsegmented-band,A_sepakat_band,2,sitoplasma,1.0,0
BNE_163974_ccrop.jpg,Neutrophil,unsegmented-band,A_sepakat_band,2,sitoplasma,1.0,0
BNE_163974_ccrop.jpg,Neutrophil,unsegmented-band,A_sepakat_band,2,sitoplasma,1.0,0
BNE_169393_ccrop.jpg,Neutrophil,unsegmented-band,A_sepakat_band,55,sitoplasma,1.0,0
BNE_172318_ccrop.jpg,Neutrophil,unsegmented-band,A_sepakat_band,33,sitoplasma,1.0,0
BNE_179976_ccrop.jpg,Neutrophil,unsegmented-band,A_sepakat_band,1,sitoplasma,1.0,0
BNE_179976_ccrop.jpg,Neutrophil,unsegmented-band,A_sepakat_band,1,sitoplasma,1.0,0
BNE_179976_ccrop.jpg,Neutrophil,unsegmented-band,A_sepakat_band,1,sitoplasma,1.0,0
BNE_196260_ccrop.jpg,Neutrophil,unsegmented-band,A_sepakat_band,1,sitoplasma,1.0,0
BNE_196260_ccrop.jpg,Neutrophil,unsegmented-band,A_sepakat_band,1,sitoplasma,1.0,0
BNE_196924_ccrop.jpg,Neutrophil,segmented-bilobed,D_konflik_BNE_segmented,3,sitoplasma,1.0,0
BNE_196924_ccrop.jpg,Neutrophil,segmented-bilobed,D_konflik_BNE_segmented,7,sitoplasma,1.0,0
BNE_197336_ccrop.jpg,Neutrophil,unsegmented-band,A_sepakat_band,20,sitoplasma,1.0,0
BNE_197336_ccrop.jpg,Neutrophil,unsegmented-band,A_sepakat_band,3,sitoplasma,1.0,0
BNE_199310_ccrop.jpg,Neutrophil,unsegmented-band,A_sepakat_band,949,sitoplasma,1.0,0
BNE_208829_ccrop.jpg,Neutrophil,unsegmented-band,A_sepakat_band,60,sitoplasma,1.0,0
BNE_210724_ccrop.jpg,Neutrophil,unsegmented-band,A_sepakat_band,25,sitoplasma,1.0,0
BNE_218516_ccrop.jpg,Neutrophil,unsegmented-band,A_sepakat_band,28,sitoplasma,1.0,0
BNE_235785_ccrop.jpg,Neutrophil,unsegmented-band,A_sepakat_band,171,sitoplasma,1.0,0
BNE_239147_ccrop.jpg,Neutrophil,unsegmented-band,A_sepakat_band,2,sitoplasma,1.0,0
BNE_246456_ccrop.jpg,Neutrophil,segmented-multilobed,D_konflik_BNE_segmented,19,sitoplasma,1.0,0
BNE_246456_ccrop.jpg,Neutrophil,segmented-multilobed,D_konflik_BNE_segmented,1,sitoplasma,1.0,0
BNE_246456_ccrop.jpg,Neutrophil,segmented-multilobed,D_konflik_BNE_segmented,1,sitoplasma,1.0,0
BNE_246456_ccrop.jpg,Neutrophil,segmented-multilobed,D_konflik_BNE_segmented,1,sitoplasma,1.0,0
BNE_246456_ccrop.jpg,Neutrophil,segmented-multilobed,D_konflik_BNE_segmented,3,sitoplasma,1.0,0
BNE_246456_ccrop.jpg,Neutrophil,segmented-multilobed,D_konflik_BNE_segmented,1,sitoplasma,1.0,0
BNE_246456_ccrop.jpg,Neutrophil,segmented-multilobed,D_konflik_BNE_segmented,3,sitoplasma,1.0,0
BNE_246456_ccrop.jpg,Neutrophil,segmented-multilobed,D_konflik_BNE_segmented,71,sitoplasma,1.0,0
BNE_248619_ccrop.jpg,Neutrophil,unsegmented-band,A_sepakat_band,457,sitoplasma,1.0,0
BNE_248619_ccrop.jpg,Neutrophil,unsegmented-band,A_sepakat_band,1,sitoplasma,1.0,0
BNE_248619_ccrop.jpg,Neutrophil,unsegmented-band,A_sepakat_band,2,sitoplasma,1.0,0
BNE_253038_ccrop.jpg,Neutrophil,unsegmented-band,A_sepakat_band,1,sitoplasma,1.0,0
BNE_268233_ccrop.jpg,Neutrophil,unsegmented-band,A_sepakat_band,123,sitoplasma,1.0,0
BNE_277907_ccrop.jpg,Neutrophil,segmented-bilobed,D_konflik_BNE_segmented,50,sitoplasma,1.0,0
BNE_284465_ccrop.jpg,Neutrophil,unsegmented-band,A_sepakat_band,214,sitoplasma,1.0,0
BNE_295613_ccrop.jpg,Neutrophil,unsegmented-band,A_sepakat_band,17,sitoplasma,1.0,0
BNE_296511_ccrop.jpg,Neutrophil,irregular,E_lainnya,6,sitoplasma,1.0,0
BNE_313131_ccrop.jpg,Neutrophil,unsegmented-band,A_sepakat_band,96,sitoplasma,1.0,0
BNE_313131_ccrop.jpg,Neutrophil,unsegmented-band,A_sepakat_band,23,sitoplasma,1.0,0
BNE_313131_ccrop.jpg,Neutrophil,unsegmented-band,A_sepakat_band,44,sitoplasma,1.0,0
BNE_315742_ccrop.jpg,Neutrophil,unsegmented-band,A_sepakat_band,760,sitoplasma,1.0,0
BNE_315947_ccrop.jpg,Neutrophil,unsegmented-band,A_sepakat_band,101,vakuola,1.0,0
BNE_316679_ccrop.jpg,Neutrophil,unsegmented-band,A_sepakat_band,516,sitoplasma,1.0,0
BNE_323493_ccrop.jpg,Neutrophil,unsegmented-band,A_sepakat_band,9,sitoplasma,1.0,0
BNE_323493_ccrop.jpg,Neutrophil,unsegmented-band,A_sepakat_band,312,sitoplasma,1.0,0
BNE_338982_ccrop.jpg,Neutrophil,unsegmented-band,A_sepakat_band,17,sitoplasma,1.0,0
BNE_357822_ccrop.jpg,Neutrophil,unsegmented-band,A_sepakat_band,25,sitoplasma,1.0,0
BNE_357822_ccrop.jpg,Neutrophil,unsegmented-band,A_sepakat_band,1,sitoplasma,1.0,0
BNE_357822_ccrop.jpg,Neutrophil,unsegmented-band,A_sepakat_band,22,sitoplasma,1.0,0
BNE_359949_ccrop.jpg,Neutrophil,unsegmented-band,A_sepakat_band,1,sitoplasma,1.0,0
BNE_359949_ccrop.jpg,Neutrophil,unsegmented-band,A_sepakat_band,2,sitoplasma,1.0,0
BNE_359949_ccrop.jpg,Neutrophil,unsegmented-band,A_sepakat_band,2,sitoplasma,1.0,0
BNE_362920_ccrop.jpg,Neutrophil,unsegmented-band,A_sepakat_band,10,sitoplasma,1.0,0
BNE_373543_ccrop.jpg,Neutrophil,unsegmented-band,A_sepakat_band,1,sitoplasma,1.0,0
BNE_378921_ccrop.jpg,Neutrophil,unsegmented-band,A_sepakat_band,8,sitoplasma,1.0,0
BNE_380348_ccrop.jpg,Neutrophil,unsegmented-band,A_sepakat_band,23,sitoplasma,1.0,0
BNE_380348_ccrop.jpg,Neutrophil,unsegmented-band,A_sepakat_band,2,sitoplasma,1.0,0
BNE_380348_ccrop.jpg,Neutrophil,unsegmented-band,A_sepakat_band,5,sitoplasma,1.0,0
BNE_382771_ccrop.jpg,Neutrophil,unsegmented-band,A_sepakat_band,26,sitoplasma,1.0,0
BNE_384062_ccrop.jpg,Neutrophil,segmented-bilobed,D_konflik_BNE_segmented,6,sitoplasma,1.0,0
BNE_386017_ccrop.jpg,Neutrophil,unsegmented-band,A_sepakat_band,60,sitoplasma,1.0,0
BNE_386017_ccrop.jpg,Neutrophil,unsegmented-band,A_sepakat_band,3,sitoplasma,1.0,0
BNE_396823_ccrop.jpg,Neutrophil,unsegmented-band,A_sepakat_band,9,sitoplasma,1.0,0
BNE_396853_ccrop.jpg,Neutrophil,unsegmented-band,A_sepakat_band,135,sitoplasma,1.0,0
BNE_397228_ccrop.jpg,Neutrophil,unsegmented-band,A_sepakat_band,15,sitoplasma,1.0,0
BNE_397228_ccrop.jpg,Neutrophil,unsegmented-band,A_sepakat_band,53,sitoplasma,1.0,0
BNE_409791_ccrop.jpg,Neutrophil,unsegmented-band,A_sepakat_band,73,sitoplasma,1.0,0
BNE_411518_ccrop.jpg,Neutrophil,unsegmented-band,A_sepakat_band,183,sitoplasma,1.0,0
BNE_411518_ccrop.jpg,Neutrophil,unsegmented-band,A_sepakat_band,1,sitoplasma,1.0,0
BNE_411518_ccrop.jpg,Neutrophil,unsegmented-band,A_sepakat_band,1,sitoplasma,1.0,0
BNE_411518_ccrop.jpg,Neutrophil,unsegmented-band,A_sepakat_band,2,sitoplasma,1.0,0
BNE_411518_ccrop.jpg,Neutrophil,unsegmented-band,A_sepakat_band,1,sitoplasma,1.0,0
BNE_411518_ccrop.jpg,Neutrophil,unsegmented-band,A_sepakat_band,1,sitoplasma,1.0,0
BNE_411518_ccrop.jpg,Neutrophil,unsegmented-band,A_sepakat_band,2,sitoplasma,1.0,0
BNE_415445_ccrop.jpg,Neutrophil,segmented-bilobed,D_konflik_BNE_segmented,486,sitoplasma,1.0,0
BNE_426453_ccrop.jpg,Neutrophil,unsegmented-band,A_sepakat_band,127,sitoplasma,1.0,0
BNE_430604_ccrop.jpg,Neutrophil,unsegmented-band,A_sepakat_band,75,sitoplasma,1.0,0
BNE_438952_ccrop.jpg,Neutrophil,unsegmented-band,A_sepakat_band,359,sitoplasma,1.0,0
BNE_44328_ccrop.jpg,Neutrophil,unsegmented-band,A_sepakat_band,116,sitoplasma,1.0,0
BNE_447939_ccrop.jpg,Neutrophil,unsegmented-band,A_sepakat_band,1,sitoplasma,1.0,0
BNE_447939_ccrop.jpg,Neutrophil,unsegmented-band,A_sepakat_band,2,sitoplasma,1.0,0
BNE_447939_ccrop.jpg,Neutrophil,unsegmented-band,A_sepakat_band,56,sitoplasma,1.0,0
BNE_451729_ccrop.jpg,Neutrophil,unsegmented-band,A_sepakat_band,118,sitoplasma,1.0,0
BNE_454089_ccrop.jpg,Neutrophil,unsegmented-band,A_sepakat_band,77,sitoplasma,1.0,0
BNE_485377_ccrop.jpg,Neutrophil,unsegmented-band,A_sepakat_band,1,sitoplasma,1.0,0
BNE_487299_ccrop.jpg,Neutrophil,unsegmented-band,A_sepakat_band,38,sitoplasma,1.0,0
BNE_499517_ccrop.jpg,Neutrophil,unsegmented-band,A_sepakat_band,38,sitoplasma,1.0,0
BNE_510336_ccrop.jpg,Neutrophil,unsegmented-band,A_sepakat_band,43,sitoplasma,1.0,0
BNE_510336_ccrop.jpg,Neutrophil,unsegmented-band,A_sepakat_band,1,sitoplasma,1.0,0
BNE_510336_ccrop.jpg,Neutrophil,unsegmented-band,A_sepakat_band,20,sitoplasma,1.0,0
BNE_522120_ccrop.jpg,Neutrophil,unsegmented-band,A_sepakat_band,1,sitoplasma,1.0,0
BNE_522120_ccrop.jpg,Neutrophil,unsegmented-band,A_sepakat_band,52,sitoplasma,1.0,0
BNE_544250_ccrop.jpg,Neutrophil,unsegmented-band,A_sepakat_band,102,sitoplasma,1.0,0
BNE_544250_ccrop.jpg,Neutrophil,unsegmented-band,A_sepakat_band,1,sitoplasma,1.0,0
BNE_545407_ccrop.jpg,Neutrophil,unsegmented-band,A_sepakat_band,26,sitoplasma,1.0,0
BNE_548152_ccrop.jpg,Neutrophil,unsegmented-band,A_sepakat_band,81,sitoplasma,1.0,0
BNE_564942_ccrop.jpg,Neutrophil,unsegmented-band,A_sepakat_band,193,sitoplasma,1.0,0
BNE_573024_ccrop.jpg,Neutrophil,unsegmented-band,A_sepakat_band,61,sitoplasma,1.0,0
BNE_582153_ccrop.jpg,Neutrophil,unsegmented-band,A_sepakat_band,152,sitoplasma,1.0,0
BNE_592960_ccrop.jpg,Neutrophil,segmented-bilobed,D_konflik_BNE_segmented,744,sitoplasma,1.0,0
BNE_59746_ccrop.jpg,Neutrophil,segmented-multilobed,D_konflik_BNE_segmented,26,sitoplasma,1.0,0
BNE_59746_ccrop.jpg,Neutrophil,segmented-multilobed,D_konflik_BNE_segmented,1,sitoplasma,1.0,0
BNE_598279_ccrop.jpg,Neutrophil,unsegmented-band,A_sepakat_band,2,sitoplasma,1.0,0
BNE_623604_ccrop.jpg,Neutrophil,unsegmented-band,A_sepakat_band,59,sitoplasma,1.0,0
BNE_630905_ccrop.jpg,Neutrophil,segmented-multilobed,D_konflik_BNE_segmented,241,sitoplasma,1.0,0
BNE_630905_ccrop.jpg,Neutrophil,segmented-multilobed,D_konflik_BNE_segmented,24,sitoplasma,1.0,0
BNE_640026_ccrop.jpg,Neutrophil,unsegmented-band,A_sepakat_band,4,sitoplasma,1.0,0
BNE_66389_ccrop.jpg,Neutrophil,unsegmented-band,A_sepakat_band,262,sitoplasma,1.0,0
BNE_68390_ccrop.jpg,Neutrophil,unsegmented-band,A_sepakat_band,1,sitoplasma,1.0,0
BNE_68390_ccrop.jpg,Neutrophil,unsegmented-band,A_sepakat_band,29,sitoplasma,1.0,0
BNE_69587_ccrop.jpg,Neutrophil,unsegmented-band,A_sepakat_band,196,sitoplasma,1.0,0
BNE_723261_ccrop.jpg,Neutrophil,unsegmented-band,A_sepakat_band,30,sitoplasma,1.0,0
BNE_725999_ccrop.jpg,Neutrophil,segmented-bilobed,D_konflik_BNE_segmented,3,sitoplasma,1.0,0
BNE_725999_ccrop.jpg,Neutrophil,segmented-bilobed,D_konflik_BNE_segmented,24,sitoplasma,1.0,0
BNE_734001_ccrop.jpg,Neutrophil,unsegmented-band,A_sepakat_band,295,sitoplasma,1.0,0
BNE_741104_ccrop.jpg,Neutrophil,unsegmented-band,A_sepakat_band,5,sitoplasma,1.0,0
BNE_741104_ccrop.jpg,Neutrophil,unsegmented-band,A_sepakat_band,6,sitoplasma,1.0,0
BNE_741104_ccrop.jpg,Neutrophil,unsegmented-band,A_sepakat_band,4,sitoplasma,1.0,0
BNE_742479_ccrop.jpg,Neutrophil,unsegmented-band,A_sepakat_band,486,sitoplasma,1.0,0
BNE_748706_ccrop.jpg,Neutrophil,unsegmented-band,A_sepakat_band,485,sitoplasma,1.0,0
BNE_756237_ccrop.jpg,Neutrophil,unsegmented-band,A_sepakat_band,228,sitoplasma,1.0,0
BNE_762064_ccrop.jpg,Neutrophil,unsegmented-band,A_sepakat_band,802,sitoplasma,1.0,0
BNE_772616_ccrop.jpg,Neutrophil,segmented-bilobed,D_konflik_BNE_segmented,26,sitoplasma,1.0,0
BNE_772616_ccrop.jpg,Neutrophil,segmented-bilobed,D_konflik_BNE_segmented,62,sitoplasma,1.0,0
BNE_772616_ccrop.jpg,Neutrophil,segmented-bilobed,D_konflik_BNE_segmented,2,sitoplasma,1.0,0
BNE_772616_ccrop.jpg,Neutrophil,segmented-bilobed,D_konflik_BNE_segmented,3,sitoplasma,1.0,0
BNE_77701_ccrop.jpg,Neutrophil,unsegmented-band,A_sepakat_band,250,sitoplasma,1.0,0
BNE_779767_ccrop.jpg,Neutrophil,unsegmented-band,A_sepakat_band,83,sitoplasma,1.0,0
BNE_791436_ccrop.jpg,Neutrophil,unsegmented-band,A_sepakat_band,225,sitoplasma,1.0,0
BNE_792019_ccrop.jpg,Neutrophil,unsegmented-band,A_sepakat_band,183,sitoplasma,1.0,0
BNE_79688_ccrop.jpg,Neutrophil,unsegmented-band,A_sepakat_band,4,sitoplasma,1.0,0
BNE_800976_ccrop.jpg,Neutrophil,unsegmented-band,A_sepakat_band,352,sitoplasma,1.0,0
BNE_806131_ccrop.jpg,Neutrophil,segmented-bilobed,D_konflik_BNE_segmented,36,sitoplasma,1.0,0
BNE_806131_ccrop.jpg,Neutrophil,segmented-bilobed,D_konflik_BNE_segmented,1,sitoplasma,1.0,0
BNE_806828_ccrop.jpg,Neutrophil,unsegmented-band,A_sepakat_band,171,sitoplasma,1.0,0
BNE_815174_ccrop.jpg,Neutrophil,unsegmented-band,A_sepakat_band,7,sitoplasma,1.0,0
BNE_83730_ccrop.jpg,Neutrophil,segmented-multilobed,D_konflik_BNE_segmented,175,sitoplasma,1.0,0
BNE_83730_ccrop.jpg,Neutrophil,segmented-multilobed,D_konflik_BNE_segmented,55,sitoplasma,1.0,0
BNE_83730_ccrop.jpg,Neutrophil,segmented-multilobed,D_konflik_BNE_segmented,31,sitoplasma,1.0,0
BNE_83730_ccrop.jpg,Neutrophil,segmented-multilobed,D_konflik_BNE_segmented,3,sitoplasma,1.0,0
BNE_839288_ccrop.jpg,Neutrophil,unsegmented-band,A_sepakat_band,803,sitoplasma,1.0,0
BNE_856696_ccrop.jpg,Neutrophil,unsegmented-band,A_sepakat_band,47,sitoplasma,1.0,0
BNE_856696_ccrop.jpg,Neutrophil,unsegmented-band,A_sepakat_band,2,sitoplasma,1.0,0
BNE_856696_ccrop.jpg,Neutrophil,unsegmented-band,A_sepakat_band,1,sitoplasma,1.0,0
BNE_866984_ccrop.jpg,Neutrophil,unsegmented-band,A_sepakat_band,6,sitoplasma,1.0,0
BNE_866984_ccrop.jpg,Neutrophil,unsegmented-band,A_sepakat_band,1,sitoplasma,1.0,0
BNE_866984_ccrop.jpg,Neutrophil,unsegmented-band,A_sepakat_band,17,sitoplasma,1.0,0
BNE_866984_ccrop.jpg,Neutrophil,unsegmented-band,A_sepakat_band,128,sitoplasma,1.0,0
BNE_868025_ccrop.jpg,Neutrophil,unsegmented-band,A_sepakat_band,27,sitoplasma,1.0,0
BNE_88499_ccrop.jpg,Neutrophil,segmented-bilobed,D_konflik_BNE_segmented,89,sitoplasma,1.0,0
BNE_88499_ccrop.jpg,Neutrophil,segmented-bilobed,D_konflik_BNE_segmented,21,sitoplasma,1.0,0
BNE_898519_ccrop.jpg,Neutrophil,unsegmented-band,A_sepakat_band,73,sitoplasma,1.0,0
BNE_918500_ccrop.jpg,Neutrophil,unsegmented-band,A_sepakat_band,1,sitoplasma,1.0,0
BNE_918500_ccrop.jpg,Neutrophil,unsegmented-band,A_sepakat_band,2,sitoplasma,1.0,0
BNE_918500_ccrop.jpg,Neutrophil,unsegmented-band,A_sepakat_band,1,sitoplasma,1.0,0
BNE_92309_ccrop.jpg,Neutrophil,unsegmented-band,A_sepakat_band,95,sitoplasma,1.0,0
BNE_934554_ccrop.jpg,Neutrophil,unsegmented-band,A_sepakat_band,71,sitoplasma,1.0,0
BNE_951149_ccrop.jpg,Neutrophil,unsegmented-band,A_sepakat_band,1,sitoplasma,1.0,0
BNE_958533_ccrop.jpg,Neutrophil,unsegmented-band,A_sepakat_band,2,sitoplasma,1.0,0
BNE_971478_ccrop.jpg,Neutrophil,unsegmented-band,A_sepakat_band,214,sitoplasma,1.0,0
BNE_972679_ccrop.jpg,Neutrophil,unsegmented-band,A_sepakat_band,3,sitoplasma,1.0,0
BNE_973117_ccrop.jpg,Neutrophil,unsegmented-band,A_sepakat_band,22,sitoplasma,1.0,0
BNE_973117_ccrop.jpg,Neutrophil,unsegmented-band,A_sepakat_band,45,sitoplasma,1.0,0
BNE_986197_ccrop.jpg,Neutrophil,unsegmented-band,A_sepakat_band,56,vakuola,1.0,0
BNE_989723_ccrop.jpg,Neutrophil,unsegmented-band,A_sepakat_band,20,sitoplasma,1.0,0
BNE_990094_ccrop.jpg,Neutrophil,segmented-multilobed,D_konflik_BNE_segmented,64,sitoplasma,0.9844,0
BNE_990094_ccrop.jpg,Neutrophil,segmented-multilobed,D_konflik_BNE_segmented,33,sitoplasma,1.0,0
BNE_991991_ccrop.jpg,Neutrophil,unsegmented-band,A_sepakat_band,1,sitoplasma,1.0,0
BNE_991991_ccrop.jpg,Neutrophil,unsegmented-band,A_sepakat_band,65,sitoplasma,1.0,0
BNE_991991_ccrop.jpg,Neutrophil,unsegmented-band,A_sepakat_band,1,sitoplasma,1.0,0
BNE_991991_ccrop.jpg,Neutrophil,unsegmented-band,A_sepakat_band,3,sitoplasma,1.0,0
BNE_991991_ccrop.jpg,Neutrophil,unsegmented-band,A_sepakat_band,1,sitoplasma,1.0,0
BNE_992159_ccrop.jpg,Neutrophil,segmented-bilobed,D_konflik_BNE_segmented,661,sitoplasma,1.0,0
EO_106191_ccrop.jpg,Eosinophil,segmented-multilobed,bukan_neutrofil,89,sitoplasma,1.0,0
EO_112884_ccrop.jpg,Eosinophil,segmented-bilobed,bukan_neutrofil,367,sitoplasma,1.0,0
EO_120534_ccrop.jpg,Eosinophil,segmented-multilobed,bukan_neutrofil,6,sitoplasma,1.0,0
EO_126623_ccrop.jpg,Eosinophil,segmented-bilobed,bukan_neutrofil,1123,sitoplasma,1.0,0
EO_128298_ccrop.jpg,Eosinophil,segmented-bilobed,bukan_neutrofil,9,sitoplasma,1.0,0
EO_130195_ccrop.jpg,Eosinophil,segmented-multilobed,bukan_neutrofil,1988,sitoplasma,1.0,0
EO_132515_ccrop.jpg,Eosinophil,segmented-bilobed,bukan_neutrofil,1,sitoplasma,1.0,0
EO_133581_ccrop.jpg,Eosinophil,segmented-multilobed,bukan_neutrofil,397,sitoplasma,1.0,0
EO_136851_ccrop.jpg,Eosinophil,segmented-bilobed,bukan_neutrofil,5,sitoplasma,1.0,0
EO_139844_ccrop.jpg,Eosinophil,segmented-multilobed,bukan_neutrofil,138,sitoplasma,1.0,0
EO_139844_ccrop.jpg,Eosinophil,segmented-multilobed,bukan_neutrofil,86,sitoplasma,1.0,0
EO_147843_ccrop.jpg,Eosinophil,irregular,bukan_neutrofil,43,sitoplasma,1.0,0
EO_147843_ccrop.jpg,Eosinophil,irregular,bukan_neutrofil,107,sitoplasma,1.0,0
EO_155442_ccrop.jpg,Eosinophil,segmented-multilobed,bukan_neutrofil,28,sitoplasma,1.0,0
EO_155442_ccrop.jpg,Eosinophil,segmented-multilobed,bukan_neutrofil,14,sitoplasma,1.0,0
EO_155442_ccrop.jpg,Eosinophil,segmented-multilobed,bukan_neutrofil,4,sitoplasma,1.0,0
EO_155442_ccrop.jpg,Eosinophil,segmented-multilobed,bukan_neutrofil,2,sitoplasma,1.0,0
EO_155442_ccrop.jpg,Eosinophil,segmented-multilobed,bukan_neutrofil,1,sitoplasma,1.0,0
EO_155442_ccrop.jpg,Eosinophil,segmented-multilobed,bukan_neutrofil,2,sitoplasma,1.0,0
EO_158113_ccrop.jpg,Eosinophil,unsegmented-band,bukan_neutrofil,208,sitoplasma,1.0,0
EO_158113_ccrop.jpg,Eosinophil,unsegmented-band,bukan_neutrofil,1,sitoplasma,1.0,0
EO_163905_ccrop.jpg,Eosinophil,segmented-bilobed,bukan_neutrofil,2,sitoplasma,1.0,0
EO_163905_ccrop.jpg,Eosinophil,segmented-bilobed,bukan_neutrofil,9,sitoplasma,1.0,0
EO_16926_ccrop.jpg,Eosinophil,segmented-bilobed,bukan_neutrofil,188,sitoplasma,1.0,0
EO_170131_ccrop.jpg,Eosinophil,segmented-multilobed,bukan_neutrofil,345,sitoplasma,1.0,0
EO_172593_ccrop.jpg,Eosinophil,unsegmented-indented,bukan_neutrofil,209,sitoplasma,1.0,0
EO_172593_ccrop.jpg,Eosinophil,unsegmented-indented,bukan_neutrofil,2,sitoplasma,1.0,0
EO_172593_ccrop.jpg,Eosinophil,unsegmented-indented,bukan_neutrofil,1,sitoplasma,1.0,0
EO_175923_ccrop.jpg,Eosinophil,segmented-bilobed,bukan_neutrofil,106,sitoplasma,1.0,0
EO_185749_ccrop.jpg,Eosinophil,segmented-multilobed,bukan_neutrofil,42,sitoplasma,1.0,0
EO_189610_ccrop.jpg,Eosinophil,segmented-bilobed,bukan_neutrofil,443,sitoplasma,1.0,0
EO_189922_ccrop.jpg,Eosinophil,segmented-bilobed,bukan_neutrofil,691,sitoplasma,1.0,0
EO_199651_ccrop.jpg,Eosinophil,segmented-bilobed,bukan_neutrofil,100,sitoplasma,1.0,0
EO_199651_ccrop.jpg,Eosinophil,segmented-bilobed,bukan_neutrofil,43,sitoplasma,1.0,0
EO_206279_ccrop.jpg,Eosinophil,segmented-multilobed,bukan_neutrofil,73,sitoplasma,1.0,0
EO_20991_ccrop.jpg,Eosinophil,segmented-bilobed,bukan_neutrofil,205,sitoplasma,1.0,0
EO_210368_ccrop.jpg,Eosinophil,segmented-bilobed,bukan_neutrofil,119,sitoplasma,1.0,0
EO_212511_ccrop.jpg,Eosinophil,segmented-multilobed,bukan_neutrofil,202,sitoplasma,1.0,0
EO_212511_ccrop.jpg,Eosinophil,segmented-multilobed,bukan_neutrofil,4,sitoplasma,1.0,0
EO_212511_ccrop.jpg,Eosinophil,segmented-multilobed,bukan_neutrofil,61,sitoplasma,1.0,0
EO_214664_ccrop.jpg,Eosinophil,segmented-bilobed,bukan_neutrofil,57,sitoplasma,1.0,0
EO_219068_ccrop.jpg,Eosinophil,segmented-bilobed,bukan_neutrofil,13,sitoplasma,1.0,0
EO_220632_ccrop.jpg,Eosinophil,segmented-bilobed,bukan_neutrofil,82,sitoplasma,1.0,0
EO_220632_ccrop.jpg,Eosinophil,segmented-bilobed,bukan_neutrofil,2,sitoplasma,1.0,0
EO_220632_ccrop.jpg,Eosinophil,segmented-bilobed,bukan_neutrofil,1,sitoplasma,1.0,0
EO_220632_ccrop.jpg,Eosinophil,segmented-bilobed,bukan_neutrofil,3,sitoplasma,1.0,0
EO_220632_ccrop.jpg,Eosinophil,segmented-bilobed,bukan_neutrofil,1,sitoplasma,1.0,0
EO_220632_ccrop.jpg,Eosinophil,segmented-bilobed,bukan_neutrofil,1,sitoplasma,1.0,0
EO_220964_ccrop.jpg,Eosinophil,segmented-bilobed,bukan_neutrofil,163,sitoplasma,1.0,0
EO_226872_ccrop.jpg,Eosinophil,segmented-multilobed,bukan_neutrofil,128,sitoplasma,1.0,0
EO_228035_ccrop.jpg,Eosinophil,segmented-bilobed,bukan_neutrofil,10,sitoplasma,1.0,0
EO_229336_ccrop.jpg,Eosinophil,segmented-bilobed,bukan_neutrofil,11,sitoplasma,1.0,0
EO_229348_ccrop.jpg,Eosinophil,irregular,bukan_neutrofil,46,sitoplasma,1.0,0
EO_230870_ccrop.jpg,Eosinophil,segmented-bilobed,bukan_neutrofil,12,sitoplasma,1.0,0
EO_233502_ccrop.jpg,Eosinophil,segmented-multilobed,bukan_neutrofil,79,sitoplasma,1.0,0
EO_236852_ccrop.jpg,Eosinophil,segmented-bilobed,bukan_neutrofil,1,sitoplasma,1.0,0
EO_237789_ccrop.jpg,Eosinophil,segmented-bilobed,bukan_neutrofil,49,sitoplasma,1.0,0
EO_239013_ccrop.jpg,Eosinophil,segmented-bilobed,bukan_neutrofil,1,sitoplasma,1.0,0
EO_242314_ccrop.jpg,Eosinophil,segmented-bilobed,bukan_neutrofil,89,sitoplasma,1.0,0
EO_242314_ccrop.jpg,Eosinophil,segmented-bilobed,bukan_neutrofil,29,sitoplasma,1.0,0
EO_244915_ccrop.jpg,Eosinophil,segmented-multilobed,bukan_neutrofil,528,sitoplasma,1.0,0
EO_245768_ccrop.jpg,Eosinophil,segmented-multilobed,bukan_neutrofil,77,sitoplasma,1.0,0
EO_247560_ccrop.jpg,Eosinophil,segmented-bilobed,bukan_neutrofil,47,sitoplasma,1.0,0
EO_248363_ccrop.jpg,Eosinophil,segmented-multilobed,bukan_neutrofil,71,sitoplasma,1.0,0
EO_249877_ccrop.jpg,Eosinophil,segmented-multilobed,bukan_neutrofil,15,sitoplasma,1.0,0
EO_250701_ccrop.jpg,Eosinophil,segmented-bilobed,bukan_neutrofil,223,sitoplasma,1.0,0
EO_251668_ccrop.jpg,Eosinophil,segmented-bilobed,bukan_neutrofil,193,sitoplasma,1.0,0
EO_252025_ccrop.jpg,Eosinophil,segmented-bilobed,bukan_neutrofil,94,sitoplasma,1.0,0
EO_252552_ccrop.jpg,Eosinophil,segmented-bilobed,bukan_neutrofil,362,sitoplasma,1.0,0
EO_252552_ccrop.jpg,Eosinophil,segmented-bilobed,bukan_neutrofil,3,sitoplasma,1.0,0
EO_2603_ccrop.jpg,Eosinophil,segmented-bilobed,bukan_neutrofil,17,sitoplasma,1.0,0
EO_261787_ccrop.jpg,Eosinophil,segmented-multilobed,bukan_neutrofil,138,sitoplasma,1.0,0
EO_263727_ccrop.jpg,Eosinophil,unsegmented-band,bukan_neutrofil,49,sitoplasma,1.0,0
EO_264233_ccrop.jpg,Eosinophil,segmented-bilobed,bukan_neutrofil,2822,sitoplasma,1.0,0
EO_264654_ccrop.jpg,Eosinophil,segmented-multilobed,bukan_neutrofil,826,sitoplasma,1.0,0
EO_270508_ccrop.jpg,Eosinophil,segmented-bilobed,bukan_neutrofil,1,sitoplasma,1.0,0
EO_270508_ccrop.jpg,Eosinophil,segmented-bilobed,bukan_neutrofil,1,sitoplasma,1.0,0
EO_270508_ccrop.jpg,Eosinophil,segmented-bilobed,bukan_neutrofil,2,sitoplasma,1.0,0
EO_276645_ccrop.jpg,Eosinophil,segmented-multilobed,bukan_neutrofil,214,sitoplasma,1.0,0
EO_284757_ccrop.jpg,Eosinophil,segmented-bilobed,bukan_neutrofil,1,sitoplasma,1.0,0
EO_284757_ccrop.jpg,Eosinophil,segmented-bilobed,bukan_neutrofil,1,sitoplasma,1.0,0
EO_293968_ccrop.jpg,Eosinophil,segmented-bilobed,bukan_neutrofil,284,sitoplasma,1.0,0
EO_295726_ccrop.jpg,Eosinophil,segmented-bilobed,bukan_neutrofil,2,sitoplasma,1.0,0
EO_295726_ccrop.jpg,Eosinophil,segmented-bilobed,bukan_neutrofil,8,sitoplasma,1.0,0
EO_295726_ccrop.jpg,Eosinophil,segmented-bilobed,bukan_neutrofil,4,sitoplasma,1.0,0
EO_29763_ccrop.jpg,Eosinophil,unsegmented-band,bukan_neutrofil,734,sitoplasma,1.0,0
EO_303442_ccrop.jpg,Eosinophil,segmented-multilobed,bukan_neutrofil,112,sitoplasma,1.0,0
EO_31159_ccrop.jpg,Eosinophil,segmented-bilobed,bukan_neutrofil,1,sitoplasma,1.0,0
EO_3205_ccrop.jpg,Eosinophil,segmented-multilobed,bukan_neutrofil,35,sitoplasma,1.0,0
EO_323763_ccrop.jpg,Eosinophil,segmented-bilobed,bukan_neutrofil,24,sitoplasma,1.0,0
EO_330791_ccrop.jpg,Eosinophil,segmented-multilobed,bukan_neutrofil,49,sitoplasma,1.0,0
EO_338378_ccrop.jpg,Eosinophil,segmented-multilobed,bukan_neutrofil,1,sitoplasma,1.0,0
EO_338378_ccrop.jpg,Eosinophil,segmented-multilobed,bukan_neutrofil,1,sitoplasma,1.0,0
EO_338378_ccrop.jpg,Eosinophil,segmented-multilobed,bukan_neutrofil,12,sitoplasma,1.0,0
EO_340636_ccrop.jpg,Eosinophil,segmented-bilobed,bukan_neutrofil,294,sitoplasma,1.0,0
EO_340997_ccrop.jpg,Eosinophil,segmented-bilobed,bukan_neutrofil,86,sitoplasma,1.0,0
EO_342801_ccrop.jpg,Eosinophil,segmented-bilobed,bukan_neutrofil,125,sitoplasma,1.0,0
EO_347529_ccrop.jpg,Eosinophil,segmented-bilobed,bukan_neutrofil,115,sitoplasma,1.0,0
EO_350584_ccrop.jpg,Eosinophil,segmented-multilobed,bukan_neutrofil,299,sitoplasma,1.0,0
EO_363808_ccrop.jpg,Eosinophil,segmented-bilobed,bukan_neutrofil,29,sitoplasma,1.0,0
EO_370621_ccrop.jpg,Eosinophil,segmented-multilobed,bukan_neutrofil,2421,sitoplasma,1.0,0
EO_375633_ccrop.jpg,Eosinophil,segmented-multilobed,bukan_neutrofil,37,sitoplasma,1.0,0
EO_375714_ccrop.jpg,Eosinophil,segmented-multilobed,bukan_neutrofil,163,sitoplasma,1.0,0
EO_383072_ccrop.jpg,Eosinophil,segmented-multilobed,bukan_neutrofil,73,sitoplasma,1.0,0
EO_383072_ccrop.jpg,Eosinophil,segmented-multilobed,bukan_neutrofil,1,sitoplasma,1.0,0
EO_383072_ccrop.jpg,Eosinophil,segmented-multilobed,bukan_neutrofil,1,sitoplasma,1.0,0
EO_383400_ccrop.jpg,Eosinophil,segmented-bilobed,bukan_neutrofil,152,sitoplasma,1.0,0
EO_383654_ccrop.jpg,Eosinophil,segmented-bilobed,bukan_neutrofil,50,sitoplasma,1.0,0
EO_384138_ccrop.jpg,Eosinophil,unsegmented-round,bukan_neutrofil,47,sitoplasma,1.0,0
EO_384169_ccrop.jpg,Eosinophil,segmented-bilobed,bukan_neutrofil,971,sitoplasma,1.0,0
EO_389300_ccrop.jpg,Eosinophil,segmented-multilobed,bukan_neutrofil,213,sitoplasma,1.0,0
EO_39961_ccrop.jpg,Eosinophil,segmented-bilobed,bukan_neutrofil,40,sitoplasma,1.0,0
EO_39961_ccrop.jpg,Eosinophil,segmented-bilobed,bukan_neutrofil,14,sitoplasma,1.0,0
EO_401030_ccrop.jpg,Eosinophil,segmented-multilobed,bukan_neutrofil,51,sitoplasma,1.0,0
EO_401149_ccrop.jpg,Eosinophil,segmented-bilobed,bukan_neutrofil,224,sitoplasma,1.0,0
EO_404154_ccrop.jpg,Eosinophil,segmented-bilobed,bukan_neutrofil,2,sitoplasma,1.0,0
EO_404154_ccrop.jpg,Eosinophil,segmented-bilobed,bukan_neutrofil,2,sitoplasma,1.0,0
EO_404154_ccrop.jpg,Eosinophil,segmented-bilobed,bukan_neutrofil,75,sitoplasma,1.0,0
EO_404396_ccrop.jpg,Eosinophil,segmented-bilobed,bukan_neutrofil,1385,sitoplasma,1.0,0
EO_40758_ccrop.jpg,Eosinophil,segmented-bilobed,bukan_neutrofil,43,sitoplasma,1.0,0
EO_415124_ccrop.jpg,Eosinophil,segmented-bilobed,bukan_neutrofil,60,sitoplasma,1.0,0
EO_415124_ccrop.jpg,Eosinophil,segmented-bilobed,bukan_neutrofil,8,sitoplasma,1.0,0
EO_419020_ccrop.jpg,Eosinophil,segmented-bilobed,bukan_neutrofil,16,sitoplasma,1.0,0
EO_424207_ccrop.jpg,Eosinophil,segmented-bilobed,bukan_neutrofil,1,sitoplasma,1.0,0
EO_424207_ccrop.jpg,Eosinophil,segmented-bilobed,bukan_neutrofil,57,sitoplasma,1.0,0
EO_424207_ccrop.jpg,Eosinophil,segmented-bilobed,bukan_neutrofil,10,sitoplasma,1.0,0
EO_426270_ccrop.jpg,Eosinophil,segmented-bilobed,bukan_neutrofil,268,sitoplasma,1.0,0
EO_433229_ccrop.jpg,Eosinophil,segmented-bilobed,bukan_neutrofil,74,sitoplasma,1.0,0
EO_435115_ccrop.jpg,Eosinophil,segmented-bilobed,bukan_neutrofil,134,sitoplasma,1.0,0
EO_43692_ccrop.jpg,Eosinophil,segmented-bilobed,bukan_neutrofil,60,sitoplasma,1.0,0
EO_43692_ccrop.jpg,Eosinophil,segmented-bilobed,bukan_neutrofil,1,sitoplasma,1.0,0
EO_438160_ccrop.jpg,Eosinophil,segmented-bilobed,bukan_neutrofil,176,sitoplasma,1.0,0
EO_447857_ccrop.jpg,Eosinophil,segmented-multilobed,bukan_neutrofil,2,sitoplasma,1.0,0
EO_447857_ccrop.jpg,Eosinophil,segmented-multilobed,bukan_neutrofil,2,sitoplasma,1.0,0
EO_447857_ccrop.jpg,Eosinophil,segmented-multilobed,bukan_neutrofil,6,sitoplasma,1.0,0
EO_447857_ccrop.jpg,Eosinophil,segmented-multilobed,bukan_neutrofil,6,sitoplasma,1.0,0
EO_447857_ccrop.jpg,Eosinophil,segmented-multilobed,bukan_neutrofil,10,sitoplasma,1.0,0
EO_452949_ccrop.jpg,Eosinophil,segmented-bilobed,bukan_neutrofil,135,sitoplasma,1.0,0
EO_455100_ccrop.jpg,Eosinophil,unsegmented-band,bukan_neutrofil,62,sitoplasma,0.9677,0
EO_460463_ccrop.jpg,Eosinophil,segmented-bilobed,bukan_neutrofil,580,sitoplasma,1.0,0
EO_464387_ccrop.jpg,Eosinophil,segmented-multilobed,bukan_neutrofil,72,sitoplasma,1.0,0
EO_465089_ccrop.jpg,Eosinophil,unsegmented-band,bukan_neutrofil,18,sitoplasma,1.0,0
EO_472619_ccrop.jpg,Eosinophil,segmented-bilobed,bukan_neutrofil,2,sitoplasma,1.0,0
EO_472619_ccrop.jpg,Eosinophil,segmented-bilobed,bukan_neutrofil,1,sitoplasma,1.0,0
EO_472619_ccrop.jpg,Eosinophil,segmented-bilobed,bukan_neutrofil,279,sitoplasma,1.0,0
EO_47420_ccrop.jpg,Eosinophil,segmented-multilobed,bukan_neutrofil,29,sitoplasma,1.0,0
EO_474938_ccrop.jpg,Eosinophil,segmented-bilobed,bukan_neutrofil,313,sitoplasma,1.0,0
EO_474938_ccrop.jpg,Eosinophil,segmented-bilobed,bukan_neutrofil,33,sitoplasma,1.0,0
EO_475510_ccrop.jpg,Eosinophil,segmented-multilobed,bukan_neutrofil,12,sitoplasma,1.0,0
EO_478083_ccrop.jpg,Eosinophil,segmented-bilobed,bukan_neutrofil,221,sitoplasma,1.0,0
EO_48196_ccrop.jpg,Eosinophil,segmented-bilobed,bukan_neutrofil,66,sitoplasma,1.0,0
EO_488535_ccrop.jpg,Eosinophil,segmented-multilobed,bukan_neutrofil,3,sitoplasma,1.0,0
EO_491368_ccrop.jpg,Eosinophil,segmented-bilobed,bukan_neutrofil,86,sitoplasma,1.0,0
EO_494662_ccrop.jpg,Eosinophil,segmented-bilobed,bukan_neutrofil,773,sitoplasma,1.0,0
EO_494662_ccrop.jpg,Eosinophil,segmented-bilobed,bukan_neutrofil,4,sitoplasma,1.0,0
EO_498178_ccrop.jpg,Eosinophil,unsegmented-band,bukan_neutrofil,31,sitoplasma,1.0,0
EO_506171_ccrop.jpg,Eosinophil,irregular,bukan_neutrofil,5,sitoplasma,1.0,0
EO_507083_ccrop.jpg,Eosinophil,segmented-multilobed,bukan_neutrofil,156,sitoplasma,1.0,0
EO_511369_ccrop.jpg,Eosinophil,segmented-bilobed,bukan_neutrofil,224,sitoplasma,1.0,0
EO_516632_ccrop.jpg,Eosinophil,segmented-multilobed,bukan_neutrofil,30,sitoplasma,1.0,0
EO_516662_ccrop.jpg,Eosinophil,irregular,bukan_neutrofil,1,sitoplasma,1.0,0
EO_519769_ccrop.jpg,Eosinophil,segmented-bilobed,bukan_neutrofil,497,sitoplasma,1.0,0
EO_523268_ccrop.jpg,Eosinophil,segmented-bilobed,bukan_neutrofil,39,sitoplasma,1.0,0
EO_523268_ccrop.jpg,Eosinophil,segmented-bilobed,bukan_neutrofil,27,sitoplasma,1.0,0
EO_523473_ccrop.jpg,Eosinophil,segmented-bilobed,bukan_neutrofil,35,sitoplasma,1.0,0
EO_526573_ccrop.jpg,Eosinophil,segmented-bilobed,bukan_neutrofil,26,sitoplasma,1.0,0
EO_529831_ccrop.jpg,Eosinophil,segmented-multilobed,bukan_neutrofil,106,sitoplasma,1.0,0
EO_545985_ccrop.jpg,Eosinophil,segmented-bilobed,bukan_neutrofil,50,sitoplasma,1.0,0
EO_545985_ccrop.jpg,Eosinophil,segmented-bilobed,bukan_neutrofil,47,sitoplasma,1.0,0
EO_54685_ccrop.jpg,Eosinophil,segmented-bilobed,bukan_neutrofil,12,sitoplasma,1.0,0
EO_548290_ccrop.jpg,Eosinophil,segmented-bilobed,bukan_neutrofil,1,sitoplasma,1.0,0
EO_548290_ccrop.jpg,Eosinophil,segmented-bilobed,bukan_neutrofil,8,sitoplasma,1.0,0
EO_549367_ccrop.jpg,Eosinophil,segmented-bilobed,bukan_neutrofil,113,sitoplasma,1.0,0
EO_552117_ccrop.jpg,Eosinophil,segmented-bilobed,bukan_neutrofil,71,sitoplasma,1.0,0
EO_552117_ccrop.jpg,Eosinophil,segmented-bilobed,bukan_neutrofil,10,sitoplasma,1.0,0
EO_552117_ccrop.jpg,Eosinophil,segmented-bilobed,bukan_neutrofil,2,sitoplasma,1.0,0
EO_553205_ccrop.jpg,Eosinophil,segmented-bilobed,bukan_neutrofil,1,sitoplasma,1.0,0
EO_553758_ccrop.jpg,Eosinophil,segmented-bilobed,bukan_neutrofil,3,sitoplasma,1.0,0
EO_557445_ccrop.jpg,Eosinophil,segmented-bilobed,bukan_neutrofil,371,sitoplasma,1.0,0
EO_559297_ccrop.jpg,Eosinophil,segmented-bilobed,bukan_neutrofil,1314,sitoplasma,1.0,0
EO_570111_ccrop.jpg,Eosinophil,segmented-bilobed,bukan_neutrofil,2,sitoplasma,1.0,0
EO_571184_ccrop.jpg,Eosinophil,segmented-bilobed,bukan_neutrofil,3,sitoplasma,1.0,0
EO_571184_ccrop.jpg,Eosinophil,segmented-bilobed,bukan_neutrofil,1,sitoplasma,1.0,0
EO_571493_ccrop.jpg,Eosinophil,segmented-bilobed,bukan_neutrofil,2,sitoplasma,1.0,0
EO_571493_ccrop.jpg,Eosinophil,segmented-bilobed,bukan_neutrofil,1,sitoplasma,1.0,0
EO_57183_ccrop.jpg,Eosinophil,segmented-multilobed,bukan_neutrofil,380,sitoplasma,1.0,0
EO_574965_ccrop.jpg,Eosinophil,segmented-bilobed,bukan_neutrofil,26,sitoplasma,1.0,0
EO_575935_ccrop.jpg,Eosinophil,segmented-bilobed,bukan_neutrofil,16,sitoplasma,1.0,0
EO_587264_ccrop.jpg,Eosinophil,unsegmented-band,bukan_neutrofil,3,sitoplasma,1.0,0
EO_587264_ccrop.jpg,Eosinophil,unsegmented-band,bukan_neutrofil,30,sitoplasma,1.0,0
EO_587264_ccrop.jpg,Eosinophil,unsegmented-band,bukan_neutrofil,5,sitoplasma,1.0,0
EO_587264_ccrop.jpg,Eosinophil,unsegmented-band,bukan_neutrofil,6,sitoplasma,1.0,0
EO_587264_ccrop.jpg,Eosinophil,unsegmented-band,bukan_neutrofil,1,sitoplasma,1.0,0
EO_589782_ccrop.jpg,Eosinophil,segmented-multilobed,bukan_neutrofil,9,sitoplasma,1.0,0
EO_590420_ccrop.jpg,Eosinophil,segmented-bilobed,bukan_neutrofil,12,sitoplasma,1.0,0
EO_590431_ccrop.jpg,Eosinophil,segmented-multilobed,bukan_neutrofil,102,sitoplasma,1.0,0
EO_606051_ccrop.jpg,Eosinophil,segmented-bilobed,bukan_neutrofil,138,sitoplasma,1.0,0
EO_606051_ccrop.jpg,Eosinophil,segmented-bilobed,bukan_neutrofil,1,sitoplasma,1.0,0
EO_606051_ccrop.jpg,Eosinophil,segmented-bilobed,bukan_neutrofil,22,sitoplasma,1.0,0
EO_6091_ccrop.jpg,Eosinophil,segmented-bilobed,bukan_neutrofil,658,sitoplasma,1.0,0
EO_615642_ccrop.jpg,Eosinophil,segmented-bilobed,bukan_neutrofil,3,sitoplasma,1.0,0
EO_61615_ccrop.jpg,Eosinophil,segmented-bilobed,bukan_neutrofil,202,sitoplasma,1.0,0
EO_61615_ccrop.jpg,Eosinophil,segmented-bilobed,bukan_neutrofil,88,sitoplasma,1.0,0
EO_61615_ccrop.jpg,Eosinophil,segmented-bilobed,bukan_neutrofil,1,sitoplasma,1.0,0
EO_61615_ccrop.jpg,Eosinophil,segmented-bilobed,bukan_neutrofil,2,sitoplasma,1.0,0
EO_61615_ccrop.jpg,Eosinophil,segmented-bilobed,bukan_neutrofil,1,sitoplasma,1.0,0
EO_616795_ccrop.jpg,Eosinophil,segmented-bilobed,bukan_neutrofil,8,sitoplasma,1.0,0
EO_619367_ccrop.jpg,Eosinophil,irregular,bukan_neutrofil,15,sitoplasma,1.0,0
EO_620469_ccrop.jpg,Eosinophil,segmented-bilobed,bukan_neutrofil,1280,sitoplasma,1.0,0
EO_621495_ccrop.jpg,Eosinophil,segmented-bilobed,bukan_neutrofil,12,sitoplasma,1.0,0
EO_621854_ccrop.jpg,Eosinophil,unsegmented-band,bukan_neutrofil,2,sitoplasma,1.0,0
EO_627671_ccrop.jpg,Eosinophil,segmented-bilobed,bukan_neutrofil,157,sitoplasma,1.0,0
EO_630492_ccrop.jpg,Eosinophil,segmented-multilobed,bukan_neutrofil,19,sitoplasma,1.0,0
EO_630492_ccrop.jpg,Eosinophil,segmented-multilobed,bukan_neutrofil,26,sitoplasma,1.0,0
EO_633307_ccrop.jpg,Eosinophil,segmented-bilobed,bukan_neutrofil,307,sitoplasma,1.0,0
EO_633307_ccrop.jpg,Eosinophil,segmented-bilobed,bukan_neutrofil,5,sitoplasma,1.0,0
EO_633307_ccrop.jpg,Eosinophil,segmented-bilobed,bukan_neutrofil,1,sitoplasma,1.0,0
EO_633307_ccrop.jpg,Eosinophil,segmented-bilobed,bukan_neutrofil,1,sitoplasma,1.0,0
EO_635751_ccrop.jpg,Eosinophil,unsegmented-band,bukan_neutrofil,75,sitoplasma,1.0,0
EO_638125_ccrop.jpg,Eosinophil,segmented-bilobed,bukan_neutrofil,143,sitoplasma,1.0,0
EO_638828_ccrop.jpg,Eosinophil,segmented-bilobed,bukan_neutrofil,1,sitoplasma,1.0,0
EO_638828_ccrop.jpg,Eosinophil,segmented-bilobed,bukan_neutrofil,237,sitoplasma,1.0,0
EO_641852_ccrop.jpg,Eosinophil,segmented-bilobed,bukan_neutrofil,1,sitoplasma,1.0,0
EO_641852_ccrop.jpg,Eosinophil,segmented-bilobed,bukan_neutrofil,4,sitoplasma,1.0,0
EO_641852_ccrop.jpg,Eosinophil,segmented-bilobed,bukan_neutrofil,70,sitoplasma,1.0,0
EO_641852_ccrop.jpg,Eosinophil,segmented-bilobed,bukan_neutrofil,1,sitoplasma,1.0,0
EO_642798_ccrop.jpg,Eosinophil,segmented-multilobed,bukan_neutrofil,59,sitoplasma,1.0,0
EO_642798_ccrop.jpg,Eosinophil,segmented-multilobed,bukan_neutrofil,27,sitoplasma,1.0,0
EO_644374_ccrop.jpg,Eosinophil,segmented-bilobed,bukan_neutrofil,44,sitoplasma,1.0,0
EO_644374_ccrop.jpg,Eosinophil,segmented-bilobed,bukan_neutrofil,10,sitoplasma,1.0,0
EO_64440_ccrop.jpg,Eosinophil,segmented-bilobed,bukan_neutrofil,91,sitoplasma,1.0,0
EO_647876_ccrop.jpg,Eosinophil,segmented-bilobed,bukan_neutrofil,41,sitoplasma,1.0,0
EO_648206_ccrop.jpg,Eosinophil,irregular,bukan_neutrofil,288,sitoplasma,1.0,0
EO_656959_ccrop.jpg,Eosinophil,segmented-bilobed,bukan_neutrofil,65,sitoplasma,1.0,0
EO_657993_ccrop.jpg,Eosinophil,segmented-bilobed,bukan_neutrofil,51,sitoplasma,1.0,0
EO_660629_ccrop.jpg,Eosinophil,unsegmented-band,bukan_neutrofil,1,sitoplasma,1.0,0
EO_661159_ccrop.jpg,Eosinophil,segmented-multilobed,bukan_neutrofil,121,sitoplasma,1.0,0
EO_661771_ccrop.jpg,Eosinophil,segmented-multilobed,bukan_neutrofil,1,sitoplasma,1.0,0
EO_667264_ccrop.jpg,Eosinophil,segmented-bilobed,bukan_neutrofil,1,sitoplasma,1.0,0
EO_669459_ccrop.jpg,Eosinophil,segmented-bilobed,bukan_neutrofil,2470,sitoplasma,1.0,0
EO_669531_ccrop.jpg,Eosinophil,segmented-multilobed,bukan_neutrofil,2,sitoplasma,1.0,0
EO_671075_ccrop.jpg,Eosinophil,segmented-multilobed,bukan_neutrofil,54,sitoplasma,1.0,0
EO_671419_ccrop.jpg,Eosinophil,segmented-bilobed,bukan_neutrofil,74,sitoplasma,1.0,0
EO_671419_ccrop.jpg,Eosinophil,segmented-bilobed,bukan_neutrofil,284,sitoplasma,1.0,0
EO_674236_ccrop.jpg,Eosinophil,segmented-bilobed,bukan_neutrofil,27,sitoplasma,1.0,0
EO_675962_ccrop.jpg,Eosinophil,segmented-bilobed,bukan_neutrofil,38,sitoplasma,1.0,0
EO_688063_ccrop.jpg,Eosinophil,irregular,bukan_neutrofil,847,sitoplasma,1.0,0
EO_691055_ccrop.jpg,Eosinophil,unsegmented-band,bukan_neutrofil,47,sitoplasma,1.0,0
EO_694065_ccrop.jpg,Eosinophil,segmented-bilobed,bukan_neutrofil,43,sitoplasma,1.0,0
EO_694065_ccrop.jpg,Eosinophil,segmented-bilobed,bukan_neutrofil,1,sitoplasma,1.0,0
EO_694065_ccrop.jpg,Eosinophil,segmented-bilobed,bukan_neutrofil,137,sitoplasma,1.0,0
EO_700721_ccrop.jpg,Eosinophil,segmented-bilobed,bukan_neutrofil,226,sitoplasma,1.0,0
EO_70191_ccrop.jpg,Eosinophil,segmented-bilobed,bukan_neutrofil,77,sitoplasma,1.0,0
EO_711529_ccrop.jpg,Eosinophil,segmented-multilobed,bukan_neutrofil,1,sitoplasma,1.0,0
EO_716717_ccrop.jpg,Eosinophil,segmented-bilobed,bukan_neutrofil,95,sitoplasma,1.0,0
EO_724059_ccrop.jpg,Eosinophil,segmented-bilobed,bukan_neutrofil,179,sitoplasma,1.0,0
EO_725029_ccrop.jpg,Eosinophil,segmented-bilobed,bukan_neutrofil,293,sitoplasma,1.0,0
EO_727803_ccrop.jpg,Eosinophil,segmented-multilobed,bukan_neutrofil,1,sitoplasma,1.0,0
EO_731325_ccrop.jpg,Eosinophil,segmented-bilobed,bukan_neutrofil,76,sitoplasma,1.0,0
EO_735067_ccrop.jpg,Eosinophil,segmented-bilobed,bukan_neutrofil,3,sitoplasma,1.0,0
EO_735067_ccrop.jpg,Eosinophil,segmented-bilobed,bukan_neutrofil,62,sitoplasma,1.0,0
EO_738385_ccrop.jpg,Eosinophil,segmented-multilobed,bukan_neutrofil,34,sitoplasma,1.0,0
EO_738385_ccrop.jpg,Eosinophil,segmented-multilobed,bukan_neutrofil,6,sitoplasma,1.0,0
EO_738385_ccrop.jpg,Eosinophil,segmented-multilobed,bukan_neutrofil,20,sitoplasma,1.0,0
EO_741008_ccrop.jpg,Eosinophil,segmented-multilobed,bukan_neutrofil,97,sitoplasma,1.0,0
EO_741008_ccrop.jpg,Eosinophil,segmented-multilobed,bukan_neutrofil,49,sitoplasma,1.0,0
EO_744173_ccrop.jpg,Eosinophil,segmented-bilobed,bukan_neutrofil,118,sitoplasma,1.0,0
EO_744173_ccrop.jpg,Eosinophil,segmented-bilobed,bukan_neutrofil,17,sitoplasma,1.0,0
EO_748589_ccrop.jpg,Eosinophil,unsegmented-band,bukan_neutrofil,26,sitoplasma,1.0,0
EO_750695_ccrop.jpg,Eosinophil,segmented-bilobed,bukan_neutrofil,274,sitoplasma,1.0,0
EO_766398_ccrop.jpg,Eosinophil,segmented-multilobed,bukan_neutrofil,1,sitoplasma,1.0,0
EO_766398_ccrop.jpg,Eosinophil,segmented-multilobed,bukan_neutrofil,16,sitoplasma,1.0,0
EO_76723_ccrop.jpg,Eosinophil,segmented-bilobed,bukan_neutrofil,3,sitoplasma,1.0,0
EO_76848_ccrop.jpg,Eosinophil,segmented-bilobed,bukan_neutrofil,832,sitoplasma,1.0,0
EO_785575_ccrop.jpg,Eosinophil,unsegmented-band,bukan_neutrofil,1514,sitoplasma,1.0,0
EO_786462_ccrop.jpg,Eosinophil,segmented-bilobed,bukan_neutrofil,206,sitoplasma,1.0,0
EO_788297_ccrop.jpg,Eosinophil,segmented-bilobed,bukan_neutrofil,1,sitoplasma,1.0,0
EO_788297_ccrop.jpg,Eosinophil,segmented-bilobed,bukan_neutrofil,1,sitoplasma,1.0,0
EO_788297_ccrop.jpg,Eosinophil,segmented-bilobed,bukan_neutrofil,48,sitoplasma,1.0,0
EO_793941_ccrop.jpg,Eosinophil,unsegmented-band,bukan_neutrofil,11,sitoplasma,1.0,0
EO_793941_ccrop.jpg,Eosinophil,unsegmented-band,bukan_neutrofil,7,sitoplasma,1.0,0
EO_810194_ccrop.jpg,Eosinophil,unsegmented-band,bukan_neutrofil,255,sitoplasma,1.0,0
EO_813331_ccrop.jpg,Eosinophil,segmented-bilobed,bukan_neutrofil,10,sitoplasma,1.0,0
EO_817196_ccrop.jpg,Eosinophil,segmented-bilobed,bukan_neutrofil,317,sitoplasma,1.0,0
EO_817876_ccrop.jpg,Eosinophil,segmented-multilobed,bukan_neutrofil,1182,sitoplasma,1.0,0
EO_81933_ccrop.jpg,Eosinophil,segmented-bilobed,bukan_neutrofil,61,sitoplasma,1.0,0
EO_81933_ccrop.jpg,Eosinophil,segmented-bilobed,bukan_neutrofil,34,sitoplasma,1.0,0
EO_821444_ccrop.jpg,Eosinophil,segmented-bilobed,bukan_neutrofil,1071,sitoplasma,1.0,0
EO_823852_ccrop.jpg,Eosinophil,segmented-bilobed,bukan_neutrofil,51,sitoplasma,1.0,0
EO_824657_ccrop.jpg,Eosinophil,segmented-multilobed,bukan_neutrofil,9,sitoplasma,1.0,0
EO_825368_ccrop.jpg,Eosinophil,segmented-bilobed,bukan_neutrofil,8,sitoplasma,1.0,0
EO_828135_ccrop.jpg,Eosinophil,segmented-bilobed,bukan_neutrofil,12,sitoplasma,1.0,0
EO_829157_ccrop.jpg,Eosinophil,segmented-bilobed,bukan_neutrofil,1639,sitoplasma,1.0,0
EO_830728_ccrop.jpg,Eosinophil,segmented-multilobed,bukan_neutrofil,1,sitoplasma,1.0,0
EO_830728_ccrop.jpg,Eosinophil,segmented-multilobed,bukan_neutrofil,1,sitoplasma,1.0,0
EO_830728_ccrop.jpg,Eosinophil,segmented-multilobed,bukan_neutrofil,1,sitoplasma,1.0,0
EO_830728_ccrop.jpg,Eosinophil,segmented-multilobed,bukan_neutrofil,1,sitoplasma,1.0,0
EO_830728_ccrop.jpg,Eosinophil,segmented-multilobed,bukan_neutrofil,51,sitoplasma,1.0,0
EO_830892_ccrop.jpg,Eosinophil,segmented-bilobed,bukan_neutrofil,16,sitoplasma,1.0,0
EO_834175_ccrop.jpg,Eosinophil,segmented-bilobed,bukan_neutrofil,126,sitoplasma,1.0,0
EO_837323_ccrop.jpg,Eosinophil,segmented-multilobed,bukan_neutrofil,14,sitoplasma,1.0,0
EO_837323_ccrop.jpg,Eosinophil,segmented-multilobed,bukan_neutrofil,28,sitoplasma,1.0,0
EO_848297_ccrop.jpg,Eosinophil,segmented-bilobed,bukan_neutrofil,678,sitoplasma,1.0,0
EO_848622_ccrop.jpg,Eosinophil,segmented-bilobed,bukan_neutrofil,188,sitoplasma,1.0,0
EO_851094_ccrop.jpg,Eosinophil,segmented-bilobed,bukan_neutrofil,77,sitoplasma,1.0,0
EO_854840_ccrop.jpg,Eosinophil,segmented-bilobed,bukan_neutrofil,57,sitoplasma,1.0,0
EO_854840_ccrop.jpg,Eosinophil,segmented-bilobed,bukan_neutrofil,1,sitoplasma,1.0,0
EO_854840_ccrop.jpg,Eosinophil,segmented-bilobed,bukan_neutrofil,2,sitoplasma,1.0,0
EO_854840_ccrop.jpg,Eosinophil,segmented-bilobed,bukan_neutrofil,4,sitoplasma,1.0,0
EO_856061_ccrop.jpg,Eosinophil,segmented-multilobed,bukan_neutrofil,213,sitoplasma,1.0,0
EO_859399_ccrop.jpg,Eosinophil,segmented-multilobed,bukan_neutrofil,149,sitoplasma,1.0,0
EO_863461_ccrop.jpg,Eosinophil,segmented-multilobed,bukan_neutrofil,74,sitoplasma,1.0,0
EO_863461_ccrop.jpg,Eosinophil,segmented-multilobed,bukan_neutrofil,9,sitoplasma,1.0,0
EO_863461_ccrop.jpg,Eosinophil,segmented-multilobed,bukan_neutrofil,6,sitoplasma,1.0,0
EO_863461_ccrop.jpg,Eosinophil,segmented-multilobed,bukan_neutrofil,5,sitoplasma,1.0,0
EO_86737_ccrop.jpg,Eosinophil,segmented-bilobed,bukan_neutrofil,1,sitoplasma,1.0,0
EO_86737_ccrop.jpg,Eosinophil,segmented-bilobed,bukan_neutrofil,2,sitoplasma,1.0,0
EO_86737_ccrop.jpg,Eosinophil,segmented-bilobed,bukan_neutrofil,5,sitoplasma,1.0,0
EO_873315_ccrop.jpg,Eosinophil,segmented-bilobed,bukan_neutrofil,111,sitoplasma,1.0,0
EO_876019_ccrop.jpg,Eosinophil,segmented-bilobed,bukan_neutrofil,286,sitoplasma,1.0,0
EO_883435_ccrop.jpg,Eosinophil,segmented-bilobed,bukan_neutrofil,9,sitoplasma,1.0,0
EO_883435_ccrop.jpg,Eosinophil,segmented-bilobed,bukan_neutrofil,246,sitoplasma,1.0,0
EO_892101_ccrop.jpg,Eosinophil,segmented-multilobed,bukan_neutrofil,30,sitoplasma,1.0,0
EO_897164_ccrop.jpg,Eosinophil,segmented-bilobed,bukan_neutrofil,9,sitoplasma,1.0,0
EO_902051_ccrop.jpg,Eosinophil,segmented-multilobed,bukan_neutrofil,182,sitoplasma,1.0,0
EO_902051_ccrop.jpg,Eosinophil,segmented-multilobed,bukan_neutrofil,2,sitoplasma,1.0,0
EO_902051_ccrop.jpg,Eosinophil,segmented-multilobed,bukan_neutrofil,1,sitoplasma,1.0,0
EO_902377_ccrop.jpg,Eosinophil,unsegmented-band,bukan_neutrofil,119,sitoplasma,1.0,0
EO_902893_ccrop.jpg,Eosinophil,segmented-bilobed,bukan_neutrofil,137,sitoplasma,1.0,0
EO_910349_ccrop.jpg,Eosinophil,segmented-bilobed,bukan_neutrofil,1,sitoplasma,1.0,0
EO_910349_ccrop.jpg,Eosinophil,segmented-bilobed,bukan_neutrofil,1,sitoplasma,1.0,0
EO_910349_ccrop.jpg,Eosinophil,segmented-bilobed,bukan_neutrofil,1,sitoplasma,1.0,0
EO_910349_ccrop.jpg,Eosinophil,segmented-bilobed,bukan_neutrofil,1,sitoplasma,1.0,0
EO_913350_ccrop.jpg,Eosinophil,segmented-bilobed,bukan_neutrofil,114,sitoplasma,1.0,0
EO_918881_ccrop.jpg,Eosinophil,unsegmented-band,bukan_neutrofil,2,sitoplasma,1.0,0
EO_918881_ccrop.jpg,Eosinophil,unsegmented-band,bukan_neutrofil,7,sitoplasma,1.0,0
EO_926339_ccrop.jpg,Eosinophil,irregular,bukan_neutrofil,1,sitoplasma,1.0,0
EO_929125_ccrop.jpg,Eosinophil,segmented-bilobed,bukan_neutrofil,25,sitoplasma,1.0,0
EO_93417_ccrop.jpg,Eosinophil,segmented-bilobed,bukan_neutrofil,89,sitoplasma,1.0,0
EO_938091_ccrop.jpg,Eosinophil,segmented-bilobed,bukan_neutrofil,1092,sitoplasma,1.0,0
EO_940288_ccrop.jpg,Eosinophil,segmented-bilobed,bukan_neutrofil,53,sitoplasma,1.0,0
EO_950521_ccrop.jpg,Eosinophil,segmented-multilobed,bukan_neutrofil,501,sitoplasma,1.0,0
EO_960665_ccrop.jpg,Eosinophil,segmented-bilobed,bukan_neutrofil,122,sitoplasma,1.0,0
EO_968484_ccrop.jpg,Eosinophil,segmented-bilobed,bukan_neutrofil,1,sitoplasma,1.0,0
EO_968484_ccrop.jpg,Eosinophil,segmented-bilobed,bukan_neutrofil,1,sitoplasma,1.0,0
EO_968484_ccrop.jpg,Eosinophil,segmented-bilobed,bukan_neutrofil,23,sitoplasma,1.0,0
EO_990083_ccrop.jpg,Eosinophil,segmented-bilobed,bukan_neutrofil,180,sitoplasma,1.0,0
EO_995461_ccrop.jpg,Eosinophil,segmented-bilobed,bukan_neutrofil,1,sitoplasma,1.0,0
EO_996964_ccrop.jpg,Eosinophil,segmented-bilobed,bukan_neutrofil,543,sitoplasma,1.0,0
LY_165111_ccrop.jpg,Lymphocyte,unsegmented-round,bukan_neutrofil,906,sitoplasma,1.0,0
LY_165111_ccrop.jpg,Lymphocyte,unsegmented-round,bukan_neutrofil,1,sitoplasma,1.0,0
LY_399314_ccrop.jpg,Lymphocyte,unsegmented-indented,bukan_neutrofil,1,sitoplasma,1.0,0
LY_609104_ccrop.jpg,Lymphocyte,unsegmented-round,bukan_neutrofil,77,sitoplasma,1.0,0
LY_844729_ccrop.jpg,Lymphocyte,unsegmented-round,bukan_neutrofil,6,sitoplasma,1.0,0
LY_844729_ccrop.jpg,Lymphocyte,unsegmented-round,bukan_neutrofil,1,sitoplasma,1.0,0
LY_844729_ccrop.jpg,Lymphocyte,unsegmented-round,bukan_neutrofil,1,sitoplasma,1.0,0
LY_844729_ccrop.jpg,Lymphocyte,unsegmented-round,bukan_neutrofil,2,sitoplasma,1.0,0
LY_844729_ccrop.jpg,Lymphocyte,unsegmented-round,bukan_neutrofil,5,sitoplasma,1.0,0
LY_905003_ccrop.jpg,Lymphocyte,unsegmented-indented,bukan_neutrofil,49,sitoplasma,1.0,0
MO_100695_ccrop.jpg,Monocyte,irregular,bukan_neutrofil,53,vakuola,1.0,0
MO_114341_ccrop.jpg,Monocyte,unsegmented-indented,bukan_neutrofil,82,vakuola,1.0,0
MO_122877_ccrop.jpg,Monocyte,irregular,bukan_neutrofil,33,vakuola,1.0,0
MO_122877_ccrop.jpg,Monocyte,irregular,bukan_neutrofil,20,sitoplasma,1.0,0
MO_125852_ccrop.jpg,Monocyte,unsegmented-indented,bukan_neutrofil,416,vakuola,1.0,0
MO_12960_ccrop.jpg,Monocyte,unsegmented-indented,bukan_neutrofil,1,sitoplasma,1.0,0
MO_12960_ccrop.jpg,Monocyte,unsegmented-indented,bukan_neutrofil,5,sitoplasma,1.0,0
MO_12960_ccrop.jpg,Monocyte,unsegmented-indented,bukan_neutrofil,4,sitoplasma,1.0,0
MO_134722_ccrop.jpg,Monocyte,unsegmented-indented,bukan_neutrofil,36,vakuola,1.0,0
MO_136404_ccrop.jpg,Monocyte,unsegmented-indented,bukan_neutrofil,218,vakuola,1.0,0
MO_139617_ccrop.jpg,Monocyte,irregular,bukan_neutrofil,350,vakuola,1.0,0
MO_139617_ccrop.jpg,Monocyte,irregular,bukan_neutrofil,119,vakuola,1.0,0
MO_139617_ccrop.jpg,Monocyte,irregular,bukan_neutrofil,278,vakuola,1.0,0
MO_142730_ccrop.jpg,Monocyte,unsegmented-indented,bukan_neutrofil,1,sitoplasma,1.0,0
MO_144054_ccrop.jpg,Monocyte,irregular,bukan_neutrofil,79,vakuola,1.0,0
MO_144054_ccrop.jpg,Monocyte,irregular,bukan_neutrofil,86,vakuola,1.0,0
MO_149181_ccrop.jpg,Monocyte,unsegmented-indented,bukan_neutrofil,10,sitoplasma,1.0,0
MO_159321_ccrop.jpg,Monocyte,segmented-bilobed,bukan_neutrofil,40,sitoplasma,1.0,0
MO_163591_ccrop.jpg,Monocyte,irregular,bukan_neutrofil,61,vakuola,1.0,0
MO_163591_ccrop.jpg,Monocyte,irregular,bukan_neutrofil,56,vakuola,1.0,0
MO_168402_ccrop.jpg,Monocyte,unsegmented-indented,bukan_neutrofil,95,vakuola,1.0,0
MO_168402_ccrop.jpg,Monocyte,unsegmented-indented,bukan_neutrofil,92,vakuola,1.0,0
MO_168402_ccrop.jpg,Monocyte,unsegmented-indented,bukan_neutrofil,32,vakuola,1.0,0
MO_168402_ccrop.jpg,Monocyte,unsegmented-indented,bukan_neutrofil,27,vakuola,1.0,0
MO_170993_ccrop.jpg,Monocyte,irregular,bukan_neutrofil,296,sitoplasma,1.0,0
MO_172354_ccrop.jpg,Monocyte,unsegmented-indented,bukan_neutrofil,37,vakuola,1.0,0
MO_172354_ccrop.jpg,Monocyte,unsegmented-indented,bukan_neutrofil,37,vakuola,1.0,0
MO_189358_ccrop.jpg,Monocyte,irregular,bukan_neutrofil,37,vakuola,1.0,0
MO_189358_ccrop.jpg,Monocyte,irregular,bukan_neutrofil,66,vakuola,1.0,0
MO_194646_ccrop.jpg,Monocyte,unsegmented-indented,bukan_neutrofil,128,sitoplasma,1.0,0
MO_209550_ccrop.jpg,Monocyte,irregular,bukan_neutrofil,44,vakuola,1.0,0
MO_212295_ccrop.jpg,Monocyte,unsegmented-indented,bukan_neutrofil,29,vakuola,1.0,0
MO_212295_ccrop.jpg,Monocyte,unsegmented-indented,bukan_neutrofil,127,vakuola,1.0,0
MO_212554_ccrop.jpg,Monocyte,unsegmented-indented,bukan_neutrofil,25,vakuola,1.0,0
MO_212554_ccrop.jpg,Monocyte,unsegmented-indented,bukan_neutrofil,22,vakuola,1.0,0
MO_212567_ccrop.jpg,Monocyte,unsegmented-indented,bukan_neutrofil,293,vakuola,1.0,0
MO_216731_ccrop.jpg,Monocyte,segmented-bilobed,bukan_neutrofil,70,sitoplasma,1.0,0
MO_225079_ccrop.jpg,Monocyte,unsegmented-indented,bukan_neutrofil,83,vakuola,1.0,0
MO_225079_ccrop.jpg,Monocyte,unsegmented-indented,bukan_neutrofil,93,vakuola,1.0,0
MO_229532_ccrop.jpg,Monocyte,unsegmented-indented,bukan_neutrofil,85,sitoplasma,1.0,0
MO_250099_ccrop.jpg,Monocyte,unsegmented-indented,bukan_neutrofil,712,vakuola,1.0,0
MO_254452_ccrop.jpg,Monocyte,unsegmented-indented,bukan_neutrofil,101,vakuola,1.0,0
MO_262081_ccrop.jpg,Monocyte,irregular,bukan_neutrofil,89,vakuola,1.0,0
MO_264354_ccrop.jpg,Monocyte,unsegmented-indented,bukan_neutrofil,473,sitoplasma,1.0,0
MO_269575_ccrop.jpg,Monocyte,unsegmented-indented,bukan_neutrofil,19,sitoplasma,1.0,0
MO_271165_ccrop.jpg,Monocyte,unsegmented-indented,bukan_neutrofil,32,vakuola,1.0,0
MO_302771_ccrop.jpg,Monocyte,unsegmented-indented,bukan_neutrofil,161,vakuola,1.0,0
MO_325431_ccrop.jpg,Monocyte,unsegmented-indented,bukan_neutrofil,64,sitoplasma,1.0,0
MO_325431_ccrop.jpg,Monocyte,unsegmented-indented,bukan_neutrofil,103,sitoplasma,1.0,0
MO_327883_ccrop.jpg,Monocyte,irregular,bukan_neutrofil,52,vakuola,1.0,0
MO_3281_ccrop.jpg,Monocyte,unsegmented-indented,bukan_neutrofil,6,sitoplasma,1.0,0
MO_332386_ccrop.jpg,Monocyte,irregular,bukan_neutrofil,404,vakuola,1.0,0
MO_342486_ccrop.jpg,Monocyte,unsegmented-indented,bukan_neutrofil,17,vakuola,1.0,0
MO_345587_ccrop.jpg,Monocyte,unsegmented-indented,bukan_neutrofil,3,sitoplasma,1.0,0
MO_345969_ccrop.jpg,Monocyte,unsegmented-indented,bukan_neutrofil,109,sitoplasma,1.0,0
MO_350301_ccrop.jpg,Monocyte,unsegmented-indented,bukan_neutrofil,69,vakuola,1.0,0
MO_351284_ccrop.jpg,Monocyte,irregular,bukan_neutrofil,71,vakuola,1.0,0
MO_351284_ccrop.jpg,Monocyte,irregular,bukan_neutrofil,69,vakuola,1.0,0
MO_355224_ccrop.jpg,Monocyte,irregular,bukan_neutrofil,62,vakuola,1.0,0
MO_357283_ccrop.jpg,Monocyte,irregular,bukan_neutrofil,196,vakuola,1.0,0
MO_357657_ccrop.jpg,Monocyte,unsegmented-indented,bukan_neutrofil,82,sitoplasma,1.0,0
MO_357657_ccrop.jpg,Monocyte,unsegmented-indented,bukan_neutrofil,1,sitoplasma,1.0,0
MO_357657_ccrop.jpg,Monocyte,unsegmented-indented,bukan_neutrofil,61,vakuola,1.0,0
MO_362651_ccrop.jpg,Monocyte,irregular,bukan_neutrofil,235,vakuola,1.0,0
MO_363564_ccrop.jpg,Monocyte,irregular,bukan_neutrofil,381,vakuola,1.0,0
MO_372197_ccrop.jpg,Monocyte,irregular,bukan_neutrofil,11,vakuola,1.0,0
MO_383141_ccrop.jpg,Monocyte,unsegmented-indented,bukan_neutrofil,1,sitoplasma,1.0,0
MO_394238_ccrop.jpg,Monocyte,unsegmented-indented,bukan_neutrofil,111,vakuola,1.0,0
MO_394238_ccrop.jpg,Monocyte,unsegmented-indented,bukan_neutrofil,34,vakuola,1.0,0
MO_394238_ccrop.jpg,Monocyte,unsegmented-indented,bukan_neutrofil,37,vakuola,1.0,0
MO_405929_ccrop.jpg,Monocyte,unsegmented-indented,bukan_neutrofil,1,vakuola,1.0,0
MO_412460_ccrop.jpg,Monocyte,irregular,bukan_neutrofil,114,vakuola,1.0,0
MO_413052_ccrop.jpg,Monocyte,irregular,bukan_neutrofil,55,vakuola,1.0,0
MO_413052_ccrop.jpg,Monocyte,irregular,bukan_neutrofil,78,vakuola,1.0,0
MO_421759_ccrop.jpg,Monocyte,irregular,bukan_neutrofil,43,vakuola,1.0,0
MO_4232_ccrop.jpg,Monocyte,irregular,bukan_neutrofil,197,vakuola,1.0,0
MO_434289_ccrop.jpg,Monocyte,unsegmented-indented,bukan_neutrofil,406,vakuola,1.0,0
MO_434289_ccrop.jpg,Monocyte,unsegmented-indented,bukan_neutrofil,88,vakuola,1.0,0
MO_437728_ccrop.jpg,Monocyte,unsegmented-indented,bukan_neutrofil,73,sitoplasma,1.0,0
MO_448245_ccrop.jpg,Monocyte,unsegmented-indented,bukan_neutrofil,38,vakuola,1.0,0
MO_448245_ccrop.jpg,Monocyte,unsegmented-indented,bukan_neutrofil,58,vakuola,1.0,0
MO_448245_ccrop.jpg,Monocyte,unsegmented-indented,bukan_neutrofil,36,vakuola,1.0,0
MO_448245_ccrop.jpg,Monocyte,unsegmented-indented,bukan_neutrofil,81,vakuola,1.0,0
MO_448245_ccrop.jpg,Monocyte,unsegmented-indented,bukan_neutrofil,58,vakuola,1.0,0
MO_455421_ccrop.jpg,Monocyte,irregular,bukan_neutrofil,63,vakuola,1.0,0
MO_458178_ccrop.jpg,Monocyte,unsegmented-indented,bukan_neutrofil,53,sitoplasma,1.0,0
MO_461501_ccrop.jpg,Monocyte,unsegmented-indented,bukan_neutrofil,39,sitoplasma,1.0,0
MO_468506_ccrop.jpg,Monocyte,unsegmented-indented,bukan_neutrofil,3,sitoplasma,1.0,0
MO_468506_ccrop.jpg,Monocyte,unsegmented-indented,bukan_neutrofil,1,sitoplasma,1.0,0
MO_482763_ccrop.jpg,Monocyte,unsegmented-indented,bukan_neutrofil,94,vakuola,1.0,0
MO_486293_ccrop.jpg,Monocyte,irregular,bukan_neutrofil,81,sitoplasma,1.0,0
MO_486311_ccrop.jpg,Monocyte,unsegmented-indented,bukan_neutrofil,69,vakuola,1.0,0
MO_497117_ccrop.jpg,Monocyte,irregular,bukan_neutrofil,166,vakuola,1.0,0
MO_497117_ccrop.jpg,Monocyte,irregular,bukan_neutrofil,83,vakuola,1.0,0
MO_497693_ccrop.jpg,Monocyte,irregular,bukan_neutrofil,95,vakuola,1.0,0
MO_497693_ccrop.jpg,Monocyte,irregular,bukan_neutrofil,49,vakuola,1.0,0
MO_503447_ccrop.jpg,Monocyte,irregular,bukan_neutrofil,56,vakuola,1.0,0
MO_504669_ccrop.jpg,Monocyte,unsegmented-indented,bukan_neutrofil,333,sitoplasma,1.0,0
MO_505288_ccrop.jpg,Monocyte,irregular,bukan_neutrofil,450,vakuola,1.0,0
MO_506372_ccrop.jpg,Monocyte,unsegmented-indented,bukan_neutrofil,55,vakuola,1.0,0
MO_507386_ccrop.jpg,Monocyte,unsegmented-indented,bukan_neutrofil,19,sitoplasma,1.0,0
MO_509282_ccrop.jpg,Monocyte,unsegmented-indented,bukan_neutrofil,71,vakuola,1.0,0
MO_509901_ccrop.jpg,Monocyte,irregular,bukan_neutrofil,149,vakuola,1.0,0
MO_512783_ccrop.jpg,Monocyte,irregular,bukan_neutrofil,172,vakuola,1.0,0
MO_513345_ccrop.jpg,Monocyte,unsegmented-indented,bukan_neutrofil,69,vakuola,1.0,0
MO_513345_ccrop.jpg,Monocyte,unsegmented-indented,bukan_neutrofil,184,vakuola,1.0,0
MO_51728_ccrop.jpg,Monocyte,irregular,bukan_neutrofil,298,vakuola,1.0,0
MO_51985_ccrop.jpg,Monocyte,irregular,bukan_neutrofil,151,vakuola,1.0,0
MO_52244_ccrop.jpg,Monocyte,irregular,bukan_neutrofil,406,vakuola,1.0,0
MO_52909_ccrop.jpg,Monocyte,irregular,bukan_neutrofil,36,vakuola,1.0,0
MO_529368_ccrop.jpg,Monocyte,irregular,bukan_neutrofil,273,vakuola,1.0,0
MO_541213_ccrop.jpg,Monocyte,unsegmented-indented,bukan_neutrofil,18,vakuola,1.0,0
MO_541213_ccrop.jpg,Monocyte,unsegmented-indented,bukan_neutrofil,40,vakuola,1.0,0
MO_547080_ccrop.jpg,Monocyte,unsegmented-indented,bukan_neutrofil,41,vakuola,1.0,0
MO_547178_ccrop.jpg,Monocyte,irregular,bukan_neutrofil,89,sitoplasma,1.0,0
MO_547178_ccrop.jpg,Monocyte,irregular,bukan_neutrofil,191,sitoplasma,1.0,0
MO_551759_ccrop.jpg,Monocyte,unsegmented-indented,bukan_neutrofil,2,sitoplasma,1.0,0
MO_551759_ccrop.jpg,Monocyte,unsegmented-indented,bukan_neutrofil,1,sitoplasma,1.0,0
MO_551759_ccrop.jpg,Monocyte,unsegmented-indented,bukan_neutrofil,1,sitoplasma,1.0,0
MO_551759_ccrop.jpg,Monocyte,unsegmented-indented,bukan_neutrofil,1,sitoplasma,1.0,0
MO_551759_ccrop.jpg,Monocyte,unsegmented-indented,bukan_neutrofil,2,sitoplasma,1.0,0
MO_551759_ccrop.jpg,Monocyte,unsegmented-indented,bukan_neutrofil,2,sitoplasma,1.0,0
MO_551759_ccrop.jpg,Monocyte,unsegmented-indented,bukan_neutrofil,1,sitoplasma,1.0,0
MO_551759_ccrop.jpg,Monocyte,unsegmented-indented,bukan_neutrofil,1,sitoplasma,1.0,0
MO_551759_ccrop.jpg,Monocyte,unsegmented-indented,bukan_neutrofil,7,sitoplasma,1.0,0
MO_557970_ccrop.jpg,Monocyte,unsegmented-indented,bukan_neutrofil,1,sitoplasma,1.0,0
MO_557970_ccrop.jpg,Monocyte,unsegmented-indented,bukan_neutrofil,79,sitoplasma,1.0,0
MO_557970_ccrop.jpg,Monocyte,unsegmented-indented,bukan_neutrofil,2,sitoplasma,1.0,0
MO_558349_ccrop.jpg,Monocyte,unsegmented-indented,bukan_neutrofil,57,vakuola,1.0,0
MO_586282_ccrop.jpg,Monocyte,irregular,bukan_neutrofil,393,vakuola,1.0,0
MO_600892_ccrop.jpg,Monocyte,unsegmented-indented,bukan_neutrofil,129,vakuola,1.0,0
MO_60168_ccrop.jpg,Monocyte,unsegmented-indented,bukan_neutrofil,105,sitoplasma,1.0,0
MO_606897_ccrop.jpg,Monocyte,unsegmented-round,bukan_neutrofil,252,vakuola,1.0,0
MO_609525_ccrop.jpg,Monocyte,unsegmented-indented,bukan_neutrofil,43,sitoplasma,1.0,0
MO_609525_ccrop.jpg,Monocyte,unsegmented-indented,bukan_neutrofil,1,sitoplasma,1.0,0
MO_609525_ccrop.jpg,Monocyte,unsegmented-indented,bukan_neutrofil,2,sitoplasma,1.0,0
MO_612867_ccrop.jpg,Monocyte,unsegmented-indented,bukan_neutrofil,55,sitoplasma,1.0,0
MO_613573_ccrop.jpg,Monocyte,unsegmented-indented,bukan_neutrofil,30,vakuola,1.0,0
MO_613573_ccrop.jpg,Monocyte,unsegmented-indented,bukan_neutrofil,35,vakuola,1.0,0
MO_61548_ccrop.jpg,Monocyte,unsegmented-indented,bukan_neutrofil,97,vakuola,1.0,0
MO_625079_ccrop.jpg,Monocyte,unsegmented-indented,bukan_neutrofil,91,sitoplasma,1.0,0
MO_628540_ccrop.jpg,Monocyte,irregular,bukan_neutrofil,237,vakuola,1.0,0
MO_634096_ccrop.jpg,Monocyte,unsegmented-indented,bukan_neutrofil,356,sitoplasma,1.0,0
MO_634829_ccrop.jpg,Monocyte,unsegmented-round,bukan_neutrofil,146,vakuola,1.0,0
MO_636291_ccrop.jpg,Monocyte,unsegmented-indented,bukan_neutrofil,955,sitoplasma,1.0,0
MO_639214_ccrop.jpg,Monocyte,unsegmented-indented,bukan_neutrofil,612,vakuola,1.0,0
MO_64499_ccrop.jpg,Monocyte,unsegmented-indented,bukan_neutrofil,33,vakuola,1.0,0
MO_646983_ccrop.jpg,Monocyte,unsegmented-indented,bukan_neutrofil,189,sitoplasma,1.0,0
MO_656604_ccrop.jpg,Monocyte,unsegmented-indented,bukan_neutrofil,212,sitoplasma,1.0,0
MO_656715_ccrop.jpg,Monocyte,unsegmented-indented,bukan_neutrofil,559,vakuola,1.0,0
MO_668269_ccrop.jpg,Monocyte,unsegmented-indented,bukan_neutrofil,1,sitoplasma,1.0,0
MO_668269_ccrop.jpg,Monocyte,unsegmented-indented,bukan_neutrofil,1,sitoplasma,1.0,0
MO_669132_ccrop.jpg,Monocyte,unsegmented-indented,bukan_neutrofil,46,vakuola,1.0,0
MO_678255_ccrop.jpg,Monocyte,irregular,bukan_neutrofil,48,vakuola,1.0,0
MO_678255_ccrop.jpg,Monocyte,irregular,bukan_neutrofil,38,vakuola,1.0,0
MO_678255_ccrop.jpg,Monocyte,irregular,bukan_neutrofil,67,vakuola,1.0,0
MO_692135_ccrop.jpg,Monocyte,unsegmented-indented,bukan_neutrofil,183,sitoplasma,1.0,0
MO_692135_ccrop.jpg,Monocyte,unsegmented-indented,bukan_neutrofil,37,sitoplasma,1.0,0
MO_692135_ccrop.jpg,Monocyte,unsegmented-indented,bukan_neutrofil,116,sitoplasma,1.0,0
MO_692135_ccrop.jpg,Monocyte,unsegmented-indented,bukan_neutrofil,54,sitoplasma,1.0,0
MO_692135_ccrop.jpg,Monocyte,unsegmented-indented,bukan_neutrofil,62,sitoplasma,1.0,0
MO_702940_ccrop.jpg,Monocyte,irregular,bukan_neutrofil,129,vakuola,1.0,0
MO_702940_ccrop.jpg,Monocyte,irregular,bukan_neutrofil,42,vakuola,1.0,0
MO_705572_ccrop.jpg,Monocyte,unsegmented-indented,bukan_neutrofil,166,vakuola,1.0,0
MO_705630_ccrop.jpg,Monocyte,unsegmented-indented,bukan_neutrofil,27,sitoplasma,1.0,0
MO_707836_ccrop.jpg,Monocyte,irregular,bukan_neutrofil,201,vakuola,1.0,0
MO_718520_ccrop.jpg,Monocyte,irregular,bukan_neutrofil,236,vakuola,1.0,0
MO_721856_ccrop.jpg,Monocyte,unsegmented-indented,bukan_neutrofil,91,vakuola,1.0,0
MO_730717_ccrop.jpg,Monocyte,unsegmented-indented,bukan_neutrofil,55,vakuola,1.0,0
MO_741522_ccrop.jpg,Monocyte,unsegmented-indented,bukan_neutrofil,4,sitoplasma,1.0,0
MO_741677_ccrop.jpg,Monocyte,irregular,bukan_neutrofil,97,vakuola,1.0,0
MO_742036_ccrop.jpg,Monocyte,unsegmented-indented,bukan_neutrofil,48,vakuola,1.0,0
MO_742036_ccrop.jpg,Monocyte,unsegmented-indented,bukan_neutrofil,44,vakuola,1.0,0
MO_742036_ccrop.jpg,Monocyte,unsegmented-indented,bukan_neutrofil,102,vakuola,1.0,0
MO_745810_ccrop.jpg,Monocyte,unsegmented-indented,bukan_neutrofil,98,vakuola,1.0,0
MO_751456_ccrop.jpg,Monocyte,unsegmented-indented,bukan_neutrofil,225,vakuola,1.0,0
MO_756261_ccrop.jpg,Monocyte,unsegmented-indented,bukan_neutrofil,18,sitoplasma,1.0,0
MO_758331_ccrop.jpg,Monocyte,unsegmented-indented,bukan_neutrofil,90,vakuola,1.0,0
MO_761533_ccrop.jpg,Monocyte,unsegmented-indented,bukan_neutrofil,115,vakuola,1.0,0
MO_763206_ccrop.jpg,Monocyte,unsegmented-indented,bukan_neutrofil,118,vakuola,1.0,0
MO_763206_ccrop.jpg,Monocyte,unsegmented-indented,bukan_neutrofil,101,vakuola,1.0,0
MO_763772_ccrop.jpg,Monocyte,unsegmented-indented,bukan_neutrofil,211,sitoplasma,1.0,0
MO_765056_ccrop.jpg,Monocyte,unsegmented-indented,bukan_neutrofil,81,vakuola,1.0,0
MO_766420_ccrop.jpg,Monocyte,unsegmented-indented,bukan_neutrofil,50,sitoplasma,1.0,0
MO_771921_ccrop.jpg,Monocyte,irregular,bukan_neutrofil,137,vakuola,1.0,0
MO_775570_ccrop.jpg,Monocyte,unsegmented-indented,bukan_neutrofil,4,sitoplasma,1.0,0
MO_778543_ccrop.jpg,Monocyte,unsegmented-indented,bukan_neutrofil,40,vakuola,1.0,0
MO_778543_ccrop.jpg,Monocyte,unsegmented-indented,bukan_neutrofil,37,vakuola,1.0,0
MO_781658_ccrop.jpg,Monocyte,irregular,bukan_neutrofil,155,vakuola,1.0,0
MO_784579_ccrop.jpg,Monocyte,unsegmented-indented,bukan_neutrofil,136,vakuola,1.0,0
MO_784579_ccrop.jpg,Monocyte,unsegmented-indented,bukan_neutrofil,98,vakuola,1.0,0
MO_784579_ccrop.jpg,Monocyte,unsegmented-indented,bukan_neutrofil,20,sitoplasma,1.0,0
MO_788923_ccrop.jpg,Monocyte,irregular,bukan_neutrofil,183,vakuola,1.0,0
MO_788923_ccrop.jpg,Monocyte,irregular,bukan_neutrofil,134,vakuola,1.0,0
MO_788923_ccrop.jpg,Monocyte,irregular,bukan_neutrofil,13,vakuola,1.0,0
MO_797990_ccrop.jpg,Monocyte,unsegmented-indented,bukan_neutrofil,33,sitoplasma,1.0,0
MO_799116_ccrop.jpg,Monocyte,unsegmented-indented,bukan_neutrofil,128,sitoplasma,1.0,0
MO_799116_ccrop.jpg,Monocyte,unsegmented-indented,bukan_neutrofil,41,sitoplasma,1.0,0
MO_817172_ccrop.jpg,Monocyte,unsegmented-indented,bukan_neutrofil,26,sitoplasma,1.0,0
MO_818870_ccrop.jpg,Monocyte,irregular,bukan_neutrofil,1432,vakuola,1.0,0
MO_821329_ccrop.jpg,Monocyte,unsegmented-indented,bukan_neutrofil,251,sitoplasma,1.0,0
MO_839536_ccrop.jpg,Monocyte,irregular,bukan_neutrofil,179,vakuola,1.0,0
MO_852132_ccrop.jpg,Monocyte,irregular,bukan_neutrofil,114,vakuola,1.0,0
MO_85687_ccrop.jpg,Monocyte,irregular,bukan_neutrofil,41,vakuola,1.0,0
MO_857695_ccrop.jpg,Monocyte,unsegmented-indented,bukan_neutrofil,152,sitoplasma,1.0,0
MO_861803_ccrop.jpg,Monocyte,irregular,bukan_neutrofil,57,vakuola,1.0,0
MO_861803_ccrop.jpg,Monocyte,irregular,bukan_neutrofil,43,vakuola,1.0,0
MO_861803_ccrop.jpg,Monocyte,irregular,bukan_neutrofil,72,vakuola,1.0,0
MO_861803_ccrop.jpg,Monocyte,irregular,bukan_neutrofil,40,vakuola,1.0,0
MO_866348_ccrop.jpg,Monocyte,unsegmented-indented,bukan_neutrofil,26,vakuola,1.0,0
MO_871027_ccrop.jpg,Monocyte,unsegmented-round,bukan_neutrofil,16,vakuola,1.0,0
MO_88257_ccrop.jpg,Monocyte,unsegmented-indented,bukan_neutrofil,133,vakuola,1.0,0
MO_888390_ccrop.jpg,Monocyte,unsegmented-indented,bukan_neutrofil,89,vakuola,1.0,0
MO_891206_ccrop.jpg,Monocyte,unsegmented-indented,bukan_neutrofil,38,sitoplasma,1.0,0
MO_903914_ccrop.jpg,Monocyte,unsegmented-indented,bukan_neutrofil,52,sitoplasma,1.0,0
MO_90755_ccrop.jpg,Monocyte,unsegmented-indented,bukan_neutrofil,37,vakuola,1.0,0
MO_90755_ccrop.jpg,Monocyte,unsegmented-indented,bukan_neutrofil,10,sitoplasma,1.0,0
MO_919860_ccrop.jpg,Monocyte,unsegmented-indented,bukan_neutrofil,2,sitoplasma,1.0,0
MO_928388_ccrop.jpg,Monocyte,unsegmented-indented,bukan_neutrofil,112,sitoplasma,1.0,0
MO_93573_ccrop.jpg,Monocyte,irregular,bukan_neutrofil,170,vakuola,1.0,0
MO_945019_ccrop.jpg,Monocyte,irregular,bukan_neutrofil,90,vakuola,1.0,0
MO_949892_ccrop.jpg,Monocyte,unsegmented-indented,bukan_neutrofil,107,vakuola,1.0,0
MO_95755_ccrop.jpg,Monocyte,unsegmented-indented,bukan_neutrofil,160,vakuola,1.0,0
MO_959392_ccrop.jpg,Monocyte,irregular,bukan_neutrofil,119,vakuola,1.0,0
MO_960861_ccrop.jpg,Monocyte,irregular,bukan_neutrofil,265,vakuola,1.0,0
MO_960861_ccrop.jpg,Monocyte,irregular,bukan_neutrofil,146,vakuola,1.0,0
MO_960861_ccrop.jpg,Monocyte,irregular,bukan_neutrofil,88,vakuola,1.0,0
MO_965106_ccrop.jpg,Monocyte,irregular,bukan_neutrofil,58,vakuola,1.0,0
MO_965106_ccrop.jpg,Monocyte,irregular,bukan_neutrofil,43,vakuola,1.0,0
MO_965106_ccrop.jpg,Monocyte,irregular,bukan_neutrofil,121,vakuola,1.0,0
MO_965106_ccrop.jpg,Monocyte,irregular,bukan_neutrofil,61,vakuola,1.0,0
MO_965106_ccrop.jpg,Monocyte,irregular,bukan_neutrofil,57,vakuola,1.0,0
MO_971723_ccrop.jpg,Monocyte,unsegmented-indented,bukan_neutrofil,923,sitoplasma,1.0,0
MO_971723_ccrop.jpg,Monocyte,unsegmented-indented,bukan_neutrofil,1,sitoplasma,1.0,0
MO_975000_ccrop.jpg,Monocyte,unsegmented-indented,bukan_neutrofil,160,vakuola,1.0,0
MO_998144_ccrop.jpg,Monocyte,irregular,bukan_neutrofil,33,vakuola,1.0,0
MO_998662_ccrop.jpg,Monocyte,unsegmented-indented,bukan_neutrofil,326,sitoplasma,1.0,0
NEUTROPHIL_150696_ccrop.jpg,Neutrophil,segmented-bilobed,F_tak_bersubtipe,1,sitoplasma,1.0,0
NEUTROPHIL_150696_ccrop.jpg,Neutrophil,segmented-bilobed,F_tak_bersubtipe,95,sitoplasma,1.0,0
NEUTROPHIL_205471_ccrop.jpg,Neutrophil,unsegmented-band,F_tak_bersubtipe,425,sitoplasma,1.0,0
NEUTROPHIL_272014_ccrop.jpg,Neutrophil,segmented-multilobed,F_tak_bersubtipe,1,sitoplasma,1.0,0
NEUTROPHIL_272014_ccrop.jpg,Neutrophil,segmented-multilobed,F_tak_bersubtipe,1,sitoplasma,1.0,0
NEUTROPHIL_292100_ccrop.jpg,Neutrophil,segmented-bilobed,F_tak_bersubtipe,271,sitoplasma,1.0,0
NEUTROPHIL_330663_ccrop.jpg,Neutrophil,segmented-multilobed,F_tak_bersubtipe,183,sitoplasma,1.0,0
NEUTROPHIL_330663_ccrop.jpg,Neutrophil,segmented-multilobed,F_tak_bersubtipe,12,sitoplasma,1.0,0
NEUTROPHIL_389433_ccrop.jpg,Neutrophil,segmented-multilobed,F_tak_bersubtipe,605,sitoplasma,1.0,0
NEUTROPHIL_408557_ccrop.jpg,Neutrophil,segmented-bilobed,F_tak_bersubtipe,701,sitoplasma,1.0,0
NEUTROPHIL_409124_ccrop.jpg,Neutrophil,unsegmented-band,F_tak_bersubtipe,790,sitoplasma,1.0,0
NEUTROPHIL_590611_ccrop.jpg,Neutrophil,segmented-bilobed,F_tak_bersubtipe,582,sitoplasma,1.0,0
NEUTROPHIL_664104_ccrop.jpg,Neutrophil,segmented-multilobed,F_tak_bersubtipe,31,sitoplasma,1.0,0
NEUTROPHIL_664104_ccrop.jpg,Neutrophil,segmented-multilobed,F_tak_bersubtipe,1,sitoplasma,1.0,0
NEUTROPHIL_664104_ccrop.jpg,Neutrophil,segmented-multilobed,F_tak_bersubtipe,46,sitoplasma,1.0,0
SNE_101188_ccrop.jpg,Neutrophil,unsegmented-band,C_konflik_SNE_band,994,sitoplasma,1.0,0
SNE_10429_ccrop.jpg,Neutrophil,segmented-multilobed,B_sepakat_segmented,57,sitoplasma,1.0,0
SNE_106989_ccrop.jpg,Neutrophil,segmented-multilobed,B_sepakat_segmented,185,sitoplasma,1.0,0
SNE_108061_ccrop.jpg,Neutrophil,unsegmented-band,C_konflik_SNE_band,1,sitoplasma,1.0,0
SNE_108061_ccrop.jpg,Neutrophil,unsegmented-band,C_konflik_SNE_band,2,sitoplasma,1.0,0
SNE_108061_ccrop.jpg,Neutrophil,unsegmented-band,C_konflik_SNE_band,35,sitoplasma,1.0,0
SNE_108061_ccrop.jpg,Neutrophil,unsegmented-band,C_konflik_SNE_band,135,sitoplasma,1.0,0
SNE_112837_ccrop.jpg,Neutrophil,segmented-multilobed,B_sepakat_segmented,1,sitoplasma,1.0,0
SNE_113678_ccrop.jpg,Neutrophil,segmented-multilobed,B_sepakat_segmented,59,sitoplasma,1.0,0
SNE_115658_ccrop.jpg,Neutrophil,segmented-bilobed,B_sepakat_segmented,5,sitoplasma,1.0,0
SNE_119027_ccrop.jpg,Neutrophil,segmented-multilobed,B_sepakat_segmented,354,sitoplasma,1.0,0
SNE_12043_ccrop.jpg,Neutrophil,unsegmented-band,C_konflik_SNE_band,40,sitoplasma,1.0,0
SNE_122854_ccrop.jpg,Neutrophil,segmented-multilobed,B_sepakat_segmented,157,sitoplasma,1.0,0
SNE_122854_ccrop.jpg,Neutrophil,segmented-multilobed,B_sepakat_segmented,59,sitoplasma,1.0,0
SNE_130422_ccrop.jpg,Neutrophil,segmented-multilobed,B_sepakat_segmented,1,sitoplasma,1.0,0
SNE_143493_ccrop.jpg,Neutrophil,segmented-multilobed,B_sepakat_segmented,586,sitoplasma,1.0,0
SNE_143493_ccrop.jpg,Neutrophil,segmented-multilobed,B_sepakat_segmented,17,sitoplasma,1.0,0
SNE_143493_ccrop.jpg,Neutrophil,segmented-multilobed,B_sepakat_segmented,1,sitoplasma,1.0,0
SNE_147263_ccrop.jpg,Neutrophil,segmented-bilobed,B_sepakat_segmented,212,sitoplasma,1.0,0
SNE_14748_ccrop.jpg,Neutrophil,segmented-multilobed,B_sepakat_segmented,37,sitoplasma,1.0,0
SNE_158445_ccrop.jpg,Neutrophil,segmented-multilobed,B_sepakat_segmented,39,sitoplasma,1.0,0
SNE_15997_ccrop.jpg,Neutrophil,segmented-bilobed,B_sepakat_segmented,41,sitoplasma,1.0,0
SNE_162958_ccrop.jpg,Neutrophil,segmented-bilobed,B_sepakat_segmented,1,sitoplasma,1.0,0
SNE_168952_ccrop.jpg,Neutrophil,segmented-bilobed,B_sepakat_segmented,27,sitoplasma,1.0,0
SNE_169776_ccrop.jpg,Neutrophil,unsegmented-band,C_konflik_SNE_band,1,sitoplasma,1.0,0
SNE_169776_ccrop.jpg,Neutrophil,unsegmented-band,C_konflik_SNE_band,1,sitoplasma,1.0,0
SNE_174973_ccrop.jpg,Neutrophil,segmented-bilobed,B_sepakat_segmented,1,sitoplasma,1.0,0
SNE_174973_ccrop.jpg,Neutrophil,segmented-bilobed,B_sepakat_segmented,1,sitoplasma,1.0,0
SNE_174973_ccrop.jpg,Neutrophil,segmented-bilobed,B_sepakat_segmented,2,sitoplasma,1.0,0
SNE_174973_ccrop.jpg,Neutrophil,segmented-bilobed,B_sepakat_segmented,1,sitoplasma,1.0,0
SNE_174973_ccrop.jpg,Neutrophil,segmented-bilobed,B_sepakat_segmented,4,sitoplasma,1.0,0
SNE_174973_ccrop.jpg,Neutrophil,segmented-bilobed,B_sepakat_segmented,79,sitoplasma,1.0,0
SNE_180966_ccrop.jpg,Neutrophil,segmented-bilobed,B_sepakat_segmented,2,sitoplasma,1.0,0
SNE_182145_ccrop.jpg,Neutrophil,unsegmented-band,C_konflik_SNE_band,9,sitoplasma,1.0,0
SNE_182145_ccrop.jpg,Neutrophil,unsegmented-band,C_konflik_SNE_band,38,sitoplasma,1.0,0
SNE_182145_ccrop.jpg,Neutrophil,unsegmented-band,C_konflik_SNE_band,1,sitoplasma,1.0,0
SNE_182145_ccrop.jpg,Neutrophil,unsegmented-band,C_konflik_SNE_band,1,sitoplasma,1.0,0
SNE_182145_ccrop.jpg,Neutrophil,unsegmented-band,C_konflik_SNE_band,1,sitoplasma,1.0,0
SNE_182145_ccrop.jpg,Neutrophil,unsegmented-band,C_konflik_SNE_band,1,sitoplasma,1.0,0
SNE_182145_ccrop.jpg,Neutrophil,unsegmented-band,C_konflik_SNE_band,1,sitoplasma,1.0,0
SNE_182145_ccrop.jpg,Neutrophil,unsegmented-band,C_konflik_SNE_band,1,sitoplasma,1.0,0
SNE_182145_ccrop.jpg,Neutrophil,unsegmented-band,C_konflik_SNE_band,1,sitoplasma,1.0,0
SNE_182145_ccrop.jpg,Neutrophil,unsegmented-band,C_konflik_SNE_band,1,sitoplasma,1.0,0
SNE_183003_ccrop.jpg,Neutrophil,unsegmented-band,C_konflik_SNE_band,7,sitoplasma,1.0,0
SNE_200252_ccrop.jpg,Neutrophil,unsegmented-band,C_konflik_SNE_band,93,sitoplasma,1.0,0
SNE_206630_ccrop.jpg,Neutrophil,segmented-multilobed,B_sepakat_segmented,9,sitoplasma,1.0,0
SNE_206630_ccrop.jpg,Neutrophil,segmented-multilobed,B_sepakat_segmented,178,sitoplasma,1.0,0
SNE_209080_ccrop.jpg,Neutrophil,segmented-bilobed,B_sepakat_segmented,63,sitoplasma,1.0,0
SNE_215853_ccrop.jpg,Neutrophil,unsegmented-band,C_konflik_SNE_band,14,sitoplasma,1.0,0
SNE_215853_ccrop.jpg,Neutrophil,unsegmented-band,C_konflik_SNE_band,25,sitoplasma,1.0,0
SNE_219152_ccrop.jpg,Neutrophil,unsegmented-band,C_konflik_SNE_band,188,sitoplasma,1.0,0
SNE_219641_ccrop.jpg,Neutrophil,segmented-bilobed,B_sepakat_segmented,179,sitoplasma,1.0,0
SNE_219641_ccrop.jpg,Neutrophil,segmented-bilobed,B_sepakat_segmented,3,sitoplasma,1.0,0
SNE_238919_ccrop.jpg,Neutrophil,segmented-bilobed,B_sepakat_segmented,1,sitoplasma,1.0,0
SNE_238919_ccrop.jpg,Neutrophil,segmented-bilobed,B_sepakat_segmented,1,sitoplasma,1.0,0
SNE_238919_ccrop.jpg,Neutrophil,segmented-bilobed,B_sepakat_segmented,1,sitoplasma,1.0,0
SNE_238919_ccrop.jpg,Neutrophil,segmented-bilobed,B_sepakat_segmented,176,sitoplasma,1.0,0
SNE_241361_ccrop.jpg,Neutrophil,unsegmented-band,C_konflik_SNE_band,35,sitoplasma,1.0,0
SNE_246181_ccrop.jpg,Neutrophil,segmented-bilobed,B_sepakat_segmented,290,sitoplasma,1.0,0
SNE_246181_ccrop.jpg,Neutrophil,segmented-bilobed,B_sepakat_segmented,49,sitoplasma,1.0,0
SNE_247632_ccrop.jpg,Neutrophil,segmented-multilobed,B_sepakat_segmented,555,sitoplasma,1.0,0
SNE_247632_ccrop.jpg,Neutrophil,segmented-multilobed,B_sepakat_segmented,2,sitoplasma,1.0,0
SNE_247632_ccrop.jpg,Neutrophil,segmented-multilobed,B_sepakat_segmented,2,sitoplasma,1.0,0
SNE_247632_ccrop.jpg,Neutrophil,segmented-multilobed,B_sepakat_segmented,1,sitoplasma,1.0,0
SNE_250922_ccrop.jpg,Neutrophil,unsegmented-band,C_konflik_SNE_band,86,sitoplasma,1.0,0
SNE_251641_ccrop.jpg,Neutrophil,segmented-multilobed,B_sepakat_segmented,79,sitoplasma,1.0,0
SNE_251641_ccrop.jpg,Neutrophil,segmented-multilobed,B_sepakat_segmented,64,sitoplasma,1.0,0
SNE_255562_ccrop.jpg,Neutrophil,segmented-bilobed,B_sepakat_segmented,222,sitoplasma,1.0,0
SNE_257510_ccrop.jpg,Neutrophil,segmented-multilobed,B_sepakat_segmented,70,sitoplasma,1.0,0
SNE_257510_ccrop.jpg,Neutrophil,segmented-multilobed,B_sepakat_segmented,1,sitoplasma,1.0,0
SNE_25945_ccrop.jpg,Neutrophil,segmented-multilobed,B_sepakat_segmented,1,sitoplasma,1.0,0
SNE_271690_ccrop.jpg,Neutrophil,segmented-multilobed,B_sepakat_segmented,1,sitoplasma,1.0,0
SNE_271690_ccrop.jpg,Neutrophil,segmented-multilobed,B_sepakat_segmented,1,sitoplasma,1.0,0
SNE_271690_ccrop.jpg,Neutrophil,segmented-multilobed,B_sepakat_segmented,1,sitoplasma,1.0,0
SNE_271690_ccrop.jpg,Neutrophil,segmented-multilobed,B_sepakat_segmented,1,sitoplasma,1.0,0
SNE_271690_ccrop.jpg,Neutrophil,segmented-multilobed,B_sepakat_segmented,4,sitoplasma,1.0,0
SNE_271690_ccrop.jpg,Neutrophil,segmented-multilobed,B_sepakat_segmented,102,sitoplasma,1.0,0
SNE_273219_ccrop.jpg,Neutrophil,segmented-multilobed,B_sepakat_segmented,345,sitoplasma,1.0,0
SNE_280533_ccrop.jpg,Neutrophil,segmented-multilobed,B_sepakat_segmented,283,sitoplasma,1.0,0
SNE_282692_ccrop.jpg,Neutrophil,segmented-multilobed,B_sepakat_segmented,30,sitoplasma,1.0,0
SNE_282692_ccrop.jpg,Neutrophil,segmented-multilobed,B_sepakat_segmented,1,sitoplasma,1.0,0
SNE_282692_ccrop.jpg,Neutrophil,segmented-multilobed,B_sepakat_segmented,1,sitoplasma,1.0,0
SNE_282692_ccrop.jpg,Neutrophil,segmented-multilobed,B_sepakat_segmented,1,sitoplasma,1.0,0
SNE_282692_ccrop.jpg,Neutrophil,segmented-multilobed,B_sepakat_segmented,1,sitoplasma,1.0,0
SNE_292418_ccrop.jpg,Neutrophil,unsegmented-band,C_konflik_SNE_band,17,sitoplasma,1.0,0
SNE_303729_ccrop.jpg,Neutrophil,segmented-multilobed,B_sepakat_segmented,72,sitoplasma,1.0,0
SNE_308177_ccrop.jpg,Neutrophil,unsegmented-band,C_konflik_SNE_band,12,sitoplasma,1.0,0
SNE_308878_ccrop.jpg,Neutrophil,unsegmented-band,C_konflik_SNE_band,1253,sitoplasma,1.0,0
SNE_310624_ccrop.jpg,Neutrophil,unsegmented-band,C_konflik_SNE_band,1,sitoplasma,1.0,0
SNE_310624_ccrop.jpg,Neutrophil,unsegmented-band,C_konflik_SNE_band,584,sitoplasma,1.0,0
SNE_314661_ccrop.jpg,Neutrophil,unsegmented-band,C_konflik_SNE_band,43,sitoplasma,1.0,0
SNE_314661_ccrop.jpg,Neutrophil,unsegmented-band,C_konflik_SNE_band,46,sitoplasma,1.0,0
SNE_319081_ccrop.jpg,Neutrophil,segmented-bilobed,B_sepakat_segmented,231,sitoplasma,1.0,0
SNE_329838_ccrop.jpg,Neutrophil,segmented-bilobed,B_sepakat_segmented,77,sitoplasma,1.0,0
SNE_330213_ccrop.jpg,Neutrophil,segmented-bilobed,B_sepakat_segmented,303,sitoplasma,1.0,0
SNE_334919_ccrop.jpg,Neutrophil,segmented-bilobed,B_sepakat_segmented,15,sitoplasma,1.0,0
SNE_339035_ccrop.jpg,Neutrophil,segmented-bilobed,B_sepakat_segmented,1668,sitoplasma,1.0,0
SNE_339572_ccrop.jpg,Neutrophil,segmented-bilobed,B_sepakat_segmented,400,sitoplasma,1.0,0
SNE_344636_ccrop.jpg,Neutrophil,unsegmented-band,C_konflik_SNE_band,61,sitoplasma,1.0,0
SNE_345111_ccrop.jpg,Neutrophil,segmented-bilobed,B_sepakat_segmented,16,sitoplasma,1.0,0
SNE_345629_ccrop.jpg,Neutrophil,segmented-multilobed,B_sepakat_segmented,224,sitoplasma,1.0,0
SNE_350920_ccrop.jpg,Neutrophil,segmented-multilobed,B_sepakat_segmented,302,sitoplasma,1.0,0
SNE_355910_ccrop.jpg,Neutrophil,unsegmented-band,C_konflik_SNE_band,23,sitoplasma,1.0,0
SNE_357649_ccrop.jpg,Neutrophil,unsegmented-band,C_konflik_SNE_band,99,sitoplasma,1.0,0
SNE_357649_ccrop.jpg,Neutrophil,unsegmented-band,C_konflik_SNE_band,3,sitoplasma,1.0,0
SNE_357649_ccrop.jpg,Neutrophil,unsegmented-band,C_konflik_SNE_band,2,sitoplasma,1.0,0
SNE_357649_ccrop.jpg,Neutrophil,unsegmented-band,C_konflik_SNE_band,1,sitoplasma,1.0,0
SNE_357649_ccrop.jpg,Neutrophil,unsegmented-band,C_konflik_SNE_band,318,sitoplasma,1.0,0
SNE_357649_ccrop.jpg,Neutrophil,unsegmented-band,C_konflik_SNE_band,23,sitoplasma,1.0,0
SNE_358136_ccrop.jpg,Neutrophil,unsegmented-band,C_konflik_SNE_band,891,sitoplasma,1.0,0
SNE_358592_ccrop.jpg,Neutrophil,unsegmented-band,C_konflik_SNE_band,11,sitoplasma,1.0,0
SNE_363446_ccrop.jpg,Neutrophil,segmented-multilobed,B_sepakat_segmented,986,sitoplasma,1.0,0
SNE_364743_ccrop.jpg,Neutrophil,segmented-bilobed,B_sepakat_segmented,85,sitoplasma,1.0,0
SNE_373271_ccrop.jpg,Neutrophil,segmented-multilobed,B_sepakat_segmented,1,sitoplasma,1.0,0
SNE_373271_ccrop.jpg,Neutrophil,segmented-multilobed,B_sepakat_segmented,1,sitoplasma,1.0,0
SNE_373271_ccrop.jpg,Neutrophil,segmented-multilobed,B_sepakat_segmented,66,sitoplasma,1.0,0
SNE_380978_ccrop.jpg,Neutrophil,segmented-multilobed,B_sepakat_segmented,61,sitoplasma,1.0,0
SNE_390822_ccrop.jpg,Neutrophil,segmented-multilobed,B_sepakat_segmented,83,sitoplasma,1.0,0
SNE_395253_ccrop.jpg,Neutrophil,segmented-multilobed,B_sepakat_segmented,3,sitoplasma,1.0,0
SNE_395253_ccrop.jpg,Neutrophil,segmented-multilobed,B_sepakat_segmented,14,sitoplasma,1.0,0
SNE_397471_ccrop.jpg,Neutrophil,unsegmented-band,C_konflik_SNE_band,47,sitoplasma,1.0,0
SNE_399998_ccrop.jpg,Neutrophil,segmented-bilobed,B_sepakat_segmented,5,sitoplasma,1.0,0
SNE_40306_ccrop.jpg,Neutrophil,unsegmented-band,C_konflik_SNE_band,63,sitoplasma,1.0,0
SNE_403956_ccrop.jpg,Neutrophil,unsegmented-band,C_konflik_SNE_band,523,sitoplasma,1.0,0
SNE_403956_ccrop.jpg,Neutrophil,unsegmented-band,C_konflik_SNE_band,17,sitoplasma,1.0,0
SNE_404231_ccrop.jpg,Neutrophil,segmented-bilobed,B_sepakat_segmented,8,sitoplasma,1.0,0
SNE_404595_ccrop.jpg,Neutrophil,segmented-multilobed,B_sepakat_segmented,1,sitoplasma,1.0,0
SNE_406667_ccrop.jpg,Neutrophil,unsegmented-band,C_konflik_SNE_band,54,sitoplasma,1.0,0
SNE_413625_ccrop.jpg,Neutrophil,segmented-bilobed,B_sepakat_segmented,245,sitoplasma,1.0,0
SNE_413625_ccrop.jpg,Neutrophil,segmented-bilobed,B_sepakat_segmented,87,sitoplasma,1.0,0
SNE_414851_ccrop.jpg,Neutrophil,unsegmented-band,C_konflik_SNE_band,1,sitoplasma,1.0,0
SNE_414851_ccrop.jpg,Neutrophil,unsegmented-band,C_konflik_SNE_band,35,sitoplasma,1.0,0
SNE_417051_ccrop.jpg,Neutrophil,segmented-multilobed,B_sepakat_segmented,23,sitoplasma,1.0,0
SNE_419085_ccrop.jpg,Neutrophil,segmented-multilobed,B_sepakat_segmented,83,sitoplasma,1.0,0
SNE_420372_ccrop.jpg,Neutrophil,segmented-multilobed,B_sepakat_segmented,55,sitoplasma,1.0,0
SNE_420372_ccrop.jpg,Neutrophil,segmented-multilobed,B_sepakat_segmented,5,sitoplasma,1.0,0
SNE_424615_ccrop.jpg,Neutrophil,segmented-bilobed,B_sepakat_segmented,4,sitoplasma,1.0,0
SNE_424615_ccrop.jpg,Neutrophil,segmented-bilobed,B_sepakat_segmented,1,sitoplasma,1.0,0
SNE_425988_ccrop.jpg,Neutrophil,unsegmented-band,C_konflik_SNE_band,1,sitoplasma,1.0,0
SNE_425988_ccrop.jpg,Neutrophil,unsegmented-band,C_konflik_SNE_band,16,sitoplasma,1.0,0
SNE_426696_ccrop.jpg,Neutrophil,segmented-bilobed,B_sepakat_segmented,120,sitoplasma,1.0,0
SNE_439672_ccrop.jpg,Neutrophil,unsegmented-band,C_konflik_SNE_band,799,sitoplasma,1.0,0
SNE_440123_ccrop.jpg,Neutrophil,unsegmented-band,C_konflik_SNE_band,29,sitoplasma,1.0,0
SNE_440901_ccrop.jpg,Neutrophil,segmented-multilobed,B_sepakat_segmented,24,sitoplasma,1.0,0
SNE_441224_ccrop.jpg,Neutrophil,segmented-bilobed,B_sepakat_segmented,94,sitoplasma,1.0,0
SNE_444255_ccrop.jpg,Neutrophil,segmented-multilobed,B_sepakat_segmented,1157,sitoplasma,1.0,0
SNE_4557_ccrop.jpg,Neutrophil,unsegmented-band,C_konflik_SNE_band,44,sitoplasma,1.0,0
SNE_455746_ccrop.jpg,Neutrophil,unsegmented-band,C_konflik_SNE_band,938,sitoplasma,1.0,0
SNE_464918_ccrop.jpg,Neutrophil,unsegmented-band,C_konflik_SNE_band,1,sitoplasma,1.0,0
SNE_464918_ccrop.jpg,Neutrophil,unsegmented-band,C_konflik_SNE_band,1043,sitoplasma,1.0,0
SNE_467255_ccrop.jpg,Neutrophil,segmented-bilobed,B_sepakat_segmented,2,sitoplasma,1.0,0
SNE_468966_ccrop.jpg,Neutrophil,segmented-multilobed,B_sepakat_segmented,56,sitoplasma,1.0,0
SNE_469792_ccrop.jpg,Neutrophil,segmented-multilobed,B_sepakat_segmented,167,sitoplasma,1.0,0
SNE_472584_ccrop.jpg,Neutrophil,segmented-multilobed,B_sepakat_segmented,463,sitoplasma,1.0,0
SNE_472584_ccrop.jpg,Neutrophil,segmented-multilobed,B_sepakat_segmented,1,sitoplasma,1.0,0
SNE_476160_ccrop.jpg,Neutrophil,unsegmented-band,C_konflik_SNE_band,13,sitoplasma,1.0,0
SNE_483027_ccrop.jpg,Neutrophil,unsegmented-band,C_konflik_SNE_band,90,sitoplasma,1.0,0
SNE_4845_ccrop.jpg,Neutrophil,segmented-bilobed,B_sepakat_segmented,69,sitoplasma,1.0,0
SNE_485945_ccrop.jpg,Neutrophil,segmented-multilobed,B_sepakat_segmented,377,sitoplasma,1.0,0
SNE_49598_ccrop.jpg,Neutrophil,unsegmented-band,C_konflik_SNE_band,883,sitoplasma,1.0,0
SNE_504413_ccrop.jpg,Neutrophil,segmented-multilobed,B_sepakat_segmented,14,sitoplasma,1.0,0
SNE_509393_ccrop.jpg,Neutrophil,segmented-bilobed,B_sepakat_segmented,286,sitoplasma,1.0,0
SNE_522147_ccrop.jpg,Neutrophil,unsegmented-band,C_konflik_SNE_band,159,sitoplasma,1.0,0
SNE_525189_ccrop.jpg,Neutrophil,segmented-multilobed,B_sepakat_segmented,453,sitoplasma,1.0,0
SNE_526872_ccrop.jpg,Neutrophil,segmented-bilobed,B_sepakat_segmented,2,sitoplasma,1.0,0
SNE_533630_ccrop.jpg,Neutrophil,segmented-bilobed,B_sepakat_segmented,3,sitoplasma,1.0,0
SNE_533630_ccrop.jpg,Neutrophil,segmented-bilobed,B_sepakat_segmented,196,sitoplasma,1.0,0
SNE_534184_ccrop.jpg,Neutrophil,segmented-bilobed,B_sepakat_segmented,486,sitoplasma,1.0,0
SNE_536692_ccrop.jpg,Neutrophil,unsegmented-band,C_konflik_SNE_band,57,sitoplasma,1.0,0
SNE_548602_ccrop.jpg,Neutrophil,segmented-multilobed,B_sepakat_segmented,27,sitoplasma,1.0,0
SNE_551569_ccrop.jpg,Neutrophil,segmented-multilobed,B_sepakat_segmented,405,sitoplasma,1.0,0
SNE_560191_ccrop.jpg,Neutrophil,unsegmented-band,C_konflik_SNE_band,247,sitoplasma,1.0,0
SNE_560191_ccrop.jpg,Neutrophil,unsegmented-band,C_konflik_SNE_band,95,sitoplasma,1.0,0
SNE_565578_ccrop.jpg,Neutrophil,unsegmented-band,C_konflik_SNE_band,390,sitoplasma,1.0,0
SNE_569771_ccrop.jpg,Neutrophil,unsegmented-band,C_konflik_SNE_band,455,sitoplasma,1.0,0
SNE_570447_ccrop.jpg,Neutrophil,segmented-multilobed,B_sepakat_segmented,633,sitoplasma,1.0,0
SNE_571542_ccrop.jpg,Neutrophil,segmented-multilobed,B_sepakat_segmented,1,sitoplasma,1.0,0
SNE_571542_ccrop.jpg,Neutrophil,segmented-multilobed,B_sepakat_segmented,227,sitoplasma,1.0,0
SNE_571542_ccrop.jpg,Neutrophil,segmented-multilobed,B_sepakat_segmented,2,sitoplasma,1.0,0
SNE_571542_ccrop.jpg,Neutrophil,segmented-multilobed,B_sepakat_segmented,4,sitoplasma,1.0,0
SNE_571542_ccrop.jpg,Neutrophil,segmented-multilobed,B_sepakat_segmented,1,sitoplasma,1.0,0
SNE_571542_ccrop.jpg,Neutrophil,segmented-multilobed,B_sepakat_segmented,2,sitoplasma,1.0,0
SNE_571542_ccrop.jpg,Neutrophil,segmented-multilobed,B_sepakat_segmented,2,sitoplasma,1.0,0
SNE_571552_ccrop.jpg,Neutrophil,segmented-multilobed,B_sepakat_segmented,42,sitoplasma,1.0,0
SNE_571552_ccrop.jpg,Neutrophil,segmented-multilobed,B_sepakat_segmented,9,sitoplasma,1.0,0
SNE_571552_ccrop.jpg,Neutrophil,segmented-multilobed,B_sepakat_segmented,2,sitoplasma,1.0,0
SNE_571552_ccrop.jpg,Neutrophil,segmented-multilobed,B_sepakat_segmented,1,sitoplasma,1.0,0
SNE_574609_ccrop.jpg,Neutrophil,segmented-multilobed,B_sepakat_segmented,1,sitoplasma,1.0,0
SNE_574609_ccrop.jpg,Neutrophil,segmented-multilobed,B_sepakat_segmented,1,sitoplasma,1.0,0
SNE_574609_ccrop.jpg,Neutrophil,segmented-multilobed,B_sepakat_segmented,238,sitoplasma,1.0,0
SNE_583310_ccrop.jpg,Neutrophil,unsegmented-band,C_konflik_SNE_band,382,sitoplasma,1.0,0
SNE_587128_ccrop.jpg,Neutrophil,unsegmented-band,C_konflik_SNE_band,124,sitoplasma,1.0,0
SNE_588705_ccrop.jpg,Neutrophil,segmented-multilobed,B_sepakat_segmented,144,sitoplasma,1.0,0
SNE_596188_ccrop.jpg,Neutrophil,unsegmented-band,C_konflik_SNE_band,10,sitoplasma,1.0,0
SNE_59745_ccrop.jpg,Neutrophil,segmented-multilobed,B_sepakat_segmented,728,sitoplasma,1.0,0
SNE_59745_ccrop.jpg,Neutrophil,segmented-multilobed,B_sepakat_segmented,66,sitoplasma,1.0,0
SNE_599793_ccrop.jpg,Neutrophil,unsegmented-band,C_konflik_SNE_band,89,sitoplasma,1.0,0
SNE_607695_ccrop.jpg,Neutrophil,segmented-multilobed,B_sepakat_segmented,59,sitoplasma,1.0,0
SNE_609105_ccrop.jpg,Neutrophil,segmented-multilobed,B_sepakat_segmented,739,sitoplasma,1.0,0
SNE_609105_ccrop.jpg,Neutrophil,segmented-multilobed,B_sepakat_segmented,2,sitoplasma,1.0,0
SNE_609105_ccrop.jpg,Neutrophil,segmented-multilobed,B_sepakat_segmented,129,sitoplasma,1.0,0
SNE_609714_ccrop.jpg,Neutrophil,segmented-multilobed,B_sepakat_segmented,1,sitoplasma,1.0,0
SNE_609714_ccrop.jpg,Neutrophil,segmented-multilobed,B_sepakat_segmented,1,sitoplasma,1.0,0
SNE_609714_ccrop.jpg,Neutrophil,segmented-multilobed,B_sepakat_segmented,187,sitoplasma,1.0,0
SNE_609892_ccrop.jpg,Neutrophil,segmented-multilobed,B_sepakat_segmented,44,sitoplasma,1.0,0
SNE_609892_ccrop.jpg,Neutrophil,segmented-multilobed,B_sepakat_segmented,657,sitoplasma,1.0,0
SNE_611822_ccrop.jpg,Neutrophil,unsegmented-band,C_konflik_SNE_band,296,sitoplasma,1.0,0
SNE_626183_ccrop.jpg,Neutrophil,segmented-multilobed,B_sepakat_segmented,592,sitoplasma,1.0,0
SNE_633168_ccrop.jpg,Neutrophil,unsegmented-band,C_konflik_SNE_band,29,sitoplasma,1.0,0
SNE_648057_ccrop.jpg,Neutrophil,unsegmented-band,C_konflik_SNE_band,209,sitoplasma,1.0,0
SNE_651628_ccrop.jpg,Neutrophil,segmented-multilobed,B_sepakat_segmented,45,sitoplasma,1.0,0
SNE_65616_ccrop.jpg,Neutrophil,segmented-bilobed,B_sepakat_segmented,92,sitoplasma,1.0,0
SNE_65616_ccrop.jpg,Neutrophil,segmented-bilobed,B_sepakat_segmented,298,sitoplasma,1.0,0
SNE_661509_ccrop.jpg,Neutrophil,segmented-multilobed,B_sepakat_segmented,1,sitoplasma,1.0,0
SNE_664415_ccrop.jpg,Neutrophil,unsegmented-band,C_konflik_SNE_band,169,sitoplasma,1.0,0
SNE_671189_ccrop.jpg,Neutrophil,segmented-bilobed,B_sepakat_segmented,335,sitoplasma,1.0,0
SNE_671189_ccrop.jpg,Neutrophil,segmented-bilobed,B_sepakat_segmented,1,sitoplasma,1.0,0
SNE_671189_ccrop.jpg,Neutrophil,segmented-bilobed,B_sepakat_segmented,1,sitoplasma,1.0,0
SNE_671189_ccrop.jpg,Neutrophil,segmented-bilobed,B_sepakat_segmented,1,sitoplasma,1.0,0
SNE_671899_ccrop.jpg,Neutrophil,unsegmented-band,C_konflik_SNE_band,830,sitoplasma,1.0,0
SNE_675028_ccrop.jpg,Neutrophil,segmented-bilobed,B_sepakat_segmented,378,sitoplasma,1.0,0
SNE_68465_ccrop.jpg,Neutrophil,unsegmented-band,C_konflik_SNE_band,4,sitoplasma,1.0,0
SNE_691541_ccrop.jpg,Neutrophil,segmented-bilobed,B_sepakat_segmented,833,sitoplasma,1.0,0
SNE_698912_ccrop.jpg,Neutrophil,segmented-multilobed,B_sepakat_segmented,502,sitoplasma,1.0,0
SNE_698912_ccrop.jpg,Neutrophil,segmented-multilobed,B_sepakat_segmented,1,sitoplasma,1.0,0
SNE_698912_ccrop.jpg,Neutrophil,segmented-multilobed,B_sepakat_segmented,16,sitoplasma,1.0,0
SNE_699042_ccrop.jpg,Neutrophil,unsegmented-band,C_konflik_SNE_band,60,sitoplasma,1.0,0
SNE_703601_ccrop.jpg,Neutrophil,segmented-multilobed,B_sepakat_segmented,246,sitoplasma,1.0,0
SNE_704080_ccrop.jpg,Neutrophil,segmented-multilobed,B_sepakat_segmented,63,sitoplasma,1.0,0
SNE_704080_ccrop.jpg,Neutrophil,segmented-multilobed,B_sepakat_segmented,56,sitoplasma,1.0,0
SNE_70867_ccrop.jpg,Neutrophil,segmented-multilobed,B_sepakat_segmented,79,sitoplasma,1.0,0
SNE_70867_ccrop.jpg,Neutrophil,segmented-multilobed,B_sepakat_segmented,1,sitoplasma,1.0,0
SNE_736883_ccrop.jpg,Neutrophil,unsegmented-band,C_konflik_SNE_band,1,sitoplasma,1.0,0
SNE_737275_ccrop.jpg,Neutrophil,segmented-multilobed,B_sepakat_segmented,1357,sitoplasma,1.0,0
SNE_746083_ccrop.jpg,Neutrophil,segmented-bilobed,B_sepakat_segmented,1,sitoplasma,1.0,0
SNE_751957_ccrop.jpg,Neutrophil,unsegmented-band,C_konflik_SNE_band,1,sitoplasma,1.0,0
SNE_751957_ccrop.jpg,Neutrophil,unsegmented-band,C_konflik_SNE_band,87,sitoplasma,1.0,0
SNE_762327_ccrop.jpg,Neutrophil,segmented-multilobed,B_sepakat_segmented,36,sitoplasma,1.0,0
SNE_762327_ccrop.jpg,Neutrophil,segmented-multilobed,B_sepakat_segmented,115,sitoplasma,1.0,0
SNE_774800_ccrop.jpg,Neutrophil,segmented-bilobed,B_sepakat_segmented,950,sitoplasma,1.0,0
SNE_783159_ccrop.jpg,Neutrophil,unsegmented-band,C_konflik_SNE_band,675,sitoplasma,1.0,0
SNE_784426_ccrop.jpg,Neutrophil,unsegmented-band,C_konflik_SNE_band,724,sitoplasma,1.0,0
SNE_785064_ccrop.jpg,Neutrophil,segmented-multilobed,B_sepakat_segmented,72,sitoplasma,1.0,0
SNE_790833_ccrop.jpg,Neutrophil,segmented-bilobed,B_sepakat_segmented,1,sitoplasma,1.0,0
SNE_791810_ccrop.jpg,Neutrophil,segmented-bilobed,B_sepakat_segmented,211,sitoplasma,1.0,0
SNE_793789_ccrop.jpg,Neutrophil,segmented-multilobed,B_sepakat_segmented,1,sitoplasma,1.0,0
SNE_793789_ccrop.jpg,Neutrophil,segmented-multilobed,B_sepakat_segmented,46,sitoplasma,1.0,0
SNE_796734_ccrop.jpg,Neutrophil,unsegmented-band,C_konflik_SNE_band,1,sitoplasma,1.0,0
SNE_798289_ccrop.jpg,Neutrophil,segmented-multilobed,B_sepakat_segmented,1814,sitoplasma,1.0,0
SNE_798289_ccrop.jpg,Neutrophil,segmented-multilobed,B_sepakat_segmented,25,sitoplasma,1.0,0
SNE_805400_ccrop.jpg,Neutrophil,segmented-multilobed,B_sepakat_segmented,1692,sitoplasma,1.0,0
SNE_81065_ccrop.jpg,Neutrophil,segmented-bilobed,B_sepakat_segmented,682,sitoplasma,1.0,0
SNE_8150_ccrop.jpg,Neutrophil,unsegmented-band,C_konflik_SNE_band,1,sitoplasma,1.0,0
SNE_815209_ccrop.jpg,Neutrophil,segmented-multilobed,B_sepakat_segmented,441,sitoplasma,1.0,0
SNE_816195_ccrop.jpg,Neutrophil,segmented-bilobed,B_sepakat_segmented,45,sitoplasma,1.0,0
SNE_816195_ccrop.jpg,Neutrophil,segmented-bilobed,B_sepakat_segmented,1,sitoplasma,1.0,0
SNE_816195_ccrop.jpg,Neutrophil,segmented-bilobed,B_sepakat_segmented,1,sitoplasma,1.0,0
SNE_821341_ccrop.jpg,Neutrophil,unsegmented-band,C_konflik_SNE_band,1,sitoplasma,1.0,0
SNE_821341_ccrop.jpg,Neutrophil,unsegmented-band,C_konflik_SNE_band,1,sitoplasma,1.0,0
SNE_821341_ccrop.jpg,Neutrophil,unsegmented-band,C_konflik_SNE_band,2,sitoplasma,1.0,0
SNE_821341_ccrop.jpg,Neutrophil,unsegmented-band,C_konflik_SNE_band,1,sitoplasma,1.0,0
SNE_821341_ccrop.jpg,Neutrophil,unsegmented-band,C_konflik_SNE_band,25,sitoplasma,1.0,0
SNE_821872_ccrop.jpg,Neutrophil,segmented-bilobed,B_sepakat_segmented,142,sitoplasma,1.0,0
SNE_824117_ccrop.jpg,Neutrophil,segmented-multilobed,B_sepakat_segmented,29,sitoplasma,1.0,0
SNE_828065_ccrop.jpg,Neutrophil,segmented-multilobed,B_sepakat_segmented,21,sitoplasma,1.0,0
SNE_83109_ccrop.jpg,Neutrophil,segmented-multilobed,B_sepakat_segmented,1,sitoplasma,1.0,0
SNE_83109_ccrop.jpg,Neutrophil,segmented-multilobed,B_sepakat_segmented,20,sitoplasma,1.0,0
SNE_840546_ccrop.jpg,Neutrophil,segmented-multilobed,B_sepakat_segmented,10,sitoplasma,1.0,0
SNE_845380_ccrop.jpg,Neutrophil,segmented-multilobed,B_sepakat_segmented,249,sitoplasma,1.0,0
SNE_845581_ccrop.jpg,Neutrophil,segmented-multilobed,B_sepakat_segmented,21,sitoplasma,1.0,0
SNE_853631_ccrop.jpg,Neutrophil,segmented-multilobed,B_sepakat_segmented,492,sitoplasma,1.0,0
SNE_853631_ccrop.jpg,Neutrophil,segmented-multilobed,B_sepakat_segmented,2,sitoplasma,1.0,0
SNE_853631_ccrop.jpg,Neutrophil,segmented-multilobed,B_sepakat_segmented,2,sitoplasma,1.0,0
SNE_856667_ccrop.jpg,Neutrophil,segmented-multilobed,B_sepakat_segmented,60,sitoplasma,1.0,0
SNE_857210_ccrop.jpg,Neutrophil,segmented-bilobed,B_sepakat_segmented,21,sitoplasma,1.0,0
SNE_866490_ccrop.jpg,Neutrophil,segmented-multilobed,B_sepakat_segmented,368,sitoplasma,1.0,0
SNE_867897_ccrop.jpg,Neutrophil,segmented-multilobed,B_sepakat_segmented,34,sitoplasma,1.0,0
SNE_867897_ccrop.jpg,Neutrophil,segmented-multilobed,B_sepakat_segmented,2,sitoplasma,1.0,0
SNE_867897_ccrop.jpg,Neutrophil,segmented-multilobed,B_sepakat_segmented,1,sitoplasma,1.0,0
SNE_867897_ccrop.jpg,Neutrophil,segmented-multilobed,B_sepakat_segmented,30,sitoplasma,1.0,0
SNE_871314_ccrop.jpg,Neutrophil,segmented-multilobed,B_sepakat_segmented,486,sitoplasma,1.0,0
SNE_871314_ccrop.jpg,Neutrophil,segmented-multilobed,B_sepakat_segmented,2,sitoplasma,1.0,0
SNE_871314_ccrop.jpg,Neutrophil,segmented-multilobed,B_sepakat_segmented,1,sitoplasma,1.0,0
SNE_871314_ccrop.jpg,Neutrophil,segmented-multilobed,B_sepakat_segmented,2,sitoplasma,1.0,0
SNE_871314_ccrop.jpg,Neutrophil,segmented-multilobed,B_sepakat_segmented,2,sitoplasma,1.0,0
SNE_877567_ccrop.jpg,Neutrophil,unsegmented-band,C_konflik_SNE_band,1343,sitoplasma,1.0,0
SNE_881639_ccrop.jpg,Neutrophil,segmented-bilobed,B_sepakat_segmented,658,sitoplasma,1.0,0
SNE_884399_ccrop.jpg,Neutrophil,unsegmented-band,C_konflik_SNE_band,40,sitoplasma,1.0,0
SNE_884399_ccrop.jpg,Neutrophil,unsegmented-band,C_konflik_SNE_band,1,sitoplasma,1.0,0
SNE_884399_ccrop.jpg,Neutrophil,unsegmented-band,C_konflik_SNE_band,3,sitoplasma,1.0,0
SNE_884399_ccrop.jpg,Neutrophil,unsegmented-band,C_konflik_SNE_band,80,sitoplasma,1.0,0
SNE_887894_ccrop.jpg,Neutrophil,segmented-bilobed,B_sepakat_segmented,279,sitoplasma,1.0,0
SNE_896317_ccrop.jpg,Neutrophil,unsegmented-band,C_konflik_SNE_band,7,sitoplasma,1.0,0
SNE_901811_ccrop.jpg,Neutrophil,segmented-bilobed,B_sepakat_segmented,9,sitoplasma,1.0,0
SNE_901811_ccrop.jpg,Neutrophil,segmented-bilobed,B_sepakat_segmented,1,sitoplasma,1.0,0
SNE_903623_ccrop.jpg,Neutrophil,unsegmented-band,C_konflik_SNE_band,1,sitoplasma,1.0,0
SNE_903623_ccrop.jpg,Neutrophil,unsegmented-band,C_konflik_SNE_band,73,sitoplasma,1.0,0
SNE_903623_ccrop.jpg,Neutrophil,unsegmented-band,C_konflik_SNE_band,1,sitoplasma,1.0,0
SNE_904978_ccrop.jpg,Neutrophil,unsegmented-band,C_konflik_SNE_band,392,sitoplasma,1.0,0
SNE_906642_ccrop.jpg,Neutrophil,segmented-multilobed,B_sepakat_segmented,33,sitoplasma,1.0,0
SNE_906642_ccrop.jpg,Neutrophil,segmented-multilobed,B_sepakat_segmented,22,sitoplasma,1.0,0
SNE_90837_ccrop.jpg,Neutrophil,segmented-bilobed,B_sepakat_segmented,68,sitoplasma,1.0,0
SNE_916750_ccrop.jpg,Neutrophil,segmented-multilobed,B_sepakat_segmented,73,sitoplasma,1.0,0
SNE_919833_ccrop.jpg,Neutrophil,unsegmented-band,C_konflik_SNE_band,231,sitoplasma,1.0,0
SNE_921854_ccrop.jpg,Neutrophil,unsegmented-band,C_konflik_SNE_band,380,sitoplasma,1.0,0
SNE_923069_ccrop.jpg,Neutrophil,segmented-multilobed,B_sepakat_segmented,89,sitoplasma,1.0,0
SNE_923069_ccrop.jpg,Neutrophil,segmented-multilobed,B_sepakat_segmented,1,sitoplasma,1.0,0
SNE_927232_ccrop.jpg,Neutrophil,segmented-bilobed,B_sepakat_segmented,8,sitoplasma,1.0,0
SNE_941490_ccrop.jpg,Neutrophil,unsegmented-band,C_konflik_SNE_band,14,sitoplasma,1.0,0
SNE_943120_ccrop.jpg,Neutrophil,segmented-multilobed,B_sepakat_segmented,572,sitoplasma,1.0,0
SNE_943223_ccrop.jpg,Neutrophil,segmented-multilobed,B_sepakat_segmented,34,sitoplasma,1.0,0
SNE_943223_ccrop.jpg,Neutrophil,segmented-multilobed,B_sepakat_segmented,91,sitoplasma,1.0,0
SNE_943223_ccrop.jpg,Neutrophil,segmented-multilobed,B_sepakat_segmented,108,sitoplasma,1.0,0
SNE_943629_ccrop.jpg,Neutrophil,unsegmented-band,C_konflik_SNE_band,146,sitoplasma,1.0,0
SNE_94795_ccrop.jpg,Neutrophil,segmented-multilobed,B_sepakat_segmented,1430,sitoplasma,1.0,0
SNE_948647_ccrop.jpg,Neutrophil,segmented-bilobed,B_sepakat_segmented,8,sitoplasma,1.0,0
SNE_951733_ccrop.jpg,Neutrophil,segmented-multilobed,B_sepakat_segmented,728,sitoplasma,1.0,0
SNE_958281_ccrop.jpg,Neutrophil,segmented-multilobed,B_sepakat_segmented,1,sitoplasma,1.0,0
SNE_958281_ccrop.jpg,Neutrophil,segmented-multilobed,B_sepakat_segmented,1,sitoplasma,1.0,0
SNE_961724_ccrop.jpg,Neutrophil,unsegmented-band,C_konflik_SNE_band,45,sitoplasma,1.0,0
SNE_973513_ccrop.jpg,Neutrophil,segmented-bilobed,B_sepakat_segmented,3,sitoplasma,1.0,0
SNE_973513_ccrop.jpg,Neutrophil,segmented-bilobed,B_sepakat_segmented,2,sitoplasma,1.0,0
SNE_973513_ccrop.jpg,Neutrophil,segmented-bilobed,B_sepakat_segmented,95,sitoplasma,1.0,0
SNE_975181_ccrop.jpg,Neutrophil,segmented-multilobed,B_sepakat_segmented,32,sitoplasma,1.0,0
SNE_977005_ccrop.jpg,Neutrophil,unsegmented-band,C_konflik_SNE_band,1,sitoplasma,1.0,0
SNE_981806_ccrop.jpg,Neutrophil,segmented-multilobed,B_sepakat_segmented,203,sitoplasma,1.0,0
SNE_984470_ccrop.jpg,Neutrophil,unsegmented-band,C_konflik_SNE_band,96,sitoplasma,1.0,0
SNE_984470_ccrop.jpg,Neutrophil,unsegmented-band,C_konflik_SNE_band,2,sitoplasma,1.0,0
SNE_984470_ccrop.jpg,Neutrophil,unsegmented-band,C_konflik_SNE_band,2,sitoplasma,1.0,0
SNE_984470_ccrop.jpg,Neutrophil,unsegmented-band,C_konflik_SNE_band,1,sitoplasma,1.0,0
SNE_984470_ccrop.jpg,Neutrophil,unsegmented-band,C_konflik_SNE_band,2,sitoplasma,1.0,0
SNE_984470_ccrop.jpg,Neutrophil,unsegmented-band,C_konflik_SNE_band,1,sitoplasma,1.0,0
SNE_984470_ccrop.jpg,Neutrophil,unsegmented-band,C_konflik_SNE_band,1,sitoplasma,1.0,0
SNE_986861_ccrop.jpg,Neutrophil,segmented-multilobed,B_sepakat_segmented,1,sitoplasma,1.0,0
SNE_986861_ccrop.jpg,Neutrophil,segmented-multilobed,B_sepakat_segmented,42,sitoplasma,1.0,0
SNE_988236_ccrop.jpg,Neutrophil,segmented-bilobed,B_sepakat_segmented,1,sitoplasma,1.0,0
SNE_988236_ccrop.jpg,Neutrophil,segmented-bilobed,B_sepakat_segmented,457,sitoplasma,1.0,0
SNE_995695_ccrop.jpg,Neutrophil,segmented-bilobed,B_sepakat_segmented,646,sitoplasma,1.0,0
MO_187322_ccrop.jpg,Monocyte,unsegmented-indented,bukan_neutrofil,413,vakuola,1.0,0
SNE_819515_ccrop.jpg,Neutrophil,unsegmented-band,C_konflik_SNE_band,1,sitoplasma,1.0,0
MO_913613_ccrop.jpg,Monocyte,unsegmented-indented,bukan_neutrofil,2,sitoplasma,1.0,0
SNE_56069_ccrop.jpg,Neutrophil,segmented-bilobed,B_sepakat_segmented,15,sitoplasma,1.0,0
BA_767164_ccrop.jpg,Basophil,irregular,bukan_neutrofil,24,sitoplasma,1.0,0
BA_434177_ccrop.jpg,Basophil,segmented-multilobed,bukan_neutrofil,49,sitoplasma,1.0,0
EO_340201_ccrop.jpg,Eosinophil,segmented-bilobed,bukan_neutrofil,357,sitoplasma,1.0,0
EO_340201_ccrop.jpg,Eosinophil,segmented-bilobed,bukan_neutrofil,4,sitoplasma,1.0,0
EO_739713_ccrop.jpg,Eosinophil,segmented-bilobed,bukan_neutrofil,34,sitoplasma,1.0,0
MO_113841_ccrop.jpg,Monocyte,unsegmented-indented,bukan_neutrofil,60,sitoplasma,1.0,0
SNE_614953_ccrop.jpg,Neutrophil,segmented-bilobed,B_sepakat_segmented,111,sitoplasma,1.0,0
SNE_614953_ccrop.jpg,Neutrophil,segmented-bilobed,B_sepakat_segmented,27,sitoplasma,1.0,0
SNE_614953_ccrop.jpg,Neutrophil,segmented-bilobed,B_sepakat_segmented,161,sitoplasma,1.0,0
SNE_47527_ccrop.jpg,Neutrophil,unsegmented-band,C_konflik_SNE_band,145,sitoplasma,1.0,0
EO_376623_ccrop.jpg,Eosinophil,segmented-multilobed,bukan_neutrofil,24,sitoplasma,1.0,0
SNE_968296_ccrop.jpg,Neutrophil,unsegmented-band,C_konflik_SNE_band,698,sitoplasma,1.0,0
SNE_26596_ccrop.jpg,Neutrophil,unsegmented-band,C_konflik_SNE_band,112,sitoplasma,1.0,0
MO_437529_ccrop.jpg,Monocyte,unsegmented-indented,bukan_neutrofil,111,vakuola,1.0,0
BNE_556405_ccrop.jpg,Neutrophil,unsegmented-band,A_sepakat_band,42,sitoplasma,1.0,0
EO_333712_ccrop.jpg,Eosinophil,segmented-multilobed,bukan_neutrofil,183,sitoplasma,1.0,0
SNE_487530_ccrop.jpg,Neutrophil,segmented-bilobed,B_sepakat_segmented,54,sitoplasma,1.0,0
EO_742968_ccrop.jpg,Eosinophil,segmented-bilobed,bukan_neutrofil,747,sitoplasma,1.0,0
EO_390334_ccrop.jpg,Eosinophil,segmented-bilobed,bukan_neutrofil,17,sitoplasma,1.0,0
EO_740199_ccrop.jpg,Eosinophil,segmented-bilobed,bukan_neutrofil,1,sitoplasma,1.0,0
EO_740199_ccrop.jpg,Eosinophil,segmented-bilobed,bukan_neutrofil,147,sitoplasma,1.0,0
SNE_79214_ccrop.jpg,Neutrophil,segmented-multilobed,B_sepakat_segmented,163,sitoplasma,1.0,0
EO_601688_ccrop.jpg,Eosinophil,segmented-bilobed,bukan_neutrofil,1,sitoplasma,1.0,0
EO_601688_ccrop.jpg,Eosinophil,segmented-bilobed,bukan_neutrofil,31,sitoplasma,1.0,0
MO_558465_ccrop.jpg,Monocyte,unsegmented-indented,bukan_neutrofil,77,vakuola,1.0,0
MO_558465_ccrop.jpg,Monocyte,unsegmented-indented,bukan_neutrofil,23,sitoplasma,1.0,0
MO_500300_ccrop.jpg,Monocyte,unsegmented-indented,bukan_neutrofil,23,sitoplasma,1.0,0
EO_343324_ccrop.jpg,Eosinophil,segmented-bilobed,bukan_neutrofil,90,sitoplasma,1.0,0
MO_140976_ccrop.jpg,Monocyte,irregular,bukan_neutrofil,25,vakuola,1.0,0
BNE_350976_ccrop.jpg,Neutrophil,unsegmented-band,A_sepakat_band,139,sitoplasma,1.0,0
BA_130694_ccrop.jpg,Basophil,segmented-multilobed,bukan_neutrofil,522,sitoplasma,1.0,0
BA_130694_ccrop.jpg,Basophil,segmented-multilobed,bukan_neutrofil,67,sitoplasma,1.0,0
BA_130694_ccrop.jpg,Basophil,segmented-multilobed,bukan_neutrofil,1,sitoplasma,1.0,0
BA_130694_ccrop.jpg,Basophil,segmented-multilobed,bukan_neutrofil,1,sitoplasma,1.0,0
BA_130694_ccrop.jpg,Basophil,segmented-multilobed,bukan_neutrofil,1,sitoplasma,1.0,0
MO_775809_ccrop.jpg,Monocyte,unsegmented-indented,bukan_neutrofil,39,vakuola,1.0,0
SNE_325145_ccrop.jpg,Neutrophil,segmented-bilobed,B_sepakat_segmented,179,sitoplasma,1.0,0
MO_144254_ccrop.jpg,Monocyte,unsegmented-indented,bukan_neutrofil,731,sitoplasma,1.0,0
BNE_671954_ccrop.jpg,Neutrophil,unsegmented-band,A_sepakat_band,187,sitoplasma,1.0,0
BA_636027_ccrop.jpg,Basophil,segmented-multilobed,bukan_neutrofil,12,sitoplasma,1.0,0
BA_147981_ccrop.jpg,Basophil,segmented-multilobed,bukan_neutrofil,14,sitoplasma,1.0,0
EO_943855_ccrop.jpg,Eosinophil,segmented-bilobed,bukan_neutrofil,795,sitoplasma,1.0,0
MO_84318_ccrop.jpg,Monocyte,unsegmented-indented,bukan_neutrofil,132,vakuola,1.0,0
MO_888484_ccrop.jpg,Monocyte,unsegmented-indented,bukan_neutrofil,50,sitoplasma,1.0,0
EO_806352_ccrop.jpg,Eosinophil,segmented-bilobed,bukan_neutrofil,153,sitoplasma,1.0,0
BNE_976754_ccrop.jpg,Neutrophil,unsegmented-band,A_sepakat_band,21,sitoplasma,1.0,0
EO_422295_ccrop.jpg,Eosinophil,segmented-multilobed,bukan_neutrofil,12,sitoplasma,1.0,0
MO_440210_ccrop.jpg,Monocyte,unsegmented-round,bukan_neutrofil,91,vakuola,1.0,0
SNE_129727_ccrop.jpg,Neutrophil,segmented-multilobed,B_sepakat_segmented,84,sitoplasma,1.0,0
BA_89223_ccrop.jpg,Basophil,segmented-multilobed,bukan_neutrofil,75,sitoplasma,1.0,0
EO_769464_ccrop.jpg,Eosinophil,unsegmented-band,bukan_neutrofil,170,sitoplasma,1.0,0
BNE_818755_ccrop.jpg,Neutrophil,segmented-bilobed,D_konflik_BNE_segmented,49,sitoplasma,1.0,0
BA_266370_ccrop.jpg,Basophil,segmented-bilobed,bukan_neutrofil,23,sitoplasma,1.0,0
EO_261509_ccrop.jpg,Eosinophil,segmented-multilobed,bukan_neutrofil,604,sitoplasma,1.0,0
EO_261509_ccrop.jpg,Eosinophil,segmented-multilobed,bukan_neutrofil,316,sitoplasma,1.0,0
BA_399438_ccrop.jpg,Basophil,segmented-multilobed,bukan_neutrofil,173,sitoplasma,1.0,0
BA_399438_ccrop.jpg,Basophil,segmented-multilobed,bukan_neutrofil,3,sitoplasma,1.0,0
EO_490207_ccrop.jpg,Eosinophil,segmented-bilobed,bukan_neutrofil,189,sitoplasma,1.0,0
MO_189116_ccrop.jpg,Monocyte,unsegmented-indented,bukan_neutrofil,67,vakuola,1.0,0
SNE_399708_ccrop.jpg,Neutrophil,segmented-multilobed,B_sepakat_segmented,10,sitoplasma,1.0,0
SNE_399708_ccrop.jpg,Neutrophil,segmented-multilobed,B_sepakat_segmented,1,sitoplasma,1.0,0
MO_112202_ccrop.jpg,Monocyte,unsegmented-indented,bukan_neutrofil,46,vakuola,1.0,0
SNE_358253_ccrop.jpg,Neutrophil,unsegmented-band,C_konflik_SNE_band,190,sitoplasma,1.0,0
MO_172654_ccrop.jpg,Monocyte,unsegmented-indented,bukan_neutrofil,443,sitoplasma,1.0,0
MO_834548_ccrop.jpg,Monocyte,unsegmented-indented,bukan_neutrofil,28,vakuola,1.0,0
SNE_86548_ccrop.jpg,Neutrophil,segmented-multilobed,B_sepakat_segmented,620,sitoplasma,1.0,0
BA_588625_ccrop.jpg,Basophil,segmented-multilobed,bukan_neutrofil,93,sitoplasma,1.0,0
BA_588625_ccrop.jpg,Basophil,segmented-multilobed,bukan_neutrofil,43,sitoplasma,1.0,0
BA_588625_ccrop.jpg,Basophil,segmented-multilobed,bukan_neutrofil,64,sitoplasma,1.0,0
MO_617871_ccrop.jpg,Monocyte,irregular,bukan_neutrofil,104,vakuola,1.0,0
MO_526870_ccrop.jpg,Monocyte,unsegmented-indented,bukan_neutrofil,45,vakuola,1.0,0
MO_20976_ccrop.jpg,Monocyte,unsegmented-indented,bukan_neutrofil,69,vakuola,1.0,0
MO_70005_ccrop.jpg,Monocyte,irregular,bukan_neutrofil,201,vakuola,1.0,0
MO_70005_ccrop.jpg,Monocyte,irregular,bukan_neutrofil,43,vakuola,1.0,0
SNE_117234_ccrop.jpg,Neutrophil,segmented-multilobed,B_sepakat_segmented,25,sitoplasma,1.0,0
BNE_671361_ccrop.jpg,Neutrophil,unsegmented-band,A_sepakat_band,85,sitoplasma,1.0,0
EO_438939_ccrop.jpg,Eosinophil,segmented-bilobed,bukan_neutrofil,1,sitoplasma,1.0,0
EO_438939_ccrop.jpg,Eosinophil,segmented-bilobed,bukan_neutrofil,1,sitoplasma,1.0,0
EO_438939_ccrop.jpg,Eosinophil,segmented-bilobed,bukan_neutrofil,1,sitoplasma,1.0,0
EO_438939_ccrop.jpg,Eosinophil,segmented-bilobed,bukan_neutrofil,38,sitoplasma,1.0,0
EO_438939_ccrop.jpg,Eosinophil,segmented-bilobed,bukan_neutrofil,2,sitoplasma,1.0,0
EO_438939_ccrop.jpg,Eosinophil,segmented-bilobed,bukan_neutrofil,2,sitoplasma,1.0,0
EO_438939_ccrop.jpg,Eosinophil,segmented-bilobed,bukan_neutrofil,106,sitoplasma,1.0,0
EO_438939_ccrop.jpg,Eosinophil,segmented-bilobed,bukan_neutrofil,1,sitoplasma,1.0,0
EO_581610_ccrop.jpg,Eosinophil,segmented-bilobed,bukan_neutrofil,70,sitoplasma,1.0,0
EO_581610_ccrop.jpg,Eosinophil,segmented-bilobed,bukan_neutrofil,162,sitoplasma,1.0,0
EO_305691_ccrop.jpg,Eosinophil,segmented-multilobed,bukan_neutrofil,475,sitoplasma,1.0,0
MO_950456_ccrop.jpg,Monocyte,unsegmented-indented,bukan_neutrofil,35,sitoplasma,1.0,0
SNE_518391_ccrop.jpg,Neutrophil,segmented-multilobed,B_sepakat_segmented,331,sitoplasma,1.0,0
SNE_848740_ccrop.jpg,Neutrophil,segmented-bilobed,B_sepakat_segmented,39,sitoplasma,1.0,0
SNE_848740_ccrop.jpg,Neutrophil,segmented-bilobed,B_sepakat_segmented,1,sitoplasma,1.0,0
SNE_848740_ccrop.jpg,Neutrophil,segmented-bilobed,B_sepakat_segmented,15,sitoplasma,1.0,0
SNE_848740_ccrop.jpg,Neutrophil,segmented-bilobed,B_sepakat_segmented,2,sitoplasma,1.0,0
SNE_848740_ccrop.jpg,Neutrophil,segmented-bilobed,B_sepakat_segmented,16,sitoplasma,1.0,0
SNE_848740_ccrop.jpg,Neutrophil,segmented-bilobed,B_sepakat_segmented,1,sitoplasma,1.0,0
BA_346352_ccrop.jpg,Basophil,irregular,bukan_neutrofil,147,sitoplasma,1.0,0
SNE_672698_ccrop.jpg,Neutrophil,segmented-multilobed,B_sepakat_segmented,9,sitoplasma,1.0,0
BA_331375_ccrop.jpg,Basophil,segmented-multilobed,bukan_neutrofil,77,sitoplasma,1.0,0
BA_331375_ccrop.jpg,Basophil,segmented-multilobed,bukan_neutrofil,269,sitoplasma,1.0,0
BA_196807_ccrop.jpg,Basophil,segmented-multilobed,bukan_neutrofil,513,sitoplasma,1.0,0
BA_887335_ccrop.jpg,Basophil,unsegmented-band,bukan_neutrofil,14,sitoplasma,1.0,0
EO_47754_ccrop.jpg,Eosinophil,segmented-multilobed,bukan_neutrofil,1,sitoplasma,1.0,0
SNE_633335_ccrop.jpg,Neutrophil,segmented-bilobed,B_sepakat_segmented,29,sitoplasma,1.0,0
EO_767118_ccrop.jpg,Eosinophil,segmented-bilobed,bukan_neutrofil,2,sitoplasma,1.0,0
SNE_808855_ccrop.jpg,Neutrophil,unsegmented-band,C_konflik_SNE_band,90,sitoplasma,1.0,0
SNE_808855_ccrop.jpg,Neutrophil,unsegmented-band,C_konflik_SNE_band,1,sitoplasma,1.0,0
EO_240687_ccrop.jpg,Eosinophil,segmented-multilobed,bukan_neutrofil,1,sitoplasma,1.0,0
EO_240687_ccrop.jpg,Eosinophil,segmented-multilobed,bukan_neutrofil,2,sitoplasma,1.0,0
EO_240687_ccrop.jpg,Eosinophil,segmented-multilobed,bukan_neutrofil,258,sitoplasma,1.0,0
MO_522395_ccrop.jpg,Monocyte,irregular,bukan_neutrofil,85,vakuola,1.0,0
SNE_679601_ccrop.jpg,Neutrophil,unsegmented-band,C_konflik_SNE_band,4,sitoplasma,1.0,0
SNE_679601_ccrop.jpg,Neutrophil,unsegmented-band,C_konflik_SNE_band,1,sitoplasma,1.0,0
SNE_679601_ccrop.jpg,Neutrophil,unsegmented-band,C_konflik_SNE_band,37,sitoplasma,1.0,0
MO_362677_ccrop.jpg,Monocyte,unsegmented-indented,bukan_neutrofil,2,sitoplasma,1.0,0
MO_362677_ccrop.jpg,Monocyte,unsegmented-indented,bukan_neutrofil,68,sitoplasma,1.0,0
NEUTROPHIL_816359_ccrop.jpg,Neutrophil,segmented-bilobed,F_tak_bersubtipe,394,sitoplasma,1.0,0
MO_595972_ccrop.jpg,Monocyte,unsegmented-indented,bukan_neutrofil,113,vakuola,1.0,0
LY_644595_ccrop.jpg,Lymphocyte,unsegmented-indented,bukan_neutrofil,23,sitoplasma,1.0,0
BNE_813359_ccrop.jpg,Neutrophil,segmented-bilobed,D_konflik_BNE_segmented,16,sitoplasma,1.0,0
EO_812799_ccrop.jpg,Eosinophil,segmented-bilobed,bukan_neutrofil,28,sitoplasma,1.0,0
EO_812799_ccrop.jpg,Eosinophil,segmented-bilobed,bukan_neutrofil,2,sitoplasma,1.0,0
EO_812799_ccrop.jpg,Eosinophil,segmented-bilobed,bukan_neutrofil,78,sitoplasma,1.0,0
EO_812799_ccrop.jpg,Eosinophil,segmented-bilobed,bukan_neutrofil,3,sitoplasma,1.0,0
EO_285298_ccrop.jpg,Eosinophil,irregular,bukan_neutrofil,31,sitoplasma,1.0,0
BNE_206551_ccrop.jpg,Neutrophil,unsegmented-band,A_sepakat_band,226,sitoplasma,1.0,0
BNE_206551_ccrop.jpg,Neutrophil,unsegmented-band,A_sepakat_band,1,sitoplasma,1.0,0
BNE_206551_ccrop.jpg,Neutrophil,unsegmented-band,A_sepakat_band,1,sitoplasma,1.0,0
BNE_206551_ccrop.jpg,Neutrophil,unsegmented-band,A_sepakat_band,1,sitoplasma,1.0,0
EO_728292_ccrop.jpg,Eosinophil,segmented-multilobed,bukan_neutrofil,1,sitoplasma,1.0,0
EO_728292_ccrop.jpg,Eosinophil,segmented-multilobed,bukan_neutrofil,78,sitoplasma,1.0,0
EO_72747_ccrop.jpg,Eosinophil,segmented-bilobed,bukan_neutrofil,1492,sitoplasma,1.0,0
SNE_605370_ccrop.jpg,Neutrophil,segmented-bilobed,B_sepakat_segmented,1313,sitoplasma,1.0,0
SNE_893880_ccrop.jpg,Neutrophil,segmented-multilobed,B_sepakat_segmented,47,sitoplasma,1.0,0
SNE_893880_ccrop.jpg,Neutrophil,segmented-multilobed,B_sepakat_segmented,1,sitoplasma,1.0,0
SNE_893880_ccrop.jpg,Neutrophil,segmented-multilobed,B_sepakat_segmented,3,sitoplasma,1.0,0
BA_93721_ccrop.jpg,Basophil,segmented-bilobed,bukan_neutrofil,192,sitoplasma,1.0,0
EO_187031_ccrop.jpg,Eosinophil,segmented-multilobed,bukan_neutrofil,1,sitoplasma,1.0,0
BA_845828_ccrop.jpg,Basophil,segmented-bilobed,bukan_neutrofil,306,sitoplasma,1.0,0
SNE_304452_ccrop.jpg,Neutrophil,unsegmented-band,C_konflik_SNE_band,101,sitoplasma,1.0,0
EO_981447_ccrop.jpg,Eosinophil,segmented-bilobed,bukan_neutrofil,48,sitoplasma,1.0,0
BA_533618_ccrop.jpg,Basophil,irregular,bukan_neutrofil,55,sitoplasma,1.0,0
EO_488297_ccrop.jpg,Eosinophil,segmented-bilobed,bukan_neutrofil,19,sitoplasma,1.0,0
EO_222109_ccrop.jpg,Eosinophil,unsegmented-indented,bukan_neutrofil,1,sitoplasma,1.0,0
BNE_360932_ccrop.jpg,Neutrophil,unsegmented-band,A_sepakat_band,173,sitoplasma,1.0,0
SNE_30327_ccrop.jpg,Neutrophil,segmented-multilobed,B_sepakat_segmented,1,sitoplasma,1.0,0
SNE_30327_ccrop.jpg,Neutrophil,segmented-multilobed,B_sepakat_segmented,5,sitoplasma,1.0,0
SNE_30327_ccrop.jpg,Neutrophil,segmented-multilobed,B_sepakat_segmented,2,sitoplasma,1.0,0
SNE_30327_ccrop.jpg,Neutrophil,segmented-multilobed,B_sepakat_segmented,44,sitoplasma,1.0,0
SNE_30327_ccrop.jpg,Neutrophil,segmented-multilobed,B_sepakat_segmented,1,sitoplasma,1.0,0
BA_221648_ccrop.jpg,Basophil,irregular,bukan_neutrofil,119,sitoplasma,1.0,0
SNE_775439_ccrop.jpg,Neutrophil,segmented-multilobed,B_sepakat_segmented,727,sitoplasma,1.0,0
SNE_775439_ccrop.jpg,Neutrophil,segmented-multilobed,B_sepakat_segmented,243,sitoplasma,1.0,0
SNE_207129_ccrop.jpg,Neutrophil,segmented-multilobed,B_sepakat_segmented,158,sitoplasma,1.0,0
EO_662683_ccrop.jpg,Eosinophil,segmented-multilobed,bukan_neutrofil,38,sitoplasma,1.0,0
BNE_2019_ccrop.jpg,Neutrophil,unsegmented-band,A_sepakat_band,370,sitoplasma,1.0,0
MO_812031_ccrop.jpg,Monocyte,unsegmented-indented,bukan_neutrofil,148,vakuola,1.0,0
EO_592257_ccrop.jpg,Eosinophil,unsegmented-band,bukan_neutrofil,26,sitoplasma,1.0,0
EO_592257_ccrop.jpg,Eosinophil,unsegmented-band,bukan_neutrofil,8,sitoplasma,1.0,0
SNE_310178_ccrop.jpg,Neutrophil,segmented-multilobed,B_sepakat_segmented,23,sitoplasma,1.0,0
SNE_310178_ccrop.jpg,Neutrophil,segmented-multilobed,B_sepakat_segmented,58,sitoplasma,1.0,0
BA_237864_ccrop.jpg,Basophil,irregular,bukan_neutrofil,1,sitoplasma,1.0,0
BNE_920389_ccrop.jpg,Neutrophil,unsegmented-band,A_sepakat_band,246,sitoplasma,1.0,0
EO_459049_ccrop.jpg,Eosinophil,segmented-bilobed,bukan_neutrofil,175,sitoplasma,1.0,0
EO_390994_ccrop.jpg,Eosinophil,segmented-bilobed,bukan_neutrofil,238,sitoplasma,1.0,0
BNE_494447_ccrop.jpg,Neutrophil,unsegmented-band,A_sepakat_band,320,sitoplasma,1.0,0
BNE_393835_ccrop.jpg,Neutrophil,unsegmented-band,A_sepakat_band,295,sitoplasma,1.0,0
BA_773446_ccrop.jpg,Basophil,irregular,bukan_neutrofil,5,sitoplasma,1.0,0
SNE_449711_ccrop.jpg,Neutrophil,segmented-multilobed,B_sepakat_segmented,2,sitoplasma,1.0,0
EO_624586_ccrop.jpg,Eosinophil,segmented-bilobed,bukan_neutrofil,99,sitoplasma,1.0,0
EO_97617_ccrop.jpg,Eosinophil,segmented-bilobed,bukan_neutrofil,6,sitoplasma,1.0,0
EO_97617_ccrop.jpg,Eosinophil,segmented-bilobed,bukan_neutrofil,90,sitoplasma,1.0,0
EO_97617_ccrop.jpg,Eosinophil,segmented-bilobed,bukan_neutrofil,33,sitoplasma,1.0,0
BNE_357413_ccrop.jpg,Neutrophil,unsegmented-band,A_sepakat_band,78,sitoplasma,1.0,0
SNE_198347_ccrop.jpg,Neutrophil,unsegmented-band,C_konflik_SNE_band,44,sitoplasma,1.0,0
SNE_876406_ccrop.jpg,Neutrophil,segmented-bilobed,B_sepakat_segmented,2,sitoplasma,1.0,0
SNE_876406_ccrop.jpg,Neutrophil,segmented-bilobed,B_sepakat_segmented,42,sitoplasma,1.0,0
EO_378811_ccrop.jpg,Eosinophil,segmented-bilobed,bukan_neutrofil,1498,sitoplasma,1.0,0
MO_665320_ccrop.jpg,Monocyte,unsegmented-indented,bukan_neutrofil,119,vakuola,1.0,0
BA_177230_ccrop.jpg,Basophil,segmented-multilobed,bukan_neutrofil,28,sitoplasma,1.0,0
BNE_358190_ccrop.jpg,Neutrophil,unsegmented-band,A_sepakat_band,1,sitoplasma,1.0,0
BNE_358190_ccrop.jpg,Neutrophil,unsegmented-band,A_sepakat_band,1,sitoplasma,1.0,0
SNE_33661_ccrop.jpg,Neutrophil,unsegmented-band,C_konflik_SNE_band,1,sitoplasma,1.0,0
EO_445288_ccrop.jpg,Eosinophil,segmented-multilobed,bukan_neutrofil,6,sitoplasma,1.0,0
BA_768965_ccrop.jpg,Basophil,unsegmented-band,bukan_neutrofil,1,sitoplasma,1.0,0
BNE_615813_ccrop.jpg,Neutrophil,unsegmented-band,A_sepakat_band,3,sitoplasma,1.0,0
BNE_615813_ccrop.jpg,Neutrophil,unsegmented-band,A_sepakat_band,40,sitoplasma,1.0,0
BA_255913_ccrop.jpg,Basophil,segmented-multilobed,bukan_neutrofil,760,sitoplasma,1.0,0
MO_889379_ccrop.jpg,Monocyte,unsegmented-indented,bukan_neutrofil,369,vakuola,1.0,0
MO_301812_ccrop.jpg,Monocyte,unsegmented-indented,bukan_neutrofil,74,vakuola,1.0,0
MO_301812_ccrop.jpg,Monocyte,unsegmented-indented,bukan_neutrofil,33,sitoplasma,1.0,0
MO_262114_ccrop.jpg,Monocyte,unsegmented-indented,bukan_neutrofil,1,sitoplasma,1.0,0
MO_246145_ccrop.jpg,Monocyte,unsegmented-indented,bukan_neutrofil,36,vakuola,1.0,0
MO_246145_ccrop.jpg,Monocyte,unsegmented-indented,bukan_neutrofil,1,sitoplasma,1.0,0
SNE_533941_ccrop.jpg,Neutrophil,segmented-multilobed,B_sepakat_segmented,626,sitoplasma,1.0,0
MO_179303_ccrop.jpg,Monocyte,irregular,bukan_neutrofil,93,vakuola,1.0,0
MO_179303_ccrop.jpg,Monocyte,irregular,bukan_neutrofil,81,vakuola,1.0,0
SNE_465183_ccrop.jpg,Neutrophil,segmented-bilobed,B_sepakat_segmented,46,sitoplasma,1.0,0
BA_19779_ccrop.jpg,Basophil,segmented-multilobed,bukan_neutrofil,60,sitoplasma,1.0,0
EO_190201_ccrop.jpg,Eosinophil,segmented-multilobed,bukan_neutrofil,454,sitoplasma,1.0,0
EO_190201_ccrop.jpg,Eosinophil,segmented-multilobed,bukan_neutrofil,6,sitoplasma,1.0,0
EO_190201_ccrop.jpg,Eosinophil,segmented-multilobed,bukan_neutrofil,10,sitoplasma,1.0,0
EO_190201_ccrop.jpg,Eosinophil,segmented-multilobed,bukan_neutrofil,1,sitoplasma,1.0,0
EO_921575_ccrop.jpg,Eosinophil,segmented-bilobed,bukan_neutrofil,674,sitoplasma,1.0,0
BA_163898_ccrop.jpg,Basophil,irregular,bukan_neutrofil,317,sitoplasma,1.0,0
SNE_934241_ccrop.jpg,Neutrophil,segmented-multilobed,B_sepakat_segmented,2,sitoplasma,1.0,0
SNE_934241_ccrop.jpg,Neutrophil,segmented-multilobed,B_sepakat_segmented,6,sitoplasma,1.0,0
SNE_333218_ccrop.jpg,Neutrophil,segmented-multilobed,B_sepakat_segmented,441,sitoplasma,1.0,0
SNE_333218_ccrop.jpg,Neutrophil,segmented-multilobed,B_sepakat_segmented,2,sitoplasma,1.0,0
EO_166091_ccrop.jpg,Eosinophil,segmented-multilobed,bukan_neutrofil,49,sitoplasma,1.0,0
BA_991965_ccrop.jpg,Basophil,segmented-bilobed,bukan_neutrofil,46,sitoplasma,1.0,0
EO_663412_ccrop.jpg,Eosinophil,segmented-bilobed,bukan_neutrofil,4,sitoplasma,1.0,0
EO_663412_ccrop.jpg,Eosinophil,segmented-bilobed,bukan_neutrofil,1,sitoplasma,1.0,0
EO_663412_ccrop.jpg,Eosinophil,segmented-bilobed,bukan_neutrofil,62,sitoplasma,1.0,0
MO_659296_ccrop.jpg,Monocyte,irregular,bukan_neutrofil,37,vakuola,1.0,0
EO_2755_ccrop.jpg,Eosinophil,segmented-multilobed,bukan_neutrofil,110,sitoplasma,1.0,0
EO_2755_ccrop.jpg,Eosinophil,segmented-multilobed,bukan_neutrofil,1,sitoplasma,1.0,0
EO_2755_ccrop.jpg,Eosinophil,segmented-multilobed,bukan_neutrofil,12,sitoplasma,1.0,0
NEUTROPHIL_941537_ccrop.jpg,Neutrophil,segmented-bilobed,F_tak_bersubtipe,317,sitoplasma,1.0,0
BA_938239_ccrop.jpg,Basophil,segmented-bilobed,bukan_neutrofil,607,sitoplasma,1.0,0
MO_649150_ccrop.jpg,Monocyte,irregular,bukan_neutrofil,63,vakuola,1.0,0
MO_627229_ccrop.jpg,Monocyte,unsegmented-indented,bukan_neutrofil,26,sitoplasma,1.0,0
BNE_681139_ccrop.jpg,Neutrophil,unsegmented-band,A_sepakat_band,423,sitoplasma,1.0,0
SNE_939093_ccrop.jpg,Neutrophil,unsegmented-band,C_konflik_SNE_band,14,sitoplasma,1.0,0
SNE_987130_ccrop.jpg,Neutrophil,segmented-multilobed,B_sepakat_segmented,88,sitoplasma,1.0,0
BA_643553_ccrop.jpg,Basophil,irregular,bukan_neutrofil,36,sitoplasma,1.0,0
BA_393233_ccrop.jpg,Basophil,segmented-bilobed,bukan_neutrofil,1,sitoplasma,1.0,0
SNE_610438_ccrop.jpg,Neutrophil,segmented-bilobed,B_sepakat_segmented,2,sitoplasma,1.0,0
SNE_847178_ccrop.jpg,Neutrophil,unsegmented-band,C_konflik_SNE_band,15,sitoplasma,1.0,0
SNE_404265_ccrop.jpg,Neutrophil,unsegmented-indented,E_lainnya,4,sitoplasma,1.0,0
SNE_843242_ccrop.jpg,Neutrophil,segmented-multilobed,B_sepakat_segmented,902,sitoplasma,1.0,0
SNE_843242_ccrop.jpg,Neutrophil,segmented-multilobed,B_sepakat_segmented,8,sitoplasma,1.0,0
MO_115081_ccrop.jpg,Monocyte,unsegmented-indented,bukan_neutrofil,76,vakuola,1.0,0
SNE_621008_ccrop.jpg,Neutrophil,segmented-multilobed,B_sepakat_segmented,112,sitoplasma,1.0,0
SNE_621008_ccrop.jpg,Neutrophil,segmented-multilobed,B_sepakat_segmented,74,sitoplasma,1.0,0
SNE_364922_ccrop.jpg,Neutrophil,segmented-bilobed,B_sepakat_segmented,1,sitoplasma,1.0,0
BA_32179_ccrop.jpg,Basophil,segmented-bilobed,bukan_neutrofil,436,sitoplasma,1.0,0
MO_910704_ccrop.jpg,Monocyte,unsegmented-indented,bukan_neutrofil,64,vakuola,1.0,0
NEUTROPHIL_517556_ccrop.jpg,Neutrophil,segmented-multilobed,F_tak_bersubtipe,7,sitoplasma,1.0,0
NEUTROPHIL_517556_ccrop.jpg,Neutrophil,segmented-multilobed,F_tak_bersubtipe,41,sitoplasma,1.0,0
NEUTROPHIL_517556_ccrop.jpg,Neutrophil,segmented-multilobed,F_tak_bersubtipe,5,sitoplasma,1.0,0
SNE_199596_ccrop.jpg,Neutrophil,unsegmented-band,C_konflik_SNE_band,266,sitoplasma,1.0,0
MO_470425_ccrop.jpg,Monocyte,irregular,bukan_neutrofil,75,sitoplasma,1.0,0
EO_938311_ccrop.jpg,Eosinophil,unsegmented-band,bukan_neutrofil,9,sitoplasma,1.0,0
MO_314647_ccrop.jpg,Monocyte,unsegmented-indented,bukan_neutrofil,84,vakuola,1.0,0
SNE_602361_ccrop.jpg,Neutrophil,segmented-multilobed,B_sepakat_segmented,912,sitoplasma,1.0,0
BA_340913_ccrop.jpg,Basophil,segmented-multilobed,bukan_neutrofil,20,sitoplasma,1.0,0
SNE_461282_ccrop.jpg,Neutrophil,segmented-multilobed,B_sepakat_segmented,28,sitoplasma,1.0,0
BA_662105_ccrop.jpg,Basophil,segmented-multilobed,bukan_neutrofil,848,sitoplasma,1.0,0
EO_280451_ccrop.jpg,Eosinophil,segmented-bilobed,bukan_neutrofil,68,sitoplasma,1.0,0
SNE_714873_ccrop.jpg,Neutrophil,segmented-bilobed,B_sepakat_segmented,1,sitoplasma,1.0,0
SNE_602927_ccrop.jpg,Neutrophil,segmented-multilobed,B_sepakat_segmented,831,sitoplasma,1.0,0
NEUTROPHIL_615770_ccrop.jpg,Neutrophil,segmented-multilobed,F_tak_bersubtipe,23,sitoplasma,1.0,0
SNE_506855_ccrop.jpg,Neutrophil,unsegmented-band,C_konflik_SNE_band,1,sitoplasma,1.0,0
SNE_506855_ccrop.jpg,Neutrophil,unsegmented-band,C_konflik_SNE_band,1,sitoplasma,1.0,0
BA_275300_ccrop.jpg,Basophil,irregular,bukan_neutrofil,91,sitoplasma,1.0,0
SNE_333737_ccrop.jpg,Neutrophil,unsegmented-band,C_konflik_SNE_band,153,sitoplasma,1.0,0
EO_901011_ccrop.jpg,Eosinophil,segmented-bilobed,bukan_neutrofil,7,sitoplasma,1.0,0
BNE_247190_ccrop.jpg,Neutrophil,unsegmented-band,A_sepakat_band,1,sitoplasma,1.0,0
BNE_247190_ccrop.jpg,Neutrophil,unsegmented-band,A_sepakat_band,1,sitoplasma,1.0,0
BNE_247190_ccrop.jpg,Neutrophil,unsegmented-band,A_sepakat_band,108,sitoplasma,1.0,0
BNE_935780_ccrop.jpg,Neutrophil,irregular,E_lainnya,2,sitoplasma,1.0,0
BNE_595137_ccrop.jpg,Neutrophil,unsegmented-band,A_sepakat_band,17,sitoplasma,1.0,0
BA_359743_ccrop.jpg,Basophil,segmented-bilobed,bukan_neutrofil,20,sitoplasma,1.0,0
BA_359743_ccrop.jpg,Basophil,segmented-bilobed,bukan_neutrofil,1,sitoplasma,1.0,0
BA_359743_ccrop.jpg,Basophil,segmented-bilobed,bukan_neutrofil,96,sitoplasma,1.0,0
BA_359743_ccrop.jpg,Basophil,segmented-bilobed,bukan_neutrofil,1,sitoplasma,1.0,0
BA_359743_ccrop.jpg,Basophil,segmented-bilobed,bukan_neutrofil,80,sitoplasma,1.0,0
EO_192015_ccrop.jpg,Eosinophil,segmented-bilobed,bukan_neutrofil,159,sitoplasma,1.0,0
EO_958034_ccrop.jpg,Eosinophil,segmented-bilobed,bukan_neutrofil,62,sitoplasma,1.0,0
EO_958034_ccrop.jpg,Eosinophil,segmented-bilobed,bukan_neutrofil,3,sitoplasma,1.0,0
EO_776262_ccrop.jpg,Eosinophil,segmented-bilobed,bukan_neutrofil,312,sitoplasma,1.0,0
BA_99338_ccrop.jpg,Basophil,segmented-bilobed,bukan_neutrofil,405,sitoplasma,1.0,0
MO_94197_ccrop.jpg,Monocyte,unsegmented-indented,bukan_neutrofil,1,sitoplasma,1.0,0
MO_652824_ccrop.jpg,Monocyte,unsegmented-indented,bukan_neutrofil,50,vakuola,1.0,0
MO_652824_ccrop.jpg,Monocyte,unsegmented-indented,bukan_neutrofil,18,sitoplasma,1.0,0
EO_464735_ccrop.jpg,Eosinophil,segmented-bilobed,bukan_neutrofil,1,sitoplasma,1.0,0
SNE_899001_ccrop.jpg,Neutrophil,segmented-multilobed,B_sepakat_segmented,2,sitoplasma,1.0,0
BNE_517212_ccrop.jpg,Neutrophil,unsegmented-band,A_sepakat_band,428,sitoplasma,1.0,0
MO_647601_ccrop.jpg,Monocyte,irregular,bukan_neutrofil,91,vakuola,1.0,0
BNE_840814_ccrop.jpg,Neutrophil,unsegmented-band,A_sepakat_band,416,sitoplasma,1.0,0
SNE_537361_ccrop.jpg,Neutrophil,segmented-multilobed,B_sepakat_segmented,1364,sitoplasma,1.0,0
SNE_537361_ccrop.jpg,Neutrophil,segmented-multilobed,B_sepakat_segmented,36,sitoplasma,1.0,0
EO_929265_ccrop.jpg,Eosinophil,irregular,bukan_neutrofil,1,sitoplasma,1.0,0
MO_721448_ccrop.jpg,Monocyte,unsegmented-indented,bukan_neutrofil,24,vakuola,1.0,0
MO_596170_ccrop.jpg,Monocyte,unsegmented-indented,bukan_neutrofil,55,sitoplasma,1.0,0
EO_120163_ccrop.jpg,Eosinophil,segmented-bilobed,bukan_neutrofil,16,sitoplasma,1.0,0
EO_842254_ccrop.jpg,Eosinophil,segmented-bilobed,bukan_neutrofil,2,sitoplasma,1.0,0
EO_842254_ccrop.jpg,Eosinophil,segmented-bilobed,bukan_neutrofil,1,sitoplasma,1.0,0
SNE_689137_ccrop.jpg,Neutrophil,segmented-bilobed,B_sepakat_segmented,137,sitoplasma,1.0,0
BNE_379425_ccrop.jpg,Neutrophil,unsegmented-band,A_sepakat_band,32,sitoplasma,1.0,0
BNE_379425_ccrop.jpg,Neutrophil,unsegmented-band,A_sepakat_band,2,sitoplasma,1.0,0
BNE_379425_ccrop.jpg,Neutrophil,unsegmented-band,A_sepakat_band,2,sitoplasma,1.0,0
SNE_297935_ccrop.jpg,Neutrophil,segmented-bilobed,B_sepakat_segmented,75,sitoplasma,1.0,0
SNE_297935_ccrop.jpg,Neutrophil,segmented-bilobed,B_sepakat_segmented,11,sitoplasma,1.0,0
EO_76093_ccrop.jpg,Eosinophil,segmented-bilobed,bukan_neutrofil,870,sitoplasma,1.0,0
EO_487468_ccrop.jpg,Eosinophil,segmented-bilobed,bukan_neutrofil,116,sitoplasma,1.0,0
BNE_616743_ccrop.jpg,Neutrophil,unsegmented-band,A_sepakat_band,2,sitoplasma,1.0,0
EO_52578_ccrop.jpg,Eosinophil,segmented-bilobed,bukan_neutrofil,191,sitoplasma,1.0,0
EO_52578_ccrop.jpg,Eosinophil,segmented-bilobed,bukan_neutrofil,4,sitoplasma,1.0,0
SNE_164455_ccrop.jpg,Neutrophil,segmented-bilobed,B_sepakat_segmented,328,sitoplasma,1.0,0
SNE_64185_ccrop.jpg,Neutrophil,segmented-multilobed,B_sepakat_segmented,89,sitoplasma,1.0,0
BA_936581_ccrop.jpg,Basophil,segmented-multilobed,bukan_neutrofil,100,sitoplasma,1.0,0
BA_77980_ccrop.jpg,Basophil,segmented-bilobed,bukan_neutrofil,127,sitoplasma,1.0,0
EO_8200_ccrop.jpg,Eosinophil,segmented-bilobed,bukan_neutrofil,301,sitoplasma,1.0,0
MO_845034_ccrop.jpg,Monocyte,unsegmented-indented,bukan_neutrofil,64,vakuola,1.0,0
MO_479548_ccrop.jpg,Monocyte,irregular,bukan_neutrofil,838,vakuola,1.0,0
BA_827462_ccrop.jpg,Basophil,segmented-bilobed,bukan_neutrofil,3,sitoplasma,1.0,0
BA_827462_ccrop.jpg,Basophil,segmented-bilobed,bukan_neutrofil,2,sitoplasma,1.0,0
BA_827462_ccrop.jpg,Basophil,segmented-bilobed,bukan_neutrofil,1,sitoplasma,1.0,0
BA_827462_ccrop.jpg,Basophil,segmented-bilobed,bukan_neutrofil,1,sitoplasma,1.0,0
BA_827462_ccrop.jpg,Basophil,segmented-bilobed,bukan_neutrofil,1,sitoplasma,1.0,0
BA_827462_ccrop.jpg,Basophil,segmented-bilobed,bukan_neutrofil,10,sitoplasma,1.0,0
MO_379615_ccrop.jpg,Monocyte,irregular,bukan_neutrofil,306,vakuola,1.0,0
EO_781911_ccrop.jpg,Eosinophil,segmented-bilobed,bukan_neutrofil,106,sitoplasma,1.0,0
EO_781911_ccrop.jpg,Eosinophil,segmented-bilobed,bukan_neutrofil,1,sitoplasma,1.0,0
EO_321841_ccrop.jpg,Eosinophil,segmented-multilobed,bukan_neutrofil,5,sitoplasma,1.0,0
EO_321841_ccrop.jpg,Eosinophil,segmented-multilobed,bukan_neutrofil,184,sitoplasma,1.0,0
SNE_415670_ccrop.jpg,Neutrophil,segmented-multilobed,B_sepakat_segmented,6,sitoplasma,1.0,0
SNE_415670_ccrop.jpg,Neutrophil,segmented-multilobed,B_sepakat_segmented,17,sitoplasma,1.0,0
SNE_193682_ccrop.jpg,Neutrophil,segmented-bilobed,B_sepakat_segmented,110,sitoplasma,1.0,0
EO_473251_ccrop.jpg,Eosinophil,segmented-bilobed,bukan_neutrofil,6,sitoplasma,1.0,0
EO_641173_ccrop.jpg,Eosinophil,segmented-bilobed,bukan_neutrofil,113,sitoplasma,1.0,0
EO_641173_ccrop.jpg,Eosinophil,segmented-bilobed,bukan_neutrofil,1,sitoplasma,1.0,0
EO_107416_ccrop.jpg,Eosinophil,segmented-bilobed,bukan_neutrofil,138,sitoplasma,1.0,0
SNE_874225_ccrop.jpg,Neutrophil,segmented-multilobed,B_sepakat_segmented,278,sitoplasma,1.0,0
EO_650903_ccrop.jpg,Eosinophil,segmented-multilobed,bukan_neutrofil,970,sitoplasma,1.0,0
EO_650903_ccrop.jpg,Eosinophil,segmented-multilobed,bukan_neutrofil,1,sitoplasma,1.0,0
EO_650903_ccrop.jpg,Eosinophil,segmented-multilobed,bukan_neutrofil,2,sitoplasma,1.0,0
EO_650903_ccrop.jpg,Eosinophil,segmented-multilobed,bukan_neutrofil,1,sitoplasma,1.0,0
BA_332707_ccrop.jpg,Basophil,segmented-bilobed,bukan_neutrofil,13,sitoplasma,1.0,0
BA_348770_ccrop.jpg,Basophil,segmented-bilobed,bukan_neutrofil,17,sitoplasma,1.0,0
BA_348770_ccrop.jpg,Basophil,segmented-bilobed,bukan_neutrofil,40,sitoplasma,1.0,0
MO_970300_ccrop.jpg,Monocyte,unsegmented-indented,bukan_neutrofil,1,sitoplasma,1.0,0
MO_970300_ccrop.jpg,Monocyte,unsegmented-indented,bukan_neutrofil,2,sitoplasma,1.0,0
MO_970300_ccrop.jpg,Monocyte,unsegmented-indented,bukan_neutrofil,87,sitoplasma,1.0,0
BA_888511_ccrop.jpg,Basophil,irregular,bukan_neutrofil,1,sitoplasma,1.0,0
EO_60532_ccrop.jpg,Eosinophil,segmented-bilobed,bukan_neutrofil,37,sitoplasma,1.0,0
BA_379312_ccrop.jpg,Basophil,irregular,bukan_neutrofil,12,sitoplasma,1.0,0
BA_379312_ccrop.jpg,Basophil,irregular,bukan_neutrofil,84,sitoplasma,1.0,0
EO_522315_ccrop.jpg,Eosinophil,segmented-bilobed,bukan_neutrofil,31,sitoplasma,1.0,0
BA_426699_ccrop.jpg,Basophil,segmented-bilobed,bukan_neutrofil,1,sitoplasma,1.0,0
BA_426699_ccrop.jpg,Basophil,segmented-bilobed,bukan_neutrofil,1,sitoplasma,1.0,0
BA_426699_ccrop.jpg,Basophil,segmented-bilobed,bukan_neutrofil,110,sitoplasma,1.0,0
SNE_145546_ccrop.jpg,Neutrophil,unsegmented-band,C_konflik_SNE_band,96,sitoplasma,1.0,0
BNE_817919_ccrop.jpg,Neutrophil,unsegmented-band,A_sepakat_band,14,sitoplasma,1.0,0
BNE_269318_ccrop.jpg,Neutrophil,unsegmented-band,A_sepakat_band,1,sitoplasma,1.0,0
BNE_269318_ccrop.jpg,Neutrophil,unsegmented-band,A_sepakat_band,1,sitoplasma,1.0,0
BA_653817_ccrop.jpg,Basophil,segmented-bilobed,bukan_neutrofil,5,sitoplasma,1.0,0
BA_653817_ccrop.jpg,Basophil,segmented-bilobed,bukan_neutrofil,4,sitoplasma,1.0,0
BA_343929_ccrop.jpg,Basophil,segmented-bilobed,bukan_neutrofil,2,sitoplasma,1.0,0
BA_343929_ccrop.jpg,Basophil,segmented-bilobed,bukan_neutrofil,2,sitoplasma,1.0,0
BA_343929_ccrop.jpg,Basophil,segmented-bilobed,bukan_neutrofil,26,sitoplasma,1.0,0
BA_279676_ccrop.jpg,Basophil,segmented-bilobed,bukan_neutrofil,7,sitoplasma,1.0,0
EO_341403_ccrop.jpg,Eosinophil,segmented-bilobed,bukan_neutrofil,1,sitoplasma,1.0,0
SNE_613779_ccrop.jpg,Neutrophil,segmented-bilobed,B_sepakat_segmented,63,sitoplasma,1.0,0
MO_441309_ccrop.jpg,Monocyte,irregular,bukan_neutrofil,58,vakuola,1.0,0
MO_441309_ccrop.jpg,Monocyte,irregular,bukan_neutrofil,350,vakuola,1.0,0
MO_881516_ccrop.jpg,Monocyte,irregular,bukan_neutrofil,64,vakuola,1.0,0
MO_881516_ccrop.jpg,Monocyte,irregular,bukan_neutrofil,324,vakuola,1.0,0
MO_662297_ccrop.jpg,Monocyte,unsegmented-indented,bukan_neutrofil,170,sitoplasma,1.0,0
SNE_813985_ccrop.jpg,Neutrophil,unsegmented-band,C_konflik_SNE_band,684,sitoplasma,1.0,0
SNE_621549_ccrop.jpg,Neutrophil,segmented-bilobed,B_sepakat_segmented,279,sitoplasma,1.0,0
SNE_621549_ccrop.jpg,Neutrophil,segmented-bilobed,B_sepakat_segmented,21,sitoplasma,1.0,0
SNE_624137_ccrop.jpg,Neutrophil,segmented-multilobed,B_sepakat_segmented,976,sitoplasma,1.0,0
BA_461900_ccrop.jpg,Basophil,irregular,bukan_neutrofil,6,sitoplasma,1.0,0
EO_467461_ccrop.jpg,Eosinophil,segmented-bilobed,bukan_neutrofil,1,sitoplasma,1.0,0
EO_467461_ccrop.jpg,Eosinophil,segmented-bilobed,bukan_neutrofil,228,sitoplasma,1.0,0
BA_41844_ccrop.jpg,Basophil,segmented-multilobed,bukan_neutrofil,147,sitoplasma,1.0,0
BA_41844_ccrop.jpg,Basophil,segmented-multilobed,bukan_neutrofil,1,sitoplasma,1.0,0
SNE_915927_ccrop.jpg,Neutrophil,unsegmented-band,C_konflik_SNE_band,107,sitoplasma,1.0,0
BA_912566_ccrop.jpg,Basophil,irregular,bukan_neutrofil,127,sitoplasma,1.0,0
MO_459530_ccrop.jpg,Monocyte,irregular,bukan_neutrofil,245,vakuola,1.0,0
EO_975672_ccrop.jpg,Eosinophil,unsegmented-band,bukan_neutrofil,248,sitoplasma,1.0,0
EO_975672_ccrop.jpg,Eosinophil,unsegmented-band,bukan_neutrofil,1,sitoplasma,1.0,0
SNE_142258_ccrop.jpg,Neutrophil,segmented-bilobed,B_sepakat_segmented,77,sitoplasma,1.0,0
MO_286053_ccrop.jpg,Monocyte,unsegmented-indented,bukan_neutrofil,119,sitoplasma,1.0,0
SNE_753316_ccrop.jpg,Neutrophil,segmented-bilobed,B_sepakat_segmented,354,sitoplasma,1.0,0
SNE_753316_ccrop.jpg,Neutrophil,segmented-bilobed,B_sepakat_segmented,2,sitoplasma,1.0,0
BA_731764_ccrop.jpg,Basophil,segmented-multilobed,bukan_neutrofil,21,sitoplasma,1.0,0
SNE_459251_ccrop.jpg,Neutrophil,unsegmented-band,C_konflik_SNE_band,2,sitoplasma,1.0,0
EO_916041_ccrop.jpg,Eosinophil,segmented-bilobed,bukan_neutrofil,426,sitoplasma,1.0,0
EO_784638_ccrop.jpg,Eosinophil,segmented-bilobed,bukan_neutrofil,1,sitoplasma,1.0,0
EO_243308_ccrop.jpg,Eosinophil,segmented-multilobed,bukan_neutrofil,13,sitoplasma,1.0,0
EO_609630_ccrop.jpg,Eosinophil,segmented-multilobed,bukan_neutrofil,17,sitoplasma,1.0,0
BA_229541_ccrop.jpg,Basophil,irregular,bukan_neutrofil,193,sitoplasma,1.0,0
SNE_832642_ccrop.jpg,Neutrophil,unsegmented-band,C_konflik_SNE_band,88,sitoplasma,1.0,0
SNE_832642_ccrop.jpg,Neutrophil,unsegmented-band,C_konflik_SNE_band,2,sitoplasma,1.0,0
SNE_832642_ccrop.jpg,Neutrophil,unsegmented-band,C_konflik_SNE_band,2,sitoplasma,1.0,0
MO_676706_ccrop.jpg,Monocyte,unsegmented-indented,bukan_neutrofil,49,vakuola,1.0,0
MO_993110_ccrop.jpg,Monocyte,unsegmented-indented,bukan_neutrofil,26,sitoplasma,1.0,0
EO_370072_ccrop.jpg,Eosinophil,segmented-multilobed,bukan_neutrofil,143,sitoplasma,1.0,0
SNE_446923_ccrop.jpg,Neutrophil,unsegmented-band,C_konflik_SNE_band,577,sitoplasma,1.0,0
MO_319445_ccrop.jpg,Monocyte,irregular,bukan_neutrofil,77,vakuola,1.0,0
BA_658251_ccrop.jpg,Basophil,segmented-bilobed,bukan_neutrofil,105,sitoplasma,1.0,0
BNE_848315_ccrop.jpg,Neutrophil,unsegmented-band,A_sepakat_band,115,sitoplasma,1.0,0
SNE_663742_ccrop.jpg,Neutrophil,segmented-multilobed,B_sepakat_segmented,1,sitoplasma,1.0,0
SNE_663742_ccrop.jpg,Neutrophil,segmented-multilobed,B_sepakat_segmented,2,sitoplasma,1.0,0
SNE_663742_ccrop.jpg,Neutrophil,segmented-multilobed,B_sepakat_segmented,1,sitoplasma,1.0,0
SNE_663742_ccrop.jpg,Neutrophil,segmented-multilobed,B_sepakat_segmented,1,sitoplasma,1.0,0
SNE_663742_ccrop.jpg,Neutrophil,segmented-multilobed,B_sepakat_segmented,2,sitoplasma,1.0,0
SNE_663742_ccrop.jpg,Neutrophil,segmented-multilobed,B_sepakat_segmented,1,sitoplasma,1.0,0
SNE_663742_ccrop.jpg,Neutrophil,segmented-multilobed,B_sepakat_segmented,1,sitoplasma,1.0,0
SNE_663742_ccrop.jpg,Neutrophil,segmented-multilobed,B_sepakat_segmented,1,sitoplasma,1.0,0
SNE_663742_ccrop.jpg,Neutrophil,segmented-multilobed,B_sepakat_segmented,1,sitoplasma,1.0,0
SNE_663742_ccrop.jpg,Neutrophil,segmented-multilobed,B_sepakat_segmented,1,sitoplasma,1.0,0
SNE_663742_ccrop.jpg,Neutrophil,segmented-multilobed,B_sepakat_segmented,1,sitoplasma,1.0,0
SNE_663742_ccrop.jpg,Neutrophil,segmented-multilobed,B_sepakat_segmented,1,sitoplasma,1.0,0
SNE_663742_ccrop.jpg,Neutrophil,segmented-multilobed,B_sepakat_segmented,1,sitoplasma,1.0,0
SNE_663742_ccrop.jpg,Neutrophil,segmented-multilobed,B_sepakat_segmented,1,sitoplasma,1.0,0
SNE_663742_ccrop.jpg,Neutrophil,segmented-multilobed,B_sepakat_segmented,2,sitoplasma,1.0,0
SNE_847185_ccrop.jpg,Neutrophil,segmented-bilobed,B_sepakat_segmented,234,sitoplasma,1.0,0
EO_269312_ccrop.jpg,Eosinophil,segmented-multilobed,bukan_neutrofil,1,sitoplasma,1.0,0
EO_269312_ccrop.jpg,Eosinophil,segmented-multilobed,bukan_neutrofil,5,sitoplasma,1.0,0
EO_329897_ccrop.jpg,Eosinophil,segmented-multilobed,bukan_neutrofil,143,sitoplasma,1.0,0
SNE_842165_ccrop.jpg,Neutrophil,segmented-bilobed,B_sepakat_segmented,5,sitoplasma,1.0,0
BA_809286_ccrop.jpg,Basophil,segmented-bilobed,bukan_neutrofil,52,sitoplasma,1.0,0
EO_952156_ccrop.jpg,Eosinophil,segmented-multilobed,bukan_neutrofil,1,sitoplasma,1.0,0
EO_952156_ccrop.jpg,Eosinophil,segmented-multilobed,bukan_neutrofil,311,sitoplasma,1.0,0
MO_221446_ccrop.jpg,Monocyte,unsegmented-indented,bukan_neutrofil,148,vakuola,1.0,0
EO_195632_ccrop.jpg,Eosinophil,segmented-bilobed,bukan_neutrofil,1,sitoplasma,1.0,0
EO_195632_ccrop.jpg,Eosinophil,segmented-bilobed,bukan_neutrofil,1,sitoplasma,1.0,0
EO_195632_ccrop.jpg,Eosinophil,segmented-bilobed,bukan_neutrofil,10,sitoplasma,1.0,0
SNE_235627_ccrop.jpg,Neutrophil,segmented-multilobed,B_sepakat_segmented,240,sitoplasma,1.0,0
SNE_235627_ccrop.jpg,Neutrophil,segmented-multilobed,B_sepakat_segmented,227,sitoplasma,1.0,0
SNE_235627_ccrop.jpg,Neutrophil,segmented-multilobed,B_sepakat_segmented,231,sitoplasma,1.0,0
MO_679384_ccrop.jpg,Monocyte,irregular,bukan_neutrofil,322,vakuola,1.0,0
EO_242182_ccrop.jpg,Eosinophil,segmented-multilobed,bukan_neutrofil,1,sitoplasma,1.0,0
SNE_114388_ccrop.jpg,Neutrophil,segmented-multilobed,B_sepakat_segmented,140,sitoplasma,1.0,0
SNE_114388_ccrop.jpg,Neutrophil,segmented-multilobed,B_sepakat_segmented,427,sitoplasma,1.0,0
EO_720242_ccrop.jpg,Eosinophil,unsegmented-band,bukan_neutrofil,204,sitoplasma,1.0,0
EO_470840_ccrop.jpg,Eosinophil,segmented-bilobed,bukan_neutrofil,232,sitoplasma,1.0,0
EO_359520_ccrop.jpg,Eosinophil,segmented-bilobed,bukan_neutrofil,285,sitoplasma,1.0,0
EO_119559_ccrop.jpg,Eosinophil,segmented-bilobed,bukan_neutrofil,81,sitoplasma,1.0,0
EO_119559_ccrop.jpg,Eosinophil,segmented-bilobed,bukan_neutrofil,1,sitoplasma,1.0,0
BA_702934_ccrop.jpg,Basophil,irregular,bukan_neutrofil,1,sitoplasma,1.0,0
BA_702934_ccrop.jpg,Basophil,irregular,bukan_neutrofil,16,sitoplasma,1.0,0
EO_118550_ccrop.jpg,Eosinophil,segmented-multilobed,bukan_neutrofil,274,sitoplasma,1.0,0
EO_118550_ccrop.jpg,Eosinophil,segmented-multilobed,bukan_neutrofil,1,sitoplasma,1.0,0
EO_74517_ccrop.jpg,Eosinophil,segmented-bilobed,bukan_neutrofil,52,sitoplasma,1.0,0
BNE_388799_ccrop.jpg,Neutrophil,unsegmented-band,A_sepakat_band,1,sitoplasma,1.0,0
BA_828657_ccrop.jpg,Basophil,segmented-multilobed,bukan_neutrofil,489,sitoplasma,1.0,0
BA_72104_ccrop.jpg,Basophil,segmented-multilobed,bukan_neutrofil,11,sitoplasma,1.0,0
SNE_655718_ccrop.jpg,Neutrophil,unsegmented-band,C_konflik_SNE_band,28,sitoplasma,1.0,0
BA_214867_ccrop.jpg,Basophil,irregular,bukan_neutrofil,83,sitoplasma,1.0,0
EO_276199_ccrop.jpg,Eosinophil,segmented-multilobed,bukan_neutrofil,1,sitoplasma,1.0,0
BNE_380493_ccrop.jpg,Neutrophil,segmented-bilobed,D_konflik_BNE_segmented,1,sitoplasma,1.0,0
BNE_380493_ccrop.jpg,Neutrophil,segmented-bilobed,D_konflik_BNE_segmented,4,sitoplasma,1.0,0
BNE_380493_ccrop.jpg,Neutrophil,segmented-bilobed,D_konflik_BNE_segmented,91,sitoplasma,1.0,0
SNE_682213_ccrop.jpg,Neutrophil,segmented-multilobed,B_sepakat_segmented,26,sitoplasma,1.0,0
SNE_682213_ccrop.jpg,Neutrophil,segmented-multilobed,B_sepakat_segmented,1,sitoplasma,1.0,0
MO_634461_ccrop.jpg,Monocyte,irregular,bukan_neutrofil,29,sitoplasma,1.0,0
SNE_65396_ccrop.jpg,Neutrophil,unsegmented-band,C_konflik_SNE_band,2,sitoplasma,1.0,0
SNE_65396_ccrop.jpg,Neutrophil,unsegmented-band,C_konflik_SNE_band,2,sitoplasma,1.0,0
SNE_65396_ccrop.jpg,Neutrophil,unsegmented-band,C_konflik_SNE_band,1,sitoplasma,1.0,0
SNE_65396_ccrop.jpg,Neutrophil,unsegmented-band,C_konflik_SNE_band,2,sitoplasma,1.0,0
SNE_65396_ccrop.jpg,Neutrophil,unsegmented-band,C_konflik_SNE_band,13,sitoplasma,1.0,0
SNE_209297_ccrop.jpg,Neutrophil,segmented-multilobed,B_sepakat_segmented,25,sitoplasma,1.0,0
SNE_209297_ccrop.jpg,Neutrophil,segmented-multilobed,B_sepakat_segmented,164,sitoplasma,1.0,0
SNE_403663_ccrop.jpg,Neutrophil,unsegmented-band,C_konflik_SNE_band,170,sitoplasma,1.0,0
SNE_403663_ccrop.jpg,Neutrophil,unsegmented-band,C_konflik_SNE_band,2,sitoplasma,1.0,0
BNE_614370_ccrop.jpg,Neutrophil,unsegmented-band,A_sepakat_band,599,sitoplasma,1.0,0
BNE_719678_ccrop.jpg,Neutrophil,unsegmented-band,A_sepakat_band,426,sitoplasma,1.0,0
BA_475530_ccrop.jpg,Basophil,segmented-multilobed,bukan_neutrofil,69,sitoplasma,1.0,0
MO_466891_ccrop.jpg,Monocyte,unsegmented-indented,bukan_neutrofil,331,vakuola,1.0,0
MO_466891_ccrop.jpg,Monocyte,unsegmented-indented,bukan_neutrofil,357,sitoplasma,1.0,0
SNE_541286_ccrop.jpg,Neutrophil,segmented-bilobed,B_sepakat_segmented,305,sitoplasma,1.0,0
SNE_541286_ccrop.jpg,Neutrophil,segmented-bilobed,B_sepakat_segmented,1,sitoplasma,1.0,0
SNE_541286_ccrop.jpg,Neutrophil,segmented-bilobed,B_sepakat_segmented,37,sitoplasma,1.0,0
SNE_541286_ccrop.jpg,Neutrophil,segmented-bilobed,B_sepakat_segmented,2,sitoplasma,1.0,0
SNE_541286_ccrop.jpg,Neutrophil,segmented-bilobed,B_sepakat_segmented,2,sitoplasma,1.0,0
SNE_541286_ccrop.jpg,Neutrophil,segmented-bilobed,B_sepakat_segmented,1,sitoplasma,1.0,0
BA_727591_ccrop.jpg,Basophil,irregular,bukan_neutrofil,2,sitoplasma,1.0,0
BA_727591_ccrop.jpg,Basophil,irregular,bukan_neutrofil,12,sitoplasma,1.0,0
MO_376948_ccrop.jpg,Monocyte,irregular,bukan_neutrofil,12,sitoplasma,1.0,0
BA_661119_ccrop.jpg,Basophil,segmented-multilobed,bukan_neutrofil,1,sitoplasma,1.0,0
MO_896245_ccrop.jpg,Monocyte,unsegmented-indented,bukan_neutrofil,30,sitoplasma,1.0,0
EO_10690_ccrop.jpg,Eosinophil,segmented-bilobed,bukan_neutrofil,319,sitoplasma,1.0,0
SNE_622393_ccrop.jpg,Neutrophil,segmented-multilobed,B_sepakat_segmented,47,sitoplasma,1.0,0
SNE_622393_ccrop.jpg,Neutrophil,segmented-multilobed,B_sepakat_segmented,15,sitoplasma,1.0,0
SNE_868570_ccrop.jpg,Neutrophil,segmented-multilobed,B_sepakat_segmented,87,sitoplasma,1.0,0
BNE_560491_ccrop.jpg,Neutrophil,unsegmented-band,A_sepakat_band,57,sitoplasma,1.0,0
MO_896208_ccrop.jpg,Monocyte,unsegmented-indented,bukan_neutrofil,489,sitoplasma,1.0,0
EO_828655_ccrop.jpg,Eosinophil,segmented-multilobed,bukan_neutrofil,867,sitoplasma,1.0,0
SNE_126017_ccrop.jpg,Neutrophil,segmented-multilobed,B_sepakat_segmented,123,sitoplasma,1.0,0
SNE_126017_ccrop.jpg,Neutrophil,segmented-multilobed,B_sepakat_segmented,17,sitoplasma,1.0,0
SNE_126017_ccrop.jpg,Neutrophil,segmented-multilobed,B_sepakat_segmented,324,sitoplasma,1.0,0
SNE_944463_ccrop.jpg,Neutrophil,segmented-multilobed,B_sepakat_segmented,82,sitoplasma,1.0,0
SNE_944463_ccrop.jpg,Neutrophil,segmented-multilobed,B_sepakat_segmented,12,sitoplasma,1.0,0
EO_56353_ccrop.jpg,Eosinophil,segmented-multilobed,bukan_neutrofil,18,sitoplasma,1.0,0
EO_56353_ccrop.jpg,Eosinophil,segmented-multilobed,bukan_neutrofil,2,sitoplasma,1.0,0
EO_56353_ccrop.jpg,Eosinophil,segmented-multilobed,bukan_neutrofil,1,sitoplasma,1.0,0
EO_56353_ccrop.jpg,Eosinophil,segmented-multilobed,bukan_neutrofil,2,sitoplasma,1.0,0
EO_56353_ccrop.jpg,Eosinophil,segmented-multilobed,bukan_neutrofil,2,sitoplasma,1.0,0
EO_56353_ccrop.jpg,Eosinophil,segmented-multilobed,bukan_neutrofil,2,sitoplasma,1.0,0
EO_56353_ccrop.jpg,Eosinophil,segmented-multilobed,bukan_neutrofil,8,sitoplasma,1.0,0
EO_56353_ccrop.jpg,Eosinophil,segmented-multilobed,bukan_neutrofil,2,sitoplasma,1.0,0
BA_811885_ccrop.jpg,Basophil,segmented-multilobed,bukan_neutrofil,341,sitoplasma,1.0,0
BA_811885_ccrop.jpg,Basophil,segmented-multilobed,bukan_neutrofil,5,sitoplasma,1.0,0
BA_811885_ccrop.jpg,Basophil,segmented-multilobed,bukan_neutrofil,1,sitoplasma,1.0,0
BA_786578_ccrop.jpg,Basophil,segmented-multilobed,bukan_neutrofil,17,sitoplasma,1.0,0
SNE_646450_ccrop.jpg,Neutrophil,unsegmented-band,C_konflik_SNE_band,238,sitoplasma,1.0,0
BNE_35858_ccrop.jpg,Neutrophil,unsegmented-band,A_sepakat_band,75,sitoplasma,1.0,0
SNE_381785_ccrop.jpg,Neutrophil,unsegmented-band,C_konflik_SNE_band,43,sitoplasma,1.0,0
EO_603827_ccrop.jpg,Eosinophil,segmented-bilobed,bukan_neutrofil,26,sitoplasma,1.0,0
EO_535165_ccrop.jpg,Eosinophil,segmented-bilobed,bukan_neutrofil,17,sitoplasma,1.0,0
BA_74809_ccrop.jpg,Basophil,unsegmented-band,bukan_neutrofil,35,sitoplasma,1.0,0
MO_645801_ccrop.jpg,Monocyte,unsegmented-indented,bukan_neutrofil,140,vakuola,1.0,0
SNE_870699_ccrop.jpg,Neutrophil,segmented-bilobed,B_sepakat_segmented,40,sitoplasma,1.0,0
BA_391096_ccrop.jpg,Basophil,irregular,bukan_neutrofil,157,sitoplasma,1.0,0
SNE_610263_ccrop.jpg,Neutrophil,segmented-multilobed,B_sepakat_segmented,1,sitoplasma,1.0,0
SNE_610263_ccrop.jpg,Neutrophil,segmented-multilobed,B_sepakat_segmented,18,sitoplasma,1.0,0
BA_872678_ccrop.jpg,Basophil,segmented-bilobed,bukan_neutrofil,7,sitoplasma,1.0,0
SNE_175362_ccrop.jpg,Neutrophil,segmented-bilobed,B_sepakat_segmented,93,sitoplasma,1.0,0
MO_947642_ccrop.jpg,Monocyte,irregular,bukan_neutrofil,126,vakuola,1.0,0
MO_947642_ccrop.jpg,Monocyte,irregular,bukan_neutrofil,158,vakuola,1.0,0
MO_947642_ccrop.jpg,Monocyte,irregular,bukan_neutrofil,81,vakuola,1.0,0
BNE_133625_ccrop.jpg,Neutrophil,segmented-bilobed,D_konflik_BNE_segmented,254,sitoplasma,1.0,0
SNE_518038_ccrop.jpg,Neutrophil,unsegmented-band,C_konflik_SNE_band,64,sitoplasma,1.0,0
EO_113017_ccrop.jpg,Eosinophil,segmented-bilobed,bukan_neutrofil,47,sitoplasma,1.0,0
SNE_461516_ccrop.jpg,Neutrophil,segmented-multilobed,B_sepakat_segmented,556,sitoplasma,1.0,0
SNE_461516_ccrop.jpg,Neutrophil,segmented-multilobed,B_sepakat_segmented,240,sitoplasma,1.0,0
MO_18963_ccrop.jpg,Monocyte,irregular,bukan_neutrofil,9,vakuola,1.0,0
BA_836099_ccrop.jpg,Basophil,irregular,bukan_neutrofil,1,sitoplasma,1.0,0
BA_880798_ccrop.jpg,Basophil,irregular,bukan_neutrofil,119,sitoplasma,1.0,0
MO_48427_ccrop.jpg,Monocyte,irregular,bukan_neutrofil,29,sitoplasma,1.0,0
SNE_296573_ccrop.jpg,Neutrophil,segmented-multilobed,B_sepakat_segmented,1,sitoplasma,1.0,0
SNE_296573_ccrop.jpg,Neutrophil,segmented-multilobed,B_sepakat_segmented,95,sitoplasma,1.0,0
EO_997916_ccrop.jpg,Eosinophil,unsegmented-band,bukan_neutrofil,387,sitoplasma,1.0,0
EO_705791_ccrop.jpg,Eosinophil,segmented-bilobed,bukan_neutrofil,642,sitoplasma,1.0,0
SNE_885644_ccrop.jpg,Neutrophil,segmented-bilobed,B_sepakat_segmented,139,sitoplasma,1.0,0
BA_576591_ccrop.jpg,Basophil,segmented-multilobed,bukan_neutrofil,33,sitoplasma,1.0,0
EO_460941_ccrop.jpg,Eosinophil,segmented-bilobed,bukan_neutrofil,94,sitoplasma,1.0,0
EO_460941_ccrop.jpg,Eosinophil,segmented-bilobed,bukan_neutrofil,77,sitoplasma,1.0,0
EO_374244_ccrop.jpg,Eosinophil,segmented-bilobed,bukan_neutrofil,51,sitoplasma,1.0,0
SNE_881855_ccrop.jpg,Neutrophil,unsegmented-band,C_konflik_SNE_band,2004,sitoplasma,1.0,0
EO_346820_ccrop.jpg,Eosinophil,segmented-bilobed,bukan_neutrofil,732,sitoplasma,1.0,0
EO_370179_ccrop.jpg,Eosinophil,unsegmented-band,bukan_neutrofil,2,sitoplasma,1.0,0
EO_370179_ccrop.jpg,Eosinophil,unsegmented-band,bukan_neutrofil,12,sitoplasma,1.0,0
BA_513630_ccrop.jpg,Basophil,irregular,bukan_neutrofil,61,sitoplasma,1.0,0
MO_463255_ccrop.jpg,Monocyte,irregular,bukan_neutrofil,97,vakuola,1.0,0
SNE_620441_ccrop.jpg,Neutrophil,unsegmented-band,C_konflik_SNE_band,452,sitoplasma,1.0,0
SNE_475422_ccrop.jpg,Neutrophil,unsegmented-band,C_konflik_SNE_band,95,sitoplasma,1.0,0
EO_669676_ccrop.jpg,Eosinophil,segmented-multilobed,bukan_neutrofil,1,sitoplasma,1.0,0
BA_383011_ccrop.jpg,Basophil,segmented-bilobed,bukan_neutrofil,16,sitoplasma,1.0,0
MO_826797_ccrop.jpg,Monocyte,irregular,bukan_neutrofil,53,vakuola,1.0,0
MO_275440_ccrop.jpg,Monocyte,irregular,bukan_neutrofil,64,vakuola,1.0,0
SNE_850565_ccrop.jpg,Neutrophil,unsegmented-band,C_konflik_SNE_band,248,sitoplasma,1.0,0
EO_556235_ccrop.jpg,Eosinophil,segmented-multilobed,bukan_neutrofil,1172,sitoplasma,1.0,0
BA_243554_ccrop.jpg,Basophil,irregular,bukan_neutrofil,13,sitoplasma,1.0,0
BA_243554_ccrop.jpg,Basophil,irregular,bukan_neutrofil,1,sitoplasma,1.0,0
BA_434512_ccrop.jpg,Basophil,irregular,bukan_neutrofil,11,sitoplasma,1.0,0
BA_434512_ccrop.jpg,Basophil,irregular,bukan_neutrofil,236,sitoplasma,1.0,0
BA_434512_ccrop.jpg,Basophil,irregular,bukan_neutrofil,16,sitoplasma,1.0,0
SNE_223132_ccrop.jpg,Neutrophil,segmented-multilobed,B_sepakat_segmented,25,sitoplasma,1.0,0
EO_389123_ccrop.jpg,Eosinophil,segmented-bilobed,bukan_neutrofil,235,sitoplasma,1.0,0
SNE_166616_ccrop.jpg,Neutrophil,segmented-bilobed,B_sepakat_segmented,32,sitoplasma,1.0,0
BA_938872_ccrop.jpg,Basophil,irregular,bukan_neutrofil,617,sitoplasma,1.0,0
EO_553315_ccrop.jpg,Eosinophil,segmented-bilobed,bukan_neutrofil,213,sitoplasma,1.0,0
BA_324706_ccrop.jpg,Basophil,segmented-multilobed,bukan_neutrofil,22,sitoplasma,1.0,0
EO_563139_ccrop.jpg,Eosinophil,segmented-bilobed,bukan_neutrofil,99,sitoplasma,1.0,0
SNE_190191_ccrop.jpg,Neutrophil,segmented-multilobed,B_sepakat_segmented,108,sitoplasma,1.0,0
BNE_135566_ccrop.jpg,Neutrophil,unsegmented-band,A_sepakat_band,442,sitoplasma,1.0,0
SNE_387274_ccrop.jpg,Neutrophil,unsegmented-band,C_konflik_SNE_band,99,sitoplasma,1.0,0
EO_936331_ccrop.jpg,Eosinophil,segmented-bilobed,bukan_neutrofil,65,sitoplasma,1.0,0
MO_125963_ccrop.jpg,Monocyte,irregular,bukan_neutrofil,38,vakuola,1.0,0
MO_125963_ccrop.jpg,Monocyte,irregular,bukan_neutrofil,68,vakuola,1.0,0
MO_759794_ccrop.jpg,Monocyte,irregular,bukan_neutrofil,213,vakuola,1.0,0
SNE_576696_ccrop.jpg,Neutrophil,segmented-multilobed,B_sepakat_segmented,249,sitoplasma,1.0,0
BNE_573180_ccrop.jpg,Neutrophil,unsegmented-band,A_sepakat_band,301,sitoplasma,1.0,0
MO_686982_ccrop.jpg,Monocyte,irregular,bukan_neutrofil,551,vakuola,1.0,0
MO_686982_ccrop.jpg,Monocyte,irregular,bukan_neutrofil,80,vakuola,1.0,0
BA_786369_ccrop.jpg,Basophil,irregular,bukan_neutrofil,50,sitoplasma,1.0,0
EO_104682_ccrop.jpg,Eosinophil,segmented-multilobed,bukan_neutrofil,106,sitoplasma,1.0,0
MO_148905_ccrop.jpg,Monocyte,unsegmented-indented,bukan_neutrofil,534,sitoplasma,1.0,0
SNE_42662_ccrop.jpg,Neutrophil,unsegmented-band,C_konflik_SNE_band,177,sitoplasma,1.0,0
BNE_499158_ccrop.jpg,Neutrophil,unsegmented-band,A_sepakat_band,106,sitoplasma,1.0,0
MO_266899_ccrop.jpg,Monocyte,irregular,bukan_neutrofil,176,vakuola,1.0,0
EO_535035_ccrop.jpg,Eosinophil,segmented-bilobed,bukan_neutrofil,42,sitoplasma,1.0,0
MO_600210_ccrop.jpg,Monocyte,unsegmented-indented,bukan_neutrofil,71,sitoplasma,1.0,0
MO_600210_ccrop.jpg,Monocyte,unsegmented-indented,bukan_neutrofil,76,sitoplasma,1.0,0
SNE_243234_ccrop.jpg,Neutrophil,unsegmented-band,C_konflik_SNE_band,1,sitoplasma,1.0,0
SNE_243234_ccrop.jpg,Neutrophil,unsegmented-band,C_konflik_SNE_band,1,sitoplasma,1.0,0
SNE_243234_ccrop.jpg,Neutrophil,unsegmented-band,C_konflik_SNE_band,15,sitoplasma,1.0,0
SNE_243234_ccrop.jpg,Neutrophil,unsegmented-band,C_konflik_SNE_band,124,sitoplasma,1.0,0
MO_198867_ccrop.jpg,Monocyte,unsegmented-round,bukan_neutrofil,238,vakuola,1.0,0
EO_745249_ccrop.jpg,Eosinophil,segmented-bilobed,bukan_neutrofil,297,sitoplasma,1.0,0
MO_317584_ccrop.jpg,Monocyte,irregular,bukan_neutrofil,94,sitoplasma,1.0,0
MO_248919_ccrop.jpg,Monocyte,unsegmented-indented,bukan_neutrofil,55,sitoplasma,1.0,0
SNE_804760_ccrop.jpg,Neutrophil,unsegmented-band,C_konflik_SNE_band,2,sitoplasma,1.0,0
SNE_804760_ccrop.jpg,Neutrophil,unsegmented-band,C_konflik_SNE_band,1,sitoplasma,1.0,0
SNE_804760_ccrop.jpg,Neutrophil,unsegmented-band,C_konflik_SNE_band,1,sitoplasma,1.0,0
SNE_804760_ccrop.jpg,Neutrophil,unsegmented-band,C_konflik_SNE_band,1,sitoplasma,1.0,0
SNE_804760_ccrop.jpg,Neutrophil,unsegmented-band,C_konflik_SNE_band,1,sitoplasma,1.0,0
SNE_804760_ccrop.jpg,Neutrophil,unsegmented-band,C_konflik_SNE_band,1,sitoplasma,1.0,0
BA_345373_ccrop.jpg,Basophil,segmented-multilobed,bukan_neutrofil,43,sitoplasma,1.0,0
BA_995163_ccrop.jpg,Basophil,segmented-multilobed,bukan_neutrofil,457,sitoplasma,1.0,0
BNE_533920_ccrop.jpg,Neutrophil,unsegmented-band,A_sepakat_band,4,sitoplasma,1.0,0
EO_29874_ccrop.jpg,Eosinophil,segmented-bilobed,bukan_neutrofil,1,sitoplasma,1.0,0
EO_704275_ccrop.jpg,Eosinophil,segmented-bilobed,bukan_neutrofil,8,sitoplasma,1.0,0
EO_704275_ccrop.jpg,Eosinophil,segmented-bilobed,bukan_neutrofil,19,sitoplasma,1.0,0
EO_704275_ccrop.jpg,Eosinophil,segmented-bilobed,bukan_neutrofil,7,sitoplasma,1.0,0
EO_704275_ccrop.jpg,Eosinophil,segmented-bilobed,bukan_neutrofil,2,sitoplasma,1.0,0
EO_808686_ccrop.jpg,Eosinophil,segmented-bilobed,bukan_neutrofil,2,sitoplasma,1.0,0
EO_808686_ccrop.jpg,Eosinophil,segmented-bilobed,bukan_neutrofil,1,sitoplasma,1.0,0
EO_808686_ccrop.jpg,Eosinophil,segmented-bilobed,bukan_neutrofil,58,sitoplasma,1.0,0
MO_66318_ccrop.jpg,Monocyte,unsegmented-indented,bukan_neutrofil,370,sitoplasma,1.0,0
SNE_324033_ccrop.jpg,Neutrophil,segmented-multilobed,B_sepakat_segmented,28,sitoplasma,1.0,0
SNE_406702_ccrop.jpg,Neutrophil,segmented-bilobed,B_sepakat_segmented,47,sitoplasma,1.0,0
EO_724677_ccrop.jpg,Eosinophil,segmented-bilobed,bukan_neutrofil,176,sitoplasma,1.0,0
EO_519041_ccrop.jpg,Eosinophil,unsegmented-band,bukan_neutrofil,1,sitoplasma,1.0,0
EO_519041_ccrop.jpg,Eosinophil,unsegmented-band,bukan_neutrofil,3,sitoplasma,1.0,0
EO_992859_ccrop.jpg,Eosinophil,segmented-bilobed,bukan_neutrofil,1162,sitoplasma,1.0,0
EO_756267_ccrop.jpg,Eosinophil,segmented-bilobed,bukan_neutrofil,314,sitoplasma,1.0,0
BA_407690_ccrop.jpg,Basophil,segmented-bilobed,bukan_neutrofil,10,sitoplasma,1.0,0
BA_93147_ccrop.jpg,Basophil,segmented-multilobed,bukan_neutrofil,190,sitoplasma,1.0,0
SNE_755678_ccrop.jpg,Neutrophil,unsegmented-band,C_konflik_SNE_band,361,sitoplasma,1.0,0
MO_676964_ccrop.jpg,Monocyte,irregular,bukan_neutrofil,21,sitoplasma,1.0,0
SNE_374420_ccrop.jpg,Neutrophil,segmented-multilobed,B_sepakat_segmented,4,sitoplasma,1.0,0
SNE_374420_ccrop.jpg,Neutrophil,segmented-multilobed,B_sepakat_segmented,6,sitoplasma,1.0,0
EO_19756_ccrop.jpg,Eosinophil,segmented-bilobed,bukan_neutrofil,65,sitoplasma,1.0,0
EO_19756_ccrop.jpg,Eosinophil,segmented-bilobed,bukan_neutrofil,284,sitoplasma,1.0,0
EO_302258_ccrop.jpg,Eosinophil,segmented-multilobed,bukan_neutrofil,1,sitoplasma,1.0,0
EO_302258_ccrop.jpg,Eosinophil,segmented-multilobed,bukan_neutrofil,90,sitoplasma,1.0,0
EO_881434_ccrop.jpg,Eosinophil,segmented-multilobed,bukan_neutrofil,1,sitoplasma,1.0,0
EO_881434_ccrop.jpg,Eosinophil,segmented-multilobed,bukan_neutrofil,1,sitoplasma,1.0,0
EO_881434_ccrop.jpg,Eosinophil,segmented-multilobed,bukan_neutrofil,1,sitoplasma,1.0,0
EO_881434_ccrop.jpg,Eosinophil,segmented-multilobed,bukan_neutrofil,2,sitoplasma,1.0,0
EO_881434_ccrop.jpg,Eosinophil,segmented-multilobed,bukan_neutrofil,48,sitoplasma,1.0,0
EO_345534_ccrop.jpg,Eosinophil,segmented-multilobed,bukan_neutrofil,2,sitoplasma,1.0,0
BNE_471627_ccrop.jpg,Neutrophil,unsegmented-band,A_sepakat_band,778,sitoplasma,1.0,0
BNE_158778_ccrop.jpg,Neutrophil,unsegmented-band,A_sepakat_band,415,sitoplasma,1.0,0
SNE_379742_ccrop.jpg,Neutrophil,unsegmented-band,C_konflik_SNE_band,54,sitoplasma,1.0,0
EO_538813_ccrop.jpg,Eosinophil,segmented-multilobed,bukan_neutrofil,235,sitoplasma,1.0,0
EO_449753_ccrop.jpg,Eosinophil,segmented-bilobed,bukan_neutrofil,1,sitoplasma,1.0,0
EO_449753_ccrop.jpg,Eosinophil,segmented-bilobed,bukan_neutrofil,1,sitoplasma,1.0,0
EO_449753_ccrop.jpg,Eosinophil,segmented-bilobed,bukan_neutrofil,1,sitoplasma,1.0,0
EO_449753_ccrop.jpg,Eosinophil,segmented-bilobed,bukan_neutrofil,124,sitoplasma,1.0,0
EO_216577_ccrop.jpg,Eosinophil,segmented-multilobed,bukan_neutrofil,118,sitoplasma,1.0,0
EO_182160_ccrop.jpg,Eosinophil,segmented-multilobed,bukan_neutrofil,12,sitoplasma,1.0,0
BNE_300032_ccrop.jpg,Neutrophil,unsegmented-band,A_sepakat_band,63,sitoplasma,1.0,0
BA_305341_ccrop.jpg,Basophil,irregular,bukan_neutrofil,10,sitoplasma,1.0,0
BA_305341_ccrop.jpg,Basophil,irregular,bukan_neutrofil,1,sitoplasma,1.0,0
BA_305341_ccrop.jpg,Basophil,irregular,bukan_neutrofil,1,sitoplasma,1.0,0
BA_305341_ccrop.jpg,Basophil,irregular,bukan_neutrofil,2,sitoplasma,1.0,0
BA_305341_ccrop.jpg,Basophil,irregular,bukan_neutrofil,48,sitoplasma,1.0,0
BA_305341_ccrop.jpg,Basophil,irregular,bukan_neutrofil,1,sitoplasma,1.0,0
BA_305341_ccrop.jpg,Basophil,irregular,bukan_neutrofil,1,sitoplasma,1.0,0
BA_305341_ccrop.jpg,Basophil,irregular,bukan_neutrofil,1,sitoplasma,1.0,0
EO_324172_ccrop.jpg,Eosinophil,segmented-bilobed,bukan_neutrofil,90,sitoplasma,1.0,0
SNE_111720_ccrop.jpg,Neutrophil,segmented-multilobed,B_sepakat_segmented,405,sitoplasma,1.0,0
EO_262512_ccrop.jpg,Eosinophil,segmented-bilobed,bukan_neutrofil,133,sitoplasma,1.0,0
BA_689893_ccrop.jpg,Basophil,irregular,bukan_neutrofil,245,sitoplasma,1.0,0
SNE_743249_ccrop.jpg,Neutrophil,segmented-multilobed,B_sepakat_segmented,76,sitoplasma,1.0,0
MO_782660_ccrop.jpg,Monocyte,irregular,bukan_neutrofil,111,vakuola,1.0,0
MO_245125_ccrop.jpg,Monocyte,unsegmented-indented,bukan_neutrofil,81,vakuola,1.0,0
SNE_563198_ccrop.jpg,Neutrophil,segmented-multilobed,B_sepakat_segmented,258,sitoplasma,1.0,0
MO_288581_ccrop.jpg,Monocyte,irregular,bukan_neutrofil,59,sitoplasma,1.0,0
BNE_400045_ccrop.jpg,Neutrophil,unsegmented-band,A_sepakat_band,20,sitoplasma,1.0,0
SNE_543039_ccrop.jpg,Neutrophil,segmented-bilobed,B_sepakat_segmented,1,sitoplasma,1.0,0
SNE_543039_ccrop.jpg,Neutrophil,segmented-bilobed,B_sepakat_segmented,10,sitoplasma,1.0,0
SNE_543039_ccrop.jpg,Neutrophil,segmented-bilobed,B_sepakat_segmented,1,sitoplasma,1.0,0
SNE_96280_ccrop.jpg,Neutrophil,segmented-bilobed,B_sepakat_segmented,635,sitoplasma,1.0,0
BNE_494612_ccrop.jpg,Neutrophil,unsegmented-band,A_sepakat_band,30,sitoplasma,1.0,0
BNE_494612_ccrop.jpg,Neutrophil,unsegmented-band,A_sepakat_band,1,sitoplasma,1.0,0
BNE_40894_ccrop.jpg,Neutrophil,unsegmented-band,A_sepakat_band,20,sitoplasma,1.0,0
EO_981616_ccrop.jpg,Eosinophil,segmented-bilobed,bukan_neutrofil,420,sitoplasma,1.0,0
MO_701572_ccrop.jpg,Monocyte,unsegmented-indented,bukan_neutrofil,116,vakuola,1.0,0
SNE_972820_ccrop.jpg,Neutrophil,segmented-multilobed,B_sepakat_segmented,372,sitoplasma,1.0,0
SNE_972820_ccrop.jpg,Neutrophil,segmented-multilobed,B_sepakat_segmented,1,sitoplasma,1.0,0
SNE_972820_ccrop.jpg,Neutrophil,segmented-multilobed,B_sepakat_segmented,25,sitoplasma,1.0,0
SNE_972820_ccrop.jpg,Neutrophil,segmented-multilobed,B_sepakat_segmented,35,sitoplasma,1.0,0
SNE_465051_ccrop.jpg,Neutrophil,segmented-multilobed,B_sepakat_segmented,2,sitoplasma,1.0,0
SNE_465051_ccrop.jpg,Neutrophil,segmented-multilobed,B_sepakat_segmented,1,sitoplasma,1.0,0
SNE_465051_ccrop.jpg,Neutrophil,segmented-multilobed,B_sepakat_segmented,95,sitoplasma,1.0,0
MO_332437_ccrop.jpg,Monocyte,unsegmented-indented,bukan_neutrofil,46,sitoplasma,1.0,0
MO_914340_ccrop.jpg,Monocyte,unsegmented-indented,bukan_neutrofil,722,sitoplasma,1.0,0
SNE_860061_ccrop.jpg,Neutrophil,segmented-multilobed,B_sepakat_segmented,74,sitoplasma,1.0,0
SNE_860061_ccrop.jpg,Neutrophil,segmented-multilobed,B_sepakat_segmented,11,sitoplasma,1.0,0
SNE_860061_ccrop.jpg,Neutrophil,segmented-multilobed,B_sepakat_segmented,5,sitoplasma,1.0,0
SNE_860061_ccrop.jpg,Neutrophil,segmented-multilobed,B_sepakat_segmented,10,sitoplasma,1.0,0
SNE_860061_ccrop.jpg,Neutrophil,segmented-multilobed,B_sepakat_segmented,1,sitoplasma,1.0,0
BNE_229472_ccrop.jpg,Neutrophil,unsegmented-band,A_sepakat_band,103,sitoplasma,1.0,0
MO_132182_ccrop.jpg,Monocyte,irregular,bukan_neutrofil,74,vakuola,1.0,0
EO_703667_ccrop.jpg,Eosinophil,segmented-bilobed,bukan_neutrofil,220,sitoplasma,1.0,0
BNE_300363_ccrop.jpg,Neutrophil,unsegmented-band,A_sepakat_band,368,sitoplasma,1.0,0
BA_354415_ccrop.jpg,Basophil,irregular,bukan_neutrofil,12,sitoplasma,1.0,0
SNE_189642_ccrop.jpg,Neutrophil,unsegmented-band,C_konflik_SNE_band,12,sitoplasma,1.0,0
EO_967099_ccrop.jpg,Eosinophil,segmented-bilobed,bukan_neutrofil,2,sitoplasma,1.0,0
EO_620959_ccrop.jpg,Eosinophil,irregular,bukan_neutrofil,4,sitoplasma,1.0,0
EO_253401_ccrop.jpg,Eosinophil,segmented-multilobed,bukan_neutrofil,132,sitoplasma,1.0,0
SNE_234830_ccrop.jpg,Neutrophil,segmented-multilobed,B_sepakat_segmented,247,sitoplasma,1.0,0
MO_546774_ccrop.jpg,Monocyte,irregular,bukan_neutrofil,66,sitoplasma,1.0,0
EO_937080_ccrop.jpg,Eosinophil,segmented-bilobed,bukan_neutrofil,99,sitoplasma,1.0,0
EO_937080_ccrop.jpg,Eosinophil,segmented-bilobed,bukan_neutrofil,1,sitoplasma,1.0,0
BNE_640988_ccrop.jpg,Neutrophil,unsegmented-band,A_sepakat_band,100,sitoplasma,1.0,0
MO_318223_ccrop.jpg,Monocyte,unsegmented-indented,bukan_neutrofil,29,sitoplasma,1.0,0
EO_276797_ccrop.jpg,Eosinophil,segmented-bilobed,bukan_neutrofil,12,sitoplasma,1.0,0
EO_105961_ccrop.jpg,Eosinophil,segmented-multilobed,bukan_neutrofil,34,sitoplasma,1.0,0
EO_105961_ccrop.jpg,Eosinophil,segmented-multilobed,bukan_neutrofil,45,sitoplasma,1.0,0
EO_105961_ccrop.jpg,Eosinophil,segmented-multilobed,bukan_neutrofil,2,sitoplasma,1.0,0
SNE_165041_ccrop.jpg,Neutrophil,segmented-multilobed,B_sepakat_segmented,76,sitoplasma,1.0,0
SNE_165041_ccrop.jpg,Neutrophil,segmented-multilobed,B_sepakat_segmented,1,sitoplasma,1.0,0
BA_458363_ccrop.jpg,Basophil,segmented-multilobed,bukan_neutrofil,891,sitoplasma,1.0,0
SNE_466618_ccrop.jpg,Neutrophil,segmented-multilobed,B_sepakat_segmented,44,sitoplasma,1.0,0
MO_817666_ccrop.jpg,Monocyte,unsegmented-indented,bukan_neutrofil,1,sitoplasma,1.0,0
MO_817666_ccrop.jpg,Monocyte,unsegmented-indented,bukan_neutrofil,1,sitoplasma,1.0,0
MO_817666_ccrop.jpg,Monocyte,unsegmented-indented,bukan_neutrofil,1,sitoplasma,1.0,0
MO_817666_ccrop.jpg,Monocyte,unsegmented-indented,bukan_neutrofil,16,sitoplasma,1.0,0
MO_817666_ccrop.jpg,Monocyte,unsegmented-indented,bukan_neutrofil,1,sitoplasma,1.0,0
MO_817666_ccrop.jpg,Monocyte,unsegmented-indented,bukan_neutrofil,9,sitoplasma,1.0,0
MO_817666_ccrop.jpg,Monocyte,unsegmented-indented,bukan_neutrofil,107,vakuola,1.0,0
EO_485347_ccrop.jpg,Eosinophil,unsegmented-band,bukan_neutrofil,41,sitoplasma,1.0,0
BA_594363_ccrop.jpg,Basophil,irregular,bukan_neutrofil,534,sitoplasma,1.0,0
EO_312702_ccrop.jpg,Eosinophil,segmented-bilobed,bukan_neutrofil,22,sitoplasma,1.0,0
MO_14801_ccrop.jpg,Monocyte,unsegmented-indented,bukan_neutrofil,103,vakuola,1.0,0
MO_14801_ccrop.jpg,Monocyte,unsegmented-indented,bukan_neutrofil,31,vakuola,1.0,0
BA_895971_ccrop.jpg,Basophil,segmented-bilobed,bukan_neutrofil,1,sitoplasma,1.0,0
EO_784034_ccrop.jpg,Eosinophil,unsegmented-band,bukan_neutrofil,31,sitoplasma,1.0,0
SNE_898586_ccrop.jpg,Neutrophil,segmented-bilobed,B_sepakat_segmented,122,sitoplasma,1.0,0
SNE_48537_ccrop.jpg,Neutrophil,segmented-bilobed,B_sepakat_segmented,101,sitoplasma,1.0,0
SNE_48537_ccrop.jpg,Neutrophil,segmented-bilobed,B_sepakat_segmented,96,sitoplasma,1.0,0
SNE_214327_ccrop.jpg,Neutrophil,segmented-multilobed,B_sepakat_segmented,322,sitoplasma,1.0,0
SNE_214327_ccrop.jpg,Neutrophil,segmented-multilobed,B_sepakat_segmented,46,sitoplasma,1.0,0
SNE_209892_ccrop.jpg,Neutrophil,unsegmented-band,C_konflik_SNE_band,1,sitoplasma,1.0,0
SNE_559470_ccrop.jpg,Neutrophil,unsegmented-band,C_konflik_SNE_band,4,sitoplasma,1.0,0
BNE_73716_ccrop.jpg,Neutrophil,unsegmented-band,A_sepakat_band,35,sitoplasma,1.0,0
EO_750315_ccrop.jpg,Eosinophil,segmented-bilobed,bukan_neutrofil,38,sitoplasma,1.0,0
BA_910152_ccrop.jpg,Basophil,irregular,bukan_neutrofil,44,sitoplasma,1.0,0
BA_910152_ccrop.jpg,Basophil,irregular,bukan_neutrofil,15,sitoplasma,1.0,0
EO_68522_ccrop.jpg,Eosinophil,segmented-bilobed,bukan_neutrofil,3,sitoplasma,1.0,0
EO_68522_ccrop.jpg,Eosinophil,segmented-bilobed,bukan_neutrofil,65,sitoplasma,1.0,0
EO_68522_ccrop.jpg,Eosinophil,segmented-bilobed,bukan_neutrofil,3,sitoplasma,1.0,0
BA_364491_ccrop.jpg,Basophil,segmented-bilobed,bukan_neutrofil,26,sitoplasma,1.0,0
BNE_723408_ccrop.jpg,Neutrophil,unsegmented-band,A_sepakat_band,26,sitoplasma,1.0,0
BA_421331_ccrop.jpg,Basophil,irregular,bukan_neutrofil,190,sitoplasma,1.0,0
BA_421331_ccrop.jpg,Basophil,irregular,bukan_neutrofil,6,sitoplasma,1.0,0
LY_668316_ccrop.jpg,Lymphocyte,irregular,bukan_neutrofil,210,sitoplasma,1.0,0
BA_504848_ccrop.jpg,Basophil,irregular,bukan_neutrofil,471,sitoplasma,1.0,0
EO_195225_ccrop.jpg,Eosinophil,segmented-bilobed,bukan_neutrofil,1,sitoplasma,1.0,0
EO_195225_ccrop.jpg,Eosinophil,segmented-bilobed,bukan_neutrofil,1,sitoplasma,1.0,0
BA_281662_ccrop.jpg,Basophil,segmented-bilobed,bukan_neutrofil,2,sitoplasma,1.0,0
BA_281662_ccrop.jpg,Basophil,segmented-bilobed,bukan_neutrofil,12,sitoplasma,1.0,0
BA_281662_ccrop.jpg,Basophil,segmented-bilobed,bukan_neutrofil,7,sitoplasma,1.0,0
BA_281662_ccrop.jpg,Basophil,segmented-bilobed,bukan_neutrofil,217,sitoplasma,1.0,0
EO_593837_ccrop.jpg,Eosinophil,segmented-bilobed,bukan_neutrofil,70,sitoplasma,1.0,0
MO_785200_ccrop.jpg,Monocyte,irregular,bukan_neutrofil,3,sitoplasma,1.0,0
BNE_674279_ccrop.jpg,Neutrophil,unsegmented-band,A_sepakat_band,164,sitoplasma,1.0,0
EO_756045_ccrop.jpg,Eosinophil,segmented-bilobed,bukan_neutrofil,666,sitoplasma,1.0,0
MO_823715_ccrop.jpg,Monocyte,unsegmented-indented,bukan_neutrofil,102,sitoplasma,1.0,0
MO_634117_ccrop.jpg,Monocyte,unsegmented-indented,bukan_neutrofil,129,vakuola,1.0,0
MO_770459_ccrop.jpg,Monocyte,unsegmented-indented,bukan_neutrofil,123,vakuola,1.0,0
SNE_266723_ccrop.jpg,Neutrophil,segmented-bilobed,B_sepakat_segmented,15,sitoplasma,1.0,0
EO_150966_ccrop.jpg,Eosinophil,segmented-multilobed,bukan_neutrofil,1,sitoplasma,1.0,0
EO_661478_ccrop.jpg,Eosinophil,unsegmented-band,bukan_neutrofil,36,sitoplasma,1.0,0
SNE_541356_ccrop.jpg,Neutrophil,segmented-multilobed,B_sepakat_segmented,52,sitoplasma,1.0,0
MO_195608_ccrop.jpg,Monocyte,irregular,bukan_neutrofil,116,vakuola,1.0,0
MO_195608_ccrop.jpg,Monocyte,irregular,bukan_neutrofil,124,vakuola,1.0,0
EO_715133_ccrop.jpg,Eosinophil,segmented-bilobed,bukan_neutrofil,123,sitoplasma,1.0,0
MO_498472_ccrop.jpg,Monocyte,irregular,bukan_neutrofil,57,vakuola,1.0,0
MO_12336_ccrop.jpg,Monocyte,irregular,bukan_neutrofil,116,vakuola,1.0,0
MO_12336_ccrop.jpg,Monocyte,irregular,bukan_neutrofil,89,vakuola,1.0,0
BA_23839_ccrop.jpg,Basophil,irregular,bukan_neutrofil,311,sitoplasma,1.0,0
EO_513889_ccrop.jpg,Eosinophil,segmented-multilobed,bukan_neutrofil,81,sitoplasma,1.0,0
EO_513889_ccrop.jpg,Eosinophil,segmented-multilobed,bukan_neutrofil,2,sitoplasma,1.0,0
SNE_843468_ccrop.jpg,Neutrophil,segmented-multilobed,B_sepakat_segmented,621,sitoplasma,1.0,0
BA_463847_ccrop.jpg,Basophil,segmented-multilobed,bukan_neutrofil,16,sitoplasma,1.0,0
BNE_424919_ccrop.jpg,Neutrophil,unsegmented-band,A_sepakat_band,135,sitoplasma,1.0,0
BNE_341561_ccrop.jpg,Neutrophil,unsegmented-band,A_sepakat_band,42,sitoplasma,1.0,0
BNE_341561_ccrop.jpg,Neutrophil,unsegmented-band,A_sepakat_band,1,sitoplasma,1.0,0
BNE_341561_ccrop.jpg,Neutrophil,unsegmented-band,A_sepakat_band,1,sitoplasma,1.0,0
BNE_341561_ccrop.jpg,Neutrophil,unsegmented-band,A_sepakat_band,4,sitoplasma,1.0,0
BNE_341561_ccrop.jpg,Neutrophil,unsegmented-band,A_sepakat_band,1,sitoplasma,1.0,0
BNE_845340_ccrop.jpg,Neutrophil,unsegmented-band,A_sepakat_band,112,sitoplasma,1.0,0
EO_938284_ccrop.jpg,Eosinophil,segmented-bilobed,bukan_neutrofil,4,sitoplasma,1.0,0
EO_938284_ccrop.jpg,Eosinophil,segmented-bilobed,bukan_neutrofil,84,sitoplasma,1.0,0
EO_938284_ccrop.jpg,Eosinophil,segmented-bilobed,bukan_neutrofil,1,sitoplasma,1.0,0
EO_938284_ccrop.jpg,Eosinophil,segmented-bilobed,bukan_neutrofil,1,sitoplasma,1.0,0
EO_938284_ccrop.jpg,Eosinophil,segmented-bilobed,bukan_neutrofil,43,sitoplasma,1.0,0
BA_2035_ccrop.jpg,Basophil,segmented-bilobed,bukan_neutrofil,15,sitoplasma,1.0,0
BA_2035_ccrop.jpg,Basophil,segmented-bilobed,bukan_neutrofil,127,sitoplasma,1.0,0
MO_699279_ccrop.jpg,Monocyte,irregular,bukan_neutrofil,144,vakuola,1.0,0
EO_95105_ccrop.jpg,Eosinophil,segmented-bilobed,bukan_neutrofil,26,sitoplasma,1.0,0
MO_192510_ccrop.jpg,Monocyte,unsegmented-indented,bukan_neutrofil,128,vakuola,1.0,0
SNE_961733_ccrop.jpg,Neutrophil,segmented-multilobed,B_sepakat_segmented,1,sitoplasma,1.0,0
SNE_968237_ccrop.jpg,Neutrophil,unsegmented-band,C_konflik_SNE_band,96,sitoplasma,1.0,0
BA_177799_ccrop.jpg,Basophil,irregular,bukan_neutrofil,149,sitoplasma,1.0,0
SNE_443796_ccrop.jpg,Neutrophil,unsegmented-band,C_konflik_SNE_band,255,sitoplasma,1.0,0
SNE_645724_ccrop.jpg,Neutrophil,unsegmented-band,C_konflik_SNE_band,111,sitoplasma,1.0,0
BNE_12343_ccrop.jpg,Neutrophil,segmented-bilobed,D_konflik_BNE_segmented,24,sitoplasma,1.0,0
BNE_12343_ccrop.jpg,Neutrophil,segmented-bilobed,D_konflik_BNE_segmented,1,sitoplasma,1.0,0
BNE_12343_ccrop.jpg,Neutrophil,segmented-bilobed,D_konflik_BNE_segmented,33,sitoplasma,1.0,0
EO_854423_ccrop.jpg,Eosinophil,segmented-bilobed,bukan_neutrofil,283,sitoplasma,1.0,0
BNE_482975_ccrop.jpg,Neutrophil,unsegmented-band,A_sepakat_band,597,sitoplasma,1.0,0
BNE_482975_ccrop.jpg,Neutrophil,unsegmented-band,A_sepakat_band,1,sitoplasma,1.0,0
BNE_482975_ccrop.jpg,Neutrophil,unsegmented-band,A_sepakat_band,33,sitoplasma,1.0,0
BNE_482975_ccrop.jpg,Neutrophil,unsegmented-band,A_sepakat_band,1,sitoplasma,1.0,0
SNE_653262_ccrop.jpg,Neutrophil,segmented-multilobed,B_sepakat_segmented,13,sitoplasma,1.0,0
MO_307973_ccrop.jpg,Monocyte,unsegmented-indented,bukan_neutrofil,143,vakuola,1.0,0
MO_314702_ccrop.jpg,Monocyte,unsegmented-indented,bukan_neutrofil,78,sitoplasma,1.0,0
MO_228669_ccrop.jpg,Monocyte,irregular,bukan_neutrofil,550,vakuola,1.0,0
MO_228669_ccrop.jpg,Monocyte,irregular,bukan_neutrofil,79,vakuola,1.0,0
BNE_917757_ccrop.jpg,Neutrophil,unsegmented-band,A_sepakat_band,4,sitoplasma,1.0,0
BNE_481879_ccrop.jpg,Neutrophil,unsegmented-band,A_sepakat_band,1,sitoplasma,1.0,0
BA_248930_ccrop.jpg,Basophil,segmented-multilobed,bukan_neutrofil,1,sitoplasma,1.0,0
EO_154985_ccrop.jpg,Eosinophil,segmented-multilobed,bukan_neutrofil,1,sitoplasma,1.0,0
EO_154985_ccrop.jpg,Eosinophil,segmented-multilobed,bukan_neutrofil,1,sitoplasma,1.0,0
EO_154985_ccrop.jpg,Eosinophil,segmented-multilobed,bukan_neutrofil,1,sitoplasma,1.0,0
BA_655847_ccrop.jpg,Basophil,segmented-bilobed,bukan_neutrofil,239,sitoplasma,1.0,0
BA_655847_ccrop.jpg,Basophil,segmented-bilobed,bukan_neutrofil,48,sitoplasma,1.0,0
EO_270999_ccrop.jpg,Eosinophil,segmented-bilobed,bukan_neutrofil,53,sitoplasma,1.0,0
EO_270999_ccrop.jpg,Eosinophil,segmented-bilobed,bukan_neutrofil,1,sitoplasma,1.0,0
EO_270999_ccrop.jpg,Eosinophil,segmented-bilobed,bukan_neutrofil,1,sitoplasma,1.0,0
EO_270999_ccrop.jpg,Eosinophil,segmented-bilobed,bukan_neutrofil,1,sitoplasma,1.0,0
MO_87762_ccrop.jpg,Monocyte,unsegmented-indented,bukan_neutrofil,77,sitoplasma,1.0,0
MO_87762_ccrop.jpg,Monocyte,unsegmented-indented,bukan_neutrofil,115,sitoplasma,1.0,0
EO_592357_ccrop.jpg,Eosinophil,segmented-bilobed,bukan_neutrofil,288,sitoplasma,1.0,0
SNE_918960_ccrop.jpg,Neutrophil,unsegmented-band,C_konflik_SNE_band,172,sitoplasma,1.0,0
EO_998560_ccrop.jpg,Eosinophil,unsegmented-band,bukan_neutrofil,8,sitoplasma,1.0,0
EO_998560_ccrop.jpg,Eosinophil,unsegmented-band,bukan_neutrofil,360,sitoplasma,1.0,0
MO_475798_ccrop.jpg,Monocyte,irregular,bukan_neutrofil,36,vakuola,1.0,0
MO_803041_ccrop.jpg,Monocyte,unsegmented-indented,bukan_neutrofil,75,vakuola,1.0,0
MO_806423_ccrop.jpg,Monocyte,irregular,bukan_neutrofil,126,vakuola,1.0,0
MO_806423_ccrop.jpg,Monocyte,irregular,bukan_neutrofil,86,vakuola,1.0,0
SNE_444266_ccrop.jpg,Neutrophil,segmented-bilobed,B_sepakat_segmented,354,sitoplasma,1.0,0
MO_145965_ccrop.jpg,Monocyte,unsegmented-indented,bukan_neutrofil,100,sitoplasma,1.0,0
MO_145965_ccrop.jpg,Monocyte,unsegmented-indented,bukan_neutrofil,1,sitoplasma,1.0,0
BNE_149081_ccrop.jpg,Neutrophil,unsegmented-band,A_sepakat_band,51,sitoplasma,1.0,0
BNE_522327_ccrop.jpg,Neutrophil,unsegmented-band,A_sepakat_band,312,sitoplasma,1.0,0
EO_406215_ccrop.jpg,Eosinophil,segmented-bilobed,bukan_neutrofil,547,sitoplasma,1.0,0
EO_839813_ccrop.jpg,Eosinophil,segmented-multilobed,bukan_neutrofil,51,sitoplasma,1.0,0
EO_322092_ccrop.jpg,Eosinophil,segmented-multilobed,bukan_neutrofil,66,sitoplasma,1.0,0
BNE_524918_ccrop.jpg,Neutrophil,unsegmented-band,A_sepakat_band,3,sitoplasma,1.0,0
BNE_524918_ccrop.jpg,Neutrophil,unsegmented-band,A_sepakat_band,240,sitoplasma,1.0,0
MO_685443_ccrop.jpg,Monocyte,irregular,bukan_neutrofil,67,vakuola,1.0,0
EO_3103_ccrop.jpg,Eosinophil,segmented-multilobed,bukan_neutrofil,1,sitoplasma,1.0,0
EO_720962_ccrop.jpg,Eosinophil,unsegmented-band,bukan_neutrofil,355,sitoplasma,1.0,0
SNE_993646_ccrop.jpg,Neutrophil,segmented-bilobed,B_sepakat_segmented,2,sitoplasma,1.0,0
BNE_283815_ccrop.jpg,Neutrophil,unsegmented-band,A_sepakat_band,1,sitoplasma,1.0,0
EO_377140_ccrop.jpg,Eosinophil,segmented-multilobed,bukan_neutrofil,186,sitoplasma,1.0,0
MO_843881_ccrop.jpg,Monocyte,irregular,bukan_neutrofil,1354,vakuola,1.0,0
MO_889160_ccrop.jpg,Monocyte,unsegmented-indented,bukan_neutrofil,342,vakuola,1.0,0
EO_375973_ccrop.jpg,Eosinophil,segmented-bilobed,bukan_neutrofil,59,sitoplasma,1.0,0
BA_736576_ccrop.jpg,Basophil,unsegmented-band,bukan_neutrofil,27,sitoplasma,1.0,0
EO_86510_ccrop.jpg,Eosinophil,segmented-bilobed,bukan_neutrofil,656,sitoplasma,1.0,0
EO_86510_ccrop.jpg,Eosinophil,segmented-bilobed,bukan_neutrofil,1,sitoplasma,1.0,0
MO_10819_ccrop.jpg,Monocyte,unsegmented-indented,bukan_neutrofil,20,sitoplasma,1.0,0
EO_841216_ccrop.jpg,Eosinophil,segmented-bilobed,bukan_neutrofil,1,sitoplasma,1.0,0
EO_824787_ccrop.jpg,Eosinophil,unsegmented-band,bukan_neutrofil,213,sitoplasma,1.0,0
EO_531647_ccrop.jpg,Eosinophil,segmented-bilobed,bukan_neutrofil,1,sitoplasma,1.0,0
SNE_111548_ccrop.jpg,Neutrophil,unsegmented-band,C_konflik_SNE_band,1,sitoplasma,1.0,0
SNE_111548_ccrop.jpg,Neutrophil,unsegmented-band,C_konflik_SNE_band,12,sitoplasma,1.0,0
BA_220744_ccrop.jpg,Basophil,segmented-multilobed,bukan_neutrofil,94,sitoplasma,1.0,0
BNE_222611_ccrop.jpg,Neutrophil,unsegmented-band,A_sepakat_band,16,sitoplasma,1.0,0
BA_437348_ccrop.jpg,Basophil,segmented-multilobed,bukan_neutrofil,60,sitoplasma,1.0,0
BA_437348_ccrop.jpg,Basophil,segmented-multilobed,bukan_neutrofil,121,sitoplasma,1.0,0
MO_344372_ccrop.jpg,Monocyte,irregular,bukan_neutrofil,55,vakuola,1.0,0
MO_344372_ccrop.jpg,Monocyte,irregular,bukan_neutrofil,107,vakuola,1.0,0
MO_344372_ccrop.jpg,Monocyte,irregular,bukan_neutrofil,35,vakuola,1.0,0
EO_269763_ccrop.jpg,Eosinophil,segmented-multilobed,bukan_neutrofil,549,sitoplasma,1.0,0
EO_331089_ccrop.jpg,Eosinophil,segmented-bilobed,bukan_neutrofil,57,sitoplasma,1.0,0
EO_331089_ccrop.jpg,Eosinophil,segmented-bilobed,bukan_neutrofil,11,sitoplasma,1.0,0
EO_244255_ccrop.jpg,Eosinophil,segmented-bilobed,bukan_neutrofil,27,sitoplasma,1.0,0
EO_244255_ccrop.jpg,Eosinophil,segmented-bilobed,bukan_neutrofil,23,sitoplasma,1.0,0
EO_529391_ccrop.jpg,Eosinophil,segmented-multilobed,bukan_neutrofil,37,sitoplasma,1.0,0
MO_970840_ccrop.jpg,Monocyte,unsegmented-indented,bukan_neutrofil,178,sitoplasma,1.0,0
BNE_288616_ccrop.jpg,Neutrophil,unsegmented-band,A_sepakat_band,778,sitoplasma,1.0,0
SNE_73239_ccrop.jpg,Neutrophil,segmented-multilobed,B_sepakat_segmented,8,sitoplasma,1.0,0
SNE_73239_ccrop.jpg,Neutrophil,segmented-multilobed,B_sepakat_segmented,1,sitoplasma,1.0,0
MO_361616_ccrop.jpg,Monocyte,unsegmented-indented,bukan_neutrofil,139,vakuola,1.0,0
MO_361616_ccrop.jpg,Monocyte,unsegmented-indented,bukan_neutrofil,113,vakuola,1.0,0
MO_361616_ccrop.jpg,Monocyte,unsegmented-indented,bukan_neutrofil,157,sitoplasma,1.0,0
MO_361616_ccrop.jpg,Monocyte,unsegmented-indented,bukan_neutrofil,63,vakuola,1.0,0
MO_361616_ccrop.jpg,Monocyte,unsegmented-indented,bukan_neutrofil,33,vakuola,1.0,0
MO_361616_ccrop.jpg,Monocyte,unsegmented-indented,bukan_neutrofil,46,vakuola,1.0,0
EO_217802_ccrop.jpg,Eosinophil,segmented-multilobed,bukan_neutrofil,6,sitoplasma,1.0,0
EO_217802_ccrop.jpg,Eosinophil,segmented-multilobed,bukan_neutrofil,1,sitoplasma,1.0,0
EO_217802_ccrop.jpg,Eosinophil,segmented-multilobed,bukan_neutrofil,1,sitoplasma,1.0,0
EO_217802_ccrop.jpg,Eosinophil,segmented-multilobed,bukan_neutrofil,25,sitoplasma,1.0,0
MO_481574_ccrop.jpg,Monocyte,irregular,bukan_neutrofil,336,vakuola,1.0,0
MO_165898_ccrop.jpg,Monocyte,unsegmented-indented,bukan_neutrofil,30,sitoplasma,1.0,0
SNE_722650_ccrop.jpg,Neutrophil,segmented-multilobed,B_sepakat_segmented,145,sitoplasma,1.0,0
MO_645209_ccrop.jpg,Monocyte,unsegmented-indented,bukan_neutrofil,51,sitoplasma,1.0,0
SNE_826401_ccrop.jpg,Neutrophil,segmented-bilobed,B_sepakat_segmented,61,sitoplasma,1.0,0
BNE_627505_ccrop.jpg,Neutrophil,unsegmented-band,A_sepakat_band,197,sitoplasma,1.0,0
BNE_627505_ccrop.jpg,Neutrophil,unsegmented-band,A_sepakat_band,30,sitoplasma,1.0,0
BA_695174_ccrop.jpg,Basophil,segmented-multilobed,bukan_neutrofil,115,sitoplasma,1.0,0
SNE_316972_ccrop.jpg,Neutrophil,segmented-bilobed,B_sepakat_segmented,717,sitoplasma,1.0,0
EO_959036_ccrop.jpg,Eosinophil,segmented-bilobed,bukan_neutrofil,4,sitoplasma,1.0,0
EO_959036_ccrop.jpg,Eosinophil,segmented-bilobed,bukan_neutrofil,3,sitoplasma,1.0,0
EO_959036_ccrop.jpg,Eosinophil,segmented-bilobed,bukan_neutrofil,15,sitoplasma,1.0,0
EO_959036_ccrop.jpg,Eosinophil,segmented-bilobed,bukan_neutrofil,3,sitoplasma,1.0,0
EO_959036_ccrop.jpg,Eosinophil,segmented-bilobed,bukan_neutrofil,3,sitoplasma,1.0,0
EO_926272_ccrop.jpg,Eosinophil,segmented-bilobed,bukan_neutrofil,6,sitoplasma,1.0,0
BA_852185_ccrop.jpg,Basophil,segmented-multilobed,bukan_neutrofil,20,sitoplasma,1.0,0
SNE_149300_ccrop.jpg,Neutrophil,segmented-multilobed,B_sepakat_segmented,488,sitoplasma,1.0,0
BNE_295784_ccrop.jpg,Neutrophil,unsegmented-band,A_sepakat_band,159,sitoplasma,1.0,0
MO_771012_ccrop.jpg,Monocyte,irregular,bukan_neutrofil,76,vakuola,1.0,0
BNE_63157_ccrop.jpg,Neutrophil,unsegmented-band,A_sepakat_band,50,sitoplasma,1.0,0
MO_506752_ccrop.jpg,Monocyte,irregular,bukan_neutrofil,112,vakuola,1.0,0
BA_277489_ccrop.jpg,Basophil,segmented-bilobed,bukan_neutrofil,25,sitoplasma,1.0,0
BA_208484_ccrop.jpg,Basophil,irregular,bukan_neutrofil,119,sitoplasma,1.0,0
EO_275189_ccrop.jpg,Eosinophil,segmented-bilobed,bukan_neutrofil,566,sitoplasma,1.0,0
EO_522755_ccrop.jpg,Eosinophil,segmented-bilobed,bukan_neutrofil,60,sitoplasma,1.0,0
EO_484926_ccrop.jpg,Eosinophil,segmented-bilobed,bukan_neutrofil,577,sitoplasma,1.0,0
MO_979155_ccrop.jpg,Monocyte,unsegmented-indented,bukan_neutrofil,50,vakuola,1.0,0
SNE_827292_ccrop.jpg,Neutrophil,unsegmented-band,C_konflik_SNE_band,7,sitoplasma,1.0,0
SNE_189979_ccrop.jpg,Neutrophil,unsegmented-band,C_konflik_SNE_band,13,sitoplasma,1.0,0
SNE_341145_ccrop.jpg,Neutrophil,segmented-multilobed,B_sepakat_segmented,114,sitoplasma,1.0,0
EO_828557_ccrop.jpg,Eosinophil,segmented-bilobed,bukan_neutrofil,41,sitoplasma,1.0,0
BNE_905051_ccrop.jpg,Neutrophil,unsegmented-band,A_sepakat_band,3,sitoplasma,1.0,0
BA_897131_ccrop.jpg,Basophil,segmented-bilobed,bukan_neutrofil,18,sitoplasma,1.0,0
BNE_374932_ccrop.jpg,Neutrophil,unsegmented-band,A_sepakat_band,118,sitoplasma,1.0,0
SNE_221335_ccrop.jpg,Neutrophil,segmented-bilobed,B_sepakat_segmented,278,sitoplasma,1.0,0
MO_787343_ccrop.jpg,Monocyte,unsegmented-indented,bukan_neutrofil,168,vakuola,1.0,0
EO_89877_ccrop.jpg,Eosinophil,segmented-bilobed,bukan_neutrofil,100,sitoplasma,1.0,0
EO_89877_ccrop.jpg,Eosinophil,segmented-bilobed,bukan_neutrofil,1,sitoplasma,1.0,0
EO_89877_ccrop.jpg,Eosinophil,segmented-bilobed,bukan_neutrofil,1,sitoplasma,1.0,0
BNE_252419_ccrop.jpg,Neutrophil,unsegmented-band,A_sepakat_band,347,sitoplasma,1.0,0
MO_89535_ccrop.jpg,Monocyte,unsegmented-indented,bukan_neutrofil,308,vakuola,1.0,0
BA_557453_ccrop.jpg,Basophil,segmented-bilobed,bukan_neutrofil,54,sitoplasma,1.0,0
SNE_761065_ccrop.jpg,Neutrophil,segmented-multilobed,B_sepakat_segmented,9,sitoplasma,1.0,0
SNE_761065_ccrop.jpg,Neutrophil,segmented-multilobed,B_sepakat_segmented,7,sitoplasma,1.0,0
BA_121897_ccrop.jpg,Basophil,irregular,bukan_neutrofil,55,sitoplasma,1.0,0
BA_121897_ccrop.jpg,Basophil,irregular,bukan_neutrofil,1,sitoplasma,1.0,0
BA_214538_ccrop.jpg,Basophil,segmented-multilobed,bukan_neutrofil,424,sitoplasma,1.0,0
BA_214538_ccrop.jpg,Basophil,segmented-multilobed,bukan_neutrofil,2,sitoplasma,1.0,0
BA_214538_ccrop.jpg,Basophil,segmented-multilobed,bukan_neutrofil,59,sitoplasma,1.0,0
BNE_369467_ccrop.jpg,Neutrophil,unsegmented-band,A_sepakat_band,36,sitoplasma,1.0,0
EO_202909_ccrop.jpg,Eosinophil,segmented-multilobed,bukan_neutrofil,116,sitoplasma,1.0,0
SNE_744394_ccrop.jpg,Neutrophil,unsegmented-band,C_konflik_SNE_band,24,sitoplasma,1.0,0
SNE_509454_ccrop.jpg,Neutrophil,unsegmented-band,C_konflik_SNE_band,108,sitoplasma,1.0,0
SNE_509454_ccrop.jpg,Neutrophil,unsegmented-band,C_konflik_SNE_band,10,sitoplasma,1.0,0
BA_279501_ccrop.jpg,Basophil,segmented-bilobed,bukan_neutrofil,98,sitoplasma,1.0,0
EO_902440_ccrop.jpg,Eosinophil,segmented-bilobed,bukan_neutrofil,1,sitoplasma,1.0,0
SNE_892623_ccrop.jpg,Neutrophil,segmented-bilobed,B_sepakat_segmented,269,sitoplasma,1.0,0
MO_95719_ccrop.jpg,Monocyte,irregular,bukan_neutrofil,337,vakuola,1.0,0
SNE_576456_ccrop.jpg,Neutrophil,segmented-multilobed,B_sepakat_segmented,106,sitoplasma,1.0,0
SNE_576456_ccrop.jpg,Neutrophil,segmented-multilobed,B_sepakat_segmented,29,sitoplasma,1.0,0
SNE_576456_ccrop.jpg,Neutrophil,segmented-multilobed,B_sepakat_segmented,16,sitoplasma,1.0,0
SNE_576456_ccrop.jpg,Neutrophil,segmented-multilobed,B_sepakat_segmented,38,sitoplasma,1.0,0
BA_265929_ccrop.jpg,Basophil,segmented-bilobed,bukan_neutrofil,82,sitoplasma,1.0,0
BA_265929_ccrop.jpg,Basophil,segmented-bilobed,bukan_neutrofil,8,sitoplasma,1.0,0
BA_265929_ccrop.jpg,Basophil,segmented-bilobed,bukan_neutrofil,1,sitoplasma,1.0,0
BA_265929_ccrop.jpg,Basophil,segmented-bilobed,bukan_neutrofil,3,sitoplasma,1.0,0
SNE_280149_ccrop.jpg,Neutrophil,segmented-multilobed,B_sepakat_segmented,1,sitoplasma,1.0,0
SNE_280149_ccrop.jpg,Neutrophil,segmented-multilobed,B_sepakat_segmented,1,sitoplasma,1.0,0
SNE_801267_ccrop.jpg,Neutrophil,segmented-multilobed,B_sepakat_segmented,52,sitoplasma,1.0,0
EO_848307_ccrop.jpg,Eosinophil,unsegmented-band,bukan_neutrofil,1298,sitoplasma,1.0,0
MO_409710_ccrop.jpg,Monocyte,irregular,bukan_neutrofil,119,vakuola,1.0,0
MO_120253_ccrop.jpg,Monocyte,irregular,bukan_neutrofil,232,vakuola,1.0,0
MO_368329_ccrop.jpg,Monocyte,unsegmented-indented,bukan_neutrofil,76,sitoplasma,1.0,0
MO_746516_ccrop.jpg,Monocyte,unsegmented-indented,bukan_neutrofil,46,vakuola,1.0,0
EO_549577_ccrop.jpg,Eosinophil,segmented-bilobed,bukan_neutrofil,19,sitoplasma,1.0,0
EO_28192_ccrop.jpg,Eosinophil,segmented-multilobed,bukan_neutrofil,186,sitoplasma,1.0,0
SNE_782350_ccrop.jpg,Neutrophil,segmented-multilobed,B_sepakat_segmented,15,sitoplasma,1.0,0
EO_457461_ccrop.jpg,Eosinophil,segmented-bilobed,bukan_neutrofil,108,sitoplasma,1.0,0
SNE_182336_ccrop.jpg,Neutrophil,unsegmented-band,C_konflik_SNE_band,92,sitoplasma,1.0,0
MO_545848_ccrop.jpg,Monocyte,unsegmented-indented,bukan_neutrofil,22,sitoplasma,1.0,0
MO_545848_ccrop.jpg,Monocyte,unsegmented-indented,bukan_neutrofil,27,vakuola,1.0,0
