r_lobus,r_pisah,bridge_ratio,luas_nukleus,img_name,prefix,kelompok,nucleus_shape,label,split,indeks_segmentasi
20.223748416156685,10.0,0.49446817643414875,5267,BNE_7323_ccrop.jpg,BNE,A_sepakat_band,unsegmented-band,Neutrophil,train,-0.3370902961325051
22.0,12.5,0.5681818181818182,8049,BNE_7938_ccrop.jpg,BNE,A_sepakat_band,unsegmented-band,Neutrophil,train,0.16456103044674997
25.45584412271571,19.0,0.7463904912524668,7352,BNE_8741_ccrop.jpg,BNE,A_sepakat_band,unsegmented-band,Neutrophil,train,-3.655771727681227
23.430749027719962,16.5,0.7042028396309279,6710,BNE_9071_ccrop.jpg,BNE,A_sepakat_band,unsegmented-band,Neutrophil,train,-2.9363925917655216
32.01562118716424,5.5,0.17179113807746668,5250,BNE_9373_ccrop.jpg,BNE,E_lainnya,unsegmented-round,Neutrophil,train,-6.046315613815956
23.194827009486403,11.0,0.47424367491514957,6009,BNE_9763_ccrop.jpg,BNE,A_sepakat_band,unsegmented-band,Neutrophil,train,-0.8900403979347846
21.633307652783937,12.5,0.5778127044012803,5274,BNE_12387_ccrop.jpg,BNE,A_sepakat_band,unsegmented-band,Neutrophil,train,-1.5459223464896539
22.0,13.0,0.5909090909090909,6077,BNE_12405_ccrop.jpg,BNE,A_sepakat_band,unsegmented-band,Neutrophil,train,-1.6409723789848343
22.360679774997898,10.0,0.4472135954999579,5139,BNE_14932_ccrop.jpg,BNE,A_sepakat_band,unsegmented-band,Neutrophil,train,-1.9691003652300445
23.53720459187964,9.5,0.40361632422898297,5365,BNE_16131_ccrop.jpg,BNE,A_sepakat_band,unsegmented-band,Neutrophil,train,-1.414052288056915
23.323807579381203,12.5,0.5359330785703401,6206,BNE_17008_ccrop.jpg,BNE,A_sepakat_band,unsegmented-band,Neutrophil,train,-0.9493251020341429
21.400934559032695,9.0,0.420542382164398,6375,BNE_21130_ccrop.jpg,BNE,A_sepakat_band,unsegmented-band,Neutrophil,train,-0.6042405631608254
25.612496949731394,14.0,0.5466081666101212,6750,BNE_24354_ccrop.jpg,BNE,A_sepakat_band,unsegmented-band,Neutrophil,train,-2.3499136836784693
25.059928172283335,14.5,0.5786129912390261,5298,BNE_25765_ccrop.jpg,BNE,A_sepakat_band,unsegmented-band,Neutrophil,train,-3.5601853877997094
23.323807579381203,5.0,0.21437323142813602,5050,BNE_27915_ccrop.jpg,BNE,A_sepakat_band,unsegmented-band,Neutrophil,train,0.4260709333525776
30.083217912982647,20.0,0.6648224953145336,5582,BNE_100878_ccrop.jpg,BNE,A_sepakat_band,unsegmented-band,Neutrophil,train,-6.906529434684595
19.72308292331602,12.0,0.6084241518760726,5645,BNE_101082_ccrop.jpg,BNE,A_sepakat_band,unsegmented-band,Neutrophil,train,-0.5431646937550489
19.4164878389476,12.5,0.643782753280756,5383,BNE_101234_ccrop.jpg,BNE,A_sepakat_band,unsegmented-band,Neutrophil,train,-0.9423479905409948
25.238858928247925,14.0,0.5547001962252291,7579,BNE_102129_ccrop.jpg,BNE,A_sepakat_band,unsegmented-band,Neutrophil,train,-1.8170116458743628
29.0,10.0,0.3448275862068966,6820,BNE_102779_ccrop.jpg,BNE,A_sepakat_band,unsegmented-band,Neutrophil,train,-2.2808491739795738
25.495097567963924,9.0,0.3530090432487313,6558,BNE_102912_ccrop.jpg,BNE,A_sepakat_band,unsegmented-band,Neutrophil,train,-1.5402532163442189
27.586228448267445,14.5,0.5256245893559499,6326,BNE_103440_ccrop.jpg,BNE,A_sepakat_band,unsegmented-band,Neutrophil,train,-2.9886258868299844
48.30113870293329,0.5,0.010351722825317893,14319,BNE_104344_ccrop.jpg,BNE,A_sepakat_band,unsegmented-band,Neutrophil,train,-2.0680453583635945
26.40075756488817,17.5,0.6628597666937489,5271,BNE_105060_ccrop.jpg,BNE,A_sepakat_band,unsegmented-band,Neutrophil,train,-5.332978855288605
20.8806130178211,12.0,0.5746957711326908,5098,BNE_105090_ccrop.jpg,BNE,A_sepakat_band,unsegmented-band,Neutrophil,train,-0.7877137404821699
22.20360331117452,16.0,0.7206037585776719,4637,BNE_105145_ccrop.jpg,BNE,A_sepakat_band,unsegmented-band,Neutrophil,train,-4.08158973314791
19.313207915827967,8.0,0.4142242984627982,4824,BNE_106934_ccrop.jpg,BNE,A_sepakat_band,unsegmented-band,Neutrophil,train,0.5671724257716049
34.0,22.5,0.6617647058823529,6207,BNE_108207_ccrop.jpg,BNE,E_lainnya,unsegmented-indented,Neutrophil,train,-7.242412369834662
27.730849247724095,12.5,0.4507615287341368,6612,BNE_109895_ccrop.jpg,BNE,A_sepakat_band,unsegmented-band,Neutrophil,train,-2.3993327197068535
19.924858845171276,13.5,0.677545577858469,6383,BNE_111339_ccrop.jpg,BNE,A_sepakat_band,unsegmented-band,Neutrophil,train,-1.2303542770936247
18.681541692269406,11.0,0.5888165003294081,5438,BNE_111504_ccrop.jpg,BNE,A_sepakat_band,unsegmented-band,Neutrophil,train,0.25270885514964014
20.8806130178211,13.5,0.6465327425242772,5915,BNE_112944_ccrop.jpg,BNE,A_sepakat_band,unsegmented-band,Neutrophil,train,-1.280677545528068
23.769728648009426,14.0,0.5889844266763398,5349,BNE_112967_ccrop.jpg,BNE,A_sepakat_band,unsegmented-band,Neutrophil,train,-3.1756202094360813
19.79898987322333,11.0,0.5555838995037159,3904,BNE_113656_ccrop.jpg,BNE,A_sepakat_band,unsegmented-band,Neutrophil,train,-1.149765618492033
28.600699292150182,12.5,0.437052250796916,6665,BNE_114654_ccrop.jpg,BNE,A_sepakat_band,unsegmented-band,Neutrophil,train,-2.3000488126877787
22.135943621178654,14.5,0.6550432296063071,5310,BNE_115189_ccrop.jpg,BNE,A_sepakat_band,unsegmented-band,Neutrophil,train,-2.7962780560256952
21.02379604162864,11.5,0.5469992182776682,4362,BNE_115257_ccrop.jpg,BNE,A_sepakat_band,unsegmented-band,Neutrophil,train,-2.0654931092265496
20.808652046684813,13.0,0.6247401307318765,4948,BNE_118878_ccrop.jpg,BNE,A_sepakat_band,unsegmented-band,Neutrophil,train,-1.544783421905679
23.600847442411894,16.0,0.6779417577712572,5963,BNE_121986_ccrop.jpg,BNE,A_sepakat_band,unsegmented-band,Neutrophil,train,-2.3964902612194443
19.235384061671343,8.5,0.44189395817353094,5581,BNE_124082_ccrop.jpg,BNE,A_sepakat_band,unsegmented-band,Neutrophil,train,-0.03839162015659703
24.041630560342615,10.5,0.4367424236740441,5016,BNE_124086_ccrop.jpg,BNE,A_sepakat_band,unsegmented-band,Neutrophil,train,-2.102987103268795
27.202941017470888,11.5,0.42274840770393945,5973,BNE_125415_ccrop.jpg,BNE,A_sepakat_band,unsegmented-band,Neutrophil,train,-2.227315186225585
23.706539182259394,14.5,0.6116455838839169,5497,BNE_125604_ccrop.jpg,BNE,A_sepakat_band,unsegmented-band,Neutrophil,train,-1.9032209955175468
18.439088914585774,9.5,0.5152098373193085,5281,BNE_125774_ccrop.jpg,BNE,A_sepakat_band,unsegmented-band,Neutrophil,train,0.9724274299552258
29.68164415931166,19.5,0.6569716925159789,5681,BNE_125889_ccrop.jpg,BNE,A_sepakat_band,unsegmented-band,Neutrophil,train,-6.348741187725695
18.35755975068582,10.0,0.5447347107028433,5026,BNE_126596_ccrop.jpg,BNE,A_sepakat_band,unsegmented-band,Neutrophil,train,0.13403765575537996
28.0,14.0,0.5,5115,BNE_127951_ccrop.jpg,BNE,A_sepakat_band,unsegmented-band,Neutrophil,train,-5.220190650760214
21.095023109728988,16.0,0.7584727410239636,5576,BNE_128335_ccrop.jpg,BNE,A_sepakat_band,unsegmented-band,Neutrophil,train,-2.4122077123977927
19.72308292331602,14.5,0.735179183516921,6088,BNE_128511_ccrop.jpg,BNE,A_sepakat_band,unsegmented-band,Neutrophil,train,-0.4119228750237216
20.615528128088304,12.0,0.5820855000871991,4979,BNE_128562_ccrop.jpg,BNE,A_sepakat_band,unsegmented-band,Neutrophil,train,-1.6771592220019684
29.410882339705484,17.5,0.5950178508032902,5018,BNE_129177_ccrop.jpg,BNE,E_lainnya,irregular,Neutrophil,train,-5.8693660864884585
22.0,13.0,0.5909090909090909,4587,BNE_129649_ccrop.jpg,BNE,A_sepakat_band,unsegmented-band,Neutrophil,train,-1.8613562968210964
19.313207915827967,13.0,0.6731144850020471,4702,BNE_131871_ccrop.jpg,BNE,A_sepakat_band,unsegmented-band,Neutrophil,train,-1.9163698933449567
18.24828759089466,9.0,0.4931969619160719,5265,BNE_133048_ccrop.jpg,BNE,A_sepakat_band,unsegmented-band,Neutrophil,train,0.15954839580280478
28.792360097775937,13.5,0.4688743803618518,6164,BNE_133301_ccrop.jpg,BNE,A_sepakat_band,unsegmented-band,Neutrophil,train,-2.8751924471426165
22.47220505424423,14.0,0.6229918232859787,5314,BNE_135293_ccrop.jpg,BNE,A_sepakat_band,unsegmented-band,Neutrophil,train,-1.7984664408147086
25.238858928247925,14.0,0.5547001962252291,5837,BNE_137691_ccrop.jpg,BNE,A_sepakat_band,unsegmented-band,Neutrophil,train,-1.5897397227140413
17.26267650163207,12.5,0.7241055579543654,5422,BNE_138667_ccrop.jpg,BNE,A_sepakat_band,unsegmented-band,Neutrophil,train,-0.5676235748585956
18.601075237738275,8.5,0.45696283098489976,4813,BNE_139528_ccrop.jpg,BNE,A_sepakat_band,unsegmented-band,Neutrophil,train,0.5767806314984076
25.0,15.0,0.6,7140,BNE_139893_ccrop.jpg,BNE,A_sepakat_band,unsegmented-band,Neutrophil,train,-0.7843525123012807
20.0,12.5,0.625,6467,BNE_140522_ccrop.jpg,BNE,A_sepakat_band,unsegmented-band,Neutrophil,train,-0.6526590635634708
19.924858845171276,10.5,0.5269798938899204,5619,BNE_141953_ccrop.jpg,BNE,A_sepakat_band,unsegmented-band,Neutrophil,train,-0.16344775904178555
31.016124838541646,0.5,0.016120647005479025,12651,BNE_143245_ccrop.jpg,BNE,A_sepakat_band,unsegmented-band,Neutrophil,train,2.7609944108311755
19.1049731745428,11.0,0.5757663148492351,4629,BNE_145817_ccrop.jpg,BNE,A_sepakat_band,unsegmented-band,Neutrophil,train,-1.1693666349601735
21.470910553583888,15.0,0.6986196492489335,5665,BNE_145948_ccrop.jpg,BNE,A_sepakat_band,unsegmented-band,Neutrophil,train,-1.9286054835584387
21.095023109728988,16.0,0.7584727410239636,5651,BNE_147218_ccrop.jpg,BNE,A_sepakat_band,unsegmented-band,Neutrophil,train,-3.5044751110048065
21.0,14.0,0.6666666666666666,5860,BNE_147710_ccrop.jpg,BNE,A_sepakat_band,unsegmented-band,Neutrophil,train,-1.802565958835439
21.02379604162864,14.5,0.6896946665240163,5514,BNE_147908_ccrop.jpg,BNE,A_sepakat_band,unsegmented-band,Neutrophil,train,-2.9278483016883445
27.51363298439521,21.5,0.781430791498675,6297,BNE_148538_ccrop.jpg,BNE,A_sepakat_band,unsegmented-band,Neutrophil,train,-5.669036863676084
21.2602916254693,1.5,0.0705540651287698,5159,BNE_150545_ccrop.jpg,BNE,A_sepakat_band,unsegmented-band,Neutrophil,train,0.41228282404250294
25.96150997149434,9.0,0.3466670470971054,6423,BNE_151054_ccrop.jpg,BNE,A_sepakat_band,unsegmented-band,Neutrophil,train,-0.5595218753449807
21.93171219946131,10.0,0.4559607525875532,5474,BNE_152051_ccrop.jpg,BNE,A_sepakat_band,unsegmented-band,Neutrophil,train,-0.6498617963592324
28.653097563788805,25.5,0.8899561362687145,6283,BNE_153786_ccrop.jpg,BNE,A_sepakat_band,unsegmented-band,Neutrophil,train,-6.300337447952899
23.345235059857504,11.0,0.4711882305659313,4701,BNE_154092_ccrop.jpg,BNE,A_sepakat_band,unsegmented-band,Neutrophil,train,-2.517592656247924
21.633307652783937,16.0,0.7396002616336388,6326,BNE_155905_ccrop.jpg,BNE,A_sepakat_band,unsegmented-band,Neutrophil,train,-1.4618690202061373
21.93171219946131,6.0,0.2735764515525319,6819,BNE_156651_ccrop.jpg,BNE,A_sepakat_band,unsegmented-band,Neutrophil,train,0.7632451131329994
21.02379604162864,12.5,0.5945643676931176,6105,BNE_157937_ccrop.jpg,BNE,A_sepakat_band,unsegmented-band,Neutrophil,train,0.30033641080557416
23.323807579381203,15.5,0.6645570174272217,5022,BNE_158179_ccrop.jpg,BNE,A_sepakat_band,unsegmented-band,Neutrophil,train,-4.9190612460420535
22.135943621178654,13.0,0.5872801368884133,5008,BNE_159250_ccrop.jpg,BNE,A_sepakat_band,unsegmented-band,Neutrophil,train,-2.5474624099803265
24.08318915758459,11.5,0.4775115091590048,6243,BNE_159609_ccrop.jpg,BNE,A_sepakat_band,unsegmented-band,Neutrophil,train,-0.05562284069226209
22.02271554554524,16.0,0.7265225746983998,4764,BNE_162202_ccrop.jpg,BNE,A_sepakat_band,unsegmented-band,Neutrophil,train,-4.104426022606926
22.825424421026653,12.5,0.5476349429229044,6558,BNE_162618_ccrop.jpg,BNE,A_sepakat_band,unsegmented-band,Neutrophil,train,-0.2263956239089282
21.470910553583888,11.0,0.5123210761158845,5761,BNE_162735_ccrop.jpg,BNE,A_sepakat_band,unsegmented-band,Neutrophil,train,-1.0951622321697805
21.0,1.5,0.07142857142857142,5943,BNE_162999_ccrop.jpg,BNE,A_sepakat_band,unsegmented-band,Neutrophil,train,-0.4135247626699563
23.0,10.0,0.43478260869565216,4682,BNE_163373_ccrop.jpg,BNE,A_sepakat_band,unsegmented-band,Neutrophil,train,-1.2480377393824575
20.591260281974,9.5,0.4613607846197005,4954,BNE_163974_ccrop.jpg,BNE,A_sepakat_band,unsegmented-band,Neutrophil,train,-0.43878259554484167
21.633307652783937,11.5,0.5315876880491779,5367,BNE_164468_ccrop.jpg,BNE,A_sepakat_band,unsegmented-band,Neutrophil,train,-0.06509060930890342
20.248456731316587,8.0,0.3950918386598358,5230,BNE_164917_ccrop.jpg,BNE,A_sepakat_band,unsegmented-band,Neutrophil,train,0.48184614689108507
26.1725046566048,16.0,0.6113285759206961,6590,BNE_168987_ccrop.jpg,BNE,A_sepakat_band,unsegmented-band,Neutrophil,train,-3.55469198946453
20.615528128088304,16.0,0.7761140001162655,4916,BNE_169393_ccrop.jpg,BNE,A_sepakat_band,unsegmented-band,Neutrophil,train,-4.318990057868989
28.635642126552707,1.5,0.05238227218271836,6105,BNE_172318_ccrop.jpg,BNE,A_sepakat_band,unsegmented-band,Neutrophil,train,-2.522021780684092
18.384776310850235,11.0,0.5983211225424633,5890,BNE_172884_ccrop.jpg,BNE,A_sepakat_band,unsegmented-band,Neutrophil,train,-1.125883838052271
18.35755975068582,10.5,0.5719714462379855,6126,BNE_173369_ccrop.jpg,BNE,A_sepakat_band,unsegmented-band,Neutrophil,train,1.4744085893220644
22.80350850198276,15.0,0.6577935144802719,6196,BNE_174167_ccrop.jpg,BNE,A_sepakat_band,unsegmented-band,Neutrophil,train,-2.242441782629921
26.1725046566048,17.5,0.6686406299132613,6609,BNE_174448_ccrop.jpg,BNE,A_sepakat_band,unsegmented-band,Neutrophil,train,-4.0308664258850175
33.83784863137726,0.5,0.014776353114138541,9133,BNE_175205_ccrop.jpg,BNE,A_sepakat_band,unsegmented-band,Neutrophil,train,0.0033880230360310293
21.470910553583888,13.5,0.6287576843240401,5691,BNE_175617_ccrop.jpg,BNE,A_sepakat_band,unsegmented-band,Neutrophil,train,-0.8214366396485406
24.020824298928627,13.5,0.562012353614448,3961,BNE_175829_ccrop.jpg,BNE,A_sepakat_band,unsegmented-band,Neutrophil,train,-4.192032688127114
31.32091952673165,20.0,0.638550856814101,7227,BNE_179854_ccrop.jpg,BNE,A_sepakat_band,unsegmented-band,Neutrophil,train,-4.65619190965357
25.942243542145693,16.0,0.6167546755933598,6274,BNE_179915_ccrop.jpg,BNE,A_sepakat_band,unsegmented-band,Neutrophil,train,-3.7963906949016994
24.596747752497688,12.5,0.5081972676135885,5642,BNE_179976_ccrop.jpg,BNE,A_sepakat_band,unsegmented-band,Neutrophil,train,-2.123580004402939
17.46424919657298,11.5,0.6584880844609485,5290,BNE_180266_ccrop.jpg,BNE,A_sepakat_band,unsegmented-band,Neutrophil,train,0.4647769527236907
25.495097567963924,16.0,0.6275716324421889,8111,BNE_180631_ccrop.jpg,BNE,A_sepakat_band,unsegmented-band,Neutrophil,train,-1.9256128473090346
24.698178070456937,8.5,0.3441549403260393,5885,BNE_181227_ccrop.jpg,BNE,A_sepakat_band,unsegmented-band,Neutrophil,train,-1.260659469064036
23.259406699226016,16.5,0.7093904076473738,4587,BNE_181624_ccrop.jpg,BNE,A_sepakat_band,unsegmented-band,Neutrophil,train,-4.100325348945333
19.235384061671343,7.5,0.3899064336825273,5275,BNE_181803_ccrop.jpg,BNE,A_sepakat_band,unsegmented-band,Neutrophil,train,0.3023418103066353
28.071337695236398,15.0,0.5343528749093224,6883,BNE_182172_ccrop.jpg,BNE,A_sepakat_band,unsegmented-band,Neutrophil,train,-3.108283031950485
19.79898987322333,15.5,0.7828682220279634,5503,BNE_1830_ccrop.jpg,BNE,A_sepakat_band,unsegmented-band,Neutrophil,train,-1.2617929691542038
21.633307652783937,7.5,0.3466876226407682,4951,BNE_184051_ccrop.jpg,BNE,A_sepakat_band,unsegmented-band,Neutrophil,train,-0.5813185070470581
29.0,15.5,0.5344827586206896,6409,BNE_184808_ccrop.jpg,BNE,A_sepakat_band,unsegmented-band,Neutrophil,train,-3.4471442995214137
24.698178070456937,12.5,0.5061102063618226,5766,BNE_185561_ccrop.jpg,BNE,A_sepakat_band,unsegmented-band,Neutrophil,train,-0.7176159374305406
35.35533905932738,15.0,0.4242640687119285,6338,BNE_186122_ccrop.jpg,BNE,E_lainnya,irregular,Neutrophil,train,-8.793975685791043
24.839484696748443,18.0,0.7246527140056271,5602,BNE_186526_ccrop.jpg,BNE,A_sepakat_band,unsegmented-band,Neutrophil,train,-4.721576900122313
32.89376840679705,18.0,0.5472161102794335,8742,BNE_188626_ccrop.jpg,BNE,A_sepakat_band,unsegmented-band,Neutrophil,train,-3.013712537539515
20.615528128088304,12.0,0.5820855000871991,5186,BNE_189402_ccrop.jpg,BNE,A_sepakat_band,unsegmented-band,Neutrophil,train,-1.2645598869810506
26.40075756488817,14.0,0.5302878133549992,7876,BNE_191639_ccrop.jpg,BNE,A_sepakat_band,unsegmented-band,Neutrophil,train,-1.8515828258409375
20.396078054371138,15.0,0.7354355067681901,5396,BNE_191700_ccrop.jpg,BNE,A_sepakat_band,unsegmented-band,Neutrophil,train,-1.6079811173439893
19.1049731745428,5.0,0.2617119612951069,5947,BNE_196260_ccrop.jpg,BNE,A_sepakat_band,unsegmented-band,Neutrophil,train,0.7192360593974279
30.805843601498726,1.0,0.032461373658059775,6196,BNE_196924_ccrop.jpg,BNE,D_konflik_BNE_dianotasi_segmented,segmented-bilobed,Neutrophil,train,-0.8785316520961146
23.53720459187964,14.5,0.6160459685600267,6213,BNE_197336_ccrop.jpg,BNE,A_sepakat_band,unsegmented-band,Neutrophil,train,-2.419974961436429
32.01562118716424,2.0,0.062469504755442426,8607,BNE_197388_ccrop.jpg,BNE,A_sepakat_band,unsegmented-band,Neutrophil,train,-2.519990188756852
25.0,12.5,0.5,4530,BNE_197399_ccrop.jpg,BNE,A_sepakat_band,unsegmented-band,Neutrophil,train,-3.233618551272599
17.4928556845359,4.0,0.2286647801900118,4990,BNE_199310_ccrop.jpg,BNE,A_sepakat_band,unsegmented-band,Neutrophil,train,-0.249837721086557
21.2602916254693,3.5,0.1646261519671295,5281,BNE_200172_ccrop.jpg,BNE,A_sepakat_band,unsegmented-band,Neutrophil,train,0.25172949254792343
29.0,16.0,0.5517241379310345,7410,BNE_200354_ccrop.jpg,BNE,A_sepakat_band,unsegmented-band,Neutrophil,train,-4.466696912306617
23.53720459187964,13.5,0.573560039693818,4958,BNE_204601_ccrop.jpg,BNE,A_sepakat_band,unsegmented-band,Neutrophil,train,-2.5634457157561954
25.495097567963924,21.5,0.8432993810941913,6615,BNE_204774_ccrop.jpg,BNE,A_sepakat_band,unsegmented-band,Neutrophil,train,-4.481835274123629
21.02379604162864,13.0,0.6183469424008423,4778,BNE_207654_ccrop.jpg,BNE,A_sepakat_band,unsegmented-band,Neutrophil,train,-2.1171038137421014
17.46424919657298,10.0,0.5725983343138683,5265,BNE_207715_ccrop.jpg,BNE,A_sepakat_band,unsegmented-band,Neutrophil,train,0.8491829730080909
21.37755832643195,15.0,0.701670404587482,5004,BNE_207900_ccrop.jpg,BNE,A_sepakat_band,unsegmented-band,Neutrophil,train,-2.1989682368106127
26.92582403567252,3.0,0.11141720290623112,6579,BNE_208576_ccrop.jpg,BNE,A_sepakat_band,unsegmented-band,Neutrophil,train,-2.0443867713946773
27.16615541441225,11.0,0.4049155956077707,7354,BNE_208829_ccrop.jpg,BNE,A_sepakat_band,unsegmented-band,Neutrophil,train,-3.4061907685336514
20.591260281974,14.0,0.6799001036500849,4906,BNE_209954_ccrop.jpg,BNE,A_sepakat_band,unsegmented-band,Neutrophil,train,-2.5163490942476674
24.020824298928627,14.5,0.6036428983266293,7291,BNE_210217_ccrop.jpg,BNE,A_sepakat_band,unsegmented-band,Neutrophil,train,-2.012787845840684
23.194827009486403,9.0,0.3880175522033042,6556,BNE_210628_ccrop.jpg,BNE,A_sepakat_band,unsegmented-band,Neutrophil,train,-0.822065575041675
25.179356624028344,5.0,0.1985753676973844,6876,BNE_210724_ccrop.jpg,BNE,A_sepakat_band,unsegmented-band,Neutrophil,train,-1.8449623509845523
27.459060435491963,12.5,0.45522315045576855,4987,BNE_211063_ccrop.jpg,BNE,A_sepakat_band,unsegmented-band,Neutrophil,train,-4.148696858951595
51.62363799656123,0.5,0.009685485552825746,11875,BNE_211504_ccrop.jpg,BNE,A_sepakat_band,unsegmented-band,Neutrophil,train,0.3379217432650412
22.0,12.5,0.5681818181818182,5248,BNE_212149_ccrop.jpg,BNE,A_sepakat_band,unsegmented-band,Neutrophil,train,-1.850272456866378
22.02271554554524,13.0,0.5902995919424497,4179,BNE_212416_ccrop.jpg,BNE,A_sepakat_band,unsegmented-band,Neutrophil,train,-3.287740685329002
20.615528128088304,1.5,0.07276068751089988,6144,BNE_213160_ccrop.jpg,BNE,A_sepakat_band,unsegmented-band,Neutrophil,train,1.7948624342482997
23.40939982143925,16.5,0.7048450676163277,6510,BNE_214018_ccrop.jpg,BNE,A_sepakat_band,unsegmented-band,Neutrophil,train,-1.5685279041082367
20.0,7.5,0.375,4748,BNE_215066_ccrop.jpg,BNE,A_sepakat_band,unsegmented-band,Neutrophil,train,-0.7047208070561979
24.041630560342615,13.0,0.540728715025007,5680,BNE_215841_ccrop.jpg,BNE,A_sepakat_band,unsegmented-band,Neutrophil,train,-2.9250300344232
18.110770276274835,12.5,0.6901970379677909,5068,BNE_217172_ccrop.jpg,BNE,A_sepakat_band,unsegmented-band,Neutrophil,train,-0.7083402196154296
19.313207915827967,8.5,0.4401133171167231,5106,BNE_218516_ccrop.jpg,BNE,A_sepakat_band,unsegmented-band,Neutrophil,train,-3.03569433840161
25.0,16.5,0.66,7809,BNE_220181_ccrop.jpg,BNE,A_sepakat_band,unsegmented-band,Neutrophil,train,-2.182307405811832
22.360679774997898,9.5,0.42485291572496003,4947,BNE_221053_ccrop.jpg,BNE,A_sepakat_band,unsegmented-band,Neutrophil,train,-0.20903723162849452
29.832867780352597,15.5,0.519561180444343,5682,BNE_221104_ccrop.jpg,BNE,E_lainnya,irregular,Neutrophil,train,-3.794109579621722
24.73863375370596,8.0,0.3233808333817773,5323,BNE_225075_ccrop.jpg,BNE,A_sepakat_band,unsegmented-band,Neutrophil,train,-2.5224470951680082
20.518284528683193,8.0,0.38989614306286347,4545,BNE_225821_ccrop.jpg,BNE,A_sepakat_band,unsegmented-band,Neutrophil,train,1.2434455562571873
18.35755975068582,11.5,0.6264449173082698,4871,BNE_226455_ccrop.jpg,BNE,A_sepakat_band,unsegmented-band,Neutrophil,train,-0.3884282467952094
27.892651361962706,11.0,0.3943691066601411,5017,BNE_227495_ccrop.jpg,BNE,A_sepakat_band,unsegmented-band,Neutrophil,train,-5.311611760025082
30.4138126514911,18.5,0.6082762530298219,5657,BNE_228660_ccrop.jpg,BNE,E_lainnya,unsegmented-indented,Neutrophil,train,-4.645625756458781
30.463092423455635,19.0,0.6237055560836822,6213,BNE_229603_ccrop.jpg,BNE,A_sepakat_band,unsegmented-band,Neutrophil,train,-5.555857888621652
26.30589287593181,11.0,0.41815725669833803,5649,BNE_229896_ccrop.jpg,BNE,A_sepakat_band,unsegmented-band,Neutrophil,train,-1.947278991314091
28.600699292150182,9.5,0.3321597106056562,4741,BNE_230478_ccrop.jpg,BNE,D_konflik_BNE_dianotasi_segmented,segmented-bilobed,Neutrophil,train,-2.6449629141332753
23.021728866442675,14.5,0.6298397520064506,5382,BNE_231171_ccrop.jpg,BNE,A_sepakat_band,unsegmented-band,Neutrophil,train,-3.2601062912994188
21.0,11.5,0.5476190476190477,6182,BNE_233784_ccrop.jpg,BNE,A_sepakat_band,unsegmented-band,Neutrophil,train,-0.5826311088243656
17.46424919657298,11.0,0.629858167745255,4761,BNE_235785_ccrop.jpg,BNE,A_sepakat_band,unsegmented-band,Neutrophil,train,0.005031656392354478
26.248809496813376,7.0,0.26667876121581074,5031,BNE_239147_ccrop.jpg,BNE,A_sepakat_band,unsegmented-band,Neutrophil,train,-6.107738920177752
25.0,13.5,0.54,4941,BNE_239868_ccrop.jpg,BNE,A_sepakat_band,unsegmented-band,Neutrophil,train,-3.1174602058144014
21.095023109728988,9.5,0.45034318998297834,6374,BNE_240705_ccrop.jpg,BNE,A_sepakat_band,unsegmented-band,Neutrophil,train,-0.721812761458164
17.46424919657298,11.0,0.629858167745255,4718,BNE_241283_ccrop.jpg,BNE,A_sepakat_band,unsegmented-band,Neutrophil,train,-0.5274028158062514
21.540659228538015,2.0,0.09284766908852593,5922,BNE_242154_ccrop.jpg,BNE,A_sepakat_band,unsegmented-band,Neutrophil,train,-0.4283864944048634
25.0,9.0,0.36,5202,BNE_242171_ccrop.jpg,BNE,A_sepakat_band,unsegmented-band,Neutrophil,train,-2.6060236456349593
19.0,8.0,0.42105263157894735,5131,BNE_242487_ccrop.jpg,BNE,A_sepakat_band,unsegmented-band,Neutrophil,train,0.015173847516585681
25.0,0.5,0.02,9104,BNE_243975_ccrop.jpg,BNE,A_sepakat_band,unsegmented-band,Neutrophil,train,1.688406922186802
20.0,13.0,0.65,4857,BNE_244495_ccrop.jpg,BNE,A_sepakat_band,unsegmented-band,Neutrophil,train,-2.577953363841038
27.202941017470888,15.5,0.5697913321227009,6328,BNE_245676_ccrop.jpg,BNE,A_sepakat_band,unsegmented-band,Neutrophil,train,-3.870196078688876
21.95449840010015,14.5,0.6604569020777016,5072,BNE_245747_ccrop.jpg,BNE,A_sepakat_band,unsegmented-band,Neutrophil,train,-3.156142189248902
20.223748416156685,5.0,0.24723408821707438,5415,BNE_246456_ccrop.jpg,BNE,D_konflik_BNE_dianotasi_segmented,segmented-multilobed,Neutrophil,train,0.029173624240046436
18.0,9.0,0.5,5191,BNE_248619_ccrop.jpg,BNE,A_sepakat_band,unsegmented-band,Neutrophil,train,-1.0534893246892096
28.460498941515414,18.0,0.6324555320336759,5456,BNE_248704_ccrop.jpg,BNE,A_sepakat_band,unsegmented-band,Neutrophil,train,-4.936904201988122
21.400934559032695,12.5,0.5840866418949973,4875,BNE_248881_ccrop.jpg,BNE,A_sepakat_band,unsegmented-band,Neutrophil,train,-2.6263625086294695
28.160255680657446,17.0,0.6036877005941698,5618,BNE_2506_ccrop.jpg,BNE,A_sepakat_band,unsegmented-band,Neutrophil,train,-4.777906142247858
21.470910553583888,14.5,0.6753323276073023,4881,BNE_252057_ccrop.jpg,BNE,A_sepakat_band,unsegmented-band,Neutrophil,train,-2.5088720597736547
26.92582403567252,16.0,0.594225082166566,7931,BNE_252085_ccrop.jpg,BNE,A_sepakat_band,unsegmented-band,Neutrophil,train,-2.2800180568795785
28.319604517012593,15.0,0.5296684136598365,5044,BNE_252524_ccrop.jpg,BNE,E_lainnya,irregular,Neutrophil,train,-5.330823574816252
25.059928172283335,0.5,0.019952172111690553,12233,BNE_253038_ccrop.jpg,BNE,A_sepakat_band,unsegmented-band,Neutrophil,train,1.4179694630336552
22.0,3.0,0.13636363636363635,6675,BNE_253450_ccrop.jpg,BNE,A_sepakat_band,unsegmented-band,Neutrophil,train,0.04857140108121172
24.413111231467404,8.5,0.3481735662205922,5164,BNE_256349_ccrop.jpg,BNE,A_sepakat_band,unsegmented-band,Neutrophil,train,-1.9888789875686417
29.832867780352597,21.5,0.7206816373905401,5885,BNE_260007_ccrop.jpg,BNE,A_sepakat_band,unsegmented-band,Neutrophil,train,-5.803594544465936
20.615528128088304,16.0,0.7761140001162655,7299,BNE_260247_ccrop.jpg,BNE,A_sepakat_band,unsegmented-band,Neutrophil,train,-0.6213242106394858
21.02379604162864,12.0,0.5707817929853929,6067,BNE_261745_ccrop.jpg,BNE,A_sepakat_band,unsegmented-band,Neutrophil,train,-0.33911568156099037
26.248809496813376,15.5,0.590502971263581,5886,BNE_264386_ccrop.jpg,BNE,A_sepakat_band,unsegmented-band,Neutrophil,train,-3.618762759132073
19.1049731745428,5.0,0.2617119612951069,5467,BNE_266388_ccrop.jpg,BNE,A_sepakat_band,unsegmented-band,Neutrophil,train,2.1716342945283795
22.561028345356956,11.5,0.5097285382546267,6132,BNE_267414_ccrop.jpg,BNE,A_sepakat_band,unsegmented-band,Neutrophil,train,-0.836457032846587
25.019992006393608,14.0,0.559552536884202,6463,BNE_267426_ccrop.jpg,BNE,A_sepakat_band,unsegmented-band,Neutrophil,train,-2.149133123817826
18.681541692269406,7.0,0.3747014093005324,5069,BNE_268233_ccrop.jpg,BNE,A_sepakat_band,unsegmented-band,Neutrophil,train,-0.5996403240189956
21.213203435596427,15.5,0.7306770072260991,5846,BNE_269331_ccrop.jpg,BNE,A_sepakat_band,unsegmented-band,Neutrophil,train,-0.8873832219298308
24.596747752497688,15.0,0.6098367211363063,4762,BNE_269438_ccrop.jpg,BNE,A_sepakat_band,unsegmented-band,Neutrophil,train,-3.4861725680270013
30.4138126514911,14.5,0.4767570631855361,7012,BNE_269708_ccrop.jpg,BNE,A_sepakat_band,unsegmented-band,Neutrophil,train,-3.566726565731546
23.0,9.5,0.41304347826086957,5384,BNE_270323_ccrop.jpg,BNE,A_sepakat_band,unsegmented-band,Neutrophil,train,-0.43100996578397144
21.633307652783937,0.5,0.023112508176051212,10805,BNE_272971_ccrop.jpg,BNE,A_sepakat_band,unsegmented-band,Neutrophil,train,0.9765931754636821
21.02379604162864,14.0,0.6659120918162916,4786,BNE_273369_ccrop.jpg,BNE,A_sepakat_band,unsegmented-band,Neutrophil,train,-2.5560911080484576
24.698178070456937,9.5,0.38464375683498514,6064,BNE_273585_ccrop.jpg,BNE,A_sepakat_band,unsegmented-band,Neutrophil,train,-1.3982654801620313
25.495097567963924,9.5,0.3726206567625497,5578,BNE_275283_ccrop.jpg,BNE,D_konflik_BNE_dianotasi_segmented,segmented-multilobed,Neutrophil,train,-1.6294966529904826
21.0,9.5,0.4523809523809524,5521,BNE_275340_ccrop.jpg,BNE,A_sepakat_band,unsegmented-band,Neutrophil,train,0.012597566009565853
23.021728866442675,15.0,0.6515583641446041,4803,BNE_276002_ccrop.jpg,BNE,A_sepakat_band,unsegmented-band,Neutrophil,train,-4.065625124127658
25.0,11.0,0.44,6581,BNE_276467_ccrop.jpg,BNE,A_sepakat_band,unsegmented-band,Neutrophil,train,-0.8137611290989231
24.596747752497688,11.0,0.4472135954999579,5681,BNE_277078_ccrop.jpg,BNE,A_sepakat_band,unsegmented-band,Neutrophil,train,-0.6249112036298836
28.635642126552707,9.5,0.33175439049054967,6577,BNE_277387_ccrop.jpg,BNE,A_sepakat_band,unsegmented-band,Neutrophil,train,-1.7571471837055483
20.024984394500787,10.5,0.5243449779108684,5415,BNE_277683_ccrop.jpg,BNE,A_sepakat_band,unsegmented-band,Neutrophil,train,-0.9976889620281391
27.313000567495326,4.5,0.1647567058360978,5289,BNE_277907_ccrop.jpg,BNE,D_konflik_BNE_dianotasi_segmented,segmented-bilobed,Neutrophil,train,-1.4015851757881421
17.46424919657298,11.5,0.6584880844609485,4657,BNE_277934_ccrop.jpg,BNE,A_sepakat_band,unsegmented-band,Neutrophil,train,-1.1819776771105204
25.0,19.0,0.76,6472,BNE_277969_ccrop.jpg,BNE,A_sepakat_band,unsegmented-band,Neutrophil,train,-4.518237688141278
21.470910553583888,16.5,0.7684816141738269,5866,BNE_278616_ccrop.jpg,BNE,A_sepakat_band,unsegmented-band,Neutrophil,train,-2.7218725795596033
19.4164878389476,11.5,0.5922801330182954,5999,BNE_279176_ccrop.jpg,BNE,A_sepakat_band,unsegmented-band,Neutrophil,train,-0.2170723061787605
16.492422502470642,8.5,0.5153882032022076,4709,BNE_279206_ccrop.jpg,BNE,D_konflik_BNE_dianotasi_segmented,segmented-bilobed,Neutrophil,train,0.07412207378457758
34.058772731852805,25.0,0.7340252743933793,7683,BNE_279578_ccrop.jpg,BNE,A_sepakat_band,unsegmented-band,Neutrophil,train,-6.803164173340004
19.697715603592208,11.5,0.583824044951831,6565,BNE_280912_ccrop.jpg,BNE,A_sepakat_band,unsegmented-band,Neutrophil,train,0.4191225520046755
26.832815729997478,19.5,0.7267220926874316,7136,BNE_2810_ccrop.jpg,BNE,A_sepakat_band,unsegmented-band,Neutrophil,train,-3.5643631312027892
23.769728648009426,8.5,0.35759768762492056,6169,BNE_284465_ccrop.jpg,BNE,A_sepakat_band,unsegmented-band,Neutrophil,train,-0.9214190868433665
25.80697580112788,21.0,0.813733471206735,5151,BNE_28484_ccrop.jpg,BNE,A_sepakat_band,unsegmented-band,Neutrophil,train,-6.342218997934317
26.40075756488817,20.0,0.7575540190785702,6143,BNE_285800_ccrop.jpg,BNE,A_sepakat_band,unsegmented-band,Neutrophil,train,-5.103990344594418
23.345235059857504,9.0,0.3855176431903074,5938,BNE_286463_ccrop.jpg,BNE,A_sepakat_band,unsegmented-band,Neutrophil,train,-1.427987504333796
30.4138126514911,19.5,0.6411560504908934,6094,BNE_286545_ccrop.jpg,BNE,A_sepakat_band,unsegmented-band,Neutrophil,train,-4.877191440179839
27.0,13.0,0.48148148148148145,10135,BNE_286728_ccrop.jpg,BNE,A_sepakat_band,unsegmented-band,Neutrophil,train,-1.0109062497638277
22.47220505424423,0.5,0.02224970797449924,7350,BNE_287681_ccrop.jpg,BNE,A_sepakat_band,unsegmented-band,Neutrophil,train,0.5624888136894413
16.1245154965971,7.0,0.43412157106222965,4723,BNE_287880_ccrop.jpg,BNE,D_konflik_BNE_dianotasi_segmented,segmented-bilobed,Neutrophil,train,1.194306879447641
23.600847442411894,13.0,0.5508276781891465,6925,BNE_288032_ccrop.jpg,BNE,A_sepakat_band,unsegmented-band,Neutrophil,train,-0.8688686418174196
22.80350850198276,12.0,0.5262348115842176,6850,BNE_288455_ccrop.jpg,BNE,A_sepakat_band,unsegmented-band,Neutrophil,train,-0.6497676528212448
21.540659228538015,17.0,0.7892051872524705,5217,BNE_289043_ccrop.jpg,BNE,A_sepakat_band,unsegmented-band,Neutrophil,train,-3.525185790963615
23.853720883753127,17.0,0.7126770738555415,5383,BNE_289214_ccrop.jpg,BNE,A_sepakat_band,unsegmented-band,Neutrophil,train,-3.46254673371007
19.79898987322333,15.0,0.7576144084141581,4900,BNE_291790_ccrop.jpg,BNE,A_sepakat_band,unsegmented-band,Neutrophil,train,-2.9812910945793707
20.8806130178211,12.5,0.5986414282632196,5801,BNE_29265_ccrop.jpg,BNE,A_sepakat_band,unsegmented-band,Neutrophil,train,-1.442013616007408
16.1245154965971,8.5,0.527147622004136,5079,BNE_294032_ccrop.jpg,BNE,A_sepakat_band,unsegmented-band,Neutrophil,train,0.5591528395261189
21.840329667841555,0.5,0.022893427324781505,7471,BNE_295498_ccrop.jpg,BNE,A_sepakat_band,unsegmented-band,Neutrophil,train,2.3904589279733752
26.248809496813376,3.0,0.1142908976639189,6598,BNE_295613_ccrop.jpg,BNE,A_sepakat_band,unsegmented-band,Neutrophil,train,-2.045000283606747
26.30589287593181,14.5,0.5512072929205365,6422,BNE_296056_ccrop.jpg,BNE,A_sepakat_band,unsegmented-band,Neutrophil,train,-2.477579151052087
26.40075756488817,6.0,0.22726620572357106,5236,BNE_296511_ccrop.jpg,BNE,E_lainnya,irregular,Neutrophil,train,-4.825297644786133
19.4164878389476,8.0,0.4120209620996838,6066,BNE_297581_ccrop.jpg,BNE,A_sepakat_band,unsegmented-band,Neutrophil,train,1.1077980144785373
27.294688127912362,18.0,0.6594689749025805,5835,BNE_297908_ccrop.jpg,BNE,A_sepakat_band,unsegmented-band,Neutrophil,train,-4.207232888568136
26.076809620810597,18.5,0.7094426146838176,5796,BNE_29805_ccrop.jpg,BNE,A_sepakat_band,unsegmented-band,Neutrophil,train,-3.3370822570684666
26.832815729997478,16.5,0.6149186938124421,5747,BNE_30042_ccrop.jpg,BNE,A_sepakat_band,unsegmented-band,Neutrophil,train,-3.8695578420902486
22.561028345356956,9.0,0.39891798646014265,6044,BNE_301347_ccrop.jpg,BNE,A_sepakat_band,unsegmented-band,Neutrophil,train,0.5330758731937761
22.561028345356956,17.0,0.7535117522024917,5116,BNE_30164_ccrop.jpg,BNE,A_sepakat_band,unsegmented-band,Neutrophil,train,-3.6118829063337543
22.47220505424423,9.5,0.42274445151548556,5426,BNE_302976_ccrop.jpg,BNE,A_sepakat_band,unsegmented-band,Neutrophil,train,-0.8468746150191606
21.633307652783937,11.5,0.5315876880491779,5493,BNE_303848_ccrop.jpg,BNE,A_sepakat_band,unsegmented-band,Neutrophil,train,-2.3731642861838314
22.80350850198276,11.5,0.5043083611015419,4836,BNE_305565_ccrop.jpg,BNE,A_sepakat_band,unsegmented-band,Neutrophil,train,-2.6171325155346423
22.80350850198276,9.5,0.4166025591708389,5893,BNE_305662_ccrop.jpg,BNE,A_sepakat_band,unsegmented-band,Neutrophil,train,0.4502196422330691
20.518284528683193,7.0,0.3411591251800055,5014,BNE_306476_ccrop.jpg,BNE,D_konflik_BNE_dianotasi_segmented,segmented-multilobed,Neutrophil,train,0.6664745123454212
23.853720883753127,14.0,0.5869105314104459,7288,BNE_307253_ccrop.jpg,BNE,A_sepakat_band,unsegmented-band,Neutrophil,train,-1.138396815843283
23.021728866442675,10.0,0.4343722427630694,5018,BNE_307540_ccrop.jpg,BNE,A_sepakat_band,unsegmented-band,Neutrophil,train,-1.7316984542243148
24.698178070456937,3.0,0.12146644952683741,5138,BNE_307591_ccrop.jpg,BNE,A_sepakat_band,unsegmented-band,Neutrophil,train,-2.0446152511877216
20.615528128088304,13.0,0.6305926250944657,5212,BNE_309023_ccrop.jpg,BNE,A_sepakat_band,unsegmented-band,Neutrophil,train,-1.5807254440587162
29.614185789921695,12.5,0.42209500840823394,5293,BNE_309082_ccrop.jpg,BNE,A_sepakat_band,unsegmented-band,Neutrophil,train,-2.5881776154586458
20.615528128088304,4.5,0.21828206253269966,6415,BNE_309263_ccrop.jpg,BNE,A_sepakat_band,unsegmented-band,Neutrophil,train,0.4061142667310529
24.0,17.0,0.7083333333333334,6341,BNE_309326_ccrop.jpg,BNE,A_sepakat_band,unsegmented-band,Neutrophil,train,-3.563691803051549
26.627053911388696,13.0,0.4882252480226418,6791,BNE_30987_ccrop.jpg,BNE,A_sepakat_band,unsegmented-band,Neutrophil,train,-2.3079116936178448
26.40075756488817,13.0,0.49241011240107063,8215,BNE_310407_ccrop.jpg,BNE,A_sepakat_band,unsegmented-band,Neutrophil,train,-2.644875219866231
20.0,9.5,0.475,5275,BNE_31049_ccrop.jpg,BNE,A_sepakat_band,unsegmented-band,Neutrophil,train,-1.272708482028042
19.235384061671343,13.5,0.7018315806285491,5276,BNE_311194_ccrop.jpg,BNE,A_sepakat_band,unsegmented-band,Neutrophil,train,-1.4780271015202224
18.35755975068582,2.5,0.13618367767571082,5264,BNE_313131_ccrop.jpg,BNE,A_sepakat_band,unsegmented-band,Neutrophil,train,2.4717261977399945
25.45584412271571,12.5,0.49104637582399135,5604,BNE_314110_ccrop.jpg,BNE,A_sepakat_band,unsegmented-band,Neutrophil,train,-1.2058801135226354
21.02379604162864,13.0,0.6183469424008423,5583,BNE_314545_ccrop.jpg,BNE,A_sepakat_band,unsegmented-band,Neutrophil,train,-1.3766605451827711
24.020824298928627,13.0,0.5411970812583573,5793,BNE_315095_ccrop.jpg,BNE,A_sepakat_band,unsegmented-band,Neutrophil,train,-1.1391847977180483
27.202941017470888,17.0,0.6249324287797365,4702,BNE_315281_ccrop.jpg,BNE,A_sepakat_band,unsegmented-band,Neutrophil,train,-5.1237377518682905
17.4928556845359,4.5,0.2572478777137633,6031,BNE_315742_ccrop.jpg,BNE,A_sepakat_band,unsegmented-band,Neutrophil,train,-1.063877867162459
19.72308292331602,7.0,0.3549140885943757,4760,BNE_315947_ccrop.jpg,BNE,A_sepakat_band,unsegmented-band,Neutrophil,train,-2.240550445430541
19.0,11.5,0.6052631578947368,5616,BNE_316679_ccrop.jpg,BNE,A_sepakat_band,unsegmented-band,Neutrophil,train,-1.2194091623269259
19.235384061671343,12.0,0.6238502938920436,5324,BNE_316816_ccrop.jpg,BNE,A_sepakat_band,unsegmented-band,Neutrophil,train,-0.24051452374819604
23.769728648009426,14.0,0.5889844266763398,6846,BNE_31736_ccrop.jpg,BNE,A_sepakat_band,unsegmented-band,Neutrophil,train,-1.967629162551706
21.840329667841555,11.5,0.5265488284699746,5419,BNE_318645_ccrop.jpg,BNE,A_sepakat_band,unsegmented-band,Neutrophil,train,-2.208085351877907
21.633307652783937,12.0,0.554700196225229,7100,BNE_319497_ccrop.jpg,BNE,A_sepakat_band,unsegmented-band,Neutrophil,train,0.30524445794466537
17.72004514666935,13.0,0.7336324423780305,5195,BNE_320077_ccrop.jpg,BNE,A_sepakat_band,unsegmented-band,Neutrophil,train,-1.7064263891784606
18.027756377319946,10.5,0.5824352060364906,3860,BNE_320789_ccrop.jpg,BNE,A_sepakat_band,unsegmented-band,Neutrophil,train,-0.5709743133723677
26.419689627245813,17.5,0.6623847685914065,5656,BNE_322820_ccrop.jpg,BNE,A_sepakat_band,unsegmented-band,Neutrophil,train,-3.859403817642704
22.0,8.5,0.38636363636363635,5061,BNE_323493_ccrop.jpg,BNE,A_sepakat_band,unsegmented-band,Neutrophil,train,-1.4257067641039178
26.476404589747453,18.0,0.6798506171404481,7719,BNE_326426_ccrop.jpg,BNE,A_sepakat_band,unsegmented-band,Neutrophil,train,-3.008298812250631
18.601075237738275,13.5,0.725764496270135,4718,BNE_326739_ccrop.jpg,BNE,A_sepakat_band,unsegmented-band,Neutrophil,train,-1.824187587703495
25.0,9.0,0.36,5036,BNE_328699_ccrop.jpg,BNE,A_sepakat_band,unsegmented-band,Neutrophil,train,-2.241799560632124
24.08318915758459,12.5,0.5190342490858748,5643,BNE_329880_ccrop.jpg,BNE,A_sepakat_band,unsegmented-band,Neutrophil,train,-1.8273530142394776
21.213203435596427,10.0,0.4714045207910317,5062,BNE_331198_ccrop.jpg,BNE,A_sepakat_band,unsegmented-band,Neutrophil,train,-0.15036199634106673
20.248456731316587,9.5,0.46917155840855507,5957,BNE_331262_ccrop.jpg,BNE,A_sepakat_band,unsegmented-band,Neutrophil,train,-0.12415605913899341
24.331050121192877,18.5,0.7603453162872775,6130,BNE_331697_ccrop.jpg,BNE,A_sepakat_band,unsegmented-band,Neutrophil,train,-4.467655899680441
21.02379604162864,12.5,0.5945643676931176,4854,BNE_332400_ccrop.jpg,BNE,A_sepakat_band,unsegmented-band,Neutrophil,train,-1.4052718537612225
33.421549934136806,25.5,0.7629807728921115,5809,BNE_332485_ccrop.jpg,BNE,E_lainnya,irregular,Neutrophil,train,-8.700758786984526
23.769728648009426,0.5,0.021035158095583564,10538,BNE_33332_ccrop.jpg,BNE,A_sepakat_band,unsegmented-band,Neutrophil,train,2.1039847689640183
30.886890422961002,0.5,0.0161880977059544,12413,BNE_333793_ccrop.jpg,BNE,A_sepakat_band,unsegmented-band,Neutrophil,train,1.2855782705524295
25.96150997149434,16.0,0.6162969726170763,5902,BNE_334257_ccrop.jpg,BNE,A_sepakat_band,unsegmented-band,Neutrophil,train,-3.4701234063340944
20.615528128088304,13.0,0.6305926250944657,5764,BNE_335860_ccrop.jpg,BNE,A_sepakat_band,unsegmented-band,Neutrophil,train,-1.580817080942932
22.561028345356956,15.5,0.6870254211258012,5497,BNE_336245_ccrop.jpg,BNE,A_sepakat_band,unsegmented-band,Neutrophil,train,-3.0289826229371783
22.02271554554524,14.0,0.6357072528610997,6973,BNE_337968_ccrop.jpg,BNE,A_sepakat_band,unsegmented-band,Neutrophil,train,-1.1855898296463714
22.80350850198276,16.5,0.7235728659282992,5331,BNE_338773_ccrop.jpg,BNE,A_sepakat_band,unsegmented-band,Neutrophil,train,-3.42181972651181
22.47220505424423,16.0,0.7119906551839756,4890,BNE_338982_ccrop.jpg,BNE,A_sepakat_band,unsegmented-band,Neutrophil,train,-4.896332536622918
19.235384061671343,7.0,0.3639126714370255,5472,BNE_340751_ccrop.jpg,BNE,D_konflik_BNE_dianotasi_segmented,segmented-bilobed,Neutrophil,train,0.06656728342152896
21.587033144922902,7.0,0.32426873822845564,6116,BNE_341487_ccrop.jpg,BNE,A_sepakat_band,unsegmented-band,Neutrophil,train,0.5756982480179156
24.596747752497688,10.0,0.40655781409087083,5782,BNE_341589_ccrop.jpg,BNE,A_sepakat_band,unsegmented-band,Neutrophil,train,-2.040209554694016
23.345235059857504,9.0,0.3855176431903074,5031,BNE_342062_ccrop.jpg,BNE,A_sepakat_band,unsegmented-band,Neutrophil,train,-1.6149168076365434
21.400934559032695,12.0,0.5607231762191973,4955,BNE_34307_ccrop.jpg,BNE,A_sepakat_band,unsegmented-band,Neutrophil,train,-0.7969803048863611
21.0,3.5,0.16666666666666666,5110,BNE_343542_ccrop.jpg,BNE,A_sepakat_band,unsegmented-band,Neutrophil,train,0.4622203008643293
24.0,10.5,0.4375,5143,BNE_344695_ccrop.jpg,BNE,A_sepakat_band,unsegmented-band,Neutrophil,train,-1.8587560783124815
19.235384061671343,8.5,0.44189395817353094,5503,BNE_344758_ccrop.jpg,BNE,A_sepakat_band,unsegmented-band,Neutrophil,train,0.6735058571151988
18.439088914585774,12.5,0.6779076806833005,5495,BNE_344852_ccrop.jpg,BNE,A_sepakat_band,unsegmented-band,Neutrophil,train,-1.005996723510064
25.709920264364882,16.0,0.6223278732675311,5353,BNE_345170_ccrop.jpg,BNE,A_sepakat_band,unsegmented-band,Neutrophil,train,-3.985718759192574
22.80350850198276,17.5,0.7674257668936506,5896,BNE_345668_ccrop.jpg,BNE,A_sepakat_band,unsegmented-band,Neutrophil,train,-3.223116966834464
34.655446902326915,29.5,0.8512370388165228,5789,BNE_345873_ccrop.jpg,BNE,A_sepakat_band,unsegmented-band,Neutrophil,train,-10.204693220612338
19.4164878389476,8.5,0.43777227223091403,5208,BNE_346149_ccrop.jpg,BNE,A_sepakat_band,unsegmented-band,Neutrophil,train,-0.344084492461862
19.235384061671343,11.0,0.57186276940104,4456,BNE_34735_ccrop.jpg,BNE,A_sepakat_band,unsegmented-band,Neutrophil,train,-1.233472918581061
29.120439557122072,19.5,0.669632749249859,5568,BNE_347724_ccrop.jpg,BNE,A_sepakat_band,unsegmented-band,Neutrophil,train,-5.273700102474342
25.495097567963924,15.5,0.6079600189283705,5808,BNE_347850_ccrop.jpg,BNE,A_sepakat_band,unsegmented-band,Neutrophil,train,-3.199595351245499
26.248809496813376,18.5,0.7047938689274998,6334,BNE_34911_ccrop.jpg,BNE,A_sepakat_band,unsegmented-band,Neutrophil,train,-4.953939878380202
17.0,10.5,0.6176470588235294,4400,BNE_349232_ccrop.jpg,BNE,A_sepakat_band,unsegmented-band,Neutrophil,train,-0.13023810758181575
23.345235059857504,13.5,0.5782764647854611,5418,BNE_351029_ccrop.jpg,BNE,A_sepakat_band,unsegmented-band,Neutrophil,train,-1.5684668771790484
29.966648127543394,16.5,0.5506121315194499,8141,BNE_351123_ccrop.jpg,BNE,A_sepakat_band,unsegmented-band,Neutrophil,train,-2.972326264499742
31.32091952673165,24.0,0.7662610281769211,6370,BNE_352014_ccrop.jpg,BNE,A_sepakat_band,unsegmented-band,Neutrophil,train,-6.823242641060858
21.587033144922902,9.5,0.44007900188147553,5911,BNE_352317_ccrop.jpg,BNE,A_sepakat_band,unsegmented-band,Neutrophil,train,-0.46051269018945895
28.231188426986208,19.5,0.6907254383014192,5899,BNE_353118_ccrop.jpg,BNE,A_sepakat_band,unsegmented-band,Neutrophil,train,-4.713566980711592
28.284271247461902,20.0,0.7071067811865475,5996,BNE_354400_ccrop.jpg,BNE,A_sepakat_band,unsegmented-band,Neutrophil,train,-4.698495117378217
23.430749027719962,18.0,0.7682212795973759,4903,BNE_355910_ccrop.jpg,BNE,A_sepakat_band,unsegmented-band,Neutrophil,train,-4.452595232338794
25.0,12.5,0.5,4856,BNE_357057_ccrop.jpg,BNE,A_sepakat_band,unsegmented-band,Neutrophil,train,-3.8963068421414047
21.18962010041709,4.0,0.1887716712732035,5104,BNE_357822_ccrop.jpg,BNE,A_sepakat_band,unsegmented-band,Neutrophil,train,-3.597224491972163
23.194827009486403,12.5,0.5389132669490336,5663,BNE_357957_ccrop.jpg,BNE,A_sepakat_band,unsegmented-band,Neutrophil,train,-0.978137010931988
21.18962010041709,11.0,0.5191220960013095,5418,BNE_358773_ccrop.jpg,BNE,A_sepakat_band,unsegmented-band,Neutrophil,train,-2.0492173006008283
38.3275357934736,0.5,0.013045451257138733,14779,BNE_359949_ccrop.jpg,BNE,A_sepakat_band,unsegmented-band,Neutrophil,train,-1.943821422022335
24.0,10.0,0.4166666666666667,5245,BNE_360050_ccrop.jpg,BNE,A_sepakat_band,unsegmented-band,Neutrophil,train,-1.6909739156939327
30.4138126514911,10.0,0.3287979746107146,5944,BNE_360309_ccrop.jpg,BNE,A_sepakat_band,unsegmented-band,Neutrophil,train,-2.405934584794787
25.317977802344327,3.0,0.11849287583000463,6420,BNE_362920_ccrop.jpg,BNE,A_sepakat_band,unsegmented-band,Neutrophil,train,1.1419156407680546
25.80697580112788,16.0,0.6199874066337029,6446,BNE_363611_ccrop.jpg,BNE,D_konflik_BNE_dianotasi_segmented,segmented-bilobed,Neutrophil,train,-2.701702214890606
21.840329667841555,10.0,0.4578685464956301,6039,BNE_364260_ccrop.jpg,BNE,A_sepakat_band,unsegmented-band,Neutrophil,train,0.674134018468326
31.144823004794873,24.0,0.7705935588815227,5131,BNE_365280_ccrop.jpg,BNE,E_lainnya,irregular,Neutrophil,train,-9.2838296873594
22.135943621178654,13.5,0.6098678344610446,4670,BNE_365484_ccrop.jpg,BNE,A_sepakat_band,unsegmented-band,Neutrophil,train,-3.6031397039912676
21.470910553583888,12.0,0.5588957193991467,5624,BNE_366749_ccrop.jpg,BNE,A_sepakat_band,unsegmented-band,Neutrophil,train,-1.6879874603367266
23.345235059857504,12.0,0.5140235242537432,6570,BNE_366885_ccrop.jpg,BNE,A_sepakat_band,unsegmented-band,Neutrophil,train,-0.7451542999173935
26.0,14.5,0.5576923076923077,6159,BNE_367351_ccrop.jpg,BNE,A_sepakat_band,unsegmented-band,Neutrophil,train,-3.6055185752457586
18.439088914585774,10.0,0.5423261445466404,5743,BNE_367547_ccrop.jpg,BNE,A_sepakat_band,unsegmented-band,Neutrophil,train,0.4400634801470851
27.16615541441225,15.0,0.5521576303742327,5980,BNE_368574_ccrop.jpg,BNE,A_sepakat_band,unsegmented-band,Neutrophil,train,-3.925563366646772
23.259406699226016,10.0,0.42993358039234775,6746,BNE_369028_ccrop.jpg,BNE,A_sepakat_band,unsegmented-band,Neutrophil,train,-0.36698290414178913
25.0,12.5,0.5,6231,BNE_371863_ccrop.jpg,BNE,A_sepakat_band,unsegmented-band,Neutrophil,train,-2.257421167479256
24.758836806279895,7.0,0.28272733710270676,5682,BNE_373543_ccrop.jpg,BNE,A_sepakat_band,unsegmented-band,Neutrophil,train,-0.7761421484224993
24.166091947189145,11.0,0.45518323873130234,7466,BNE_373678_ccrop.jpg,BNE,A_sepakat_band,unsegmented-band,Neutrophil,train,-1.1868336223753708
22.0,12.5,0.5681818181818182,7166,BNE_374054_ccrop.jpg,BNE,A_sepakat_band,unsegmented-band,Neutrophil,train,-0.1701023596998983
22.02271554554524,15.5,0.7038187442390748,5543,BNE_37422_ccrop.jpg,BNE,A_sepakat_band,unsegmented-band,Neutrophil,train,-3.012976096258031
49.03060268852505,0.5,0.010197712705600052,12623,BNE_375120_ccrop.jpg,BNE,A_sepakat_band,unsegmented-band,Neutrophil,train,0.6164378590928221
23.259406699226016,13.0,0.558913654510052,6109,BNE_376075_ccrop.jpg,BNE,A_sepakat_band,unsegmented-band,Neutrophil,train,-0.77079780592525
21.470910553583888,14.0,0.6520450059656713,5216,BNE_376738_ccrop.jpg,BNE,A_sepakat_band,unsegmented-band,Neutrophil,train,-1.8706663436638458
26.248809496813376,14.5,0.552406005375608,6158,BNE_377951_ccrop.jpg,BNE,A_sepakat_band,unsegmented-band,Neutrophil,train,-1.5885890699545104
22.090722034374522,9.5,0.430044793701963,6303,BNE_378921_ccrop.jpg,BNE,A_sepakat_band,unsegmented-band,Neutrophil,train,0.053766294038229745
22.627416997969522,12.0,0.5303300858899106,4804,BNE_379446_ccrop.jpg,BNE,A_sepakat_band,unsegmented-band,Neutrophil,train,-2.5919477764798415
21.470910553583888,2.0,0.09314928656652446,4900,BNE_380348_ccrop.jpg,BNE,A_sepakat_band,unsegmented-band,Neutrophil,train,-0.580094751641191
19.697715603592208,9.5,0.48228942843846906,5070,BNE_380387_ccrop.jpg,BNE,A_sepakat_band,unsegmented-band,Neutrophil,train,-0.22075208589335205
30.463092423455635,17.5,0.5744656437612862,5276,BNE_380800_ccrop.jpg,BNE,A_sepakat_band,unsegmented-band,Neutrophil,train,-5.727745904188726
26.627053911388696,16.0,0.6008926129509438,5184,BNE_381862_ccrop.jpg,BNE,A_sepakat_band,unsegmented-band,Neutrophil,train,-3.388358240833572
23.021728866442675,2.0,0.08687444855261388,5729,BNE_382771_ccrop.jpg,BNE,A_sepakat_band,unsegmented-band,Neutrophil,train,-3.1694003859661315
26.40075756488817,9.0,0.3408993085853566,6216,BNE_384062_ccrop.jpg,BNE,D_konflik_BNE_dianotasi_segmented,segmented-bilobed,Neutrophil,train,-3.065238736294189
20.615528128088304,10.0,0.48507125007266594,6437,BNE_384068_ccrop.jpg,BNE,A_sepakat_band,unsegmented-band,Neutrophil,train,1.3517624141412359
21.18962010041709,0.5,0.023596458909150436,9438,BNE_384203_ccrop.jpg,BNE,A_sepakat_band,unsegmented-band,Neutrophil,train,1.928390994323534
19.1049731745428,9.0,0.4710815303311924,4592,BNE_384920_ccrop.jpg,BNE,A_sepakat_band,unsegmented-band,Neutrophil,train,-0.658140601614063
21.213203435596427,14.5,0.683536555146996,5183,BNE_385402_ccrop.jpg,BNE,A_sepakat_band,unsegmented-band,Neutrophil,train,-2.5254876051583324
18.439088914585774,10.0,0.5423261445466404,5136,BNE_386017_ccrop.jpg,BNE,A_sepakat_band,unsegmented-band,Neutrophil,train,0.473099718807485
19.313207915827967,8.5,0.4401133171167231,5146,BNE_388894_ccrop.jpg,BNE,A_sepakat_band,unsegmented-band,Neutrophil,train,0.6084940733985498
21.840329667841555,13.0,0.5952291104443191,6459,BNE_388940_ccrop.jpg,BNE,A_sepakat_band,unsegmented-band,Neutrophil,train,-1.299191654693189
25.019992006393608,4.5,0.1798561725699221,5449,BNE_38919_ccrop.jpg,BNE,A_sepakat_band,unsegmented-band,Neutrophil,train,-3.2643046889097143
25.0,19.0,0.76,5773,BNE_389215_ccrop.jpg,BNE,A_sepakat_band,unsegmented-band,Neutrophil,train,-4.467744419254004
27.459060435491963,17.5,0.637312410638076,6876,BNE_389738_ccrop.jpg,BNE,A_sepakat_band,unsegmented-band,Neutrophil,train,-4.797086148835122
22.090722034374522,13.5,0.6111162857870001,5554,BNE_389826_ccrop.jpg,BNE,A_sepakat_band,unsegmented-band,Neutrophil,train,-1.4692760554706616
22.825424421026653,16.5,0.7228781246582339,6547,BNE_390179_ccrop.jpg,BNE,A_sepakat_band,unsegmented-band,Neutrophil,train,-2.264780435906836
20.615528128088304,9.5,0.46081768756903263,6121,BNE_390232_ccrop.jpg,BNE,A_sepakat_band,unsegmented-band,Neutrophil,train,-1.8259335243357082
18.027756377319946,9.5,0.5269651864139677,4464,BNE_390698_ccrop.jpg,BNE,A_sepakat_band,unsegmented-band,Neutrophil,train,-1.4033349817173661
20.248456731316587,13.0,0.6420242378222333,6385,BNE_393818_ccrop.jpg,BNE,A_sepakat_band,unsegmented-band,Neutrophil,train,-1.0935675232966329
29.154759474226502,23.0,0.7888934916555407,7412,BNE_394928_ccrop.jpg,BNE,A_sepakat_band,unsegmented-band,Neutrophil,train,-6.1458015577785545
21.540659228538015,1.0,0.046423834544262965,5200,BNE_396823_ccrop.jpg,BNE,A_sepakat_band,unsegmented-band,Neutrophil,train,0.39825981377867414
17.69180601295413,5.0,0.28261670947211076,4889,BNE_396832_ccrop.jpg,BNE,A_sepakat_band,unsegmented-band,Neutrophil,train,0.6662890194103914
27.294688127912362,7.0,0.2564601569065591,7133,BNE_396853_ccrop.jpg,BNE,A_sepakat_band,unsegmented-band,Neutrophil,train,0.6159433467368389
20.248456731316587,9.5,0.46917155840855507,5332,BNE_397228_ccrop.jpg,BNE,A_sepakat_band,unsegmented-band,Neutrophil,train,-1.721814781470414
21.840329667841555,13.0,0.5952291104443191,4932,BNE_39767_ccrop.jpg,BNE,A_sepakat_band,unsegmented-band,Neutrophil,train,-2.002318843264261
30.4138126514911,7.5,0.24659848095803594,5544,BNE_398566_ccrop.jpg,BNE,A_sepakat_band,unsegmented-band,Neutrophil,train,-4.749990676204067
20.591260281974,15.0,0.728464396767948,4700,BNE_39950_ccrop.jpg,BNE,A_sepakat_band,unsegmented-band,Neutrophil,train,-2.3198052508072227
20.223748416156685,13.5,0.6675320381861009,5701,BNE_399544_ccrop.jpg,BNE,A_sepakat_band,unsegmented-band,Neutrophil,train,-1.4895701431899369
18.681541692269406,2.5,0.1338219318930473,5902,BNE_399554_ccrop.jpg,BNE,A_sepakat_band,unsegmented-band,Neutrophil,train,1.1030885905276513
23.194827009486403,18.0,0.7760351044066084,4983,BNE_400703_ccrop.jpg,BNE,A_sepakat_band,unsegmented-band,Neutrophil,train,-5.26343290052627
22.47220505424423,10.5,0.46724386746448404,5470,BNE_401488_ccrop.jpg,BNE,A_sepakat_band,unsegmented-band,Neutrophil,train,-1.3807094200927583
21.18962010041709,8.0,0.377543342546407,5739,BNE_404873_ccrop.jpg,BNE,A_sepakat_band,unsegmented-band,Neutrophil,train,0.328565120220067
22.47220505424423,10.0,0.44499415948998483,5328,BNE_408177_ccrop.jpg,BNE,A_sepakat_band,unsegmented-band,Neutrophil,train,-1.728739991769178
25.45584412271571,12.5,0.49104637582399135,5858,BNE_409791_ccrop.jpg,BNE,A_sepakat_band,unsegmented-band,Neutrophil,train,-5.127821387540953
23.345235059857504,19.5,0.8352882269123327,6165,BNE_409857_ccrop.jpg,BNE,A_sepakat_band,unsegmented-band,Neutrophil,train,-3.816048374322502
21.0,13.0,0.6190476190476191,5255,BNE_411384_ccrop.jpg,BNE,A_sepakat_band,unsegmented-band,Neutrophil,train,-2.0122760762346115
20.615528128088304,3.0,0.14552137502179976,5065,BNE_411518_ccrop.jpg,BNE,A_sepakat_band,unsegmented-band,Neutrophil,train,-0.5292190465439806
20.8806130178211,13.0,0.6225870853937484,3997,BNE_412555_ccrop.jpg,BNE,A_sepakat_band,unsegmented-band,Neutrophil,train,-3.0184483341104933
19.79898987322333,17.0,0.8586296628693791,5164,BNE_412858_ccrop.jpg,BNE,A_sepakat_band,unsegmented-band,Neutrophil,train,-2.4647320644473165
19.849433241279208,1.5,0.07556890827898176,4450,BNE_415268_ccrop.jpg,BNE,A_sepakat_band,unsegmented-band,Neutrophil,train,-0.04260671566666119
22.20360331117452,1.5,0.06755660236665674,5830,BNE_415445_ccrop.jpg,BNE,D_konflik_BNE_dianotasi_segmented,segmented-bilobed,Neutrophil,train,1.154225357131736
24.186773244895647,3.0,0.12403473458920847,6503,BNE_415744_ccrop.jpg,BNE,A_sepakat_band,unsegmented-band,Neutrophil,train,-0.6986631993045229
22.20360331117452,5.0,0.2251886745555225,7186,BNE_417307_ccrop.jpg,BNE,A_sepakat_band,unsegmented-band,Neutrophil,train,0.8597152262549415
29.0,14.0,0.4827586206896552,6913,BNE_417877_ccrop.jpg,BNE,A_sepakat_band,unsegmented-band,Neutrophil,train,-2.34411620506617
19.1049731745428,10.5,0.5495951187197244,5997,BNE_41833_ccrop.jpg,BNE,A_sepakat_band,unsegmented-band,Neutrophil,train,0.3387160889381411
22.627416997969522,10.5,0.4640388251536718,6766,BNE_41840_ccrop.jpg,BNE,A_sepakat_band,unsegmented-band,Neutrophil,train,-0.6820045311571086
20.0,13.0,0.65,5361,BNE_419128_ccrop.jpg,BNE,A_sepakat_band,unsegmented-band,Neutrophil,train,-0.709299050280606
22.090722034374522,13.0,0.5884823492763704,5774,BNE_420956_ccrop.jpg,BNE,A_sepakat_band,unsegmented-band,Neutrophil,train,-2.186356646389857
31.38470965295043,21.5,0.6850469619679536,6373,BNE_423834_ccrop.jpg,BNE,A_sepakat_band,unsegmented-band,Neutrophil,train,-6.945741083465361
23.40939982143925,13.5,0.5766914189588136,6885,BNE_424457_ccrop.jpg,BNE,A_sepakat_band,unsegmented-band,Neutrophil,train,-1.87231123250913
19.1049731745428,11.0,0.5757663148492351,4323,BNE_426453_ccrop.jpg,BNE,A_sepakat_band,unsegmented-band,Neutrophil,train,-0.2911923768322566
21.400934559032695,13.0,0.6074501075707971,4901,BNE_426969_ccrop.jpg,BNE,A_sepakat_band,unsegmented-band,Neutrophil,train,-2.3662154345993436
24.758836806279895,13.0,0.5250650546193126,5778,BNE_427204_ccrop.jpg,BNE,A_sepakat_band,unsegmented-band,Neutrophil,train,-1.7854434364394276
17.69180601295413,10.0,0.5652334189442215,5511,BNE_42789_ccrop.jpg,BNE,A_sepakat_band,unsegmented-band,Neutrophil,train,0.5045250084982849
24.166091947189145,11.5,0.4758733859463616,5411,BNE_430604_ccrop.jpg,BNE,A_sepakat_band,unsegmented-band,Neutrophil,train,-4.3299967020675805
22.090722034374522,10.5,0.47531266672322225,5058,BNE_431488_ccrop.jpg,BNE,A_sepakat_band,unsegmented-band,Neutrophil,train,-1.2130079044961555
25.632011235952593,16.0,0.6242194517126963,5286,BNE_433423_ccrop.jpg,BNE,A_sepakat_band,unsegmented-band,Neutrophil,train,-4.470741997127446
23.600847442411894,13.0,0.5508276781891465,4733,BNE_434568_ccrop.jpg,BNE,A_sepakat_band,unsegmented-band,Neutrophil,train,-2.315788947798776
24.839484696748443,13.0,0.5233602934485084,5455,BNE_435236_ccrop.jpg,BNE,A_sepakat_band,unsegmented-band,Neutrophil,train,-2.7391790978073836
19.697715603592208,11.5,0.583824044951831,4367,BNE_436110_ccrop.jpg,BNE,A_sepakat_band,unsegmented-band,Neutrophil,train,-0.9396244685168078
25.495097567963924,16.0,0.6275716324421889,5626,BNE_436213_ccrop.jpg,BNE,A_sepakat_band,unsegmented-band,Neutrophil,train,-3.736286766164328
34.36568055487916,13.5,0.3928337743360447,8357,BNE_436393_ccrop.jpg,BNE,A_sepakat_band,unsegmented-band,Neutrophil,train,-2.743417456427128
19.235384061671343,8.0,0.4159001959280291,5295,BNE_436569_ccrop.jpg,BNE,A_sepakat_band,unsegmented-band,Neutrophil,train,0.026620393489098504
22.360679774997898,11.5,0.5142956348249516,5098,BNE_438239_ccrop.jpg,BNE,A_sepakat_band,unsegmented-band,Neutrophil,train,-0.6976088763960853
18.0,6.0,0.3333333333333333,4374,BNE_438952_ccrop.jpg,BNE,A_sepakat_band,unsegmented-band,Neutrophil,train,-0.017760743846839233
39.11521443121589,0.5,0.012782749814122842,11405,BNE_441101_ccrop.jpg,BNE,A_sepakat_band,unsegmented-band,Neutrophil,train,0.4480656693585434
20.12461179749811,12.0,0.5962847939999439,5711,BNE_44167_ccrop.jpg,BNE,A_sepakat_band,unsegmented-band,Neutrophil,train,-1.5960695506418858
23.194827009486403,9.5,0.4095740828812655,4651,BNE_442322_ccrop.jpg,BNE,A_sepakat_band,unsegmented-band,Neutrophil,train,-1.9126185097597208
22.360679774997898,9.0,0.40249223594996214,5535,BNE_44328_ccrop.jpg,BNE,A_sepakat_band,unsegmented-band,Neutrophil,train,-1.404100173003723
23.0,14.5,0.6304347826086957,5192,BNE_443350_ccrop.jpg,BNE,A_sepakat_band,unsegmented-band,Neutrophil,train,-3.2347570852887344
20.396078054371138,14.0,0.6864064729836442,6436,BNE_443921_ccrop.jpg,BNE,A_sepakat_band,unsegmented-band,Neutrophil,train,-0.011015923636239933
26.570660511172846,10.0,0.3763549647474907,5867,BNE_445224_ccrop.jpg,BNE,A_sepakat_band,unsegmented-band,Neutrophil,train,-1.3278916610750695
25.0,20.0,0.8,5373,BNE_446959_ccrop.jpg,BNE,A_sepakat_band,unsegmented-band,Neutrophil,train,-5.436839099585352
21.213203435596427,7.5,0.35355339059327373,4769,BNE_447939_ccrop.jpg,BNE,A_sepakat_band,unsegmented-band,Neutrophil,train,-2.3012131896036045
20.248456731316587,11.0,0.5432512781572743,3829,BNE_448104_ccrop.jpg,BNE,A_sepakat_band,unsegmented-band,Neutrophil,train,-2.695849148930396
19.313207915827967,10.0,0.5177803730784977,5047,BNE_44875_ccrop.jpg,BNE,A_sepakat_band,unsegmented-band,Neutrophil,train,-0.2614819777907762
20.615528128088304,8.0,0.38805700005813276,5509,BNE_448776_ccrop.jpg,BNE,A_sepakat_band,unsegmented-band,Neutrophil,train,0.37613057746643186
25.238858928247925,14.0,0.5547001962252291,5282,BNE_449730_ccrop.jpg,BNE,A_sepakat_band,unsegmented-band,Neutrophil,train,-2.1511588925821066
21.587033144922902,10.5,0.48640310734268344,5673,BNE_449915_ccrop.jpg,BNE,A_sepakat_band,unsegmented-band,Neutrophil,train,-0.9685458427742759
17.69180601295413,12.5,0.7065417736802769,4424,BNE_450464_ccrop.jpg,BNE,A_sepakat_band,unsegmented-band,Neutrophil,train,-1.2183724240617941
22.80350850198276,16.0,0.7016464154456235,7096,BNE_451701_ccrop.jpg,BNE,A_sepakat_band,unsegmented-band,Neutrophil,train,-1.5234853179655836
18.027756377319946,8.5,0.47149516679144476,6008,BNE_451729_ccrop.jpg,BNE,A_sepakat_band,unsegmented-band,Neutrophil,train,-1.6117034204840728
25.709920264364882,16.5,0.6417756193071416,5137,BNE_453088_ccrop.jpg,BNE,A_sepakat_band,unsegmented-band,Neutrophil,train,-4.424229514811973
21.37755832643195,9.0,0.4210022427524892,5430,BNE_454089_ccrop.jpg,BNE,A_sepakat_band,unsegmented-band,Neutrophil,train,-2.59739710109133
28.071337695236398,14.5,0.5165411124123449,7093,BNE_454943_ccrop.jpg,BNE,A_sepakat_band,unsegmented-band,Neutrophil,train,-3.9707414685542304
21.93171219946131,13.5,0.6155470159931968,6425,BNE_4555_ccrop.jpg,BNE,A_sepakat_band,unsegmented-band,Neutrophil,train,-1.60802472126608
22.360679774997898,7.5,0.33541019662496846,5153,BNE_455636_ccrop.jpg,BNE,A_sepakat_band,unsegmented-band,Neutrophil,train,-1.2266291747628006
20.223748416156685,9.0,0.4450213587907339,4739,BNE_45575_ccrop.jpg,BNE,A_sepakat_band,unsegmented-band,Neutrophil,train,-1.8910496343355252
22.0,7.5,0.3409090909090909,5074,BNE_456543_ccrop.jpg,BNE,A_sepakat_band,unsegmented-band,Neutrophil,train,-0.008228346536833797
30.4138126514911,17.5,0.5753964555687505,7363,BNE_45721_ccrop.jpg,BNE,A_sepakat_band,unsegmented-band,Neutrophil,train,-3.768429257674784
19.924858845171276,12.5,0.6273570165356195,6126,BNE_458029_ccrop.jpg,BNE,A_sepakat_band,unsegmented-band,Neutrophil,train,0.20979529091193783
19.235384061671343,11.0,0.57186276940104,5113,BNE_459066_ccrop.jpg,BNE,A_sepakat_band,unsegmented-band,Neutrophil,train,-0.30932602802796794
27.202941017470888,16.0,0.5881716976750462,6030,BNE_459390_ccrop.jpg,BNE,A_sepakat_band,unsegmented-band,Neutrophil,train,-3.527571131980924
20.223748416156685,9.0,0.4450213587907339,4735,BNE_460072_ccrop.jpg,BNE,A_sepakat_band,unsegmented-band,Neutrophil,train,-0.9050585572289602
22.80350850198276,0.5,0.021926450482675733,8461,BNE_461221_ccrop.jpg,BNE,A_sepakat_band,unsegmented-band,Neutrophil,train,1.3113964287658275
18.0,9.5,0.5277777777777778,5312,BNE_462102_ccrop.jpg,BNE,A_sepakat_band,unsegmented-band,Neutrophil,train,-0.08021712742790221
25.059928172283335,16.5,0.6584216796857882,6449,BNE_46272_ccrop.jpg,BNE,A_sepakat_band,unsegmented-band,Neutrophil,train,-3.884300519639325
26.870057685088806,13.5,0.5024179761062312,5253,BNE_462747_ccrop.jpg,BNE,A_sepakat_band,unsegmented-band,Neutrophil,train,-3.4984122314263324
21.840329667841555,11.0,0.5036554011451931,5048,BNE_462949_ccrop.jpg,BNE,A_sepakat_band,unsegmented-band,Neutrophil,train,-1.9140621752187226
27.65863337187866,16.5,0.5965587590013045,6432,BNE_464149_ccrop.jpg,BNE,A_sepakat_band,unsegmented-band,Neutrophil,train,-3.9230146457655497
28.0178514522438,14.0,0.4996814271737748,5482,BNE_464803_ccrop.jpg,BNE,A_sepakat_band,unsegmented-band,Neutrophil,train,-4.011530060477121
23.853720883753127,13.0,0.5449883505954141,5316,BNE_46642_ccrop.jpg,BNE,A_sepakat_band,unsegmented-band,Neutrophil,train,-2.3067303613671033
21.18962010041709,12.0,0.5663150138196105,5816,BNE_466790_ccrop.jpg,BNE,A_sepakat_band,unsegmented-band,Neutrophil,train,-0.9126986366164012
22.80350850198276,16.0,0.7016464154456235,5593,BNE_467346_ccrop.jpg,BNE,A_sepakat_band,unsegmented-band,Neutrophil,train,-2.4460852166007765
28.0,18.0,0.6428571428571429,6416,BNE_468833_ccrop.jpg,BNE,A_sepakat_band,unsegmented-band,Neutrophil,train,-5.6588315911352485
23.345235059857504,12.0,0.5140235242537432,5196,BNE_471421_ccrop.jpg,BNE,A_sepakat_band,unsegmented-band,Neutrophil,train,-1.8421962150702829
21.540659228538015,8.5,0.39460259362623523,6116,BNE_472143_ccrop.jpg,BNE,A_sepakat_band,unsegmented-band,Neutrophil,train,0.7264964981679523
28.792360097775937,21.5,0.746725865020727,7204,BNE_473636_ccrop.jpg,BNE,A_sepakat_band,unsegmented-band,Neutrophil,train,-4.672724511366859
28.460498941515414,25.0,0.8784104611578831,4550,BNE_475803_ccrop.jpg,BNE,A_sepakat_band,unsegmented-band,Neutrophil,train,-8.613502727537952
36.0,3.5,0.09722222222222222,6087,BNE_477145_ccrop.jpg,BNE,A_sepakat_band,unsegmented-band,Neutrophil,train,-7.4463789243632625
20.223748416156685,10.5,0.5191915852558562,4804,BNE_477641_ccrop.jpg,BNE,A_sepakat_band,unsegmented-band,Neutrophil,train,-0.7070855704801744
21.0,10.5,0.5,6053,BNE_480263_ccrop.jpg,BNE,A_sepakat_band,unsegmented-band,Neutrophil,train,-0.25202037088382134
22.80350850198276,14.5,0.6358670639975962,4359,BNE_480971_ccrop.jpg,BNE,A_sepakat_band,unsegmented-band,Neutrophil,train,-3.7142842339992086
27.202941017470888,17.0,0.6249324287797365,4190,BNE_481801_ccrop.jpg,BNE,A_sepakat_band,unsegmented-band,Neutrophil,train,-6.473421493457526
19.026297590440446,9.5,0.4993089146662549,4468,BNE_48402_ccrop.jpg,BNE,A_sepakat_band,unsegmented-band,Neutrophil,train,-2.3039043946410054
23.08679276123039,13.5,0.5847499104626834,5791,BNE_484057_ccrop.jpg,BNE,A_sepakat_band,unsegmented-band,Neutrophil,train,-2.0769138170415644
20.0,7.0,0.35,4892,BNE_485377_ccrop.jpg,BNE,A_sepakat_band,unsegmented-band,Neutrophil,train,0.12948483284475998
18.384776310850235,8.0,0.43514263457633695,5820,BNE_487299_ccrop.jpg,BNE,A_sepakat_band,unsegmented-band,Neutrophil,train,0.7453695413043633
16.64331697709324,11.0,0.6609259449387206,4038,BNE_489159_ccrop.jpg,BNE,A_sepakat_band,unsegmented-band,Neutrophil,train,-0.22102047042137585
23.706539182259394,9.0,0.37964208654863807,5431,BNE_489220_ccrop.jpg,BNE,A_sepakat_band,unsegmented-band,Neutrophil,train,-0.9097857806641052
22.627416997969522,13.5,0.5966213466261494,6799,BNE_491118_ccrop.jpg,BNE,A_sepakat_band,unsegmented-band,Neutrophil,train,-1.4356346091656462
27.586228448267445,10.5,0.3806247026370672,5278,BNE_491493_ccrop.jpg,BNE,A_sepakat_band,unsegmented-band,Neutrophil,train,-1.5526171230787362
17.46424919657298,10.0,0.5725983343138683,5008,BNE_494996_ccrop.jpg,BNE,A_sepakat_band,unsegmented-band,Neutrophil,train,0.22216552124049826
20.396078054371138,13.0,0.6373774391990982,4968,BNE_495871_ccrop.jpg,BNE,A_sepakat_band,unsegmented-band,Neutrophil,train,-1.4370087537451415
29.206163733020468,26.0,0.890223044617271,6196,BNE_496407_ccrop.jpg,BNE,A_sepakat_band,unsegmented-band,Neutrophil,train,-7.510699067845618
17.0,10.0,0.5882352941176471,5497,BNE_496691_ccrop.jpg,BNE,A_sepakat_band,unsegmented-band,Neutrophil,train,0.7182718848099086
25.0,13.5,0.54,5644,BNE_498494_ccrop.jpg,BNE,A_sepakat_band,unsegmented-band,Neutrophil,train,-2.502861696111104
24.0,10.0,0.4166666666666667,5594,BNE_499517_ccrop.jpg,BNE,A_sepakat_band,unsegmented-band,Neutrophil,train,-3.522445923707469
18.788294228055936,12.5,0.6653078692654368,4620,BNE_499604_ccrop.jpg,BNE,A_sepakat_band,unsegmented-band,Neutrophil,train,-1.132208790521405
19.72308292331602,13.0,0.6591261645324119,6671,BNE_500981_ccrop.jpg,BNE,A_sepakat_band,unsegmented-band,Neutrophil,train,-0.308406791990528
25.0,12.5,0.5,6552,BNE_501437_ccrop.jpg,BNE,A_sepakat_band,unsegmented-band,Neutrophil,train,-1.9297545760380999
21.02379604162864,9.5,0.4518689194467694,5473,BNE_502095_ccrop.jpg,BNE,A_sepakat_band,unsegmented-band,Neutrophil,train,-0.016722893360455515
23.345235059857504,20.5,0.8781235206001446,5738,BNE_502987_ccrop.jpg,BNE,A_sepakat_band,unsegmented-band,Neutrophil,train,-4.39151504225719
26.832815729997478,14.0,0.5217491947499509,5258,BNE_503739_ccrop.jpg,BNE,A_sepakat_band,unsegmented-band,Neutrophil,train,-3.4239180598551666
25.179356624028344,13.0,0.5162959560131994,3868,BNE_506744_ccrop.jpg,BNE,A_sepakat_band,unsegmented-band,Neutrophil,train,-4.91070129903407
16.97056274847714,9.0,0.5303300858899107,5328,BNE_508303_ccrop.jpg,BNE,A_sepakat_band,unsegmented-band,Neutrophil,train,0.23157191909773633
19.235384061671343,13.0,0.6758378183830474,4874,BNE_509219_ccrop.jpg,BNE,A_sepakat_band,unsegmented-band,Neutrophil,train,-2.313808274102561
27.65863337187866,16.5,0.5965587590013045,6090,BNE_509596_ccrop.jpg,BNE,A_sepakat_band,unsegmented-band,Neutrophil,train,-3.743993283884784
19.849433241279208,2.5,0.12594818046496958,5031,BNE_510336_ccrop.jpg,BNE,A_sepakat_band,unsegmented-band,Neutrophil,train,-0.37710292059725425
26.40075756488817,9.0,0.3408993085853566,6777,BNE_51248_ccrop.jpg,BNE,A_sepakat_band,unsegmented-band,Neutrophil,train,-3.368384392199438
22.825424421026653,17.5,0.7666889200920662,5365,BNE_512963_ccrop.jpg,BNE,A_sepakat_band,unsegmented-band,Neutrophil,train,-3.5349380027111685
21.0,1.5,0.07142857142857142,5219,BNE_514231_ccrop.jpg,BNE,A_sepakat_band,unsegmented-band,Neutrophil,train,1.918953160110516
19.313207915827967,13.5,0.699003503655972,4869,BNE_515288_ccrop.jpg,BNE,A_sepakat_band,unsegmented-band,Neutrophil,train,-1.9128569687736583
33.95585369269929,0.5,0.01472500160134401,11135,BNE_515542_ccrop.jpg,BNE,A_sepakat_band,unsegmented-band,Neutrophil,train,-0.48783866352308003
20.0,15.0,0.75,5859,BNE_517514_ccrop.jpg,BNE,A_sepakat_band,unsegmented-band,Neutrophil,train,-2.132152624142151
20.024984394500787,15.0,0.7490642541583834,5347,BNE_519229_ccrop.jpg,BNE,A_sepakat_band,unsegmented-band,Neutrophil,train,-1.6499664183296758
20.0,8.0,0.4,6952,BNE_519373_ccrop.jpg,BNE,A_sepakat_band,unsegmented-band,Neutrophil,train,0.8197904443186248
24.08318915758459,11.5,0.4775115091590048,7606,BNE_519960_ccrop.jpg,BNE,A_sepakat_band,unsegmented-band,Neutrophil,train,-2.770831672596856
21.213203435596427,11.5,0.5421151989096864,5546,BNE_519989_ccrop.jpg,BNE,A_sepakat_band,unsegmented-band,Neutrophil,train,-0.6500044844569164
20.615528128088304,9.0,0.4365641250653993,5154,BNE_520014_ccrop.jpg,BNE,A_sepakat_band,unsegmented-band,Neutrophil,train,-0.047470452799329266
20.09975124224178,2.0,0.09950371902099892,4285,BNE_520896_ccrop.jpg,BNE,A_sepakat_band,unsegmented-band,Neutrophil,train,-2.215475240714605
20.8806130178211,0.5,0.023945657130528784,6029,BNE_522120_ccrop.jpg,BNE,A_sepakat_band,unsegmented-band,Neutrophil,train,0.3404650214201759
19.6468827043885,10.5,0.534435928487252,6740,BNE_523259_ccrop.jpg,BNE,A_sepakat_band,unsegmented-band,Neutrophil,train,0.08173837616239332
24.758836806279895,10.0,0.40389619586100967,5329,BNE_524418_ccrop.jpg,BNE,A_sepakat_band,unsegmented-band,Neutrophil,train,-1.2237018579774919
25.632011235952593,18.5,0.7217537410428052,5372,BNE_524998_ccrop.jpg,BNE,A_sepakat_band,unsegmented-band,Neutrophil,train,-4.214741057760033
23.53720459187964,11.5,0.48858818196140047,6002,BNE_525705_ccrop.jpg,BNE,A_sepakat_band,unsegmented-band,Neutrophil,train,-1.839948074812348
27.018512172212592,17.0,0.6291982286679645,6608,BNE_526012_ccrop.jpg,BNE,A_sepakat_band,unsegmented-band,Neutrophil,train,-4.159184061537783
20.8806130178211,13.0,0.6225870853937484,5292,BNE_5294_ccrop.jpg,BNE,A_sepakat_band,unsegmented-band,Neutrophil,train,-0.9747565913925484
23.769728648009426,11.0,0.46277347810283836,5072,BNE_529971_ccrop.jpg,BNE,A_sepakat_band,unsegmented-band,Neutrophil,train,-2.4512576273077666
24.596747752497688,16.5,0.6708203932499369,6200,BNE_5311_ccrop.jpg,BNE,A_sepakat_band,unsegmented-band,Neutrophil,train,-3.657827586862936
20.0,9.0,0.45,6612,BNE_53394_ccrop.jpg,BNE,A_sepakat_band,unsegmented-band,Neutrophil,train,0.18416959048569126
18.35755975068582,11.5,0.6264449173082698,4560,BNE_53428_ccrop.jpg,BNE,A_sepakat_band,unsegmented-band,Neutrophil,train,-0.9673820534072775
17.26267650163207,11.0,0.6372128909998415,4673,BNE_536163_ccrop.jpg,BNE,A_sepakat_band,unsegmented-band,Neutrophil,train,0.12148561831751437
21.633307652783937,13.0,0.6009252125773316,5659,BNE_538408_ccrop.jpg,BNE,A_sepakat_band,unsegmented-band,Neutrophil,train,-1.3921352112239038
27.586228448267445,16.5,0.5981245327153913,6327,BNE_53927_ccrop.jpg,BNE,A_sepakat_band,unsegmented-band,Neutrophil,train,-4.132351087860199
19.4164878389476,12.0,0.6180314431495256,5482,BNE_54028_ccrop.jpg,BNE,A_sepakat_band,unsegmented-band,Neutrophil,train,-0.21466197690121191
24.0,12.5,0.5208333333333334,4988,BNE_540909_ccrop.jpg,BNE,A_sepakat_band,unsegmented-band,Neutrophil,train,-2.920768154362225
27.073972741361768,19.0,0.7017810123954619,6419,BNE_542957_ccrop.jpg,BNE,A_sepakat_band,unsegmented-band,Neutrophil,train,-5.044157508675642
27.294688127912362,20.5,0.7510618880834945,7090,BNE_543730_ccrop.jpg,BNE,A_sepakat_band,unsegmented-band,Neutrophil,train,-4.331942952273835
27.0,8.5,0.3148148148148148,6073,BNE_544250_ccrop.jpg,BNE,A_sepakat_band,unsegmented-band,Neutrophil,train,-0.8259069423379284
22.20360331117452,11.5,0.5179339514777017,4850,BNE_545123_ccrop.jpg,BNE,A_sepakat_band,unsegmented-band,Neutrophil,train,-1.8415940122593497
24.839484696748443,10.0,0.40258484111423726,5062,BNE_545407_ccrop.jpg,BNE,A_sepakat_band,unsegmented-band,Neutrophil,train,-2.1419954096959124
32.984845004941285,13.5,0.4092788672488119,5904,BNE_546147_ccrop.jpg,BNE,A_sepakat_band,unsegmented-band,Neutrophil,train,-6.164927022130135
23.08679276123039,3.0,0.129944424547263,5715,BNE_546662_ccrop.jpg,BNE,A_sepakat_band,unsegmented-band,Neutrophil,train,-0.4311404152482332
28.653097563788805,11.0,0.38390264701787685,6037,BNE_547029_ccrop.jpg,BNE,A_sepakat_band,unsegmented-band,Neutrophil,train,-3.070459590138647
24.0,4.0,0.16666666666666666,6000,BNE_548152_ccrop.jpg,BNE,A_sepakat_band,unsegmented-band,Neutrophil,train,-2.5219696176248103
23.853720883753127,14.0,0.5869105314104459,5708,BNE_550549_ccrop.jpg,BNE,A_sepakat_band,unsegmented-band,Neutrophil,train,-1.9078221791537935
18.384776310850235,10.0,0.5439282932204212,4939,BNE_553117_ccrop.jpg,BNE,A_sepakat_band,unsegmented-band,Neutrophil,train,0.5319900370367927
19.209372712298546,7.5,0.3904344047215152,6078,BNE_554123_ccrop.jpg,BNE,D_konflik_BNE_dianotasi_segmented,segmented-bilobed,Neutrophil,train,1.4065062574863187
26.248809496813376,18.5,0.7047938689274998,4644,BNE_554509_ccrop.jpg,BNE,A_sepakat_band,unsegmented-band,Neutrophil,train,-5.459819802291529
24.73863375370596,19.5,0.7882407813680822,4336,BNE_555286_ccrop.jpg,BNE,A_sepakat_band,unsegmented-band,Neutrophil,train,-7.168602765931725
20.518284528683193,6.5,0.3167906162385766,4826,BNE_556078_ccrop.jpg,BNE,A_sepakat_band,unsegmented-band,Neutrophil,train,0.20754352217510164
20.248456731316587,14.5,0.7161039575709525,5412,BNE_55624_ccrop.jpg,BNE,A_sepakat_band,unsegmented-band,Neutrophil,train,-1.6413092065901775
25.059928172283335,8.0,0.31923475378704885,4891,BNE_557210_ccrop.jpg,BNE,A_sepakat_band,unsegmented-band,Neutrophil,train,-1.9727857871198893
18.35755975068582,11.0,0.5992081817731276,5230,BNE_558065_ccrop.jpg,BNE,A_sepakat_band,unsegmented-band,Neutrophil,train,-0.7262759006072592
22.135943621178654,9.0,0.40657855630736306,5759,BNE_558159_ccrop.jpg,BNE,A_sepakat_band,unsegmented-band,Neutrophil,train,-0.6924168107370594
25.179356624028344,13.5,0.5361534927829379,6057,BNE_558616_ccrop.jpg,BNE,A_sepakat_band,unsegmented-band,Neutrophil,train,-2.425821251129335
21.93171219946131,9.0,0.4103646773287979,5748,BNE_55926_ccrop.jpg,BNE,A_sepakat_band,unsegmented-band,Neutrophil,train,0.02253805580247814
18.0,9.5,0.5277777777777778,5526,BNE_559369_ccrop.jpg,BNE,A_sepakat_band,unsegmented-band,Neutrophil,train,0.8010872140338368
27.65863337187866,13.5,0.4880935300919764,6091,BNE_560375_ccrop.jpg,BNE,A_sepakat_band,unsegmented-band,Neutrophil,train,-3.164002646795634
21.93171219946131,14.0,0.6383450536225744,6775,BNE_561687_ccrop.jpg,BNE,A_sepakat_band,unsegmented-band,Neutrophil,train,-1.4980723024381977
21.93171219946131,9.5,0.43316271495817554,5130,BNE_564586_ccrop.jpg,BNE,A_sepakat_band,unsegmented-band,Neutrophil,train,-0.19396009952536453
27.0,1.5,0.05555555555555555,9238,BNE_564942_ccrop.jpg,BNE,A_sepakat_band,unsegmented-band,Neutrophil,train,-0.8796897192484092
18.35755975068582,10.5,0.5719714462379855,6534,BNE_565190_ccrop.jpg,BNE,A_sepakat_band,unsegmented-band,Neutrophil,train,0.28650834753479515
26.870057685088806,0.5,0.01860807318911967,6639,BNE_56697_ccrop.jpg,BNE,A_sepakat_band,unsegmented-band,Neutrophil,train,-2.9872646864741466
26.476404589747453,18.0,0.6798506171404481,5096,BNE_568093_ccrop.jpg,BNE,A_sepakat_band,unsegmented-band,Neutrophil,train,-4.360329240826147
22.02271554554524,10.5,0.47678043964582484,6168,BNE_569440_ccrop.jpg,BNE,A_sepakat_band,unsegmented-band,Neutrophil,train,0.20374743170263976
20.615528128088304,13.5,0.654846187598099,5995,BNE_570330_ccrop.jpg,BNE,A_sepakat_band,unsegmented-band,Neutrophil,train,-0.9767139780688794
20.09975124224178,4.0,0.19900743804199783,4950,BNE_570489_ccrop.jpg,BNE,A_sepakat_band,unsegmented-band,Neutrophil,train,-0.7506957723823593
25.238858928247925,2.5,0.09905360646879091,4764,BNE_571324_ccrop.jpg,BNE,A_sepakat_band,unsegmented-band,Neutrophil,train,-4.932280942713904
34.48187929913333,21.0,0.6090155300940286,5777,BNE_572139_ccrop.jpg,BNE,A_sepakat_band,unsegmented-band,Neutrophil,train,-7.182048309932783
22.360679774997898,18.5,0.8273451516749222,5040,BNE_573024_ccrop.jpg,BNE,A_sepakat_band,unsegmented-band,Neutrophil,train,-4.02773562149323
17.69180601295413,9.5,0.5369717479970104,4852,BNE_576989_ccrop.jpg,BNE,A_sepakat_band,unsegmented-band,Neutrophil,train,-0.4419656776633296
27.202941017470888,22.0,0.8087360843031884,6314,BNE_57734_ccrop.jpg,BNE,A_sepakat_band,unsegmented-band,Neutrophil,train,-6.1750354230353555
19.235384061671343,12.5,0.6498440561375455,5393,BNE_57860_ccrop.jpg,BNE,A_sepakat_band,unsegmented-band,Neutrophil,train,-1.201411373670929
20.615528128088304,14.5,0.7033533126053656,6437,BNE_578714_ccrop.jpg,BNE,A_sepakat_band,unsegmented-band,Neutrophil,train,-2.0182386284367233
24.73863375370596,9.5,0.3840147396408606,5841,BNE_579086_ccrop.jpg,BNE,A_sepakat_band,unsegmented-band,Neutrophil,train,-1.2682888154164935
22.360679774997898,10.5,0.4695742752749558,4967,BNE_579098_ccrop.jpg,BNE,A_sepakat_band,unsegmented-band,Neutrophil,train,-1.5665591646227544
21.93171219946131,14.0,0.6383450536225744,5483,BNE_580063_ccrop.jpg,BNE,A_sepakat_band,unsegmented-band,Neutrophil,train,-2.4603239888801163
19.313207915827967,10.0,0.5177803730784977,6440,BNE_580262_ccrop.jpg,BNE,A_sepakat_band,unsegmented-band,Neutrophil,train,-0.1818037181239749
22.135943621178654,9.5,0.42916625387999435,5498,BNE_581567_ccrop.jpg,BNE,A_sepakat_band,unsegmented-band,Neutrophil,train,-1.2032843295052196
18.35755975068582,11.0,0.5992081817731276,4837,BNE_581608_ccrop.jpg,BNE,A_sepakat_band,unsegmented-band,Neutrophil,train,-1.391822607990802
30.59411708155671,17.0,0.5556623828915214,6352,BNE_582144_ccrop.jpg,BNE,A_sepakat_band,unsegmented-band,Neutrophil,train,-4.821359821457904
24.839484696748443,14.0,0.5636187775599322,6715,BNE_582153_ccrop.jpg,BNE,A_sepakat_band,unsegmented-band,Neutrophil,train,-3.8103782937908797
21.213203435596427,11.5,0.5421151989096864,6698,BNE_582893_ccrop.jpg,BNE,A_sepakat_band,unsegmented-band,Neutrophil,train,-0.948041520986127
30.805843601498726,13.0,0.4219978575547771,7405,BNE_58313_ccrop.jpg,BNE,A_sepakat_band,unsegmented-band,Neutrophil,train,-2.6573860039494903
15.231546211727817,11.0,0.722185380728474,5334,BNE_58419_ccrop.jpg,BNE,A_sepakat_band,unsegmented-band,Neutrophil,train,-0.20416063422544006
18.027756377319946,11.0,0.610170215847752,4707,BNE_585573_ccrop.jpg,BNE,A_sepakat_band,unsegmented-band,Neutrophil,train,-0.8031948427245403
19.4164878389476,11.0,0.5665288228870652,5398,BNE_585707_ccrop.jpg,BNE,A_sepakat_band,unsegmented-band,Neutrophil,train,0.03285978778287024
21.02379604162864,14.0,0.6659120918162916,6463,BNE_586043_ccrop.jpg,BNE,A_sepakat_band,unsegmented-band,Neutrophil,train,-1.7350192640117879
28.460498941515414,15.5,0.5446144859178875,5837,BNE_586518_ccrop.jpg,BNE,A_sepakat_band,unsegmented-band,Neutrophil,train,-4.961248386512025
22.02271554554524,12.5,0.5675957614831247,6530,BNE_587615_ccrop.jpg,BNE,A_sepakat_band,unsegmented-band,Neutrophil,train,-0.7821137642134435
29.0,23.0,0.7931034482758621,5518,BNE_587693_ccrop.jpg,BNE,A_sepakat_band,unsegmented-band,Neutrophil,train,-6.528114049296478
21.400934559032695,11.5,0.5373597105433975,4972,BNE_588310_ccrop.jpg,BNE,A_sepakat_band,unsegmented-band,Neutrophil,train,-1.415179965727349
23.259406699226016,11.5,0.4944236174511999,4901,BNE_589405_ccrop.jpg,BNE,A_sepakat_band,unsegmented-band,Neutrophil,train,-2.6231113418291745
22.360679774997898,0.5,0.022360679774997897,7995,BNE_59011_ccrop.jpg,BNE,A_sepakat_band,unsegmented-band,Neutrophil,train,0.6951895763402156
18.439088914585774,8.5,0.4609772228646444,4521,BNE_591751_ccrop.jpg,BNE,A_sepakat_band,unsegmented-band,Neutrophil,train,0.8531142176366053
22.80350850198276,10.0,0.43852900965351466,5320,BNE_592262_ccrop.jpg,BNE,A_sepakat_band,unsegmented-band,Neutrophil,train,-0.9435528634325685
19.1049731745428,6.0,0.31405435355412825,5528,BNE_592960_ccrop.jpg,BNE,D_konflik_BNE_dianotasi_segmented,segmented-bilobed,Neutrophil,train,0.199861012999202
27.730849247724095,9.5,0.34257876183794395,6148,BNE_594365_ccrop.jpg,BNE,A_sepakat_band,unsegmented-band,Neutrophil,train,-1.4280109803317327
25.495097567963924,18.5,0.7256297000112809,6726,BNE_596214_ccrop.jpg,BNE,A_sepakat_band,unsegmented-band,Neutrophil,train,-4.008823529150554
22.360679774997898,11.5,0.5142956348249516,5239,BNE_596261_ccrop.jpg,BNE,A_sepakat_band,unsegmented-band,Neutrophil,train,-0.9211184070316687
25.612496949731394,0.5,0.01952172023607576,12503,BNE_59746_ccrop.jpg,BNE,D_konflik_BNE_dianotasi_segmented,segmented-multilobed,Neutrophil,train,0.7262422565168531
24.20743687382041,11.0,0.4544058116246152,5992,BNE_59753_ccrop.jpg,BNE,A_sepakat_band,unsegmented-band,Neutrophil,train,-1.7323594731338297
21.213203435596427,16.0,0.7542472332656507,5713,BNE_598005_ccrop.jpg,BNE,A_sepakat_band,unsegmented-band,Neutrophil,train,-2.6658833067780137
23.706539182259394,3.0,0.12654736218287935,7811,BNE_598093_ccrop.jpg,BNE,A_sepakat_band,unsegmented-band,Neutrophil,train,-0.13588608185159856
25.45584412271571,15.0,0.5892556509887896,5519,BNE_598157_ccrop.jpg,BNE,A_sepakat_band,unsegmented-band,Neutrophil,train,-3.590166820663658
22.561028345356956,7.0,0.3102695450245554,5625,BNE_598279_ccrop.jpg,BNE,A_sepakat_band,unsegmented-band,Neutrophil,train,-0.4816644581188285
26.68332812825267,14.0,0.524672182297103,5121,BNE_598798_ccrop.jpg,BNE,A_sepakat_band,unsegmented-band,Neutrophil,train,-3.48308946615761
27.65863337187866,19.0,0.6869464497590779,5276,BNE_599061_ccrop.jpg,BNE,A_sepakat_band,unsegmented-band,Neutrophil,train,-5.499625103952432
25.942243542145693,0.5,0.019273583612292495,6629,BNE_600196_ccrop.jpg,BNE,A_sepakat_band,unsegmented-band,Neutrophil,train,0.09022914491182732
23.08679276123039,19.0,0.8229813554659989,5007,BNE_600309_ccrop.jpg,BNE,A_sepakat_band,unsegmented-band,Neutrophil,train,-4.682208135633504
20.248456731316587,11.0,0.5432512781572743,5861,BNE_602109_ccrop.jpg,BNE,A_sepakat_band,unsegmented-band,Neutrophil,train,0.1034437872471603
20.248456731316587,13.5,0.666717477738473,5180,BNE_603801_ccrop.jpg,BNE,A_sepakat_band,unsegmented-band,Neutrophil,train,-1.6321423707700493
18.973665961010276,11.5,0.6061032181989393,6011,BNE_604011_ccrop.jpg,BNE,A_sepakat_band,unsegmented-band,Neutrophil,train,0.1650223411743621
31.0,0.5,0.016129032258064516,12824,BNE_604700_ccrop.jpg,BNE,D_konflik_BNE_dianotasi_segmented,segmented-bilobed,Neutrophil,train,1.8648248126440459
28.42534080710379,12.5,0.4397484654564324,4634,BNE_604811_ccrop.jpg,BNE,A_sepakat_band,unsegmented-band,Neutrophil,train,-4.089099373097493
18.681541692269406,11.5,0.6155808867080176,4554,BNE_605631_ccrop.jpg,BNE,A_sepakat_band,unsegmented-band,Neutrophil,train,-1.6199345931441371
22.80350850198276,13.0,0.570087712549569,5540,BNE_608977_ccrop.jpg,BNE,A_sepakat_band,unsegmented-band,Neutrophil,train,-3.2647715047790467
22.627416997969522,16.0,0.7071067811865475,6185,BNE_609298_ccrop.jpg,BNE,A_sepakat_band,unsegmented-band,Neutrophil,train,-2.4075628616813862
28.0,15.5,0.5535714285714286,7553,BNE_611740_ccrop.jpg,BNE,A_sepakat_band,unsegmented-band,Neutrophil,train,-4.902557492081604
21.18962010041709,4.0,0.1887716712732035,5959,BNE_612838_ccrop.jpg,BNE,A_sepakat_band,unsegmented-band,Neutrophil,train,-0.41285823796769705
22.20360331117452,13.0,0.5854905538443584,5492,BNE_613105_ccrop.jpg,BNE,A_sepakat_band,unsegmented-band,Neutrophil,train,-2.1173814585192794
20.8806130178211,7.5,0.35918485695793173,5030,BNE_613862_ccrop.jpg,BNE,A_sepakat_band,unsegmented-band,Neutrophil,train,-0.9224056932196021
26.40075756488817,16.0,0.6060432152628562,4407,BNE_615368_ccrop.jpg,BNE,A_sepakat_band,unsegmented-band,Neutrophil,train,-5.478132615302378
23.769728648009426,8.0,0.336562529529337,6151,BNE_617269_ccrop.jpg,BNE,A_sepakat_band,unsegmented-band,Neutrophil,train,-1.1366373405864145
24.20743687382041,17.0,0.7022635270562234,5806,BNE_618269_ccrop.jpg,BNE,A_sepakat_band,unsegmented-band,Neutrophil,train,-4.31225350235672
21.93171219946131,17.0,0.7751332793988405,5158,BNE_620218_ccrop.jpg,BNE,A_sepakat_band,unsegmented-band,Neutrophil,train,-3.6906455311818647
25.079872407968907,14.0,0.55821655598023,7313,BNE_623314_ccrop.jpg,BNE,A_sepakat_band,unsegmented-band,Neutrophil,train,-1.6968650379864592
21.02379604162864,8.0,0.38052119532359524,5655,BNE_623488_ccrop.jpg,BNE,A_sepakat_band,unsegmented-band,Neutrophil,train,0.057239437481635846
22.80350850198276,13.5,0.5920141630322447,5727,BNE_623604_ccrop.jpg,BNE,A_sepakat_band,unsegmented-band,Neutrophil,train,-4.2389537180940575
27.16615541441225,23.0,0.8466416999071569,4676,BNE_62365_ccrop.jpg,BNE,E_lainnya,unsegmented-round,Neutrophil,train,-7.588491734372926
22.80350850198276,12.5,0.5481612620668933,4941,BNE_624221_ccrop.jpg,BNE,A_sepakat_band,unsegmented-band,Neutrophil,train,-2.2190507662457115
22.80350850198276,9.5,0.4166025591708389,5916,BNE_627756_ccrop.jpg,BNE,A_sepakat_band,unsegmented-band,Neutrophil,train,-0.9516322298852273
25.238858928247925,15.0,0.5943216388127455,5364,BNE_62938_ccrop.jpg,BNE,A_sepakat_band,unsegmented-band,Neutrophil,train,-3.712181664505877
19.4164878389476,12.5,0.643782753280756,5238,BNE_629963_ccrop.jpg,BNE,A_sepakat_band,unsegmented-band,Neutrophil,train,-0.3742573346861917
21.540659228538015,9.0,0.41781451089836674,5540,BNE_630703_ccrop.jpg,BNE,A_sepakat_band,unsegmented-band,Neutrophil,train,-0.40894414317485506
19.4164878389476,5.0,0.2575131013123024,5356,BNE_630905_ccrop.jpg,BNE,D_konflik_BNE_dianotasi_segmented,segmented-multilobed,Neutrophil,train,0.1202347646243247
17.46424919657298,9.5,0.5439684175981748,3989,BNE_631173_ccrop.jpg,BNE,A_sepakat_band,unsegmented-band,Neutrophil,train,-0.7059224139697129
27.65863337187866,16.5,0.5965587590013045,7215,BNE_633873_ccrop.jpg,BNE,A_sepakat_band,unsegmented-band,Neutrophil,train,-2.06883542800597
33.24154027718932,12.5,0.37603552349761676,7680,BNE_635273_ccrop.jpg,BNE,A_sepakat_band,unsegmented-band,Neutrophil,train,-3.093797432935105
25.96150997149434,16.5,0.6355562530113599,7016,BNE_636091_ccrop.jpg,BNE,A_sepakat_band,unsegmented-band,Neutrophil,train,-4.049485127324331
34.92849839314596,0.5,0.014314958357846706,12185,BNE_636142_ccrop.jpg,BNE,A_sepakat_band,unsegmented-band,Neutrophil,train,-1.2356680922365193
26.570660511172846,14.0,0.526896950646487,8096,BNE_637566_ccrop.jpg,BNE,A_sepakat_band,unsegmented-band,Neutrophil,train,-1.5649481296011167
23.08679276123039,12.5,0.5414351022802625,5754,BNE_637803_ccrop.jpg,BNE,A_sepakat_band,unsegmented-band,Neutrophil,train,-1.2302583094523367
24.041630560342615,1.0,0.04159451654038515,4796,BNE_640026_ccrop.jpg,BNE,A_sepakat_band,unsegmented-band,Neutrophil,train,0.18689581199273952
22.47220505424423,11.0,0.4894935754389833,7156,BNE_640067_ccrop.jpg,BNE,A_sepakat_band,unsegmented-band,Neutrophil,train,-0.5651699429392067
27.0,12.5,0.46296296296296297,5722,BNE_640140_ccrop.jpg,BNE,A_sepakat_band,unsegmented-band,Neutrophil,train,-2.9107961273413068
23.769728648009426,11.0,0.46277347810283836,5154,BNE_641093_ccrop.jpg,BNE,A_sepakat_band,unsegmented-band,Neutrophil,train,-2.0226259792258894
22.47220505424423,16.0,0.7119906551839756,6315,BNE_642218_ccrop.jpg,BNE,A_sepakat_band,unsegmented-band,Neutrophil,train,-2.051456939283467
21.470910553583888,13.5,0.6287576843240401,5376,BNE_643351_ccrop.jpg,BNE,A_sepakat_band,unsegmented-band,Neutrophil,train,-2.2659543554354435
20.518284528683193,9.0,0.4386331609457214,4871,BNE_643739_ccrop.jpg,BNE,A_sepakat_band,unsegmented-band,Neutrophil,train,-1.6783622914099503
33.12099032335839,25.0,0.7548083482989605,7164,BNE_64421_ccrop.jpg,BNE,A_sepakat_band,unsegmented-band,Neutrophil,train,-5.992139906523237
21.18962010041709,10.0,0.47192917818300867,5856,BNE_644247_ccrop.jpg,BNE,A_sepakat_band,unsegmented-band,Neutrophil,train,0.2089825140617938
23.194827009486403,13.0,0.5604697976269949,6039,BNE_645191_ccrop.jpg,BNE,A_sepakat_band,unsegmented-band,Neutrophil,train,-1.8255008441255711
24.186773244895647,11.0,0.4547940268270977,5986,BNE_645573_ccrop.jpg,BNE,A_sepakat_band,unsegmented-band,Neutrophil,train,-1.450547662217497
23.345235059857504,13.5,0.5782764647854611,5474,BNE_646654_ccrop.jpg,BNE,A_sepakat_band,unsegmented-band,Neutrophil,train,-2.990351736876118
25.179356624028344,13.5,0.5361534927829379,6382,BNE_647348_ccrop.jpg,BNE,A_sepakat_band,unsegmented-band,Neutrophil,train,-0.994335467763678
22.20360331117452,14.0,0.630528288755463,7493,BNE_647486_ccrop.jpg,BNE,A_sepakat_band,unsegmented-band,Neutrophil,train,-0.7969299391432845
25.179356624028344,17.5,0.6950137869408454,5823,BNE_649469_ccrop.jpg,BNE,A_sepakat_band,unsegmented-band,Neutrophil,train,-3.62560543418177
25.942243542145693,15.0,0.5782075083687748,6101,BNE_650594_ccrop.jpg,BNE,A_sepakat_band,unsegmented-band,Neutrophil,train,-2.409029269926318
21.02379604162864,13.0,0.6183469424008423,5413,BNE_651693_ccrop.jpg,BNE,A_sepakat_band,unsegmented-band,Neutrophil,train,-2.8995261193136503
22.825424421026653,12.5,0.5476349429229044,6597,BNE_653016_ccrop.jpg,BNE,A_sepakat_band,unsegmented-band,Neutrophil,train,-1.9245212742179216
24.186773244895647,11.5,0.4754664825919658,6736,BNE_653147_ccrop.jpg,BNE,A_sepakat_band,unsegmented-band,Neutrophil,train,-1.2533484469605405
25.238858928247925,20.0,0.7924288517503273,4590,BNE_654014_ccrop.jpg,BNE,A_sepakat_band,unsegmented-band,Neutrophil,train,-6.581553090797051
18.601075237738275,10.0,0.5376033305704704,4997,BNE_654315_ccrop.jpg,BNE,A_sepakat_band,unsegmented-band,Neutrophil,train,0.0010642231247466327
22.627416997969522,16.0,0.7071067811865475,6483,BNE_656115_ccrop.jpg,BNE,A_sepakat_band,unsegmented-band,Neutrophil,train,-2.1986165408602503
30.4138126514911,10.0,0.3287979746107146,6469,BNE_657003_ccrop.jpg,BNE,A_sepakat_band,unsegmented-band,Neutrophil,train,-1.4770380126429856
38.91015291668744,27.5,0.7067564103097125,9784,BNE_657751_ccrop.jpg,BNE,A_sepakat_band,unsegmented-band,Neutrophil,train,-7.020257534411412
27.730849247724095,12.0,0.4327310675847713,7341,BNE_658440_ccrop.jpg,BNE,A_sepakat_band,unsegmented-band,Neutrophil,train,-1.6005898843702084
34.713109915419565,24.5,0.7057852223467048,7004,BNE_658776_ccrop.jpg,BNE,A_sepakat_band,unsegmented-band,Neutrophil,train,-6.8545152851320985
23.345235059857504,11.5,0.49260587740983725,6293,BNE_659216_ccrop.jpg,BNE,A_sepakat_band,unsegmented-band,Neutrophil,train,-1.6767834664285743
20.09975124224178,7.0,0.34826301657349623,7176,BNE_659430_ccrop.jpg,BNE,A_sepakat_band,unsegmented-band,Neutrophil,train,1.1621235813750541
24.166091947189145,13.0,0.5379438275915391,5745,BNE_660663_ccrop.jpg,BNE,A_sepakat_band,unsegmented-band,Neutrophil,train,-1.0006679084084293
20.09975124224178,16.5,0.8209056819232411,5079,BNE_661607_ccrop.jpg,BNE,A_sepakat_band,unsegmented-band,Neutrophil,train,-2.4899574101191444
26.076809620810597,14.0,0.5368754921931592,4842,BNE_661686_ccrop.jpg,BNE,A_sepakat_band,unsegmented-band,Neutrophil,train,-3.8241755372812225
18.788294228055936,9.0,0.47902166587111455,4498,BNE_66389_ccrop.jpg,BNE,A_sepakat_band,unsegmented-band,Neutrophil,train,0.8054225882625126
32.38826948140329,17.0,0.5248813929302727,8030,BNE_664457_ccrop.jpg,BNE,A_sepakat_band,unsegmented-band,Neutrophil,train,-3.84774258611532
29.068883707497267,19.5,0.6708203932499369,4050,BNE_666016_ccrop.jpg,BNE,A_sepakat_band,unsegmented-band,Neutrophil,train,-9.055920308154366
25.059928172283335,14.0,0.5586608191273356,6932,BNE_666824_ccrop.jpg,BNE,A_sepakat_band,unsegmented-band,Neutrophil,train,-2.786216315418624
21.840329667841555,10.5,0.4807619738204116,6412,BNE_667822_ccrop.jpg,BNE,A_sepakat_band,unsegmented-band,Neutrophil,train,-0.6384319248241841
23.021728866442675,13.0,0.5646839155919902,5615,BNE_669603_ccrop.jpg,BNE,A_sepakat_band,unsegmented-band,Neutrophil,train,-1.6159703323874783
25.0,17.5,0.7,5076,BNE_671120_ccrop.jpg,BNE,A_sepakat_band,unsegmented-band,Neutrophil,train,-5.234180517672948
32.449961479175904,13.0,0.40061680838488767,6190,BNE_671277_ccrop.jpg,BNE,A_sepakat_band,unsegmented-band,Neutrophil,train,-3.6636622589905983
22.090722034374522,16.5,0.7469199048507779,5496,BNE_67131_ccrop.jpg,BNE,A_sepakat_band,unsegmented-band,Neutrophil,train,-3.77662821907926
23.345235059857504,13.0,0.5568588179415551,6217,BNE_672329_ccrop.jpg,BNE,A_sepakat_band,unsegmented-band,Neutrophil,train,-1.4319697198923436
30.528675044947494,20.0,0.6551217820804184,6894,BNE_673108_ccrop.jpg,BNE,A_sepakat_band,unsegmented-band,Neutrophil,train,-5.204044591761786
26.1725046566048,11.5,0.4393924139430003,5394,BNE_67367_ccrop.jpg,BNE,A_sepakat_band,unsegmented-band,Neutrophil,train,-1.9481899488606729
25.495097567963924,12.0,0.47067872433164165,5801,BNE_674224_ccrop.jpg,BNE,A_sepakat_band,unsegmented-band,Neutrophil,train,-1.657999622316483
24.0,0.5,0.020833333333333332,5558,BNE_676841_ccrop.jpg,BNE,A_sepakat_band,unsegmented-band,Neutrophil,train,0.5084361778145459
21.0,10.0,0.47619047619047616,5106,BNE_676979_ccrop.jpg,BNE,A_sepakat_band,unsegmented-band,Neutrophil,train,-2.0697292260243287
23.769728648009426,11.0,0.46277347810283836,5323,BNE_677665_ccrop.jpg,BNE,A_sepakat_band,unsegmented-band,Neutrophil,train,-0.9694934311300436
22.627416997969522,8.5,0.37565047750535335,6067,BNE_679904_ccrop.jpg,BNE,A_sepakat_band,unsegmented-band,Neutrophil,train,-0.2881868169343882
24.331050121192877,9.5,0.39044759485022357,5858,BNE_680440_ccrop.jpg,BNE,A_sepakat_band,unsegmented-band,Neutrophil,train,-0.6870249998982221
21.840329667841555,14.0,0.6410159650938821,4920,BNE_680877_ccrop.jpg,BNE,A_sepakat_band,unsegmented-band,Neutrophil,train,-2.3192737586707803
21.18962010041709,15.5,0.7314902261836634,6044,BNE_681134_ccrop.jpg,BNE,A_sepakat_band,unsegmented-band,Neutrophil,train,-3.3817684355104287
24.698178070456937,4.0,0.1619552660357832,5541,BNE_68390_ccrop.jpg,BNE,A_sepakat_band,unsegmented-band,Neutrophil,train,-2.9034762085643973
19.924858845171276,14.5,0.7277341391813186,6247,BNE_685199_ccrop.jpg,BNE,A_sepakat_band,unsegmented-band,Neutrophil,train,-1.16023415182371
25.495097567963924,9.5,0.3726206567625497,7409,BNE_686136_ccrop.jpg,BNE,A_sepakat_band,unsegmented-band,Neutrophil,train,-0.5985739662492406
26.0,20.5,0.7884615384615384,6990,BNE_686296_ccrop.jpg,BNE,A_sepakat_band,unsegmented-band,Neutrophil,train,-4.340580463074717
16.55294535724685,8.5,0.5135037793306504,4238,BNE_688044_ccrop.jpg,BNE,A_sepakat_band,unsegmented-band,Neutrophil,train,0.28886948373017685
20.248456731316587,14.0,0.6914107176547127,5414,BNE_688321_ccrop.jpg,BNE,A_sepakat_band,unsegmented-band,Neutrophil,train,-1.1086570326207248
28.160255680657446,13.5,0.4793990563541936,5677,BNE_689617_ccrop.jpg,BNE,A_sepakat_band,unsegmented-band,Neutrophil,train,-2.497092797296405
20.518284528683193,15.0,0.7310552682428689,5751,BNE_69105_ccrop.jpg,BNE,A_sepakat_band,unsegmented-band,Neutrophil,train,-1.3716564104377351
19.697715603592208,6.5,0.3299875036684262,4542,BNE_692510_ccrop.jpg,BNE,A_sepakat_band,unsegmented-band,Neutrophil,train,-0.6748800704539235
21.587033144922902,9.0,0.4169169491508715,6387,BNE_693172_ccrop.jpg,BNE,A_sepakat_band,unsegmented-band,Neutrophil,train,0.43092123612870825
21.633307652783937,11.0,0.5084751798731266,7240,BNE_695422_ccrop.jpg,BNE,A_sepakat_band,unsegmented-band,Neutrophil,train,0.5430778095780946
25.942243542145693,9.0,0.3469245050212649,5961,BNE_69587_ccrop.jpg,BNE,A_sepakat_band,unsegmented-band,Neutrophil,train,-2.288934988494738
25.96150997149434,12.0,0.4622227294628072,6329,BNE_698717_ccrop.jpg,BNE,A_sepakat_band,unsegmented-band,Neutrophil,train,-1.2612905660365232
23.0,5.0,0.21739130434782608,5394,BNE_700622_ccrop.jpg,BNE,A_sepakat_band,unsegmented-band,Neutrophil,train,0.07756440454816804
34.0147027033899,22.0,0.6467791352416402,7421,BNE_705327_ccrop.jpg,BNE,A_sepakat_band,unsegmented-band,Neutrophil,train,-6.421490705365962
21.0,9.0,0.42857142857142855,5869,BNE_705602_ccrop.jpg,BNE,A_sepakat_band,unsegmented-band,Neutrophil,train,0.5062745370933532
29.120439557122072,23.0,0.789823242704962,5305,BNE_706135_ccrop.jpg,BNE,A_sepakat_band,unsegmented-band,Neutrophil,train,-7.214438760323802
26.30589287593181,21.0,0.7983002173331908,6656,BNE_706305_ccrop.jpg,BNE,A_sepakat_band,unsegmented-band,Neutrophil,train,-4.317189632170075
26.68332812825267,15.0,0.5621487667468961,9159,BNE_707813_ccrop.jpg,BNE,A_sepakat_band,unsegmented-band,Neutrophil,train,-1.4841200472423726
22.80350850198276,10.5,0.4604554601361904,5774,BNE_709653_ccrop.jpg,BNE,A_sepakat_band,unsegmented-band,Neutrophil,train,-1.8157660730374143
24.515301344262525,13.0,0.5302810606912027,7056,BNE_709975_ccrop.jpg,BNE,A_sepakat_band,unsegmented-band,Neutrophil,train,-1.3389436793472242
22.20360331117452,14.0,0.630528288755463,7424,BNE_710070_ccrop.jpg,BNE,A_sepakat_band,unsegmented-band,Neutrophil,train,-1.1838031379932037
20.0,9.0,0.45,5654,BNE_711852_ccrop.jpg,BNE,A_sepakat_band,unsegmented-band,Neutrophil,train,-0.1370268114570088
27.202941017470888,13.0,0.477889504360975,3915,BNE_7119_ccrop.jpg,BNE,A_sepakat_band,unsegmented-band,Neutrophil,train,-5.710759581445547
22.20360331117452,9.0,0.40533961419994047,4878,BNE_713975_ccrop.jpg,BNE,A_sepakat_band,unsegmented-band,Neutrophil,train,-1.0318937759348028
23.769728648009426,18.0,0.7572656914410082,5042,BNE_715_ccrop.jpg,BNE,A_sepakat_band,unsegmented-band,Neutrophil,train,-4.953892951776423
23.021728866442675,15.5,0.6732769762827575,5846,BNE_715693_ccrop.jpg,BNE,A_sepakat_band,unsegmented-band,Neutrophil,train,-2.6733673843028996
19.6468827043885,13.0,0.6616825781270739,5143,BNE_717710_ccrop.jpg,BNE,A_sepakat_band,unsegmented-band,Neutrophil,train,-0.8029928088677245
24.331050121192877,16.0,0.6575959492214292,7425,BNE_718921_ccrop.jpg,BNE,A_sepakat_band,unsegmented-band,Neutrophil,train,-2.277218546299828
24.166091947189145,15.0,0.620704416451776,5786,BNE_719511_ccrop.jpg,BNE,A_sepakat_band,unsegmented-band,Neutrophil,train,-2.410356693757496
23.769728648009426,12.0,0.5048437942940055,5143,BNE_720143_ccrop.jpg,BNE,A_sepakat_band,unsegmented-band,Neutrophil,train,-1.7868369849385708
25.553864678361276,14.0,0.5478623361363826,4633,BNE_721486_ccrop.jpg,BNE,A_sepakat_band,unsegmented-band,Neutrophil,train,-4.327022231382923
21.840329667841555,15.5,0.7096962470682266,4792,BNE_722116_ccrop.jpg,BNE,A_sepakat_band,unsegmented-band,Neutrophil,train,-3.599122735390095
26.1725046566048,4.0,0.15283214398017403,6410,BNE_723261_ccrop.jpg,BNE,A_sepakat_band,unsegmented-band,Neutrophil,train,-0.37884585144113103
21.095023109728988,13.0,0.6162591020819703,5917,BNE_724027_ccrop.jpg,BNE,A_sepakat_band,unsegmented-band,Neutrophil,train,-0.2509515899803425
22.0,15.0,0.6818181818181818,4809,BNE_725869_ccrop.jpg,BNE,A_sepakat_band,unsegmented-band,Neutrophil,train,-3.653415848482659
23.53720459187964,4.5,0.1911866798979393,5796,BNE_725999_ccrop.jpg,BNE,D_konflik_BNE_dianotasi_segmented,segmented-bilobed,Neutrophil,train,-0.7168479337119056
21.470910553583888,0.5,0.023287321641631116,5624,BNE_726027_ccrop.jpg,BNE,A_sepakat_band,unsegmented-band,Neutrophil,train,1.0571608121329223
21.93171219946131,3.5,0.1595862634056436,6260,BNE_726259_ccrop.jpg,BNE,A_sepakat_band,unsegmented-band,Neutrophil,train,0.6721556191381701
20.248456731316587,8.5,0.4197850785760756,6333,BNE_726666_ccrop.jpg,BNE,A_sepakat_band,unsegmented-band,Neutrophil,train,-0.5093765708279818
23.430749027719962,15.0,0.6401843996644799,5938,BNE_727973_ccrop.jpg,BNE,A_sepakat_band,unsegmented-band,Neutrophil,train,-2.9744362287820056
25.80697580112788,11.5,0.4456159485179739,4826,BNE_728500_ccrop.jpg,BNE,A_sepakat_band,unsegmented-band,Neutrophil,train,-2.8524295367644577
24.041630560342615,20.5,0.8526875890778955,5137,BNE_73023_ccrop.jpg,BNE,A_sepakat_band,unsegmented-band,Neutrophil,train,-4.352494269850325
24.20743687382041,14.0,0.5783346693404193,6509,BNE_731008_ccrop.jpg,BNE,A_sepakat_band,unsegmented-band,Neutrophil,train,-1.7160433736286969
29.0,22.0,0.7586206896551724,6566,BNE_733085_ccrop.jpg,BNE,A_sepakat_band,unsegmented-band,Neutrophil,train,-4.946595348366497
24.166091947189145,11.0,0.45518323873130234,5446,BNE_733616_ccrop.jpg,BNE,A_sepakat_band,unsegmented-band,Neutrophil,train,-0.7246994084559404
27.294688127912362,4.0,0.14654866108946232,6242,BNE_733916_ccrop.jpg,BNE,A_sepakat_band,unsegmented-band,Neutrophil,train,-1.7096509879160795
31.400636936215164,17.0,0.5413902920037097,9382,BNE_734001_ccrop.jpg,BNE,A_sepakat_band,unsegmented-band,Neutrophil,train,-5.760729231106268
20.615528128088304,15.0,0.7276068751089989,4597,BNE_734804_ccrop.jpg,BNE,A_sepakat_band,unsegmented-band,Neutrophil,train,-2.944341656269394
23.600847442411894,8.5,0.3601565588159804,5227,BNE_734929_ccrop.jpg,BNE,A_sepakat_band,unsegmented-band,Neutrophil,train,-1.9869843774418268
21.93171219946131,10.0,0.4559607525875532,7026,BNE_739399_ccrop.jpg,BNE,A_sepakat_band,unsegmented-band,Neutrophil,train,-1.159894306967999
21.633307652783937,9.0,0.4160251471689218,6002,BNE_739805_ccrop.jpg,BNE,A_sepakat_band,unsegmented-band,Neutrophil,train,0.09828512159028158
28.653097563788805,20.5,0.7154549330787705,5602,BNE_740551_ccrop.jpg,BNE,A_sepakat_band,unsegmented-band,Neutrophil,train,-5.762909459622541
27.586228448267445,8.0,0.2899997734377655,5952,BNE_741104_ccrop.jpg,BNE,A_sepakat_band,unsegmented-band,Neutrophil,train,-1.861664992671754
19.4164878389476,12.5,0.643782753280756,5159,BNE_74120_ccrop.jpg,BNE,A_sepakat_band,unsegmented-band,Neutrophil,train,-0.2868081437804211
19.1049731745428,9.5,0.49725272646070307,5471,BNE_742479_ccrop.jpg,BNE,A_sepakat_band,unsegmented-band,Neutrophil,train,0.36959653663176084
31.144823004794873,29.0,0.9311338836485066,5026,BNE_742515_ccrop.jpg,BNE,E_lainnya,unsegmented-round,Neutrophil,train,-9.075085188766813
18.973665961010276,11.0,0.5797509043642028,5399,BNE_746471_ccrop.jpg,BNE,A_sepakat_band,unsegmented-band,Neutrophil,train,-0.08704020468579543
20.09975124224178,10.5,0.5223945248602443,4903,BNE_746634_ccrop.jpg,BNE,A_sepakat_band,unsegmented-band,Neutrophil,train,-0.7735246652409842
25.553864678361276,18.5,0.7239609441802198,5677,BNE_747852_ccrop.jpg,BNE,A_sepakat_band,unsegmented-band,Neutrophil,train,-4.5069448056345625
20.615528128088304,4.0,0.19402850002906638,5997,BNE_748706_ccrop.jpg,BNE,A_sepakat_band,unsegmented-band,Neutrophil,train,-0.4065926369377859
24.186773244895647,10.0,0.41344911529736156,6016,BNE_749180_ccrop.jpg,BNE,A_sepakat_band,unsegmented-band,Neutrophil,train,-0.7411866358208066
21.095023109728988,12.5,0.5925568289249715,5656,BNE_751887_ccrop.jpg,BNE,A_sepakat_band,unsegmented-band,Neutrophil,train,-1.7069458680149339
21.0,9.0,0.42857142857142855,4857,BNE_752441_ccrop.jpg,BNE,A_sepakat_band,unsegmented-band,Neutrophil,train,-0.8719817837622355
26.1725046566048,19.5,0.7450567019033484,6356,BNE_752984_ccrop.jpg,BNE,A_sepakat_band,unsegmented-band,Neutrophil,train,-4.513396151865635
20.615528128088304,9.5,0.46081768756903263,5455,BNE_756237_ccrop.jpg,BNE,A_sepakat_band,unsegmented-band,Neutrophil,train,-0.018966459563399596
24.698178070456937,12.0,0.48586579810734964,4440,BNE_757613_ccrop.jpg,BNE,A_sepakat_band,unsegmented-band,Neutrophil,train,-1.9318369713873906
22.67156809750927,15.5,0.6836756916564078,7282,BNE_760262_ccrop.jpg,BNE,A_sepakat_band,unsegmented-band,Neutrophil,train,-1.674188136646329
22.0,13.0,0.5909090909090909,6480,BNE_760668_ccrop.jpg,BNE,A_sepakat_band,unsegmented-band,Neutrophil,train,-1.7790702446574098
27.202941017470888,17.0,0.6249324287797365,5514,BNE_761275_ccrop.jpg,BNE,A_sepakat_band,unsegmented-band,Neutrophil,train,-3.777381111676487
22.80350850198276,16.0,0.7016464154456235,6002,BNE_761456_ccrop.jpg,BNE,A_sepakat_band,unsegmented-band,Neutrophil,train,-1.875174466030149
28.635642126552707,18.0,0.6285872661926204,5159,BNE_761523_ccrop.jpg,BNE,A_sepakat_band,unsegmented-band,Neutrophil,train,-6.610544190326273
19.72308292331602,1.0,0.05070201265633938,5474,BNE_762064_ccrop.jpg,BNE,A_sepakat_band,unsegmented-band,Neutrophil,train,0.43484183119461584
28.284271247461902,20.5,0.7247844507162112,4453,BNE_762145_ccrop.jpg,BNE,E_lainnya,irregular,Neutrophil,train,-7.531165720471101
20.0,10.0,0.5,5700,BNE_762565_ccrop.jpg,BNE,A_sepakat_band,unsegmented-band,Neutrophil,train,-1.196633688784301
24.596747752497688,8.5,0.34557414197724023,5986,BNE_764108_ccrop.jpg,BNE,A_sepakat_band,unsegmented-band,Neutrophil,train,-0.8032078495685298
27.85677655436824,16.0,0.5743665268941905,4894,BNE_764437_ccrop.jpg,BNE,A_sepakat_band,unsegmented-band,Neutrophil,train,-4.179044809682894
20.518284528683193,3.0,0.14621105364857379,6235,BNE_765092_ccrop.jpg,BNE,D_konflik_BNE_dianotasi_segmented,segmented-bilobed,Neutrophil,train,0.6445921833986485
25.0,2.5,0.1,7481,BNE_766669_ccrop.jpg,BNE,A_sepakat_band,unsegmented-band,Neutrophil,train,-0.3549718076319568
25.298221281347036,17.5,0.691748238161833,4760,BNE_767862_ccrop.jpg,BNE,A_sepakat_band,unsegmented-band,Neutrophil,train,-4.87301856128766
23.0,9.0,0.391304347826087,5860,BNE_771331_ccrop.jpg,BNE,A_sepakat_band,unsegmented-band,Neutrophil,train,-0.3635760940925632
17.72004514666935,10.0,0.5643326479831003,5240,BNE_772616_ccrop.jpg,BNE,D_konflik_BNE_dianotasi_segmented,segmented-bilobed,Neutrophil,train,0.6002428309395906
21.470910553583888,11.5,0.5356083977575157,5728,BNE_772825_ccrop.jpg,BNE,A_sepakat_band,unsegmented-band,Neutrophil,train,-1.6668313494877456
34.0,21.5,0.6323529411764706,5460,BNE_773314_ccrop.jpg,BNE,A_sepakat_band,unsegmented-band,Neutrophil,train,-8.07870603119531
22.20360331117452,8.5,0.3828207467443882,5366,BNE_775595_ccrop.jpg,BNE,A_sepakat_band,unsegmented-band,Neutrophil,train,-0.26871506506185483
37.48332962798263,0.5,0.013339263212805203,7492,BNE_77701_ccrop.jpg,BNE,A_sepakat_band,unsegmented-band,Neutrophil,train,1.4782319621344806
26.1725046566048,15.0,0.5731205399256526,6775,BNE_777460_ccrop.jpg,BNE,A_sepakat_band,unsegmented-band,Neutrophil,train,-2.3328490198068472
27.65863337187866,19.5,0.7050239879106326,4617,BNE_779628_ccrop.jpg,BNE,A_sepakat_band,unsegmented-band,Neutrophil,train,-6.515871164733099
24.331050121192877,8.5,0.34934784802388424,6662,BNE_779767_ccrop.jpg,BNE,A_sepakat_band,unsegmented-band,Neutrophil,train,-3.732674391992731
22.47220505424423,15.0,0.6674912392349772,5805,BNE_781944_ccrop.jpg,BNE,A_sepakat_band,unsegmented-band,Neutrophil,train,-2.1745818479059675
28.0,18.0,0.6428571428571429,5292,BNE_782010_ccrop.jpg,BNE,A_sepakat_band,unsegmented-band,Neutrophil,train,-4.7408618254976
32.2490309931942,21.0,0.6511823565933444,5500,BNE_784357_ccrop.jpg,BNE,A_sepakat_band,unsegmented-band,Neutrophil,train,-6.909573134668522
36.24913792078372,33.5,0.9241599089393109,6185,BNE_78757_ccrop.jpg,BNE,E_lainnya,unsegmented-round,Neutrophil,train,-11.710562712110534
22.80350850198276,9.0,0.39467610868816316,4908,BNE_788086_ccrop.jpg,BNE,A_sepakat_band,unsegmented-band,Neutrophil,train,-0.9124629987438357
24.0,16.5,0.6875,5249,BNE_789640_ccrop.jpg,BNE,A_sepakat_band,unsegmented-band,Neutrophil,train,-3.8414381790021217
20.248456731316587,8.5,0.4197850785760756,4784,BNE_791436_ccrop.jpg,BNE,A_sepakat_band,unsegmented-band,Neutrophil,train,-2.7834189525283612
22.627416997969522,7.0,0.30935921676911454,5416,BNE_792019_ccrop.jpg,BNE,A_sepakat_band,unsegmented-band,Neutrophil,train,-0.03624500663860708
23.853720883753127,13.0,0.5449883505954141,7290,BNE_792451_ccrop.jpg,BNE,A_sepakat_band,unsegmented-band,Neutrophil,train,-0.2576593936505951
27.892651361962706,18.0,0.6453312654438672,7812,BNE_793103_ccrop.jpg,BNE,A_sepakat_band,unsegmented-band,Neutrophil,train,-3.620375112230402
21.400934559032695,11.0,0.5139962448675975,6135,BNE_795618_ccrop.jpg,BNE,A_sepakat_band,unsegmented-band,Neutrophil,train,-1.0200676527900328
24.758836806279895,14.5,0.5856494839984641,4750,BNE_79688_ccrop.jpg,BNE,A_sepakat_band,unsegmented-band,Neutrophil,train,-3.45615915913603
22.627416997969522,2.5,0.11048543456039804,5832,BNE_797843_ccrop.jpg,BNE,D_konflik_BNE_dianotasi_segmented,segmented-bilobed,Neutrophil,train,0.4846842574029857
32.55764119219941,22.0,0.6757246285173463,6046,BNE_79939_ccrop.jpg,BNE,A_sepakat_band,unsegmented-band,Neutrophil,train,-7.3812602511412315
29.410882339705484,14.0,0.4760142806426321,5717,BNE_799391_ccrop.jpg,BNE,A_sepakat_band,unsegmented-band,Neutrophil,train,-3.5549815564432574
22.80350850198276,13.0,0.570087712549569,6949,BNE_799584_ccrop.jpg,BNE,A_sepakat_band,unsegmented-band,Neutrophil,train,-1.65977982322479
16.64331697709324,7.5,0.45063132609458223,4862,BNE_800976_ccrop.jpg,BNE,A_sepakat_band,unsegmented-band,Neutrophil,train,-0.6759488489599388
29.732137494637012,27.5,0.9249250917449297,5654,BNE_801234_ccrop.jpg,BNE,E_lainnya,irregular,Neutrophil,train,-6.79179703176457
17.88854381999832,10.0,0.5590169943749475,4792,BNE_801860_ccrop.jpg,BNE,A_sepakat_band,unsegmented-band,Neutrophil,train,-0.22140670580713717
20.8806130178211,12.5,0.5986414282632196,5823,BNE_802726_ccrop.jpg,BNE,A_sepakat_band,unsegmented-band,Neutrophil,train,-0.27685176138572665
29.832867780352597,20.0,0.6704015231539909,5567,BNE_803184_ccrop.jpg,BNE,A_sepakat_band,unsegmented-band,Neutrophil,train,-5.592349689422761
24.758836806279895,11.0,0.44428581544711065,4868,BNE_804375_ccrop.jpg,BNE,A_sepakat_band,unsegmented-band,Neutrophil,train,-1.240533936925127
21.0,9.5,0.4523809523809524,6331,BNE_804691_ccrop.jpg,BNE,A_sepakat_band,unsegmented-band,Neutrophil,train,-0.08847164526388873
26.0,2.0,0.07692307692307693,5197,BNE_806131_ccrop.jpg,BNE,D_konflik_BNE_dianotasi_segmented,segmented-bilobed,Neutrophil,train,0.5316043956941181
23.706539182259394,9.5,0.40073331357911796,6722,BNE_806828_ccrop.jpg,BNE,A_sepakat_band,unsegmented-band,Neutrophil,train,-1.1145059628386136
24.73863375370596,18.0,0.727606875108999,5887,BNE_808076_ccrop.jpg,BNE,A_sepakat_band,unsegmented-band,Neutrophil,train,-3.3424845615111796
23.769728648009426,2.5,0.10517579047791781,5904,BNE_808310_ccrop.jpg,BNE,A_sepakat_band,unsegmented-band,Neutrophil,train,-1.17897237326088
30.23243291566195,13.5,0.44654031111754516,7355,BNE_808960_ccrop.jpg,BNE,A_sepakat_band,unsegmented-band,Neutrophil,train,-1.6067734305227663
24.041630560342615,12.5,0.5199314567548143,6753,BNE_809009_ccrop.jpg,BNE,A_sepakat_band,unsegmented-band,Neutrophil,train,-2.2314080194062385
27.730849247724095,14.0,0.5048529121822332,6700,BNE_811882_ccrop.jpg,BNE,A_sepakat_band,unsegmented-band,Neutrophil,train,-2.5361906928377262
27.294688127912362,13.0,0.4762831485407526,6772,BNE_812672_ccrop.jpg,BNE,A_sepakat_band,unsegmented-band,Neutrophil,train,-1.2853536714604612
18.973665961010276,5.0,0.26352313834736496,5312,BNE_815174_ccrop.jpg,BNE,A_sepakat_band,unsegmented-band,Neutrophil,train,1.4900761222202714
21.93171219946131,13.5,0.6155470159931968,5689,BNE_816231_ccrop.jpg,BNE,A_sepakat_band,unsegmented-band,Neutrophil,train,-2.207531241176479
18.788294228055936,11.5,0.6120832397242019,5304,BNE_817538_ccrop.jpg,BNE,A_sepakat_band,unsegmented-band,Neutrophil,train,-0.2198999892023039
18.35755975068582,14.0,0.7626285949839806,4575,BNE_81960_ccrop.jpg,BNE,A_sepakat_band,unsegmented-band,Neutrophil,train,-1.8415638851323095
18.0,1.5,0.08333333333333333,5070,BNE_821631_ccrop.jpg,BNE,A_sepakat_band,unsegmented-band,Neutrophil,train,-0.08079192302562177
19.6468827043885,11.5,0.5853345883431808,5814,BNE_822053_ccrop.jpg,BNE,A_sepakat_band,unsegmented-band,Neutrophil,train,-1.0639150326238127
19.235384061671343,13.0,0.6758378183830474,5470,BNE_822503_ccrop.jpg,BNE,A_sepakat_band,unsegmented-band,Neutrophil,train,-0.8293304140272895
21.93171219946131,14.0,0.6383450536225744,5270,BNE_823036_ccrop.jpg,BNE,A_sepakat_band,unsegmented-band,Neutrophil,train,-2.5831543864828603
21.02379604162864,10.5,0.49943406886221875,5022,BNE_823583_ccrop.jpg,BNE,A_sepakat_band,unsegmented-band,Neutrophil,train,-1.3067347773266764
21.633307652783937,8.5,0.3929126389928706,4592,BNE_823690_ccrop.jpg,BNE,A_sepakat_band,unsegmented-band,Neutrophil,train,-1.354732578865688
20.12461179749811,13.0,0.6459751934999393,5422,BNE_82472_ccrop.jpg,BNE,A_sepakat_band,unsegmented-band,Neutrophil,train,-1.3029673454605586
20.248456731316587,8.0,0.3950918386598358,5560,BNE_824725_ccrop.jpg,BNE,A_sepakat_band,unsegmented-band,Neutrophil,train,0.06673102724843716
22.47220505424423,12.0,0.5339929913879817,7209,BNE_824932_ccrop.jpg,BNE,A_sepakat_band,unsegmented-band,Neutrophil,train,0.2311986028815296
25.80697580112788,21.0,0.813733471206735,6199,BNE_82534_ccrop.jpg,BNE,A_sepakat_band,unsegmented-band,Neutrophil,train,-4.177480093825766
20.8806130178211,12.5,0.5986414282632196,5217,BNE_826046_ccrop.jpg,BNE,A_sepakat_band,unsegmented-band,Neutrophil,train,-1.3171626492751027
25.45584412271571,15.0,0.5892556509887896,4960,BNE_827980_ccrop.jpg,BNE,A_sepakat_band,unsegmented-band,Neutrophil,train,-3.69212589477395
25.0,13.5,0.54,6466,BNE_831028_ccrop.jpg,BNE,A_sepakat_band,unsegmented-band,Neutrophil,train,-1.143881605617512
29.0,17.5,0.603448275862069,6500,BNE_832896_ccrop.jpg,BNE,E_lainnya,irregular,Neutrophil,train,-5.064734204911666
31.953090617340916,24.5,0.766748991307397,7485,BNE_834526_ccrop.jpg,BNE,A_sepakat_band,unsegmented-band,Neutrophil,train,-6.334439489960856
25.495097567963924,16.0,0.6275716324421889,4969,BNE_835325_ccrop.jpg,BNE,A_sepakat_band,unsegmented-band,Neutrophil,train,-4.643090080570801
32.0,18.0,0.5625,7617,BNE_836973_ccrop.jpg,BNE,A_sepakat_band,unsegmented-band,Neutrophil,train,-3.1304912094230186
15.811388300841896,7.5,0.4743416490252569,4773,BNE_83730_ccrop.jpg,BNE,D_konflik_BNE_dianotasi_segmented,segmented-multilobed,Neutrophil,train,2.3861773178482
18.439088914585774,13.0,0.7050239879106326,6705,BNE_838831_ccrop.jpg,BNE,A_sepakat_band,unsegmented-band,Neutrophil,train,0.8338142818364052
18.0,8.0,0.4444444444444444,5262,BNE_839288_ccrop.jpg,BNE,A_sepakat_band,unsegmented-band,Neutrophil,train,0.49180867178523435
22.825424421026653,9.5,0.41620255662140737,6261,BNE_839402_ccrop.jpg,BNE,A_sepakat_band,unsegmented-band,Neutrophil,train,-0.9218315973167979
21.2602916254693,13.5,0.6349865861589281,5251,BNE_839791_ccrop.jpg,BNE,A_sepakat_band,unsegmented-band,Neutrophil,train,-0.9122514047320145
25.553864678361276,15.5,0.606561872150995,5807,BNE_840_ccrop.jpg,BNE,A_sepakat_band,unsegmented-band,Neutrophil,train,-3.3900324829590254
38.0,35.5,0.9342105263157895,5511,BNE_840660_ccrop.jpg,BNE,E_lainnya,irregular,Neutrophil,train,-11.068008529641187
20.0,14.5,0.725,4255,BNE_841928_ccrop.jpg,BNE,A_sepakat_band,unsegmented-band,Neutrophil,train,-2.9986307521139466
19.4164878389476,14.5,0.7467879938056768,4999,BNE_843954_ccrop.jpg,BNE,A_sepakat_band,unsegmented-band,Neutrophil,train,-2.0673784964858726
19.6468827043885,12.5,0.6362332481991095,5420,BNE_844957_ccrop.jpg,BNE,A_sepakat_band,unsegmented-band,Neutrophil,train,-1.353297787635272
24.839484696748443,11.0,0.442843325225661,6589,BNE_847110_ccrop.jpg,BNE,A_sepakat_band,unsegmented-band,Neutrophil,train,-1.9339974453725706
22.627416997969522,14.0,0.6187184335382291,4737,BNE_848343_ccrop.jpg,BNE,A_sepakat_band,unsegmented-band,Neutrophil,train,-2.345699048682878
26.90724809414742,16.5,0.6132176706539122,8925,BNE_848534_ccrop.jpg,BNE,A_sepakat_band,unsegmented-band,Neutrophil,train,-3.0462495666872726
22.360679774997898,14.5,0.648459713474939,6609,BNE_854167_ccrop.jpg,BNE,A_sepakat_band,unsegmented-band,Neutrophil,train,-1.241494834113107
23.769728648009426,13.0,0.5469141104851726,5212,BNE_856696_ccrop.jpg,BNE,A_sepakat_band,unsegmented-band,Neutrophil,train,-2.231004462909622
22.825424421026653,12.5,0.5476349429229044,5270,BNE_857398_ccrop.jpg,BNE,A_sepakat_band,unsegmented-band,Neutrophil,train,-1.9217992548594953
19.697715603592208,8.5,0.43152212018178815,5866,BNE_859196_ccrop.jpg,BNE,A_sepakat_band,unsegmented-band,Neutrophil,train,0.5965159400522007
20.591260281974,11.5,0.5584893708554268,5293,BNE_859701_ccrop.jpg,BNE,A_sepakat_band,unsegmented-band,Neutrophil,train,-2.47658574515334
21.095023109728988,8.0,0.3792363705119818,6212,BNE_859996_ccrop.jpg,BNE,A_sepakat_band,unsegmented-band,Neutrophil,train,0.9621297046002777
21.587033144922902,11.0,0.5095651600732874,5655,BNE_860847_ccrop.jpg,BNE,A_sepakat_band,unsegmented-band,Neutrophil,train,-0.1741209618924806
25.179356624028344,13.0,0.5162959560131994,6973,BNE_862425_ccrop.jpg,BNE,A_sepakat_band,unsegmented-band,Neutrophil,train,-2.4732158669475375
22.47220505424423,9.5,0.42274445151548556,4785,BNE_862711_ccrop.jpg,BNE,A_sepakat_band,unsegmented-band,Neutrophil,train,-1.2650002964005367
23.53720459187964,15.0,0.637288932993131,6412,BNE_862836_ccrop.jpg,BNE,A_sepakat_band,unsegmented-band,Neutrophil,train,-2.630715426304185
23.259406699226016,13.0,0.558913654510052,4535,BNE_864540_ccrop.jpg,BNE,A_sepakat_band,unsegmented-band,Neutrophil,train,-2.2648517660058918
28.30194339616981,17.5,0.6183320966703767,5040,BNE_864705_ccrop.jpg,BNE,A_sepakat_band,unsegmented-band,Neutrophil,train,-5.8810319227918075
28.600699292150182,13.5,0.4720164308606693,5066,BNE_864750_ccrop.jpg,BNE,A_sepakat_band,unsegmented-band,Neutrophil,train,-6.618962426143691
23.430749027719962,13.0,0.554826479709216,7086,BNE_866979_ccrop.jpg,BNE,A_sepakat_band,unsegmented-band,Neutrophil,train,-2.9750928439487314
22.135943621178654,6.0,0.2710523708715754,5516,BNE_866984_ccrop.jpg,BNE,A_sepakat_band,unsegmented-band,Neutrophil,train,-1.0995696462731672
20.591260281974,9.5,0.4613607846197005,5727,BNE_867430_ccrop.jpg,BNE,A_sepakat_band,unsegmented-band,Neutrophil,train,-0.27426650552946796
19.924858845171276,5.0,0.2509428066142478,4785,BNE_868025_ccrop.jpg,BNE,A_sepakat_band,unsegmented-band,Neutrophil,train,-2.18921428310961
21.400934559032695,13.0,0.6074501075707971,6152,BNE_870136_ccrop.jpg,BNE,A_sepakat_band,unsegmented-band,Neutrophil,train,-1.015999219921902
22.847319317591726,18.5,0.8097230026349558,4271,BNE_871991_ccrop.jpg,BNE,A_sepakat_band,unsegmented-band,Neutrophil,train,-4.573306309023629
18.35755975068582,9.0,0.49026123963255896,5260,BNE_873174_ccrop.jpg,BNE,A_sepakat_band,unsegmented-band,Neutrophil,train,0.06807065604679252
19.697715603592208,9.5,0.48228942843846906,6175,BNE_873673_ccrop.jpg,BNE,A_sepakat_band,unsegmented-band,Neutrophil,train,0.9410793509063797
20.248456731316587,14.5,0.7161039575709525,4671,BNE_874580_ccrop.jpg,BNE,A_sepakat_band,unsegmented-band,Neutrophil,train,-1.1800207116519736
22.80350850198276,0.5,0.021926450482675733,7999,BNE_875008_ccrop.jpg,BNE,A_sepakat_band,unsegmented-band,Neutrophil,train,1.3516178123228695
18.601075237738275,12.5,0.6720041632130879,5195,BNE_875631_ccrop.jpg,BNE,A_sepakat_band,unsegmented-band,Neutrophil,train,-1.0192859061169663
21.095023109728988,12.5,0.5925568289249715,4709,BNE_877775_ccrop.jpg,BNE,A_sepakat_band,unsegmented-band,Neutrophil,train,-1.9499165165884342
29.68164415931166,14.0,0.4716719843704464,7569,BNE_878373_ccrop.jpg,BNE,A_sepakat_band,unsegmented-band,Neutrophil,train,-3.4360217519624356
31.78049716414141,0.5,0.015732919388188816,10247,BNE_878990_ccrop.jpg,BNE,A_sepakat_band,unsegmented-band,Neutrophil,train,-1.8062609280414144
19.313207915827967,2.5,0.12944509326962442,4066,BNE_879421_ccrop.jpg,BNE,A_sepakat_band,unsegmented-band,Neutrophil,train,-1.0584334343075632
29.0,22.0,0.7586206896551724,6111,BNE_881009_ccrop.jpg,BNE,A_sepakat_band,unsegmented-band,Neutrophil,train,-6.107771513887254
18.0,12.0,0.6666666666666666,5371,BNE_882003_ccrop.jpg,BNE,A_sepakat_band,unsegmented-band,Neutrophil,train,-0.7167817344290679
21.02379604162864,11.5,0.5469992182776682,4823,BNE_883125_ccrop.jpg,BNE,A_sepakat_band,unsegmented-band,Neutrophil,train,-2.53244961719812
17.08800749063506,8.5,0.49742487558355497,6240,BNE_883723_ccrop.jpg,BNE,A_sepakat_band,unsegmented-band,Neutrophil,train,1.6491038334092298
24.413111231467404,14.5,0.5939431423763044,4766,BNE_884373_ccrop.jpg,BNE,A_sepakat_band,unsegmented-band,Neutrophil,train,-4.223621291905882
18.384776310850235,5.0,0.2719641466102106,5037,BNE_88499_ccrop.jpg,BNE,D_konflik_BNE_dianotasi_segmented,segmented-bilobed,Neutrophil,train,0.0694264340999986
23.08679276123039,17.0,0.7363517391011569,6674,BNE_885859_ccrop.jpg,BNE,A_sepakat_band,unsegmented-band,Neutrophil,train,-2.7504534037061283
19.1049731745428,10.0,0.5234239225902138,5498,BNE_88749_ccrop.jpg,BNE,A_sepakat_band,unsegmented-band,Neutrophil,train,1.024537174928824
24.515301344262525,2.0,0.08158170164480041,6533,BNE_88826_ccrop.jpg,BNE,A_sepakat_band,unsegmented-band,Neutrophil,train,-0.8093583942888323
26.570660511172846,14.0,0.526896950646487,6387,BNE_889850_ccrop.jpg,BNE,A_sepakat_band,unsegmented-band,Neutrophil,train,-2.167041795823428
21.93171219946131,17.0,0.7751332793988405,4636,BNE_889884_ccrop.jpg,BNE,A_sepakat_band,unsegmented-band,Neutrophil,train,-3.634425298170406
20.248456731316587,9.0,0.44447831849231534,5356,BNE_891017_ccrop.jpg,BNE,A_sepakat_band,unsegmented-band,Neutrophil,train,0.025967589258556245
20.0,5.5,0.275,5077,BNE_894142_ccrop.jpg,BNE,A_sepakat_band,unsegmented-band,Neutrophil,train,-0.4733200718192716
19.235384061671343,11.0,0.57186276940104,6210,BNE_89466_ccrop.jpg,BNE,A_sepakat_band,unsegmented-band,Neutrophil,train,-0.1681611369005367
22.47220505424423,12.5,0.556242699362481,6255,BNE_895939_ccrop.jpg,BNE,A_sepakat_band,unsegmented-band,Neutrophil,train,-1.487050298427544
23.08679276123039,15.5,0.6713795268275254,4843,BNE_896102_ccrop.jpg,BNE,A_sepakat_band,unsegmented-band,Neutrophil,train,-3.5156291722419724
29.068883707497267,24.5,0.8428256222883822,6238,BNE_896296_ccrop.jpg,BNE,A_sepakat_band,unsegmented-band,Neutrophil,train,-6.638543079242806
24.596747752497688,2.0,0.08131156281817417,6367,BNE_898519_ccrop.jpg,BNE,A_sepakat_band,unsegmented-band,Neutrophil,train,-2.2555959898333278
23.194827009486403,14.5,0.6251393896608789,4692,BNE_898606_ccrop.jpg,BNE,A_sepakat_band,unsegmented-band,Neutrophil,train,-3.427540944738583
23.08679276123039,13.5,0.5847499104626834,4555,BNE_899254_ccrop.jpg,BNE,D_konflik_BNE_dianotasi_segmented,segmented-bilobed,Neutrophil,train,-2.5075967672968087
25.45584412271571,11.5,0.45176266575807206,5490,BNE_899761_ccrop.jpg,BNE,A_sepakat_band,unsegmented-band,Neutrophil,train,-3.529932341706113
23.0,16.0,0.6956521739130435,5001,BNE_900426_ccrop.jpg,BNE,A_sepakat_band,unsegmented-band,Neutrophil,train,-3.4977114972501333
29.410882339705484,19.5,0.6630198908950948,5355,BNE_900566_ccrop.jpg,BNE,A_sepakat_band,unsegmented-band,Neutrophil,train,-6.635336245431946
21.400934559032695,13.0,0.6074501075707971,6013,BNE_901057_ccrop.jpg,BNE,A_sepakat_band,unsegmented-band,Neutrophil,train,-0.7273010408108185
31.827660925679098,19.5,0.6126746180165276,8197,BNE_901137_ccrop.jpg,BNE,A_sepakat_band,unsegmented-band,Neutrophil,train,-6.034957310818035
23.853720883753127,16.0,0.6707548930405096,4567,BNE_901592_ccrop.jpg,BNE,A_sepakat_band,unsegmented-band,Neutrophil,train,-3.3623789510444375
22.847319317591726,11.0,0.48145692048564936,4601,BNE_903013_ccrop.jpg,BNE,A_sepakat_band,unsegmented-band,Neutrophil,train,-2.651723886026497
30.4138126514911,14.0,0.46031716445500037,5641,BNE_903293_ccrop.jpg,BNE,A_sepakat_band,unsegmented-band,Neutrophil,train,-3.9923730076648383
26.92582403567252,17.0,0.6313641498019763,6288,BNE_903821_ccrop.jpg,BNE,A_sepakat_band,unsegmented-band,Neutrophil,train,-3.8805163169066645
19.1049731745428,14.0,0.7327934916262993,5240,BNE_905950_ccrop.jpg,BNE,A_sepakat_band,unsegmented-band,Neutrophil,train,-1.2241798451543353
20.0,13.0,0.65,5948,BNE_906181_ccrop.jpg,BNE,A_sepakat_band,unsegmented-band,Neutrophil,train,-0.48774091653222307
19.235384061671343,8.0,0.4159001959280291,4642,BNE_907973_ccrop.jpg,BNE,A_sepakat_band,unsegmented-band,Neutrophil,train,0.17587302002819705
20.248456731316587,9.5,0.46917155840855507,5100,BNE_909484_ccrop.jpg,BNE,A_sepakat_band,unsegmented-band,Neutrophil,train,-0.3934845623121568
29.0,13.0,0.4482758620689655,5728,BNE_910236_ccrop.jpg,BNE,A_sepakat_band,unsegmented-band,Neutrophil,train,-3.6310572424744194
19.4164878389476,2.5,0.1287565506561512,5031,BNE_910472_ccrop.jpg,BNE,A_sepakat_band,unsegmented-band,Neutrophil,train,0.9984566938252444
19.924858845171276,9.0,0.451697051905646,5189,BNE_910536_ccrop.jpg,BNE,A_sepakat_band,unsegmented-band,Neutrophil,train,-0.6078319832248873
21.840329667841555,14.5,0.6639093924186636,5915,BNE_910561_ccrop.jpg,BNE,A_sepakat_band,unsegmented-band,Neutrophil,train,-2.1727268138844824
21.587033144922902,15.5,0.7180236346487232,6053,BNE_912319_ccrop.jpg,BNE,A_sepakat_band,unsegmented-band,Neutrophil,train,-1.4195733169047724
27.730849247724095,20.5,0.7392489071239843,6354,BNE_915098_ccrop.jpg,BNE,A_sepakat_band,unsegmented-band,Neutrophil,train,-5.072117110640395
19.849433241279208,14.5,0.7304994466968237,4545,BNE_915508_ccrop.jpg,BNE,A_sepakat_band,unsegmented-band,Neutrophil,train,-2.2297441084384015
27.202941017470888,18.0,0.6616931598844269,7191,BNE_91614_ccrop.jpg,BNE,A_sepakat_band,unsegmented-band,Neutrophil,train,-3.9613110835870273
20.248456731316587,9.0,0.44447831849231534,5525,BNE_916402_ccrop.jpg,BNE,D_konflik_BNE_dianotasi_segmented,segmented-bilobed,Neutrophil,train,-0.4461232696364732
22.02271554554524,10.0,0.45407660918649984,4768,BNE_918305_ccrop.jpg,BNE,A_sepakat_band,unsegmented-band,Neutrophil,train,-1.778210896370494
18.384776310850235,7.5,0.4079462199153159,4264,BNE_918429_ccrop.jpg,BNE,A_sepakat_band,unsegmented-band,Neutrophil,train,-0.8145570552190815
29.546573405388315,14.5,0.49075064648124916,5397,BNE_918500_ccrop.jpg,BNE,A_sepakat_band,unsegmented-band,Neutrophil,train,-4.537686906443083
20.09975124224178,11.0,0.5472704546154941,4634,BNE_921156_ccrop.jpg,BNE,A_sepakat_band,unsegmented-band,Neutrophil,train,-1.5057718965594553
25.317977802344327,0.5,0.019748812638334105,11675,BNE_921626_ccrop.jpg,BNE,A_sepakat_band,unsegmented-band,Neutrophil,train,-0.1782585577868545
18.681541692269406,13.0,0.6958740458438459,4914,BNE_921875_ccrop.jpg,BNE,A_sepakat_band,unsegmented-band,Neutrophil,train,-0.8215823043015433
21.213203435596427,1.5,0.07071067811865475,4648,BNE_92309_ccrop.jpg,BNE,A_sepakat_band,unsegmented-band,Neutrophil,train,-0.5604860526725641
27.459060435491963,17.0,0.6191034846198452,6106,BNE_923268_ccrop.jpg,BNE,A_sepakat_band,unsegmented-band,Neutrophil,train,-3.348311688385893
23.345235059857504,10.0,0.4283529368781193,6404,BNE_926713_ccrop.jpg,BNE,A_sepakat_band,unsegmented-band,Neutrophil,train,-0.5925285309531017
38.07886552931954,16.0,0.4201805851511122,7383,BNE_927001_ccrop.jpg,BNE,A_sepakat_band,unsegmented-band,Neutrophil,train,-5.770734311654168
21.633307652783937,13.0,0.6009252125773316,5229,BNE_928146_ccrop.jpg,BNE,A_sepakat_band,unsegmented-band,Neutrophil,train,-0.9565733858017236
25.45584412271571,13.0,0.510688230856951,6409,BNE_928561_ccrop.jpg,BNE,A_sepakat_band,unsegmented-band,Neutrophil,train,-2.5007345905600804
26.476404589747453,13.0,0.49100322349032366,7496,BNE_929802_ccrop.jpg,BNE,A_sepakat_band,unsegmented-band,Neutrophil,train,-1.5422837782776622
23.194827009486403,9.5,0.4095740828812655,7048,BNE_929997_ccrop.jpg,BNE,A_sepakat_band,unsegmented-band,Neutrophil,train,-0.2623586556051176
25.45584412271571,11.0,0.4321208107251124,4720,BNE_930364_ccrop.jpg,BNE,A_sepakat_band,unsegmented-band,Neutrophil,train,-2.846531562603019
31.38470965295043,24.0,0.7647035854525994,8180,BNE_930707_ccrop.jpg,BNE,A_sepakat_band,unsegmented-band,Neutrophil,train,-6.250445275100704
20.12461179749811,15.0,0.7453559924999299,5716,BNE_933305_ccrop.jpg,BNE,A_sepakat_band,unsegmented-band,Neutrophil,train,-1.808136844183272
21.02379604162864,3.0,0.14269544824634822,4262,BNE_934554_ccrop.jpg,BNE,A_sepakat_band,unsegmented-band,Neutrophil,train,2.066938003150166
30.265491900843113,0.5,0.016520465011377244,7320,BNE_935665_ccrop.jpg,BNE,A_sepakat_band,unsegmented-band,Neutrophil,train,0.31883744657968016
26.40075756488817,18.5,0.7007374676476774,5305,BNE_937085_ccrop.jpg,BNE,A_sepakat_band,unsegmented-band,Neutrophil,train,-5.104867887590865
23.769728648009426,18.5,0.7783008495365918,5109,BNE_93736_ccrop.jpg,BNE,A_sepakat_band,unsegmented-band,Neutrophil,train,-4.414099604516217
21.02379604162864,9.5,0.4518689194467694,7197,BNE_937660_ccrop.jpg,BNE,A_sepakat_band,unsegmented-band,Neutrophil,train,0.409500697582418
21.18962010041709,7.5,0.3539468836372565,4740,BNE_939116_ccrop.jpg,BNE,A_sepakat_band,unsegmented-band,Neutrophil,train,-1.089268059113456
20.248456731316587,3.5,0.17285267941367818,4601,BNE_939166_ccrop.jpg,BNE,A_sepakat_band,unsegmented-band,Neutrophil,train,-1.00026400498081
22.20360331117452,9.5,0.42785848165549273,4860,BNE_939554_ccrop.jpg,BNE,A_sepakat_band,unsegmented-band,Neutrophil,train,-0.6803678273285882
22.47220505424423,13.0,0.5784924073369803,6512,BNE_939753_ccrop.jpg,BNE,A_sepakat_band,unsegmented-band,Neutrophil,train,-0.7401937755610852
48.79549159502341,0.5,0.010246848297988956,17059,BNE_942595_ccrop.jpg,BNE,A_sepakat_band,unsegmented-band,Neutrophil,train,-2.5572515410555816
21.18962010041709,12.0,0.5663150138196105,5583,BNE_943597_ccrop.jpg,BNE,A_sepakat_band,unsegmented-band,Neutrophil,train,-0.7872981763193678
30.083217912982647,28.0,0.9307514934403471,5055,BNE_94378_ccrop.jpg,BNE,E_lainnya,irregular,Neutrophil,train,-8.456344568739919
23.53720459187964,16.0,0.6797748618593398,4045,BNE_945946_ccrop.jpg,BNE,A_sepakat_band,unsegmented-band,Neutrophil,train,-6.038201510070703
25.45584412271571,14.0,0.5499719409228703,5561,BNE_947464_ccrop.jpg,BNE,A_sepakat_band,unsegmented-band,Neutrophil,train,-2.6776927547881897
29.068883707497267,20.0,0.6880209161537814,5346,BNE_948682_ccrop.jpg,BNE,A_sepakat_band,unsegmented-band,Neutrophil,train,-6.592370498237715
24.041630560342615,16.0,0.6655122646461624,4742,BNE_948760_ccrop.jpg,BNE,A_sepakat_band,unsegmented-band,Neutrophil,train,-4.554346121331088
22.67156809750927,14.5,0.6395675825172847,5757,BNE_949188_ccrop.jpg,BNE,A_sepakat_band,unsegmented-band,Neutrophil,train,-1.8304451470316287
20.591260281974,11.5,0.5584893708554268,6319,BNE_949615_ccrop.jpg,BNE,A_sepakat_band,unsegmented-band,Neutrophil,train,0.0111069834566635
26.832815729997478,0.5,0.018633899812498248,8472,BNE_951149_ccrop.jpg,BNE,A_sepakat_band,unsegmented-band,Neutrophil,train,1.4771162325325875
25.059928172283335,16.5,0.6584216796857882,7461,BNE_951779_ccrop.jpg,BNE,A_sepakat_band,unsegmented-band,Neutrophil,train,-2.647915975480794
24.596747752497688,12.0,0.487869376909045,4515,BNE_952597_ccrop.jpg,BNE,A_sepakat_band,unsegmented-band,Neutrophil,train,-3.4297807371738944
32.449961479175904,17.5,0.539291857441195,5278,BNE_954379_ccrop.jpg,BNE,A_sepakat_band,unsegmented-band,Neutrophil,train,-7.067929270223608
29.154759474226502,17.5,0.600245047998781,5959,BNE_955098_ccrop.jpg,BNE,A_sepakat_band,unsegmented-band,Neutrophil,train,-3.551983506664273
26.627053911388696,0.5,0.018777894154716993,6122,BNE_95555_ccrop.jpg,BNE,A_sepakat_band,unsegmented-band,Neutrophil,train,1.151705676853469
21.633307652783937,13.0,0.6009252125773316,6413,BNE_955797_ccrop.jpg,BNE,A_sepakat_band,unsegmented-band,Neutrophil,train,-1.1711085000720978
24.166091947189145,13.0,0.5379438275915391,5641,BNE_956356_ccrop.jpg,BNE,A_sepakat_band,unsegmented-band,Neutrophil,train,-1.8494218439984742
18.973665961010276,1.0,0.05270462766947299,5177,BNE_957531_ccrop.jpg,BNE,A_sepakat_band,unsegmented-band,Neutrophil,train,-0.8766296437744359
25.059928172283335,4.0,0.15961737689352443,5390,BNE_958533_ccrop.jpg,BNE,A_sepakat_band,unsegmented-band,Neutrophil,train,-3.033200677646292
17.4928556845359,7.0,0.4001633653325206,4922,BNE_958876_ccrop.jpg,BNE,A_sepakat_band,unsegmented-band,Neutrophil,train,-0.2021777800933915
23.345235059857504,15.5,0.663947052161085,5387,BNE_959253_ccrop.jpg,BNE,A_sepakat_band,unsegmented-band,Neutrophil,train,-2.6241589888901675
20.223748416156685,12.0,0.5933618117209785,5738,BNE_959568_ccrop.jpg,BNE,A_sepakat_band,unsegmented-band,Neutrophil,train,-0.12804892869487716
22.627416997969522,11.5,0.508232998977831,5631,BNE_960086_ccrop.jpg,BNE,A_sepakat_band,unsegmented-band,Neutrophil,train,-1.6851608428387692
21.400934559032695,12.5,0.5840866418949973,5547,BNE_961507_ccrop.jpg,BNE,A_sepakat_band,unsegmented-band,Neutrophil,train,-1.1174599130664191
21.93171219946131,13.5,0.6155470159931968,5263,BNE_961579_ccrop.jpg,BNE,A_sepakat_band,unsegmented-band,Neutrophil,train,-2.1203752468506263
23.021728866442675,13.5,0.5864025277301437,6410,BNE_962661_ccrop.jpg,BNE,A_sepakat_band,unsegmented-band,Neutrophil,train,-0.9166700187617316
21.840329667841555,11.0,0.5036554011451931,4635,BNE_96422_ccrop.jpg,BNE,A_sepakat_band,unsegmented-band,Neutrophil,train,-0.6286848473988158
30.083217912982647,17.0,0.5650991210173536,6161,BNE_966079_ccrop.jpg,BNE,A_sepakat_band,unsegmented-band,Neutrophil,train,-5.112717463053839
29.410882339705484,21.5,0.7310219309868994,5243,BNE_967395_ccrop.jpg,BNE,A_sepakat_band,unsegmented-band,Neutrophil,train,-6.465034495869114
32.28002478313795,23.5,0.728004397700328,6635,BNE_968691_ccrop.jpg,BNE,A_sepakat_band,unsegmented-band,Neutrophil,train,-6.415785281752676
30.870698080866262,0.5,0.016196588709793423,11476,BNE_970365_ccrop.jpg,BNE,A_sepakat_band,unsegmented-band,Neutrophil,train,0.8661608078122542
21.587033144922902,12.5,0.5790513182650994,5913,BNE_971018_ccrop.jpg,BNE,A_sepakat_band,unsegmented-band,Neutrophil,train,-0.2726300595861275
28.0,22.5,0.8035714285714286,4954,BNE_971092_ccrop.jpg,BNE,A_sepakat_band,unsegmented-band,Neutrophil,train,-7.332913578094303
20.615528128088304,2.5,0.12126781251816648,4948,BNE_971478_ccrop.jpg,BNE,A_sepakat_band,unsegmented-band,Neutrophil,train,-1.6338110902109868
24.698178070456937,8.0,0.3239105320715664,5389,BNE_972679_ccrop.jpg,BNE,A_sepakat_band,unsegmented-band,Neutrophil,train,-4.200387948235555
19.849433241279208,3.0,0.15113781655796352,5471,BNE_973117_ccrop.jpg,BNE,A_sepakat_band,unsegmented-band,Neutrophil,train,1.6030031892340668
32.202484376209235,27.5,0.8539713793112382,6705,BNE_975548_ccrop.jpg,BNE,A_sepakat_band,unsegmented-band,Neutrophil,train,-7.151186240941971
22.135943621178654,11.5,0.5195170441705195,6592,BNE_975767_ccrop.jpg,BNE,A_sepakat_band,unsegmented-band,Neutrophil,train,-0.5280201697816782
25.179356624028344,13.5,0.5361534927829379,6714,BNE_976624_ccrop.jpg,BNE,A_sepakat_band,unsegmented-band,Neutrophil,train,-3.278070168432098
26.1725046566048,18.0,0.6877446479107832,5553,BNE_976865_ccrop.jpg,BNE,A_sepakat_band,unsegmented-band,Neutrophil,train,-4.387438580688354
22.135943621178654,11.5,0.5195170441705195,6167,BNE_977528_ccrop.jpg,BNE,A_sepakat_band,unsegmented-band,Neutrophil,train,-0.5551960214467737
19.4164878389476,11.0,0.5665288228870652,4399,BNE_977614_ccrop.jpg,BNE,A_sepakat_band,unsegmented-band,Neutrophil,train,-2.2380836172206724
18.788294228055936,8.5,0.45240935110049707,5653,BNE_979144_ccrop.jpg,BNE,A_sepakat_band,unsegmented-band,Neutrophil,train,0.7760665275847582
23.259406699226016,12.0,0.5159202964708173,6382,BNE_980569_ccrop.jpg,BNE,A_sepakat_band,unsegmented-band,Neutrophil,train,-0.3028655447225894
25.45584412271571,17.0,0.6678230711206282,6817,BNE_983264_ccrop.jpg,BNE,A_sepakat_band,unsegmented-band,Neutrophil,train,-2.8008893067381635
24.0,14.5,0.6041666666666666,7140,BNE_983955_ccrop.jpg,BNE,A_sepakat_band,unsegmented-band,Neutrophil,train,-2.4878269109044773
21.0,9.5,0.4523809523809524,5986,BNE_985056_ccrop.jpg,BNE,D_konflik_BNE_dianotasi_segmented,segmented-multilobed,Neutrophil,train,-0.21686822542382878
25.179356624028344,15.5,0.6155836398618917,4725,BNE_985168_ccrop.jpg,BNE,A_sepakat_band,unsegmented-band,Neutrophil,train,-5.051336848401187
22.80350850198276,16.0,0.7016464154456235,5250,BNE_985930_ccrop.jpg,BNE,A_sepakat_band,unsegmented-band,Neutrophil,train,-3.0327684050387997
18.110770276274835,12.0,0.6625891564490792,5144,BNE_985986_ccrop.jpg,BNE,A_sepakat_band,unsegmented-band,Neutrophil,train,-1.0635154186422646
24.041630560342615,12.0,0.4991341984846218,6308,BNE_986103_ccrop.jpg,BNE,A_sepakat_band,unsegmented-band,Neutrophil,train,-1.8593194119119882
36.71511950137164,0.5,0.013618367767571082,12229,BNE_986197_ccrop.jpg,BNE,A_sepakat_band,unsegmented-band,Neutrophil,train,0.7732477316202209
20.615528128088304,10.0,0.48507125007266594,7019,BNE_986241_ccrop.jpg,BNE,A_sepakat_band,unsegmented-band,Neutrophil,train,0.456208385765569
20.8806130178211,0.5,0.023945657130528784,5719,BNE_986323_ccrop.jpg,BNE,A_sepakat_band,unsegmented-band,Neutrophil,train,-0.22625701259029185
26.0,13.0,0.5,4243,BNE_98656_ccrop.jpg,BNE,E_lainnya,irregular,Neutrophil,train,-3.755202378331955
22.67156809750927,14.5,0.6395675825172847,5655,BNE_987482_ccrop.jpg,BNE,A_sepakat_band,unsegmented-band,Neutrophil,train,-2.178552789396022
25.317977802344327,12.0,0.47397150332001853,6612,BNE_989723_ccrop.jpg,BNE,A_sepakat_band,unsegmented-band,Neutrophil,train,-0.26706082100654527
24.0,10.0,0.4166666666666667,6223,BNE_98999_ccrop.jpg,BNE,A_sepakat_band,unsegmented-band,Neutrophil,train,0.5357344832072108
21.0,0.5,0.023809523809523808,6066,BNE_990094_ccrop.jpg,BNE,D_konflik_BNE_dianotasi_segmented,segmented-multilobed,Neutrophil,train,0.15885339024157474
25.632011235952593,11.5,0.44865773091850053,6057,BNE_991039_ccrop.jpg,BNE,A_sepakat_band,unsegmented-band,Neutrophil,train,-2.625626450750982
21.18962010041709,2.0,0.09438583563660174,5685,BNE_991991_ccrop.jpg,BNE,A_sepakat_band,unsegmented-band,Neutrophil,train,-1.7669990823355324
18.681541692269406,8.5,0.4549945684363608,4288,BNE_992020_ccrop.jpg,BNE,A_sepakat_band,unsegmented-band,Neutrophil,train,-0.23903144394950182
22.80350850198276,2.5,0.10963225241337866,6106,BNE_992159_ccrop.jpg,BNE,D_konflik_BNE_dianotasi_segmented,segmented-bilobed,Neutrophil,train,0.3702278892686346
23.600847442411894,13.5,0.5720133581194983,5570,BNE_992544_ccrop.jpg,BNE,A_sepakat_band,unsegmented-band,Neutrophil,train,-2.346148598800262
21.2602916254693,16.0,0.7525766947068778,5580,BNE_993339_ccrop.jpg,BNE,A_sepakat_band,unsegmented-band,Neutrophil,train,-1.970944256024124
22.825424421026653,11.5,0.5038241474890721,5242,BNE_994510_ccrop.jpg,BNE,A_sepakat_band,unsegmented-band,Neutrophil,train,-1.5546946260322052
20.591260281974,13.0,0.6313358105322217,5742,BNE_995250_ccrop.jpg,BNE,A_sepakat_band,unsegmented-band,Neutrophil,train,-1.6307442347677181
24.166091947189145,15.0,0.620704416451776,5641,BNE_995476_ccrop.jpg,BNE,A_sepakat_band,unsegmented-band,Neutrophil,train,-3.54421582947006
20.615528128088304,16.0,0.7761140001162655,4234,BNE_999232_ccrop.jpg,BNE,A_sepakat_band,unsegmented-band,Neutrophil,train,-2.966866331332284
18.384776310850235,4.0,0.21757131728816848,5635,SNE_101188_ccrop.jpg,SNE,C_konflik_SNE_dianotasi_band,unsegmented-band,Neutrophil,train,1.8893877561767587
25.553864678361276,3.0,0.11739907202922485,5287,SNE_102049_ccrop.jpg,SNE,B_sepakat_segmented,segmented-bilobed,Neutrophil,train,-0.3804981425414784
21.213203435596427,2.0,0.09428090415820634,5551,SNE_102699_ccrop.jpg,SNE,B_sepakat_segmented,segmented-multilobed,Neutrophil,train,2.036985712219148
21.02379604162864,2.0,0.09513029883089881,5756,SNE_103795_ccrop.jpg,SNE,B_sepakat_segmented,segmented-multilobed,Neutrophil,train,2.3089614830912613
21.840329667841555,9.0,0.4120816918460671,5285,SNE_10403_ccrop.jpg,SNE,C_konflik_SNE_dianotasi_band,unsegmented-band,Neutrophil,train,0.860706464769736
20.518284528683193,8.0,0.38989614306286347,5561,SNE_10429_ccrop.jpg,SNE,B_sepakat_segmented,segmented-multilobed,Neutrophil,train,1.2859266211454337
30.066592756745816,3.0,0.0997785157856609,6037,SNE_104445_ccrop.jpg,SNE,C_konflik_SNE_dianotasi_band,unsegmented-band,Neutrophil,train,-2.1188860751495913
18.027756377319946,3.0,0.16641005886756874,4909,SNE_105096_ccrop.jpg,SNE,B_sepakat_segmented,segmented-bilobed,Neutrophil,train,1.1127171087669474
22.561028345356956,1.0,0.04432422071779363,6286,SNE_106989_ccrop.jpg,SNE,B_sepakat_segmented,segmented-multilobed,Neutrophil,train,2.0066387998128388
22.561028345356956,9.5,0.42108009681903946,6348,SNE_107393_ccrop.jpg,SNE,C_konflik_SNE_dianotasi_band,unsegmented-band,Neutrophil,train,1.3974248483186447
21.587033144922902,7.5,0.3474307909590596,5651,SNE_108061_ccrop.jpg,SNE,C_konflik_SNE_dianotasi_band,unsegmented-band,Neutrophil,train,0.9504547599875011
22.627416997969522,0.5,0.022097086912079608,5616,SNE_109436_ccrop.jpg,SNE,B_sepakat_segmented,segmented-bilobed,Neutrophil,train,-0.5520288361429149
19.4164878389476,7.0,0.3605183418372233,5180,SNE_110435_ccrop.jpg,SNE,B_sepakat_segmented,segmented-multilobed,Neutrophil,train,0.2488267492670566
22.47220505424423,1.0,0.04449941594899848,6413,SNE_110866_ccrop.jpg,SNE,B_sepakat_segmented,segmented-bilobed,Neutrophil,train,1.0886461969055556
26.1725046566048,7.5,0.2865602699628263,5475,SNE_112103_ccrop.jpg,SNE,B_sepakat_segmented,segmented-bilobed,Neutrophil,train,-1.6670211230713932
28.42534080710379,17.0,0.5980579130207481,5053,SNE_112695_ccrop.jpg,SNE,C_konflik_SNE_dianotasi_band,unsegmented-band,Neutrophil,train,-5.286637079366699
20.591260281974,2.5,0.12141073279465801,6264,SNE_112837_ccrop.jpg,SNE,B_sepakat_segmented,segmented-multilobed,Neutrophil,train,1.9536419045886655
22.20360331117452,2.0,0.09007546982220899,5816,SNE_113678_ccrop.jpg,SNE,B_sepakat_segmented,segmented-multilobed,Neutrophil,train,0.38461071863651775
26.627053911388696,7.5,0.28166841232075485,5698,SNE_115658_ccrop.jpg,SNE,B_sepakat_segmented,segmented-bilobed,Neutrophil,train,-2.9184164360713556
18.35755975068582,2.5,0.13618367767571082,5219,SNE_115938_ccrop.jpg,SNE,C_konflik_SNE_dianotasi_band,unsegmented-band,Neutrophil,train,2.4900183992021265
17.69180601295413,1.0,0.05652334189442215,4886,SNE_116255_ccrop.jpg,SNE,B_sepakat_segmented,segmented-bilobed,Neutrophil,train,1.6571461066739719
18.973665961010276,3.0,0.15811388300841897,6174,SNE_119027_ccrop.jpg,SNE,B_sepakat_segmented,segmented-multilobed,Neutrophil,train,2.8541292379225816
21.37755832643195,2.5,0.116945067431247,6641,SNE_119358_ccrop.jpg,SNE,B_sepakat_segmented,segmented-bilobed,Neutrophil,train,2.5955927738468496
18.788294228055936,1.0,0.05322462954123495,5958,SNE_119598_ccrop.jpg,SNE,B_sepakat_segmented,segmented-bilobed,Neutrophil,train,1.9222052653091417
21.470910553583888,3.0,0.13972392984978668,6808,SNE_120143_ccrop.jpg,SNE,C_konflik_SNE_dianotasi_band,unsegmented-band,Neutrophil,train,0.8818586109219027
21.400934559032695,11.5,0.5373597105433975,4595,SNE_12043_ccrop.jpg,SNE,C_konflik_SNE_dianotasi_band,unsegmented-band,Neutrophil,train,-4.548663545830864
28.178005607210743,0.5,0.0177443360246919,8082,SNE_122854_ccrop.jpg,SNE,B_sepakat_segmented,segmented-multilobed,Neutrophil,train,2.4690853674800923
26.870057685088806,5.0,0.18608073189119673,7143,SNE_122993_ccrop.jpg,SNE,B_sepakat_segmented,segmented-bilobed,Neutrophil,train,-1.092064107013476
23.259406699226016,0.5,0.02149667901961739,6214,SNE_123419_ccrop.jpg,SNE,B_sepakat_segmented,segmented-bilobed,Neutrophil,train,1.092526876181692
26.832815729997478,12.0,0.4472135954999579,8239,SNE_124356_ccrop.jpg,SNE,C_konflik_SNE_dianotasi_band,unsegmented-band,Neutrophil,train,-1.8019162512865794
21.840329667841555,1.5,0.06868028197434452,5663,SNE_125477_ccrop.jpg,SNE,B_sepakat_segmented,segmented-bilobed,Neutrophil,train,1.1356449298866007
23.40939982143925,7.5,0.3203841216437853,6855,SNE_128810_ccrop.jpg,SNE,C_konflik_SNE_dianotasi_band,unsegmented-band,Neutrophil,train,0.10698112128003778
26.1725046566048,10.0,0.38208035995043504,6698,SNE_130192_ccrop.jpg,SNE,C_konflik_SNE_dianotasi_band,unsegmented-band,Neutrophil,train,-0.29071547596459446
20.591260281974,2.0,0.09712858623572641,6471,SNE_130422_ccrop.jpg,SNE,B_sepakat_segmented,segmented-multilobed,Neutrophil,train,1.610957100825205
22.360679774997898,9.0,0.40249223594996214,5947,SNE_131711_ccrop.jpg,SNE,C_konflik_SNE_dianotasi_band,unsegmented-band,Neutrophil,train,-0.403744875274624
19.235384061671343,12.5,0.6498440561375455,4603,SNE_131912_ccrop.jpg,SNE,C_konflik_SNE_dianotasi_band,unsegmented-band,Neutrophil,train,-1.0173758606294179
20.518284528683193,6.0,0.29242210729714757,4987,SNE_133810_ccrop.jpg,SNE,C_konflik_SNE_dianotasi_band,unsegmented-band,Neutrophil,train,-0.6410380281327068
20.591260281974,10.0,0.48564293117863205,4535,SNE_13420_ccrop.jpg,SNE,C_konflik_SNE_dianotasi_band,unsegmented-band,Neutrophil,train,-1.2236102206254067
20.808652046684813,9.0,0.43251239819899145,5040,SNE_137703_ccrop.jpg,SNE,C_konflik_SNE_dianotasi_band,unsegmented-band,Neutrophil,train,-0.043272543702071786
26.1725046566048,6.0,0.22924821597026104,6478,SNE_138139_ccrop.jpg,SNE,C_konflik_SNE_dianotasi_band,unsegmented-band,Neutrophil,train,0.7187623706438657
18.35755975068582,0.5,0.027236735535142165,6628,SNE_13843_ccrop.jpg,SNE,B_sepakat_segmented,segmented-multilobed,Neutrophil,train,2.4942591535625915
25.079872407968907,12.5,0.4984076392680625,4849,SNE_139017_ccrop.jpg,SNE,C_konflik_SNE_dianotasi_band,unsegmented-band,Neutrophil,train,-3.2728240967276765
22.80350850198276,1.0,0.043852900965351466,6253,SNE_141017_ccrop.jpg,SNE,B_sepakat_segmented,segmented-bilobed,Neutrophil,train,1.9458767263261736
20.0,1.5,0.075,6380,SNE_142496_ccrop.jpg,SNE,B_sepakat_segmented,segmented-multilobed,Neutrophil,train,1.3583181406628135
19.849433241279208,1.5,0.07556890827898176,7136,SNE_143493_ccrop.jpg,SNE,B_sepakat_segmented,segmented-multilobed,Neutrophil,train,3.8525401277203786
23.40939982143925,4.0,0.1708715315433522,6626,SNE_144334_ccrop.jpg,SNE,B_sepakat_segmented,segmented-bilobed,Neutrophil,train,0.9303970947827258
19.235384061671343,9.5,0.4938814826645346,4858,SNE_145282_ccrop.jpg,SNE,C_konflik_SNE_dianotasi_band,unsegmented-band,Neutrophil,train,0.22367158118684927
20.591260281974,9.0,0.43707863806076885,5290,SNE_146353_ccrop.jpg,SNE,B_sepakat_segmented,segmented-bilobed,Neutrophil,train,-0.2074795937839511
21.02379604162864,2.0,0.09513029883089881,5563,SNE_147263_ccrop.jpg,SNE,B_sepakat_segmented,segmented-bilobed,Neutrophil,train,1.7673279301922857
22.80350850198276,1.5,0.0657793514480272,6766,SNE_14748_ccrop.jpg,SNE,B_sepakat_segmented,segmented-multilobed,Neutrophil,train,2.3973816033225743
21.213203435596427,1.0,0.04714045207910317,6371,SNE_148499_ccrop.jpg,SNE,B_sepakat_segmented,segmented-multilobed,Neutrophil,train,3.6875325751512884
19.4164878389476,8.0,0.4120209620996838,6496,SNE_148813_ccrop.jpg,SNE,C_konflik_SNE_dianotasi_band,unsegmented-band,Neutrophil,train,0.7444730688372916
20.12461179749811,2.5,0.12422599874998831,5411,SNE_151739_ccrop.jpg,SNE,C_konflik_SNE_dianotasi_band,unsegmented-band,Neutrophil,train,1.9475651608195363
25.45584412271571,1.5,0.05892556509887896,6579,SNE_152502_ccrop.jpg,SNE,B_sepakat_segmented,segmented-bilobed,Neutrophil,train,-0.0744319344832185
21.213203435596427,3.0,0.1414213562373095,5651,SNE_153589_ccrop.jpg,SNE,B_sepakat_segmented,segmented-multilobed,Neutrophil,train,0.9354570841831054
23.259406699226016,11.5,0.4944236174511999,6127,SNE_155159_ccrop.jpg,SNE,C_konflik_SNE_dianotasi_band,unsegmented-band,Neutrophil,train,-1.5785436390189176
18.788294228055936,2.0,0.1064492590824699,5814,SNE_156474_ccrop.jpg,SNE,B_sepakat_segmented,segmented-bilobed,Neutrophil,train,1.791392395719412
24.331050121192877,1.0,0.04109974682633932,6553,SNE_156637_ccrop.jpg,SNE,B_sepakat_segmented,segmented-multilobed,Neutrophil,train,2.625934804247759
24.73863375370596,8.0,0.3233808333817773,6172,SNE_157268_ccrop.jpg,SNE,C_konflik_SNE_dianotasi_band,unsegmented-band,Neutrophil,train,0.4111157819469433
25.709920264364882,6.5,0.25282069851493455,5822,SNE_157433_ccrop.jpg,SNE,B_sepakat_segmented,segmented-bilobed,Neutrophil,train,-0.7776410325670504
27.459060435491963,17.5,0.637312410638076,6535,SNE_157991_ccrop.jpg,SNE,B_sepakat_segmented,segmented-bilobed,Neutrophil,train,-4.222964427069238
21.93171219946131,8.5,0.38756663969942023,5616,SNE_158150_ccrop.jpg,SNE,C_konflik_SNE_dianotasi_band,unsegmented-band,Neutrophil,train,2.0454307504756057
22.20360331117452,12.0,0.5404528189332539,5501,SNE_158196_ccrop.jpg,SNE,C_konflik_SNE_dianotasi_band,unsegmented-band,Neutrophil,train,-0.5657249820789989
22.20360331117452,5.5,0.24770754201107473,5055,SNE_158302_ccrop.jpg,SNE,B_sepakat_segmented,segmented-multilobed,Neutrophil,train,0.4358558753514661
19.235384061671343,10.0,0.5198752449100363,5326,SNE_158445_ccrop.jpg,SNE,B_sepakat_segmented,segmented-multilobed,Neutrophil,train,-0.566942631996266
16.401219466856727,7.0,0.42679753259478465,5585,SNE_159793_ccrop.jpg,SNE,C_konflik_SNE_dianotasi_band,unsegmented-band,Neutrophil,train,1.3039635204641264
17.46424919657298,3.0,0.17177950029416048,5425,SNE_15997_ccrop.jpg,SNE,B_sepakat_segmented,segmented-bilobed,Neutrophil,train,2.3152855619659007
21.540659228538015,2.5,0.11605958636065743,5384,SNE_160181_ccrop.jpg,SNE,C_konflik_SNE_dianotasi_band,unsegmented-band,Neutrophil,train,1.1364164149380453
17.88854381999832,2.0,0.11180339887498948,4763,SNE_160733_ccrop.jpg,SNE,B_sepakat_segmented,segmented-multilobed,Neutrophil,train,1.6440238123699196
22.02271554554524,2.0,0.09081532183729997,5941,SNE_161756_ccrop.jpg,SNE,B_sepakat_segmented,segmented-multilobed,Neutrophil,train,0.9884179574616754
21.587033144922902,1.0,0.04632410546120795,5420,SNE_161813_ccrop.jpg,SNE,B_sepakat_segmented,segmented-bilobed,Neutrophil,train,1.240104579427749
17.11724276862369,7.5,0.43815467837773947,5293,SNE_162596_ccrop.jpg,SNE,C_konflik_SNE_dianotasi_band,unsegmented-band,Neutrophil,train,0.8919613027404303
23.769728648009426,2.0,0.08414063238233425,6131,SNE_162958_ccrop.jpg,SNE,B_sepakat_segmented,segmented-bilobed,Neutrophil,train,0.4442679598753845
20.591260281974,1.5,0.07284643967679481,5848,SNE_163138_ccrop.jpg,SNE,B_sepakat_segmented,segmented-bilobed,Neutrophil,train,2.4009916301532037
19.4164878389476,2.0,0.10300524052492095,5717,SNE_163823_ccrop.jpg,SNE,B_sepakat_segmented,segmented-bilobed,Neutrophil,train,1.9507293645295345
20.0,3.0,0.15,6155,SNE_167929_ccrop.jpg,SNE,B_sepakat_segmented,segmented-bilobed,Neutrophil,train,1.8894580936013838
20.396078054371138,2.0,0.09805806756909202,6501,SNE_168952_ccrop.jpg,SNE,B_sepakat_segmented,segmented-bilobed,Neutrophil,train,2.330932902971859
20.808652046684813,2.0,0.09611386626644254,5732,SNE_169776_ccrop.jpg,SNE,C_konflik_SNE_dianotasi_band,unsegmented-band,Neutrophil,train,0.5754539408182611
24.186773244895647,0.5,0.020672455764868078,9234,SNE_169881_ccrop.jpg,SNE,B_sepakat_segmented,segmented-bilobed,Neutrophil,train,2.43712028625022
18.24828759089466,10.5,0.5753964555687505,6132,SNE_170589_ccrop.jpg,SNE,C_konflik_SNE_dianotasi_band,unsegmented-band,Neutrophil,train,0.23624681504110523
18.788294228055936,2.0,0.1064492590824699,5785,SNE_171033_ccrop.jpg,SNE,B_sepakat_segmented,segmented-bilobed,Neutrophil,train,1.7438517074664208
23.345235059857504,2.5,0.10708823421952983,5900,SNE_173457_ccrop.jpg,SNE,B_sepakat_segmented,segmented-bilobed,Neutrophil,train,0.9580913699496181
23.345235059857504,3.0,0.1285058810634358,7606,SNE_173730_ccrop.jpg,SNE,B_sepakat_segmented,segmented-bilobed,Neutrophil,train,0.5786900605312004
23.40939982143925,2.5,0.10679470721459511,5455,SNE_174973_ccrop.jpg,SNE,B_sepakat_segmented,segmented-bilobed,Neutrophil,train,0.09110306053093886
23.600847442411894,13.5,0.5720133581194983,5167,SNE_175767_ccrop.jpg,SNE,C_konflik_SNE_dianotasi_band,unsegmented-band,Neutrophil,train,-2.734437278760778
17.26267650163207,0.5,0.028964222318174613,5520,SNE_176357_ccrop.jpg,SNE,B_sepakat_segmented,segmented-multilobed,Neutrophil,train,1.5294377156532875
17.88854381999832,3.0,0.16770509831248423,5422,SNE_17636_ccrop.jpg,SNE,B_sepakat_segmented,segmented-multilobed,Neutrophil,train,0.6502395998270929
22.47220505424423,3.0,0.13349824784699543,5970,SNE_178886_ccrop.jpg,SNE,B_sepakat_segmented,segmented-bilobed,Neutrophil,train,1.5137455561643876
22.67156809750927,8.5,0.37491892768254625,7538,SNE_179309_ccrop.jpg,SNE,C_konflik_SNE_dianotasi_band,unsegmented-band,Neutrophil,train,0.30559555653544646
23.021728866442675,2.0,0.08687444855261388,6241,SNE_180966_ccrop.jpg,SNE,B_sepakat_segmented,segmented-bilobed,Neutrophil,train,1.7845203678439603
42.0,0.5,0.011904761904761904,12978,SNE_182040_ccrop.jpg,SNE,B_sepakat_segmented,segmented-bilobed,Neutrophil,train,0.4099349900424496
25.0,14.0,0.56,5703,SNE_182145_ccrop.jpg,SNE,C_konflik_SNE_dianotasi_band,unsegmented-band,Neutrophil,train,-3.5688426368055968
25.079872407968907,3.0,0.11961783342433499,5786,SNE_182229_ccrop.jpg,SNE,B_sepakat_segmented,segmented-bilobed,Neutrophil,train,0.601983721061262
25.0,15.0,0.6,5215,SNE_183003_ccrop.jpg,SNE,C_konflik_SNE_dianotasi_band,unsegmented-band,Neutrophil,train,-3.33381457041291
20.615528128088304,13.0,0.6305926250944657,4989,SNE_183125_ccrop.jpg,SNE,C_konflik_SNE_dianotasi_band,unsegmented-band,Neutrophil,train,-0.7057147763887883
21.633307652783937,0.5,0.023112508176051212,4819,SNE_184155_ccrop.jpg,SNE,B_sepakat_segmented,segmented-bilobed,Neutrophil,train,-0.06973984695715174
23.021728866442675,4.0,0.17374889710522776,4666,SNE_184726_ccrop.jpg,SNE,B_sepakat_segmented,segmented-bilobed,Neutrophil,train,-0.7843879348114662
18.384776310850235,2.0,0.10878565864408424,5978,SNE_184903_ccrop.jpg,SNE,B_sepakat_segmented,segmented-bilobed,Neutrophil,train,0.7875859626961299
27.80287754891569,16.0,0.5754800010124851,6942,SNE_185829_ccrop.jpg,SNE,C_konflik_SNE_dianotasi_band,unsegmented-band,Neutrophil,train,-2.422339532854501
21.213203435596427,4.0,0.18856180831641267,7295,SNE_189373_ccrop.jpg,SNE,B_sepakat_segmented,segmented-bilobed,Neutrophil,train,0.8593445935189701
20.591260281974,6.0,0.29138575870717925,4800,SNE_18961_ccrop.jpg,SNE,C_konflik_SNE_dianotasi_band,unsegmented-band,Neutrophil,train,-0.4816975497595699
19.924858845171276,7.5,0.3764142099213717,5242,SNE_189684_ccrop.jpg,SNE,C_konflik_SNE_dianotasi_band,unsegmented-band,Neutrophil,train,0.22284522491746994
20.518284528683193,0.5,0.024368508941428967,5189,SNE_19025_ccrop.jpg,SNE,B_sepakat_segmented,segmented-multilobed,Neutrophil,train,1.4690805637231064
24.20743687382041,1.0,0.04130961923860138,6009,SNE_191339_ccrop.jpg,SNE,B_sepakat_segmented,segmented-bilobed,Neutrophil,train,0.9838551686863362
26.92582403567252,6.0,0.22283440581246225,5970,SNE_192321_ccrop.jpg,SNE,B_sepakat_segmented,segmented-bilobed,Neutrophil,train,-1.9903996567509452
18.788294228055936,10.5,0.5588586101829669,4454,SNE_19457_ccrop.jpg,SNE,C_konflik_SNE_dianotasi_band,unsegmented-band,Neutrophil,train,-0.4764011170519531
17.0,9.0,0.5294117647058824,4787,SNE_194857_ccrop.jpg,SNE,B_sepakat_segmented,segmented-bilobed,Neutrophil,train,0.36817198015014796
21.2602916254693,3.5,0.1646261519671295,6351,SNE_195517_ccrop.jpg,SNE,B_sepakat_segmented,segmented-bilobed,Neutrophil,train,1.6875983355438544
22.0,1.5,0.06818181818181818,5076,SNE_196142_ccrop.jpg,SNE,B_sepakat_segmented,segmented-bilobed,Neutrophil,train,1.4343679960436129
25.059928172283335,3.0,0.11971303267014333,5311,SNE_197208_ccrop.jpg,SNE,B_sepakat_segmented,segmented-bilobed,Neutrophil,train,1.099563060042665
28.600699292150182,4.0,0.13985672025501314,6910,SNE_19917_ccrop.jpg,SNE,B_sepakat_segmented,segmented-bilobed,Neutrophil,train,-0.9954403734937465
24.186773244895647,3.0,0.12403473458920847,7707,SNE_199336_ccrop.jpg,SNE,B_sepakat_segmented,segmented-multilobed,Neutrophil,train,1.2982538515452067
17.11724276862369,10.0,0.584206237836986,5328,SNE_200252_ccrop.jpg,SNE,C_konflik_SNE_dianotasi_band,unsegmented-band,Neutrophil,train,-0.25086564871296346
23.53720459187964,1.5,0.06372889329931311,5303,SNE_200362_ccrop.jpg,SNE,B_sepakat_segmented,segmented-bilobed,Neutrophil,train,1.3688071579037135
20.518284528683193,2.5,0.12184254470714483,6291,SNE_200484_ccrop.jpg,SNE,B_sepakat_segmented,segmented-multilobed,Neutrophil,train,2.372539971875712
22.825424421026653,7.0,0.3066755680368265,5717,SNE_200666_ccrop.jpg,SNE,C_konflik_SNE_dianotasi_band,unsegmented-band,Neutrophil,train,0.7950784360494012
21.93171219946131,7.0,0.3191725268112872,5770,SNE_202212_ccrop.jpg,SNE,C_konflik_SNE_dianotasi_band,unsegmented-band,Neutrophil,train,0.8209261520223805
18.439088914585774,0.5,0.02711630722733202,5778,SNE_202672_ccrop.jpg,SNE,B_sepakat_segmented,segmented-multilobed,Neutrophil,train,1.8803126950923525
25.298221281347036,8.0,0.31622776601683794,5559,SNE_202879_ccrop.jpg,SNE,C_konflik_SNE_dianotasi_band,unsegmented-band,Neutrophil,train,-1.1110478108936572
21.02379604162864,6.0,0.28539089649269644,6168,SNE_203120_ccrop.jpg,SNE,B_sepakat_segmented,segmented-bilobed,Neutrophil,train,0.03509463749172781
17.0,1.5,0.08823529411764706,4904,SNE_203743_ccrop.jpg,SNE,B_sepakat_segmented,segmented-bilobed,Neutrophil,train,1.6169236593129925
23.600847442411894,1.0,0.042371359860703575,8440,SNE_203878_ccrop.jpg,SNE,B_sepakat_segmented,segmented-multilobed,Neutrophil,train,2.672043694894607
18.027756377319946,8.5,0.47149516679144476,5215,SNE_20410_ccrop.jpg,SNE,C_konflik_SNE_dianotasi_band,unsegmented-band,Neutrophil,train,1.1485654967602397
18.027756377319946,2.0,0.11094003924504582,7542,SNE_204853_ccrop.jpg,SNE,B_sepakat_segmented,segmented-multilobed,Neutrophil,train,3.5322720714530593
19.0,2.0,0.10526315789473684,6810,SNE_205547_ccrop.jpg,SNE,B_sepakat_segmented,segmented-multilobed,Neutrophil,train,2.8560787391852465
18.681541692269406,4.5,0.24087947740748514,6403,SNE_206630_ccrop.jpg,SNE,B_sepakat_segmented,segmented-multilobed,Neutrophil,train,1.1916189150806895
19.209372712298546,8.0,0.41646336503628284,4893,SNE_208978_ccrop.jpg,SNE,C_konflik_SNE_dianotasi_band,unsegmented-band,Neutrophil,train,0.14669832932692373
22.847319317591726,4.0,0.1750752438129634,4544,SNE_209080_ccrop.jpg,SNE,B_sepakat_segmented,segmented-bilobed,Neutrophil,train,-0.9704521372323924
19.4164878389476,2.0,0.10300524052492095,4882,SNE_209710_ccrop.jpg,SNE,B_sepakat_segmented,segmented-bilobed,Neutrophil,train,1.4710347376542847
20.0,2.5,0.125,5624,SNE_214459_ccrop.jpg,SNE,C_konflik_SNE_dianotasi_band,unsegmented-band,Neutrophil,train,-0.31925945389172483
23.08679276123039,11.5,0.4981202940978415,5445,SNE_214698_ccrop.jpg,SNE,C_konflik_SNE_dianotasi_band,unsegmented-band,Neutrophil,train,-0.7119817215917177
21.540659228538015,2.0,0.09284766908852593,5637,SNE_215075_ccrop.jpg,SNE,C_konflik_SNE_dianotasi_band,unsegmented-band,Neutrophil,train,0.21491018145369623
22.135943621178654,12.0,0.5421047417431508,6147,SNE_215306_ccrop.jpg,SNE,C_konflik_SNE_dianotasi_band,unsegmented-band,Neutrophil,train,-0.33746455210476434
22.825424421026653,6.0,0.2628647726029941,5369,SNE_215853_ccrop.jpg,SNE,C_konflik_SNE_dianotasi_band,unsegmented-band,Neutrophil,train,-2.2605653158797967
22.02271554554524,8.5,0.3859651178085249,5168,SNE_217967_ccrop.jpg,SNE,C_konflik_SNE_dianotasi_band,unsegmented-band,Neutrophil,train,0.6835468218363889
20.615528128088304,14.0,0.6790997501017323,4062,SNE_218168_ccrop.jpg,SNE,C_konflik_SNE_dianotasi_band,unsegmented-band,Neutrophil,train,-4.613889414787268
22.47220505424423,3.0,0.13349824784699543,4975,SNE_219152_ccrop.jpg,SNE,C_konflik_SNE_dianotasi_band,unsegmented-band,Neutrophil,train,-2.164365506194388
23.08679276123039,3.5,0.1516018286384735,5957,SNE_219641_ccrop.jpg,SNE,B_sepakat_segmented,segmented-bilobed,Neutrophil,train,-1.0811352479437737
22.20360331117452,17.0,0.7656414934887764,4437,SNE_219712_ccrop.jpg,SNE,C_konflik_SNE_dianotasi_band,unsegmented-band,Neutrophil,train,-4.671044010425602
21.540659228538015,7.5,0.34817875908197227,7572,SNE_221310_ccrop.jpg,SNE,C_konflik_SNE_dianotasi_band,unsegmented-band,Neutrophil,train,1.6851356043937864
28.178005607210743,17.0,0.6033074248395247,5814,SNE_226032_ccrop.jpg,SNE,B_sepakat_segmented,segmented-bilobed,Neutrophil,train,-4.203316696829285
17.88854381999832,3.0,0.16770509831248423,5463,SNE_22661_ccrop.jpg,SNE,B_sepakat_segmented,segmented-bilobed,Neutrophil,train,1.736387796581698
22.627416997969522,5.0,0.22097086912079608,5447,SNE_227710_ccrop.jpg,SNE,B_sepakat_segmented,segmented-bilobed,Neutrophil,train,-0.37084800026839204
19.72308292331602,10.5,0.5323711328915635,4905,SNE_228880_ccrop.jpg,SNE,C_konflik_SNE_dianotasi_band,unsegmented-band,Neutrophil,train,-0.03453321240118257
29.154759474226502,12.5,0.4287464628562721,6541,SNE_22896_ccrop.jpg,SNE,B_sepakat_segmented,segmented-bilobed,Neutrophil,train,-2.250686335254315
23.259406699226016,3.0,0.12898007411770432,5792,SNE_229368_ccrop.jpg,SNE,B_sepakat_segmented,segmented-bilobed,Neutrophil,train,1.2614374001830173
22.0,1.0,0.045454545454545456,6574,SNE_230756_ccrop.jpg,SNE,B_sepakat_segmented,segmented-bilobed,Neutrophil,train,2.762885463295645
18.384776310850235,3.0,0.16317848796612636,5379,SNE_230902_ccrop.jpg,SNE,B_sepakat_segmented,segmented-bilobed,Neutrophil,train,1.7829279282568553
17.11724276862369,2.5,0.1460515594592465,6244,SNE_230994_ccrop.jpg,SNE,C_konflik_SNE_dianotasi_band,unsegmented-band,Neutrophil,train,2.1017165442191414
19.924858845171276,11.0,0.5520741745513451,5734,SNE_231937_ccrop.jpg,SNE,C_konflik_SNE_dianotasi_band,unsegmented-band,Neutrophil,train,-0.5568497669601236
21.0,1.5,0.07142857142857142,6044,SNE_235653_ccrop.jpg,SNE,B_sepakat_segmented,segmented-bilobed,Neutrophil,train,1.9826597857812978
19.313207915827967,1.0,0.05177803730784977,5237,SNE_238919_ccrop.jpg,SNE,B_sepakat_segmented,segmented-bilobed,Neutrophil,train,-1.0600408413679983
21.840329667841555,8.5,0.3891882645212856,5769,SNE_23955_ccrop.jpg,SNE,C_konflik_SNE_dianotasi_band,unsegmented-band,Neutrophil,train,0.03259541527925869
20.615528128088304,2.0,0.09701425001453319,6429,SNE_239560_ccrop.jpg,SNE,B_sepakat_segmented,segmented-bilobed,Neutrophil,train,1.9871650818454434
22.561028345356956,6.0,0.26594532430676177,5005,SNE_241361_ccrop.jpg,SNE,C_konflik_SNE_dianotasi_band,unsegmented-band,Neutrophil,train,-2.0397979527960235
20.808652046684813,5.0,0.24028466566610635,6161,SNE_241620_ccrop.jpg,SNE,B_sepakat_segmented,segmented-multilobed,Neutrophil,train,1.6247886668374587
19.1049731745428,2.5,0.13085598064755344,3840,SNE_242266_ccrop.jpg,SNE,C_konflik_SNE_dianotasi_band,unsegmented-band,Neutrophil,train,-0.15757609328949407
20.248456731316587,4.0,0.1975459193299179,6464,SNE_242915_ccrop.jpg,SNE,B_sepakat_segmented,segmented-bilobed,Neutrophil,train,1.6590097198630858
25.495097567963924,14.0,0.5491251783869153,7499,SNE_243399_ccrop.jpg,SNE,C_konflik_SNE_dianotasi_band,unsegmented-band,Neutrophil,train,-2.13215745306886
20.518284528683193,4.0,0.19494807153143173,5459,SNE_244555_ccrop.jpg,SNE,B_sepakat_segmented,segmented-bilobed,Neutrophil,train,1.6532061014261181
22.02271554554524,3.0,0.13622298275594996,5749,SNE_24470_ccrop.jpg,SNE,B_sepakat_segmented,segmented-multilobed,Neutrophil,train,1.9504645278240034
27.018512172212592,12.5,0.4626457563735033,5526,SNE_245640_ccrop.jpg,SNE,C_konflik_SNE_dianotasi_band,unsegmented-band,Neutrophil,train,-2.6337816818595883
22.67156809750927,0.5,0.022054054569561544,9147,SNE_246181_ccrop.jpg,SNE,B_sepakat_segmented,segmented-bilobed,Neutrophil,train,3.086407463634896
21.540659228538015,2.0,0.09284766908852593,6094,SNE_247632_ccrop.jpg,SNE,B_sepakat_segmented,segmented-multilobed,Neutrophil,train,2.099232953159519
19.924858845171276,7.0,0.35131992925994693,5451,SNE_248746_ccrop.jpg,SNE,B_sepakat_segmented,segmented-bilobed,Neutrophil,train,0.9894224563956282
20.591260281974,7.0,0.33995005182504245,5198,SNE_249290_ccrop.jpg,SNE,C_konflik_SNE_dianotasi_band,unsegmented-band,Neutrophil,train,0.4300036518424184
23.769728648009426,2.0,0.08414063238233425,4805,SNE_250853_ccrop.jpg,SNE,B_sepakat_segmented,segmented-bilobed,Neutrophil,train,0.19777575814359505
31.064449134018133,8.5,0.27362468149135144,7442,SNE_250922_ccrop.jpg,SNE,C_konflik_SNE_dianotasi_band,unsegmented-band,Neutrophil,train,-2.8365572379818644
19.1049731745428,2.0,0.10468478451804275,6107,SNE_251641_ccrop.jpg,SNE,B_sepakat_segmented,segmented-multilobed,Neutrophil,train,2.4636407321168967
24.041630560342615,2.0,0.0831890330807703,6351,SNE_254843_ccrop.jpg,SNE,B_sepakat_segmented,segmented-multilobed,Neutrophil,train,1.9826044840998565
23.853720883753127,5.0,0.20961090407515925,4806,SNE_255440_ccrop.jpg,SNE,B_sepakat_segmented,segmented-bilobed,Neutrophil,train,-1.1786576611374961
23.706539182259394,7.5,0.31636840545719835,6185,SNE_255562_ccrop.jpg,SNE,B_sepakat_segmented,segmented-bilobed,Neutrophil,train,0.7926060747264856
20.518284528683193,1.0,0.04873701788285793,5749,SNE_257510_ccrop.jpg,SNE,B_sepakat_segmented,segmented-multilobed,Neutrophil,train,2.702551188583177
21.2602916254693,2.0,0.09407208683835973,5467,SNE_25945_ccrop.jpg,SNE,B_sepakat_segmented,segmented-multilobed,Neutrophil,train,1.5598661630979018
20.248456731316587,2.5,0.1234661995811987,6587,SNE_260144_ccrop.jpg,SNE,B_sepakat_segmented,segmented-bilobed,Neutrophil,train,2.120309474634645
21.18962010041709,10.5,0.49552563709215913,4190,SNE_261351_ccrop.jpg,SNE,C_konflik_SNE_dianotasi_band,unsegmented-band,Neutrophil,train,-1.625168536575993
27.202941017470888,9.0,0.33084657994221345,6072,SNE_263690_ccrop.jpg,SNE,C_konflik_SNE_dianotasi_band,unsegmented-band,Neutrophil,train,-0.6823211710435171
22.0,14.5,0.6590909090909091,6252,SNE_265019_ccrop.jpg,SNE,C_konflik_SNE_dianotasi_band,unsegmented-band,Neutrophil,train,0.022706232694424955
18.973665961010276,2.0,0.10540925533894598,6571,SNE_26512_ccrop.jpg,SNE,C_konflik_SNE_dianotasi_band,unsegmented-band,Neutrophil,train,3.2522319669354296
22.80350850198276,3.0,0.1315587028960544,5100,SNE_265901_ccrop.jpg,SNE,B_sepakat_segmented,segmented-bilobed,Neutrophil,train,-0.16758259133600717
24.166091947189145,1.5,0.062070441645177596,6007,SNE_269038_ccrop.jpg,SNE,B_sepakat_segmented,segmented-multilobed,Neutrophil,train,2.4174804176419746
19.209372712298546,13.0,0.6767529681839596,5314,SNE_269337_ccrop.jpg,SNE,C_konflik_SNE_dianotasi_band,unsegmented-band,Neutrophil,train,-1.3821833772845107
23.345235059857504,0.5,0.021417646843905968,7606,SNE_269886_ccrop.jpg,SNE,B_sepakat_segmented,segmented-multilobed,Neutrophil,train,1.4701294465855703
18.384776310850235,1.0,0.05439282932204212,6033,SNE_269917_ccrop.jpg,SNE,B_sepakat_segmented,segmented-multilobed,Neutrophil,train,3.3426094985997965
19.235384061671343,2.0,0.10397504898200728,5925,SNE_271690_ccrop.jpg,SNE,B_sepakat_segmented,segmented-multilobed,Neutrophil,train,3.3158092642839536
22.47220505424423,1.5,0.06674912392349772,6026,SNE_272527_ccrop.jpg,SNE,B_sepakat_segmented,segmented-bilobed,Neutrophil,train,1.4799914247242896
20.8806130178211,3.0,0.1436739427831727,4742,SNE_273219_ccrop.jpg,SNE,B_sepakat_segmented,segmented-multilobed,Neutrophil,train,1.2815523280426504
25.0,6.5,0.26,5789,SNE_273267_ccrop.jpg,SNE,C_konflik_SNE_dianotasi_band,unsegmented-band,Neutrophil,train,-1.0620939733846733
22.80350850198276,3.0,0.1315587028960544,5884,SNE_273364_ccrop.jpg,SNE,B_sepakat_segmented,segmented-bilobed,Neutrophil,train,-0.2764553452094809
20.615528128088304,12.0,0.5820855000871991,6129,SNE_274583_ccrop.jpg,SNE,C_konflik_SNE_dianotasi_band,unsegmented-band,Neutrophil,train,-0.42344872646521026
34.52535300326414,32.0,0.9268551141815876,6064,SNE_274866_ccrop.jpg,SNE,C_konflik_SNE_dianotasi_band,unsegmented-band,Neutrophil,train,-6.517996931770867
24.413111231467404,1.0,0.04096159602595203,6084,SNE_277157_ccrop.jpg,SNE,B_sepakat_segmented,segmented-multilobed,Neutrophil,train,1.9248439872492256
20.248456731316587,8.0,0.3950918386598358,5201,SNE_280216_ccrop.jpg,SNE,C_konflik_SNE_dianotasi_band,unsegmented-band,Neutrophil,train,0.532777923282941
20.12461179749811,2.0,0.09938079899999065,5286,SNE_280533_ccrop.jpg,SNE,B_sepakat_segmented,segmented-multilobed,Neutrophil,train,2.2894578108902657
20.0,2.5,0.125,6242,SNE_280544_ccrop.jpg,SNE,B_sepakat_segmented,segmented-bilobed,Neutrophil,train,1.9750447173775498
21.213203435596427,12.5,0.5892556509887896,5822,SNE_280927_ccrop.jpg,SNE,C_konflik_SNE_dianotasi_band,unsegmented-band,Neutrophil,train,-1.7930236726154565
22.825424421026653,11.5,0.5038241474890721,5635,SNE_281850_ccrop.jpg,SNE,C_konflik_SNE_dianotasi_band,unsegmented-band,Neutrophil,train,-1.827525350583679
26.68332812825267,1.0,0.03747658444979307,8190,SNE_282692_ccrop.jpg,SNE,B_sepakat_segmented,segmented-multilobed,Neutrophil,train,1.9160343017787191
19.697715603592208,2.5,0.12691827064170239,4799,SNE_285336_ccrop.jpg,SNE,C_konflik_SNE_dianotasi_band,unsegmented-band,Neutrophil,train,1.3790768850049702
26.248809496813376,0.5,0.01904848294398648,8199,SNE_286384_ccrop.jpg,SNE,B_sepakat_segmented,segmented-bilobed,Neutrophil,train,2.2143770290934146
27.294688127912362,11.0,0.40300881799602145,6403,SNE_287238_ccrop.jpg,SNE,C_konflik_SNE_dianotasi_band,unsegmented-band,Neutrophil,train,-2.938492141079557
19.4164878389476,9.0,0.46352358236214425,5277,SNE_292321_ccrop.jpg,SNE,C_konflik_SNE_dianotasi_band,unsegmented-band,Neutrophil,train,-0.9380546436320714
19.924858845171276,2.0,0.10037712264569912,5896,SNE_292418_ccrop.jpg,SNE,C_konflik_SNE_dianotasi_band,unsegmented-band,Neutrophil,train,2.3001908898884222
21.840329667841555,1.5,0.06868028197434452,6299,SNE_292606_ccrop.jpg,SNE,B_sepakat_segmented,segmented-bilobed,Neutrophil,train,0.9585172525952608
25.0,15.0,0.6,6862,SNE_293050_ccrop.jpg,SNE,C_konflik_SNE_dianotasi_band,unsegmented-band,Neutrophil,train,-1.1728080140290817
18.973665961010276,1.5,0.07905694150420949,6117,SNE_29472_ccrop.jpg,SNE,B_sepakat_segmented,segmented-multilobed,Neutrophil,train,3.363043519496326
22.135943621178654,8.0,0.36140316116210053,5850,SNE_295383_ccrop.jpg,SNE,C_konflik_SNE_dianotasi_band,unsegmented-band,Neutrophil,train,0.7238036913054691
19.1049731745428,6.0,0.31405435355412825,4807,SNE_297795_ccrop.jpg,SNE,B_sepakat_segmented,segmented-bilobed,Neutrophil,train,0.3498591108438127
22.360679774997898,4.0,0.17888543819998318,7293,SNE_298760_ccrop.jpg,SNE,B_sepakat_segmented,segmented-bilobed,Neutrophil,train,2.2102129185196375
22.80350850198276,0.5,0.021926450482675733,6125,SNE_301003_ccrop.jpg,SNE,B_sepakat_segmented,segmented-bilobed,Neutrophil,train,1.3714618033302886
18.681541692269406,8.0,0.4282301820577514,5450,SNE_303322_ccrop.jpg,SNE,C_konflik_SNE_dianotasi_band,unsegmented-band,Neutrophil,train,-0.10228100167925369
19.4164878389476,1.5,0.0772539303936907,5372,SNE_303729_ccrop.jpg,SNE,B_sepakat_segmented,segmented-multilobed,Neutrophil,train,1.883399746713474
21.400934559032695,2.5,0.11681732837899944,5318,SNE_304405_ccrop.jpg,SNE,C_konflik_SNE_dianotasi_band,unsegmented-band,Neutrophil,train,0.3981491749807642
24.041630560342615,14.0,0.5823232315653921,4802,SNE_304432_ccrop.jpg,SNE,C_konflik_SNE_dianotasi_band,unsegmented-band,Neutrophil,train,-2.8071513916243855
22.135943621178654,9.5,0.42916625387999435,5894,SNE_305002_ccrop.jpg,SNE,C_konflik_SNE_dianotasi_band,unsegmented-band,Neutrophil,train,-0.9119915396958245
30.0,0.5,0.016666666666666666,5958,SNE_305469_ccrop.jpg,SNE,B_sepakat_segmented,segmented-bilobed,Neutrophil,train,-2.1981023134225843
23.259406699226016,9.0,0.386940222353113,6458,SNE_306466_ccrop.jpg,SNE,C_konflik_SNE_dianotasi_band,unsegmented-band,Neutrophil,train,-0.4517625342689424
26.419689627245813,16.0,0.6056089312835716,6041,SNE_308177_ccrop.jpg,SNE,C_konflik_SNE_dianotasi_band,unsegmented-band,Neutrophil,train,-3.011961877979182
22.627416997969522,5.0,0.22097086912079608,5853,SNE_308219_ccrop.jpg,SNE,C_konflik_SNE_dianotasi_band,unsegmented-band,Neutrophil,train,0.4666226966691909
19.79898987322333,3.0,0.15152288168283162,6157,SNE_308878_ccrop.jpg,SNE,C_konflik_SNE_dianotasi_band,unsegmented-band,Neutrophil,train,1.352252105861253
22.20360331117452,10.0,0.450377349111045,6477,SNE_309954_ccrop.jpg,SNE,C_konflik_SNE_dianotasi_band,unsegmented-band,Neutrophil,train,-0.5269389929577262
20.223748416156685,8.0,0.395574541147319,6421,SNE_310624_ccrop.jpg,SNE,C_konflik_SNE_dianotasi_band,unsegmented-band,Neutrophil,train,0.702236238286023
24.596747752497688,0.5,0.020327890704543543,6953,SNE_311422_ccrop.jpg,SNE,C_konflik_SNE_dianotasi_band,unsegmented-band,Neutrophil,train,0.7979203757456554
22.627416997969522,2.0,0.08838834764831843,7933,SNE_313849_ccrop.jpg,SNE,B_sepakat_segmented,segmented-bilobed,Neutrophil,train,1.5763732941273965
24.596747752497688,11.5,0.4675414862045015,5559,SNE_314177_ccrop.jpg,SNE,C_konflik_SNE_dianotasi_band,unsegmented-band,Neutrophil,train,-2.149063347582249
23.853720883753127,2.0,0.0838443616300637,7196,SNE_314380_ccrop.jpg,SNE,B_sepakat_segmented,segmented-multilobed,Neutrophil,train,1.4910475610190819
26.476404589747453,1.5,0.056654218095037345,6873,SNE_314661_ccrop.jpg,SNE,C_konflik_SNE_dianotasi_band,unsegmented-band,Neutrophil,train,0.91518764939444
25.079872407968907,2.0,0.07974522228289,5662,SNE_315646_ccrop.jpg,SNE,C_konflik_SNE_dianotasi_band,unsegmented-band,Neutrophil,train,1.991283585633182
19.849433241279208,8.5,0.4282238135808966,4566,SNE_317122_ccrop.jpg,SNE,C_konflik_SNE_dianotasi_band,unsegmented-band,Neutrophil,train,-0.06382332228787391
18.0,3.0,0.16666666666666666,5041,SNE_319081_ccrop.jpg,SNE,B_sepakat_segmented,segmented-bilobed,Neutrophil,train,2.1356820431047305
23.853720883753127,3.5,0.14672763285261148,5203,SNE_320831_ccrop.jpg,SNE,B_sepakat_segmented,segmented-bilobed,Neutrophil,train,0.27171112090368243
20.591260281974,3.0,0.14569287935358963,5811,SNE_323944_ccrop.jpg,SNE,B_sepakat_segmented,segmented-multilobed,Neutrophil,train,2.629670129284934
21.18962010041709,8.0,0.377543342546407,4693,SNE_327603_ccrop.jpg,SNE,C_konflik_SNE_dianotasi_band,unsegmented-band,Neutrophil,train,-0.7886944217189154
21.470910553583888,7.0,0.32602250298283564,5206,SNE_329838_ccrop.jpg,SNE,B_sepakat_segmented,segmented-bilobed,Neutrophil,train,-0.6903730897174754
21.400934559032695,2.0,0.09345386270319955,5510,SNE_330213_ccrop.jpg,SNE,B_sepakat_segmented,segmented-bilobed,Neutrophil,train,0.6033689864373697
21.02379604162864,1.0,0.047565149415449405,4567,SNE_333169_ccrop.jpg,SNE,B_sepakat_segmented,segmented-multilobed,Neutrophil,train,0.7049677800770509
23.345235059857504,6.0,0.2570117621268716,5364,SNE_334919_ccrop.jpg,SNE,B_sepakat_segmented,segmented-bilobed,Neutrophil,train,-1.4365394680454049
35.6931365951495,13.5,0.3782239749093549,6188,SNE_334920_ccrop.jpg,SNE,E_lainnya,irregular,Neutrophil,train,-6.39014107298569
20.248456731316587,8.0,0.3950918386598358,5637,SNE_337880_ccrop.jpg,SNE,C_konflik_SNE_dianotasi_band,unsegmented-band,Neutrophil,train,0.8472677619061058
23.769728648009426,4.0,0.1682812647646685,5882,SNE_338117_ccrop.jpg,SNE,B_sepakat_segmented,segmented-bilobed,Neutrophil,train,0.5310301521333365
16.97056274847714,2.5,0.1473139127471974,6538,SNE_339035_ccrop.jpg,SNE,B_sepakat_segmented,segmented-bilobed,Neutrophil,train,2.5454531635920876
21.095023109728988,1.5,0.07110681947099658,5208,SNE_339538_ccrop.jpg,SNE,B_sepakat_segmented,segmented-bilobed,Neutrophil,train,0.6790125418976114
22.135943621178654,3.0,0.1355261854357877,6281,SNE_339572_ccrop.jpg,SNE,B_sepakat_segmented,segmented-bilobed,Neutrophil,train,1.263073753376048
23.0,2.0,0.08695652173913043,5556,SNE_341311_ccrop.jpg,SNE,B_sepakat_segmented,segmented-bilobed,Neutrophil,train,1.721285835770118
26.0,1.0,0.038461538461538464,7051,SNE_342586_ccrop.jpg,SNE,B_sepakat_segmented,segmented-bilobed,Neutrophil,train,0.2764679602591764
21.18962010041709,5.0,0.23596458909150433,6316,SNE_343862_ccrop.jpg,SNE,B_sepakat_segmented,segmented-bilobed,Neutrophil,train,0.7141097567640671
22.135943621178654,6.0,0.2710523708715754,4963,SNE_344636_ccrop.jpg,SNE,C_konflik_SNE_dianotasi_band,unsegmented-band,Neutrophil,train,-0.7110051803916004
20.09975124224178,3.0,0.14925557853149837,6062,SNE_345111_ccrop.jpg,SNE,B_sepakat_segmented,segmented-bilobed,Neutrophil,train,2.5595734400957415
19.4164878389476,7.0,0.3605183418372233,5425,SNE_345629_ccrop.jpg,SNE,B_sepakat_segmented,segmented-multilobed,Neutrophil,train,0.8788836277381176
21.540659228538015,11.0,0.5106621799868927,6065,SNE_350176_ccrop.jpg,SNE,C_konflik_SNE_dianotasi_band,unsegmented-band,Neutrophil,train,-1.0892308857651596
21.470910553583888,13.0,0.6054703626824091,5333,SNE_35078_ccrop.jpg,SNE,C_konflik_SNE_dianotasi_band,unsegmented-band,Neutrophil,train,-1.8799887135856093
18.110770276274835,2.0,0.11043152607484653,5066,SNE_350920_ccrop.jpg,SNE,B_sepakat_segmented,segmented-multilobed,Neutrophil,train,2.1854049727899216
21.095023109728988,2.0,0.09480909262799544,7182,SNE_351797_ccrop.jpg,SNE,B_sepakat_segmented,segmented-multilobed,Neutrophil,train,1.6299312631588112
28.0,14.0,0.5,7212,SNE_352977_ccrop.jpg,SNE,C_konflik_SNE_dianotasi_band,unsegmented-band,Neutrophil,train,-2.7040425678307223
24.166091947189145,5.5,0.22759161936565117,6234,SNE_355910_ccrop.jpg,SNE,C_konflik_SNE_dianotasi_band,unsegmented-band,Neutrophil,train,-0.48580707355943353
20.12461179749811,7.0,0.3478327964999673,5153,SNE_357478_ccrop.jpg,SNE,C_konflik_SNE_dianotasi_band,unsegmented-band,Neutrophil,train,-0.09521708627035608
20.248456731316587,3.0,0.14815943949743846,6133,SNE_357649_ccrop.jpg,SNE,C_konflik_SNE_dianotasi_band,unsegmented-band,Neutrophil,train,2.021880456876465
30.805843601498726,19.0,0.6167660995031358,6173,SNE_358113_ccrop.jpg,SNE,C_konflik_SNE_dianotasi_band,unsegmented-band,Neutrophil,train,-6.089355657511639
18.35755975068582,9.0,0.49026123963255896,5963,SNE_358136_ccrop.jpg,SNE,C_konflik_SNE_dianotasi_band,unsegmented-band,Neutrophil,train,0.5454887520280369
22.20360331117452,1.0,0.04503773491110449,7054,SNE_358592_ccrop.jpg,SNE,C_konflik_SNE_dianotasi_band,unsegmented-band,Neutrophil,train,1.1785415713435876
23.194827009486403,1.0,0.04311306135592269,5354,SNE_359147_ccrop.jpg,SNE,B_sepakat_segmented,segmented-multilobed,Neutrophil,train,1.6588638206827655
15.811388300841896,0.5,0.03162277660168379,4778,SNE_360421_ccrop.jpg,SNE,B_sepakat_segmented,segmented-multilobed,Neutrophil,train,1.6950456927929842
18.681541692269406,12.0,0.642345273086627,5412,SNE_36219_ccrop.jpg,SNE,C_konflik_SNE_dianotasi_band,unsegmented-band,Neutrophil,train,-0.7258477237202978
27.586228448267445,21.0,0.7612494052741344,5342,SNE_362408_ccrop.jpg,SNE,C_konflik_SNE_dianotasi_band,unsegmented-band,Neutrophil,train,-5.829496892338161
29.0,0.5,0.017241379310344827,10332,SNE_362409_ccrop.jpg,SNE,C_konflik_SNE_dianotasi_band,unsegmented-band,Neutrophil,train,1.9479432124856437
24.20743687382041,7.5,0.3098221442895103,5409,SNE_363370_ccrop.jpg,SNE,C_konflik_SNE_dianotasi_band,unsegmented-band,Neutrophil,train,-0.43307513706293044
20.0,3.0,0.15,5545,SNE_363446_ccrop.jpg,SNE,B_sepakat_segmented,segmented-multilobed,Neutrophil,train,2.7864003798793036
24.839484696748443,5.0,0.20129242055711863,7089,SNE_364066_ccrop.jpg,SNE,B_sepakat_segmented,segmented-bilobed,Neutrophil,train,0.3755646351784323
20.615528128088304,1.5,0.07276068751089988,6318,SNE_364300_ccrop.jpg,SNE,C_konflik_SNE_dianotasi_band,unsegmented-band,Neutrophil,train,1.1514543576938223
25.80697580112788,3.0,0.11624763874381928,5116,SNE_364743_ccrop.jpg,SNE,B_sepakat_segmented,segmented-bilobed,Neutrophil,train,-0.7444264913321756
22.561028345356956,9.0,0.39891798646014265,5297,SNE_36496_ccrop.jpg,SNE,C_konflik_SNE_dianotasi_band,unsegmented-band,Neutrophil,train,0.5287373656333232
21.95449840010015,0.5,0.022774375933713845,7381,SNE_365900_ccrop.jpg,SNE,B_sepakat_segmented,segmented-bilobed,Neutrophil,train,2.1350134980320803
23.323807579381203,10.0,0.42874646285627205,4940,SNE_367710_ccrop.jpg,SNE,C_konflik_SNE_dianotasi_band,unsegmented-band,Neutrophil,train,-0.49270046724512007
21.93171219946131,5.5,0.25077841392315425,5220,SNE_37089_ccrop.jpg,SNE,C_konflik_SNE_dianotasi_band,unsegmented-band,Neutrophil,train,-0.5393898740529579
21.0,1.5,0.07142857142857142,7620,SNE_373271_ccrop.jpg,SNE,B_sepakat_segmented,segmented-multilobed,Neutrophil,train,2.594048202221673
19.79898987322333,6.0,0.30304576336566325,5428,SNE_373512_ccrop.jpg,SNE,C_konflik_SNE_dianotasi_band,unsegmented-band,Neutrophil,train,0.6832536411768269
26.1725046566048,5.5,0.21014419797273928,6043,SNE_374597_ccrop.jpg,SNE,C_konflik_SNE_dianotasi_band,unsegmented-band,Neutrophil,train,-1.3279178967439638
26.076809620810597,4.0,0.15339299776947407,5972,SNE_374959_ccrop.jpg,SNE,B_sepakat_segmented,segmented-bilobed,Neutrophil,train,-0.8951538558082852
22.47220505424423,1.0,0.04449941594899848,5652,SNE_375215_ccrop.jpg,SNE,B_sepakat_segmented,segmented-bilobed,Neutrophil,train,1.4761098927871394
19.1049731745428,8.0,0.418739138072171,5009,SNE_375258_ccrop.jpg,SNE,C_konflik_SNE_dianotasi_band,unsegmented-band,Neutrophil,train,0.6417697359552985
26.476404589747453,1.5,0.056654218095037345,6788,SNE_375296_ccrop.jpg,SNE,B_sepakat_segmented,segmented-multilobed,Neutrophil,train,1.7174965709147374
24.08318915758459,16.5,0.6851252087933547,5823,SNE_375821_ccrop.jpg,SNE,C_konflik_SNE_dianotasi_band,unsegmented-band,Neutrophil,train,-2.786309818385668
19.235384061671343,3.0,0.1559625734730109,4606,SNE_376752_ccrop.jpg,SNE,B_sepakat_segmented,segmented-multilobed,Neutrophil,train,-0.06408967488113682
23.021728866442675,3.0,0.1303116728289208,6149,SNE_376973_ccrop.jpg,SNE,B_sepakat_segmented,segmented-multilobed,Neutrophil,train,2.398054776809338
21.37755832643195,0.5,0.0233890134862494,6273,SNE_378472_ccrop.jpg,SNE,C_konflik_SNE_dianotasi_band,unsegmented-band,Neutrophil,train,1.2860340829760348
16.97056274847714,0.5,0.029462782549439483,5906,SNE_380575_ccrop.jpg,SNE,B_sepakat_segmented,segmented-multilobed,Neutrophil,train,2.956443741368057
20.518284528683193,0.5,0.024368508941428967,6251,SNE_380978_ccrop.jpg,SNE,B_sepakat_segmented,segmented-multilobed,Neutrophil,train,2.374894427875491
24.73863375370596,16.5,0.6669729688499157,5562,SNE_381415_ccrop.jpg,SNE,C_konflik_SNE_dianotasi_band,unsegmented-band,Neutrophil,train,-3.580497343021623
23.0,6.0,0.2608695652173913,5398,SNE_381430_ccrop.jpg,SNE,C_konflik_SNE_dianotasi_band,unsegmented-band,Neutrophil,train,0.41975756233996986
25.632011235952593,3.5,0.13654800506215234,6379,SNE_382444_ccrop.jpg,SNE,C_konflik_SNE_dianotasi_band,unsegmented-band,Neutrophil,train,0.2330858984608799
18.601075237738275,2.0,0.10752066611409407,5636,SNE_382898_ccrop.jpg,SNE,B_sepakat_segmented,segmented-bilobed,Neutrophil,train,2.5043698951959072
25.0,2.5,0.1,5791,SNE_383256_ccrop.jpg,SNE,C_konflik_SNE_dianotasi_band,unsegmented-band,Neutrophil,train,-0.09114548781495735
26.92582403567252,13.0,0.48280787926033486,6214,SNE_383651_ccrop.jpg,SNE,C_konflik_SNE_dianotasi_band,unsegmented-band,Neutrophil,train,-2.877271743072292
21.095023109728988,8.0,0.3792363705119818,5807,SNE_383824_ccrop.jpg,SNE,B_sepakat_segmented,segmented-bilobed,Neutrophil,train,0.42032597167558183
22.627416997969522,1.5,0.06629126073623882,5298,SNE_385589_ccrop.jpg,SNE,C_konflik_SNE_dianotasi_band,unsegmented-band,Neutrophil,train,2.3225741661454204
26.476404589747453,1.5,0.056654218095037345,7132,SNE_385652_ccrop.jpg,SNE,B_sepakat_segmented,segmented-multilobed,Neutrophil,train,2.4507275389900602
20.024984394500787,1.0,0.04993761694389223,5450,SNE_386155_ccrop.jpg,SNE,B_sepakat_segmented,segmented-multilobed,Neutrophil,train,0.942603261384245
17.88854381999832,5.5,0.30745934690622106,5893,SNE_386488_ccrop.jpg,SNE,C_konflik_SNE_dianotasi_band,unsegmented-band,Neutrophil,train,1.0335799803997272
18.681541692269406,8.0,0.4282301820577514,4404,SNE_386870_ccrop.jpg,SNE,C_konflik_SNE_dianotasi_band,unsegmented-band,Neutrophil,train,0.4736895457191128
26.627053911388696,12.5,0.4694473538679248,5374,SNE_386954_ccrop.jpg,SNE,C_konflik_SNE_dianotasi_band,unsegmented-band,Neutrophil,train,-1.6274937467116395
22.67156809750927,2.0,0.08821621827824618,6678,SNE_388709_ccrop.jpg,SNE,B_sepakat_segmented,segmented-bilobed,Neutrophil,train,1.8899756184786218
18.35755975068582,8.0,0.43578776856227464,5350,SNE_388881_ccrop.jpg,SNE,C_konflik_SNE_dianotasi_band,unsegmented-band,Neutrophil,train,0.35323894642983245
23.769728648009426,2.5,0.10517579047791781,7126,SNE_389572_ccrop.jpg,SNE,B_sepakat_segmented,segmented-multilobed,Neutrophil,train,1.2261682975976118
22.561028345356956,1.0,0.04432422071779363,5659,SNE_390822_ccrop.jpg,SNE,B_sepakat_segmented,segmented-multilobed,Neutrophil,train,2.916052178079509
22.360679774997898,1.5,0.06708203932499368,4885,SNE_390997_ccrop.jpg,SNE,B_sepakat_segmented,segmented-bilobed,Neutrophil,train,0.7176372389890062
20.591260281974,1.0,0.04856429311786321,5838,SNE_392001_ccrop.jpg,SNE,B_sepakat_segmented,segmented-bilobed,Neutrophil,train,3.1080604291731735
22.02271554554524,6.0,0.2724459655118999,5564,SNE_392106_ccrop.jpg,SNE,C_konflik_SNE_dianotasi_band,unsegmented-band,Neutrophil,train,-0.24515926002355215
25.317977802344327,14.5,0.5727155665116891,5536,SNE_392617_ccrop.jpg,SNE,C_konflik_SNE_dianotasi_band,unsegmented-band,Neutrophil,train,-3.5090256149437664
23.430749027719962,7.0,0.29875271984342394,6641,SNE_393713_ccrop.jpg,SNE,B_sepakat_segmented,segmented-multilobed,Neutrophil,train,-0.874809783444995
19.209372712298546,2.0,0.10411584125907071,5493,SNE_394048_ccrop.jpg,SNE,B_sepakat_segmented,segmented-multilobed,Neutrophil,train,2.179981618487412
20.518284528683193,4.5,0.2193165804728607,5055,SNE_394861_ccrop.jpg,SNE,B_sepakat_segmented,segmented-multilobed,Neutrophil,train,0.6827246478672988
22.360679774997898,11.0,0.4919349550499537,5975,SNE_395253_ccrop.jpg,SNE,B_sepakat_segmented,segmented-multilobed,Neutrophil,train,-1.6774339091595039
24.515301344262525,3.0,0.12237255246720063,5706,SNE_397471_ccrop.jpg,SNE,C_konflik_SNE_dianotasi_band,unsegmented-band,Neutrophil,train,1.5570021439378188
28.792360097775937,6.0,0.20838861349415636,6802,SNE_399998_ccrop.jpg,SNE,B_sepakat_segmented,segmented-bilobed,Neutrophil,train,-2.58083435845281
19.849433241279208,3.5,0.17632745265095742,6627,SNE_400193_ccrop.jpg,SNE,B_sepakat_segmented,segmented-bilobed,Neutrophil,train,1.6223418458602028
25.45584412271571,2.5,0.09820927516479827,6684,SNE_401003_ccrop.jpg,SNE,C_konflik_SNE_dianotasi_band,unsegmented-band,Neutrophil,train,0.5752137023473303
25.317977802344327,12.0,0.47397150332001853,5155,SNE_401430_ccrop.jpg,SNE,C_konflik_SNE_dianotasi_band,unsegmented-band,Neutrophil,train,-3.386660205105205
24.698178070456937,6.5,0.2631773073081477,6881,SNE_402177_ccrop.jpg,SNE,B_sepakat_segmented,segmented-bilobed,Neutrophil,train,-0.33329460878299955
26.1725046566048,0.5,0.019104017997521754,5875,SNE_402317_ccrop.jpg,SNE,B_sepakat_segmented,segmented-bilobed,Neutrophil,train,-1.1633466371016254
20.8806130178211,9.0,0.43102182834951813,6097,SNE_40278_ccrop.jpg,SNE,C_konflik_SNE_dianotasi_band,unsegmented-band,Neutrophil,train,0.39169074938319515
29.120439557122072,2.0,0.06868028197434452,5547,SNE_402972_ccrop.jpg,SNE,B_sepakat_segmented,segmented-bilobed,Neutrophil,train,1.9159224019445897
21.93171219946131,4.0,0.1823843010350213,5163,SNE_40306_ccrop.jpg,SNE,C_konflik_SNE_dianotasi_band,unsegmented-band,Neutrophil,train,-0.6320628253892018
21.840329667841555,1.5,0.06868028197434452,5410,SNE_403956_ccrop.jpg,SNE,C_konflik_SNE_dianotasi_band,unsegmented-band,Neutrophil,train,1.8882420201199777
22.627416997969522,3.0,0.13258252147247765,5429,SNE_404231_ccrop.jpg,SNE,B_sepakat_segmented,segmented-bilobed,Neutrophil,train,1.2204622630145199
17.46424919657298,6.0,0.34355900058832095,5486,SNE_404595_ccrop.jpg,SNE,B_sepakat_segmented,segmented-multilobed,Neutrophil,train,2.4757356982315404
24.351591323771842,8.0,0.3285206249412727,6966,SNE_405383_ccrop.jpg,SNE,C_konflik_SNE_dianotasi_band,unsegmented-band,Neutrophil,train,1.4494576527564167
23.0,12.5,0.5434782608695652,5472,SNE_406667_ccrop.jpg,SNE,C_konflik_SNE_dianotasi_band,unsegmented-band,Neutrophil,train,-2.4686627057668353
20.808652046684813,2.0,0.09611386626644254,4971,SNE_407809_ccrop.jpg,SNE,B_sepakat_segmented,segmented-bilobed,Neutrophil,train,0.35755231310142044
25.80697580112788,4.0,0.15499685165842572,6291,SNE_409624_ccrop.jpg,SNE,B_sepakat_segmented,segmented-bilobed,Neutrophil,train,-0.22783009936781973
19.313207915827967,2.0,0.10355607461569954,5241,SNE_411334_ccrop.jpg,SNE,B_sepakat_segmented,segmented-bilobed,Neutrophil,train,1.9345423708567804
17.804493814764857,4.5,0.2527451803357787,5102,SNE_413625_ccrop.jpg,SNE,B_sepakat_segmented,segmented-bilobed,Neutrophil,train,0.6474518436654799
29.154759474226502,13.0,0.445896321370523,6424,SNE_414238_ccrop.jpg,SNE,C_konflik_SNE_dianotasi_band,unsegmented-band,Neutrophil,train,-3.3687402521739234
26.92582403567252,4.5,0.16712580435934668,5888,SNE_414851_ccrop.jpg,SNE,C_konflik_SNE_dianotasi_band,unsegmented-band,Neutrophil,train,0.07024188181694768
23.021728866442675,5.5,0.23890473351968816,6640,SNE_416285_ccrop.jpg,SNE,B_sepakat_segmented,segmented-multilobed,Neutrophil,train,1.1973271127408998
24.413111231467404,1.5,0.06144239403892804,6703,SNE_417051_ccrop.jpg,SNE,B_sepakat_segmented,segmented-multilobed,Neutrophil,train,2.3751455129130674
21.02379604162864,1.0,0.047565149415449405,5437,SNE_419085_ccrop.jpg,SNE,B_sepakat_segmented,segmented-multilobed,Neutrophil,train,2.645073747294852
20.518284528683193,2.0,0.09747403576571587,5062,SNE_419179_ccrop.jpg,SNE,B_sepakat_segmented,segmented-bilobed,Neutrophil,train,-0.6780218589146827
19.235384061671343,2.0,0.10397504898200728,5519,SNE_420372_ccrop.jpg,SNE,B_sepakat_segmented,segmented-multilobed,Neutrophil,train,1.9242785681167929
20.248456731316587,2.0,0.09877295966495896,5566,SNE_420784_ccrop.jpg,SNE,B_sepakat_segmented,segmented-multilobed,Neutrophil,train,1.8763190685450448
20.8806130178211,8.0,0.38313051408846055,5530,SNE_421318_ccrop.jpg,SNE,C_konflik_SNE_dianotasi_band,unsegmented-band,Neutrophil,train,1.607083126530565
24.413111231467404,5.0,0.20480798012976012,6901,SNE_421651_ccrop.jpg,SNE,C_konflik_SNE_dianotasi_band,unsegmented-band,Neutrophil,train,0.7493113902785344
24.166091947189145,3.0,0.12414088329035519,5594,SNE_422578_ccrop.jpg,SNE,C_konflik_SNE_dianotasi_band,unsegmented-band,Neutrophil,train,1.6731727573771549
20.12461179749811,11.0,0.5465943944999485,5757,SNE_423252_ccrop.jpg,SNE,C_konflik_SNE_dianotasi_band,unsegmented-band,Neutrophil,train,-0.32367293863469193
21.02379604162864,3.0,0.14269544824634822,6113,SNE_424615_ccrop.jpg,SNE,B_sepakat_segmented,segmented-bilobed,Neutrophil,train,0.3628465488740602
21.93171219946131,3.0,0.13678822577626595,5738,SNE_425270_ccrop.jpg,SNE,B_sepakat_segmented,segmented-bilobed,Neutrophil,train,2.005151790636745
18.867962264113206,3.0,0.15899968200095402,6186,SNE_425988_ccrop.jpg,SNE,C_konflik_SNE_dianotasi_band,unsegmented-band,Neutrophil,train,1.519206164994321
24.413111231467404,11.0,0.4505775562854723,6752,SNE_426049_ccrop.jpg,SNE,C_konflik_SNE_dianotasi_band,unsegmented-band,Neutrophil,train,-0.5785314435320519
22.80350850198276,6.5,0.2850438562747845,5418,SNE_426212_ccrop.jpg,SNE,C_konflik_SNE_dianotasi_band,unsegmented-band,Neutrophil,train,0.7494046282603071
22.47220505424423,9.5,0.42274445151548556,5539,SNE_426389_ccrop.jpg,SNE,C_konflik_SNE_dianotasi_band,unsegmented-band,Neutrophil,train,-1.032408822794599
21.02379604162864,2.0,0.09513029883089881,5535,SNE_426696_ccrop.jpg,SNE,B_sepakat_segmented,segmented-bilobed,Neutrophil,train,1.6812078182379357
25.238858928247925,7.0,0.2773500981126146,6227,SNE_429672_ccrop.jpg,SNE,B_sepakat_segmented,segmented-multilobed,Neutrophil,train,-1.2361510081301876
20.8806130178211,2.5,0.11972828565264391,5529,SNE_429986_ccrop.jpg,SNE,C_konflik_SNE_dianotasi_band,unsegmented-band,Neutrophil,train,1.7888788786446757
21.0,12.5,0.5952380952380952,5302,SNE_432053_ccrop.jpg,SNE,B_sepakat_segmented,segmented-multilobed,Neutrophil,train,-0.40573730761673055
23.259406699226016,3.0,0.12898007411770432,6064,SNE_432940_ccrop.jpg,SNE,B_sepakat_segmented,segmented-multilobed,Neutrophil,train,1.8705030194333094
22.80350850198276,2.5,0.10963225241337866,5671,SNE_433684_ccrop.jpg,SNE,B_sepakat_segmented,segmented-bilobed,Neutrophil,train,0.9571221165780877
19.6468827043885,7.5,0.3817399489194657,6513,SNE_433963_ccrop.jpg,SNE,C_konflik_SNE_dianotasi_band,unsegmented-band,Neutrophil,train,1.404013445712982
26.419689627245813,1.0,0.03785055820522323,6422,SNE_434790_ccrop.jpg,SNE,B_sepakat_segmented,segmented-bilobed,Neutrophil,train,-0.25121604395475217
21.0,1.5,0.07142857142857142,5592,SNE_435561_ccrop.jpg,SNE,B_sepakat_segmented,segmented-multilobed,Neutrophil,train,0.3028215664224092
26.0,2.5,0.09615384615384616,5924,SNE_438105_ccrop.jpg,SNE,B_sepakat_segmented,segmented-bilobed,Neutrophil,train,-0.6673375793250678
21.93171219946131,7.5,0.34197056444066487,6837,SNE_439672_ccrop.jpg,SNE,C_konflik_SNE_dianotasi_band,unsegmented-band,Neutrophil,train,1.7213756014351302
23.259406699226016,6.0,0.25796014823540864,4748,SNE_440123_ccrop.jpg,SNE,C_konflik_SNE_dianotasi_band,unsegmented-band,Neutrophil,train,-1.4140307249934736
21.840329667841555,1.0,0.04578685464956301,5808,SNE_440901_ccrop.jpg,SNE,B_sepakat_segmented,segmented-multilobed,Neutrophil,train,2.4964884209510627
25.709920264364882,1.5,0.05834323811883105,6599,SNE_441224_ccrop.jpg,SNE,B_sepakat_segmented,segmented-bilobed,Neutrophil,train,1.879744192484381
23.259406699226016,3.5,0.1504767531373217,6393,SNE_442669_ccrop.jpg,SNE,C_konflik_SNE_dianotasi_band,unsegmented-band,Neutrophil,train,2.2074050341874987
19.209372712298546,8.0,0.41646336503628284,5838,SNE_443512_ccrop.jpg,SNE,C_konflik_SNE_dianotasi_band,unsegmented-band,Neutrophil,train,0.6107997804920586
19.79898987322333,3.0,0.15152288168283162,5450,SNE_443532_ccrop.jpg,SNE,B_sepakat_segmented,segmented-bilobed,Neutrophil,train,1.107878700590815
18.110770276274835,12.5,0.6901970379677909,4986,SNE_444125_ccrop.jpg,SNE,C_konflik_SNE_dianotasi_band,unsegmented-band,Neutrophil,train,-0.7452509578639503
18.681541692269406,1.5,0.08029315913582838,5463,SNE_444255_ccrop.jpg,SNE,B_sepakat_segmented,segmented-multilobed,Neutrophil,train,2.081962709603353
20.0,4.0,0.2,5695,SNE_445540_ccrop.jpg,SNE,C_konflik_SNE_dianotasi_band,unsegmented-band,Neutrophil,train,1.6802518989973283
24.596747752497688,2.0,0.08131156281817417,6932,SNE_447846_ccrop.jpg,SNE,B_sepakat_segmented,segmented-multilobed,Neutrophil,train,2.6146089263619725
27.730849247724095,17.0,0.613035679078426,4702,SNE_448410_ccrop.jpg,SNE,C_konflik_SNE_dianotasi_band,unsegmented-band,Neutrophil,train,-6.143402096437967
25.80697580112788,19.0,0.7362350453775222,4815,SNE_449792_ccrop.jpg,SNE,B_sepakat_segmented,segmented-multilobed,Neutrophil,train,-5.651733307640756
19.235384061671343,2.0,0.10397504898200728,4871,SNE_452254_ccrop.jpg,SNE,B_sepakat_segmented,segmented-multilobed,Neutrophil,train,2.054083747171113
21.095023109728988,4.0,0.1896181852559909,5578,SNE_453662_ccrop.jpg,SNE,B_sepakat_segmented,segmented-bilobed,Neutrophil,train,0.9070608007044321
19.79898987322333,12.0,0.6060915267313265,6363,SNE_455449_ccrop.jpg,SNE,C_konflik_SNE_dianotasi_band,unsegmented-band,Neutrophil,train,-0.06693416929210905
19.235384061671343,11.0,0.57186276940104,7191,SNE_4557_ccrop.jpg,SNE,C_konflik_SNE_dianotasi_band,unsegmented-band,Neutrophil,train,0.6227032144193316
20.0,6.0,0.3,5451,SNE_455746_ccrop.jpg,SNE,C_konflik_SNE_dianotasi_band,unsegmented-band,Neutrophil,train,0.8278035754306741
22.360679774997898,0.5,0.022360679774997897,6337,SNE_45775_ccrop.jpg,SNE,B_sepakat_segmented,segmented-multilobed,Neutrophil,train,1.3399504568620273
23.08679276123039,8.0,0.346518465459368,6092,SNE_460683_ccrop.jpg,SNE,C_konflik_SNE_dianotasi_band,unsegmented-band,Neutrophil,train,-0.6388717207820065
23.853720883753127,2.5,0.10480545203757963,5077,SNE_460824_ccrop.jpg,SNE,B_sepakat_segmented,segmented-bilobed,Neutrophil,train,-0.3972608285184318
19.924858845171276,4.5,0.225848525952823,6109,SNE_461742_ccrop.jpg,SNE,B_sepakat_segmented,segmented-bilobed,Neutrophil,train,1.1734259798910855
19.849433241279208,8.0,0.4030341774879027,5276,SNE_462407_ccrop.jpg,SNE,C_konflik_SNE_dianotasi_band,unsegmented-band,Neutrophil,train,0.3831037558044361
25.495097567963924,0.5,0.019611613513818404,5756,SNE_462447_ccrop.jpg,SNE,B_sepakat_segmented,segmented-bilobed,Neutrophil,train,-0.12345793222573498
19.1049731745428,1.5,0.07851358838853206,5268,SNE_463342_ccrop.jpg,SNE,B_sepakat_segmented,segmented-bilobed,Neutrophil,train,1.449173807422497
56.302753041036986,0.5,0.00888056041656735,14272,SNE_464918_ccrop.jpg,SNE,C_konflik_SNE_dianotasi_band,unsegmented-band,Neutrophil,train,1.3412918324034768
22.47220505424423,9.5,0.42274445151548556,6173,SNE_465548_ccrop.jpg,SNE,C_konflik_SNE_dianotasi_band,unsegmented-band,Neutrophil,train,-0.4172035790126323
23.08679276123039,4.0,0.173259232729684,6766,SNE_467255_ccrop.jpg,SNE,B_sepakat_segmented,segmented-bilobed,Neutrophil,train,0.05318838708619289
22.825424421026653,3.5,0.15333778401841325,5788,SNE_468966_ccrop.jpg,SNE,B_sepakat_segmented,segmented-multilobed,Neutrophil,train,-2.132776396265866
22.135943621178654,9.0,0.40657855630736306,5525,SNE_469228_ccrop.jpg,SNE,C_konflik_SNE_dianotasi_band,unsegmented-band,Neutrophil,train,-0.5319573340644439
19.1049731745428,3.0,0.15702717677706413,5602,SNE_469555_ccrop.jpg,SNE,B_sepakat_segmented,segmented-multilobed,Neutrophil,train,2.4107563676101718
18.788294228055936,1.0,0.05322462954123495,6020,SNE_469792_ccrop.jpg,SNE,B_sepakat_segmented,segmented-multilobed,Neutrophil,train,3.4236034659958046
22.360679774997898,0.5,0.022360679774997897,6611,SNE_472376_ccrop.jpg,SNE,B_sepakat_segmented,segmented-multilobed,Neutrophil,train,2.558270584964367
36.0,0.5,0.013888888888888888,12108,SNE_472584_ccrop.jpg,SNE,B_sepakat_segmented,segmented-multilobed,Neutrophil,train,1.0872695048670362
18.439088914585774,3.0,0.16269784336399212,6117,SNE_472654_ccrop.jpg,SNE,B_sepakat_segmented,segmented-multilobed,Neutrophil,train,2.4827648856434044
19.4164878389476,0.5,0.025751310131230238,10492,SNE_472777_ccrop.jpg,SNE,B_sepakat_segmented,segmented-multilobed,Neutrophil,train,2.090291402896245
21.470910553583888,3.0,0.13972392984978668,5520,SNE_474337_ccrop.jpg,SNE,B_sepakat_segmented,segmented-bilobed,Neutrophil,train,0.0591255747603352
22.825424421026653,1.5,0.06571619315074853,5713,SNE_474619_ccrop.jpg,SNE,B_sepakat_segmented,segmented-bilobed,Neutrophil,train,1.1517715593893385
20.09975124224178,10.0,0.4975185951049946,5516,SNE_475803_ccrop.jpg,SNE,C_konflik_SNE_dianotasi_band,unsegmented-band,Neutrophil,train,-0.5170869523655703
28.600699292150182,18.5,0.6468373311794358,6978,SNE_476160_ccrop.jpg,SNE,C_konflik_SNE_dianotasi_band,unsegmented-band,Neutrophil,train,-3.434845633251065
18.027756377319946,4.5,0.24961508830135312,6917,SNE_477184_ccrop.jpg,SNE,C_konflik_SNE_dianotasi_band,unsegmented-band,Neutrophil,train,1.4095825660228405
24.351591323771842,12.0,0.4927809374119091,6436,SNE_477469_ccrop.jpg,SNE,C_konflik_SNE_dianotasi_band,unsegmented-band,Neutrophil,train,-1.2760841294477316
23.430749027719962,9.0,0.3841106397986879,6300,SNE_478479_ccrop.jpg,SNE,C_konflik_SNE_dianotasi_band,unsegmented-band,Neutrophil,train,-0.016290171493078986
17.029386365926403,9.5,0.5578592085389683,5785,SNE_481329_ccrop.jpg,SNE,C_konflik_SNE_dianotasi_band,unsegmented-band,Neutrophil,train,0.4404340604239536
25.495097567963924,4.5,0.17650452162436564,5559,SNE_481750_ccrop.jpg,SNE,B_sepakat_segmented,segmented-bilobed,Neutrophil,train,-0.7848067611396576
21.840329667841555,2.0,0.09157370929912602,6241,SNE_483027_ccrop.jpg,SNE,C_konflik_SNE_dianotasi_band,unsegmented-band,Neutrophil,train,0.45223018293637907
28.635642126552707,22.5,0.7857340827407755,4361,SNE_483806_ccrop.jpg,SNE,C_konflik_SNE_dianotasi_band,unsegmented-band,Neutrophil,train,-8.15848240325748
21.840329667841555,3.5,0.16025399127347054,7637,SNE_483814_ccrop.jpg,SNE,B_sepakat_segmented,segmented-bilobed,Neutrophil,train,0.7563583678580761
20.396078054371138,13.0,0.6373774391990982,6881,SNE_483940_ccrop.jpg,SNE,C_konflik_SNE_dianotasi_band,unsegmented-band,Neutrophil,train,-0.32109126148250056
25.0,8.5,0.34,5919,SNE_4845_ccrop.jpg,SNE,B_sepakat_segmented,segmented-bilobed,Neutrophil,train,-1.1734528595375142
19.1049731745428,9.0,0.4710815303311924,4616,SNE_484817_ccrop.jpg,SNE,C_konflik_SNE_dianotasi_band,unsegmented-band,Neutrophil,train,0.11866448421377385
19.1049731745428,1.0,0.052342392259021375,5820,SNE_485719_ccrop.jpg,SNE,B_sepakat_segmented,segmented-multilobed,Neutrophil,train,2.3544534425344086
25.80697580112788,0.5,0.019374606457303215,7249,SNE_485828_ccrop.jpg,SNE,B_sepakat_segmented,segmented-bilobed,Neutrophil,train,0.29755808871551004
21.02379604162864,3.0,0.14269544824634822,5761,SNE_485945_ccrop.jpg,SNE,B_sepakat_segmented,segmented-multilobed,Neutrophil,train,2.1787665801076646
25.553864678361276,6.5,0.2543646560633205,6739,SNE_488757_ccrop.jpg,SNE,B_sepakat_segmented,segmented-bilobed,Neutrophil,train,-0.606884184952106
25.059928172283335,2.5,0.09976086055845276,5665,SNE_489607_ccrop.jpg,SNE,C_konflik_SNE_dianotasi_band,unsegmented-band,Neutrophil,train,0.2606385989043858
23.259406699226016,11.0,0.4729269384315825,5358,SNE_490067_ccrop.jpg,SNE,B_sepakat_segmented,segmented-multilobed,Neutrophil,train,-1.7254872355661508
21.18962010041709,11.0,0.5191220960013095,5948,SNE_490662_ccrop.jpg,SNE,C_konflik_SNE_dianotasi_band,unsegmented-band,Neutrophil,train,-0.588060884146774
22.67156809750927,2.0,0.08821621827824618,6408,SNE_492233_ccrop.jpg,SNE,B_sepakat_segmented,segmented-multilobed,Neutrophil,train,2.2103801457145424
24.596747752497688,2.5,0.10163945352271771,7881,SNE_493415_ccrop.jpg,SNE,B_sepakat_segmented,segmented-multilobed,Neutrophil,train,1.9549547895840664
16.97056274847714,8.0,0.47140452079103173,4971,SNE_493458_ccrop.jpg,SNE,B_sepakat_segmented,segmented-bilobed,Neutrophil,train,1.1929782532139548
20.591260281974,3.0,0.14569287935358963,6703,SNE_493463_ccrop.jpg,SNE,B_sepakat_segmented,segmented-bilobed,Neutrophil,train,1.5493979093443393
50.53711507397311,0.5,0.009893718691067562,16415,SNE_494764_ccrop.jpg,SNE,C_konflik_SNE_dianotasi_band,unsegmented-band,Neutrophil,train,-1.3786626631728147
17.0,4.0,0.23529411764705882,4394,SNE_495787_ccrop.jpg,SNE,B_sepakat_segmented,segmented-bilobed,Neutrophil,train,0.5701407210594533
21.400934559032695,3.0,0.14018079405479933,6791,SNE_495849_ccrop.jpg,SNE,B_sepakat_segmented,segmented-bilobed,Neutrophil,train,1.238846994522957
22.80350850198276,6.5,0.2850438562747845,6733,SNE_49598_ccrop.jpg,SNE,C_konflik_SNE_dianotasi_band,unsegmented-band,Neutrophil,train,0.8546050964246756
25.059928172283335,11.5,0.4588999585688827,5829,SNE_497060_ccrop.jpg,SNE,C_konflik_SNE_dianotasi_band,unsegmented-band,Neutrophil,train,-2.1697124904580463
19.79898987322333,5.5,0.27779194975185795,6348,SNE_497237_ccrop.jpg,SNE,B_sepakat_segmented,segmented-bilobed,Neutrophil,train,1.0094440340567932
20.248456731316587,5.5,0.2716256390786371,6571,SNE_49767_ccrop.jpg,SNE,B_sepakat_segmented,segmented-bilobed,Neutrophil,train,0.8508991761514704
28.178005607210743,10.0,0.35488672049383807,7379,SNE_499346_ccrop.jpg,SNE,C_konflik_SNE_dianotasi_band,unsegmented-band,Neutrophil,train,-2.0522198678438297
21.400934559032695,3.5,0.16354425973059922,6289,SNE_499727_ccrop.jpg,SNE,B_sepakat_segmented,segmented-bilobed,Neutrophil,train,1.7140013064786341
22.0,1.0,0.045454545454545456,6625,SNE_499841_ccrop.jpg,SNE,B_sepakat_segmented,segmented-bilobed,Neutrophil,train,0.8881845560218746
22.360679774997898,4.5,0.20124611797498107,6125,SNE_500563_ccrop.jpg,SNE,B_sepakat_segmented,segmented-bilobed,Neutrophil,train,0.3170941983938462
19.6468827043885,6.0,0.30539195913557254,6125,SNE_501206_ccrop.jpg,SNE,C_konflik_SNE_dianotasi_band,unsegmented-band,Neutrophil,train,0.7972944088164269
28.0,6.5,0.23214285714285715,5679,SNE_501381_ccrop.jpg,SNE,C_konflik_SNE_dianotasi_band,unsegmented-band,Neutrophil,train,0.5843773764389528
22.561028345356956,2.5,0.11081055179448406,5637,SNE_50201_ccrop.jpg,SNE,B_sepakat_segmented,segmented-bilobed,Neutrophil,train,0.08959310480928728
24.041630560342615,4.0,0.1663780661615406,6831,SNE_503929_ccrop.jpg,SNE,B_sepakat_segmented,segmented-multilobed,Neutrophil,train,0.2610702234466764
26.832815729997478,2.0,0.07453559924999299,6161,SNE_504343_ccrop.jpg,SNE,B_sepakat_segmented,segmented-bilobed,Neutrophil,train,0.8585276072804042
18.867962264113206,3.0,0.15899968200095402,6391,SNE_504413_ccrop.jpg,SNE,B_sepakat_segmented,segmented-multilobed,Neutrophil,train,2.3810695727652345
23.430749027719962,1.0,0.04267895997763199,6472,SNE_505047_ccrop.jpg,SNE,B_sepakat_segmented,segmented-bilobed,Neutrophil,train,0.9074136622908036
23.259406699226016,4.0,0.1719734321569391,4962,SNE_505705_ccrop.jpg,SNE,C_konflik_SNE_dianotasi_band,unsegmented-band,Neutrophil,train,-1.6698695644932968
18.867962264113206,7.5,0.397499205002385,4911,SNE_506990_ccrop.jpg,SNE,C_konflik_SNE_dianotasi_band,unsegmented-band,Neutrophil,train,0.954849149347532
26.92582403567252,10.0,0.3713906763541037,6045,SNE_507816_ccrop.jpg,SNE,C_konflik_SNE_dianotasi_band,unsegmented-band,Neutrophil,train,-1.853842419302179
22.20360331117452,0.5,0.022518867455552247,6163,SNE_508294_ccrop.jpg,SNE,B_sepakat_segmented,segmented-bilobed,Neutrophil,train,0.40306760957239085
22.67156809750927,9.5,0.4190270368216693,6532,SNE_508392_ccrop.jpg,SNE,C_konflik_SNE_dianotasi_band,unsegmented-band,Neutrophil,train,1.0184750190827874
27.51363298439521,0.5,0.01817280910462035,6569,SNE_508478_ccrop.jpg,SNE,B_sepakat_segmented,segmented-bilobed,Neutrophil,train,-1.0428755496600743
19.0,1.0,0.05263157894736842,5861,SNE_508710_ccrop.jpg,SNE,B_sepakat_segmented,segmented-multilobed,Neutrophil,train,3.041886552548906
24.351591323771842,11.0,0.45171585929424996,5918,SNE_509393_ccrop.jpg,SNE,B_sepakat_segmented,segmented-bilobed,Neutrophil,train,-0.35933539186491004
23.853720883753127,7.0,0.29345526570522296,5386,SNE_509890_ccrop.jpg,SNE,C_konflik_SNE_dianotasi_band,unsegmented-band,Neutrophil,train,-1.4886999377857784
18.35755975068582,2.5,0.13618367767571082,5388,SNE_511583_ccrop.jpg,SNE,C_konflik_SNE_dianotasi_band,unsegmented-band,Neutrophil,train,1.4560458411067456
22.02271554554524,3.0,0.13622298275594996,7472,SNE_512050_ccrop.jpg,SNE,C_konflik_SNE_dianotasi_band,unsegmented-band,Neutrophil,train,1.8694303098561207
25.298221281347036,16.5,0.6522197674097282,6608,SNE_512541_ccrop.jpg,SNE,C_konflik_SNE_dianotasi_band,unsegmented-band,Neutrophil,train,-1.2627153162586477
27.0,4.5,0.16666666666666666,5695,SNE_516734_ccrop.jpg,SNE,B_sepakat_segmented,segmented-bilobed,Neutrophil,train,-1.7132428694179538
29.546573405388315,3.5,0.11845705259892221,7744,SNE_519778_ccrop.jpg,SNE,B_sepakat_segmented,segmented-bilobed,Neutrophil,train,-1.135068896733717
25.96150997149434,5.0,0.19259280394283634,6417,SNE_52015_ccrop.jpg,SNE,B_sepakat_segmented,segmented-bilobed,Neutrophil,train,-0.0858300599890427
20.518284528683193,1.0,0.04873701788285793,5638,SNE_522147_ccrop.jpg,SNE,C_konflik_SNE_dianotasi_band,unsegmented-band,Neutrophil,train,0.7109833517759574
20.518284528683193,2.0,0.09747403576571587,5442,SNE_522713_ccrop.jpg,SNE,B_sepakat_segmented,segmented-multilobed,Neutrophil,train,2.558671069715041
22.02271554554524,13.5,0.6130034224017747,4121,SNE_523523_ccrop.jpg,SNE,C_konflik_SNE_dianotasi_band,unsegmented-band,Neutrophil,train,-3.404607704876746
22.02271554554524,7.5,0.3405574568898749,7018,SNE_525189_ccrop.jpg,SNE,B_sepakat_segmented,segmented-multilobed,Neutrophil,train,0.7390022048082123
21.93171219946131,2.0,0.09119215051751065,5993,SNE_525482_ccrop.jpg,SNE,C_konflik_SNE_dianotasi_band,unsegmented-band,Neutrophil,train,-0.11199066516178569
20.808652046684813,3.0,0.14417079939966382,5599,SNE_526818_ccrop.jpg,SNE,B_sepakat_segmented,segmented-multilobed,Neutrophil,train,0.804510372382433
19.313207915827967,3.0,0.15533411192354932,5352,SNE_526872_ccrop.jpg,SNE,B_sepakat_segmented,segmented-bilobed,Neutrophil,train,1.3595344518963923
28.178005607210743,1.0,0.0354886720493838,6899,SNE_528864_ccrop.jpg,SNE,B_sepakat_segmented,segmented-bilobed,Neutrophil,train,0.538381233597633
19.4164878389476,2.0,0.10300524052492095,4791,SNE_528907_ccrop.jpg,SNE,B_sepakat_segmented,segmented-bilobed,Neutrophil,train,0.7183201339402157
20.518284528683193,1.5,0.07310552682428689,7882,SNE_529503_ccrop.jpg,SNE,B_sepakat_segmented,segmented-multilobed,Neutrophil,train,3.1075283977115244
19.4164878389476,3.0,0.1545078607873814,5434,SNE_530476_ccrop.jpg,SNE,B_sepakat_segmented,segmented-bilobed,Neutrophil,train,0.675851483316162
29.274562336608895,8.0,0.27327479427406204,8146,SNE_530862_ccrop.jpg,SNE,B_sepakat_segmented,segmented-bilobed,Neutrophil,train,0.16700666688043952
23.08679276123039,4.5,0.1949166368208945,6715,SNE_531347_ccrop.jpg,SNE,B_sepakat_segmented,segmented-multilobed,Neutrophil,train,1.1537849518397607
22.0,13.5,0.6136363636363636,6599,SNE_5329_ccrop.jpg,SNE,C_konflik_SNE_dianotasi_band,unsegmented-band,Neutrophil,train,-0.11996263669889728
22.360679774997898,4.0,0.17888543819998318,5142,SNE_533630_ccrop.jpg,SNE,B_sepakat_segmented,segmented-bilobed,Neutrophil,train,0.9436447811408817
24.698178070456937,4.0,0.1619552660357832,6605,SNE_534184_ccrop.jpg,SNE,B_sepakat_segmented,segmented-bilobed,Neutrophil,train,-0.43458253790929824
25.238858928247925,2.5,0.09905360646879091,5361,SNE_536692_ccrop.jpg,SNE,C_konflik_SNE_dianotasi_band,unsegmented-band,Neutrophil,train,-3.147036976432048
50.59644256269407,0.5,0.009882117688026186,10048,SNE_538680_ccrop.jpg,SNE,B_sepakat_segmented,segmented-bilobed,Neutrophil,train,0.6390827561351902
20.615528128088304,1.5,0.07276068751089988,5373,SNE_54137_ccrop.jpg,SNE,B_sepakat_segmented,segmented-bilobed,Neutrophil,train,0.520767365569375
18.601075237738275,0.5,0.026880166528523517,5534,SNE_543818_ccrop.jpg,SNE,B_sepakat_segmented,segmented-bilobed,Neutrophil,train,1.8223004266894023
18.24828759089466,4.5,0.24659848095803594,5242,SNE_54408_ccrop.jpg,SNE,B_sepakat_segmented,segmented-bilobed,Neutrophil,train,1.7063225719107828
21.213203435596427,11.0,0.5185449728701348,5625,SNE_545033_ccrop.jpg,SNE,C_konflik_SNE_dianotasi_band,unsegmented-band,Neutrophil,train,-0.10906850295755532
21.840329667841555,4.0,0.18314741859825204,5477,SNE_548602_ccrop.jpg,SNE,B_sepakat_segmented,segmented-multilobed,Neutrophil,train,0.26933615494536767
21.400934559032695,1.0,0.046726931351599776,5570,SNE_550919_ccrop.jpg,SNE,B_sepakat_segmented,segmented-bilobed,Neutrophil,train,2.0049215771884983
21.633307652783937,2.0,0.09245003270420485,6249,SNE_551569_ccrop.jpg,SNE,B_sepakat_segmented,segmented-multilobed,Neutrophil,train,2.052776245935614
21.02379604162864,2.5,0.11891287353862351,5544,SNE_553078_ccrop.jpg,SNE,B_sepakat_segmented,segmented-bilobed,Neutrophil,train,0.28119366761797693
17.4928556845359,2.0,0.1143323900950059,4996,SNE_554543_ccrop.jpg,SNE,B_sepakat_segmented,segmented-bilobed,Neutrophil,train,1.922903047374306
18.0,2.5,0.1388888888888889,5131,SNE_555512_ccrop.jpg,SNE,B_sepakat_segmented,segmented-multilobed,Neutrophil,train,2.2963445600801915
19.4164878389476,3.5,0.18025917091861166,5201,SNE_556621_ccrop.jpg,SNE,B_sepakat_segmented,segmented-multilobed,Neutrophil,train,2.2308309635910737
19.1049731745428,7.0,0.3663967458131496,5278,SNE_556796_ccrop.jpg,SNE,C_konflik_SNE_dianotasi_band,unsegmented-band,Neutrophil,train,0.6403563392833167
18.0,3.0,0.16666666666666666,5534,SNE_556912_ccrop.jpg,SNE,C_konflik_SNE_dianotasi_band,unsegmented-band,Neutrophil,train,1.7739156101056217
18.384776310850235,7.5,0.4079462199153159,5207,SNE_560191_ccrop.jpg,SNE,C_konflik_SNE_dianotasi_band,unsegmented-band,Neutrophil,train,2.246618762285433
20.248456731316587,6.0,0.2963188789948769,5455,SNE_560864_ccrop.jpg,SNE,B_sepakat_segmented,segmented-bilobed,Neutrophil,train,0.05547114694219246
19.1049731745428,3.5,0.1831983729065748,5314,SNE_561932_ccrop.jpg,SNE,B_sepakat_segmented,segmented-bilobed,Neutrophil,train,1.440691182060947
26.248809496813376,16.5,0.6285999371515539,5388,SNE_564272_ccrop.jpg,SNE,C_konflik_SNE_dianotasi_band,unsegmented-band,Neutrophil,train,-5.009136683992628
20.8806130178211,6.5,0.3112935426968742,5914,SNE_565578_ccrop.jpg,SNE,C_konflik_SNE_dianotasi_band,unsegmented-band,Neutrophil,train,-0.4634116463649498
20.223748416156685,0.5,0.024723408821707437,6893,SNE_565875_ccrop.jpg,SNE,B_sepakat_segmented,segmented-bilobed,Neutrophil,train,2.1238236847228507
23.40939982143925,8.0,0.3417430630867044,5659,SNE_569771_ccrop.jpg,SNE,C_konflik_SNE_dianotasi_band,unsegmented-band,Neutrophil,train,-0.2979078135459101
20.223748416156685,2.5,0.12361704410853719,5172,SNE_570447_ccrop.jpg,SNE,B_sepakat_segmented,segmented-multilobed,Neutrophil,train,1.6591812002016866
24.331050121192877,2.5,0.10274936706584831,5844,SNE_571162_ccrop.jpg,SNE,C_konflik_SNE_dianotasi_band,unsegmented-band,Neutrophil,train,1.7273031400743912
17.11724276862369,2.0,0.1168412475673972,7252,SNE_571542_ccrop.jpg,SNE,B_sepakat_segmented,segmented-multilobed,Neutrophil,train,3.66790131680598
24.515301344262525,2.5,0.10197712705600052,5738,SNE_571552_ccrop.jpg,SNE,B_sepakat_segmented,segmented-multilobed,Neutrophil,train,0.672533836075397
22.561028345356956,9.0,0.39891798646014265,5866,SNE_572651_ccrop.jpg,SNE,C_konflik_SNE_dianotasi_band,unsegmented-band,Neutrophil,train,0.5390843042422615
21.095023109728988,0.5,0.02370227315699886,12608,SNE_574534_ccrop.jpg,SNE,C_konflik_SNE_dianotasi_band,unsegmented-band,Neutrophil,train,2.2696063164843565
18.973665961010276,2.5,0.13176156917368248,5534,SNE_574609_ccrop.jpg,SNE,B_sepakat_segmented,segmented-multilobed,Neutrophil,train,2.379787252377696
22.135943621178654,1.5,0.06776309271789385,5039,SNE_574922_ccrop.jpg,SNE,B_sepakat_segmented,segmented-bilobed,Neutrophil,train,0.3771844112214211
32.55764119219941,28.0,0.8600131635675317,5014,SNE_576734_ccrop.jpg,SNE,E_lainnya,unsegmented-round,Neutrophil,train,-8.785289025464497
20.223748416156685,5.5,0.2719574970387818,6197,SNE_576843_ccrop.jpg,SNE,B_sepakat_segmented,segmented-bilobed,Neutrophil,train,0.2615255079976464
25.0,10.5,0.42,5148,SNE_576927_ccrop.jpg,SNE,C_konflik_SNE_dianotasi_band,unsegmented-band,Neutrophil,train,-1.7337709832800599
24.413111231467404,10.5,0.43009675827249627,6473,SNE_583310_ccrop.jpg,SNE,C_konflik_SNE_dianotasi_band,unsegmented-band,Neutrophil,train,-0.12039349762810048
25.0,6.5,0.26,4685,SNE_584111_ccrop.jpg,SNE,B_sepakat_segmented,segmented-bilobed,Neutrophil,train,-2.5694776959634336
23.706539182259394,1.5,0.06327368109143967,6487,SNE_584775_ccrop.jpg,SNE,C_konflik_SNE_dianotasi_band,unsegmented-band,Neutrophil,train,0.45713099544626523
30.805843601498726,2.5,0.08115343414514943,6860,SNE_585435_ccrop.jpg,SNE,B_sepakat_segmented,segmented-bilobed,Neutrophil,train,-1.0084402278165392
17.26267650163207,2.0,0.11585688927269845,5453,SNE_586161_ccrop.jpg,SNE,B_sepakat_segmented,segmented-multilobed,Neutrophil,train,1.655832545094082
23.345235059857504,3.0,0.1285058810634358,5237,SNE_586498_ccrop.jpg,SNE,B_sepakat_segmented,segmented-bilobed,Neutrophil,train,0.5255120249137457
22.360679774997898,2.5,0.11180339887498948,5435,SNE_586616_ccrop.jpg,SNE,B_sepakat_segmented,segmented-multilobed,Neutrophil,train,1.5332329364704549
21.95449840010015,9.5,0.4327131427405631,6746,SNE_587128_ccrop.jpg,SNE,C_konflik_SNE_dianotasi_band,unsegmented-band,Neutrophil,train,-0.5680674529643053
21.213203435596427,1.5,0.07071067811865475,5582,SNE_58748_ccrop.jpg,SNE,B_sepakat_segmented,segmented-multilobed,Neutrophil,train,2.6319350650473963
24.020824298928627,3.0,0.124891634136544,5570,SNE_587568_ccrop.jpg,SNE,B_sepakat_segmented,segmented-multilobed,Neutrophil,train,1.5706758379495618
22.0,5.5,0.25,6228,SNE_588705_ccrop.jpg,SNE,B_sepakat_segmented,segmented-multilobed,Neutrophil,train,2.0997084628706997
22.847319317591726,2.5,0.10942202738310212,6971,SNE_589271_ccrop.jpg,SNE,B_sepakat_segmented,segmented-bilobed,Neutrophil,train,1.2140030426405026
21.840329667841555,0.5,0.022893427324781505,7221,SNE_591522_ccrop.jpg,SNE,C_konflik_SNE_dianotasi_band,unsegmented-band,Neutrophil,train,1.6996694155270857
20.396078054371138,1.0,0.04902903378454601,5114,SNE_592732_ccrop.jpg,SNE,B_sepakat_segmented,segmented-bilobed,Neutrophil,train,1.458477083599468
20.615528128088304,6.0,0.29104275004359953,4782,SNE_593008_ccrop.jpg,SNE,B_sepakat_segmented,segmented-bilobed,Neutrophil,train,1.1353284745154983
19.313207915827967,5.0,0.25889018653924883,5782,SNE_593655_ccrop.jpg,SNE,B_sepakat_segmented,segmented-bilobed,Neutrophil,train,-0.48969362509877
27.51363298439521,3.0,0.1090368546277221,6192,SNE_596188_ccrop.jpg,SNE,C_konflik_SNE_dianotasi_band,unsegmented-band,Neutrophil,train,-3.759448710603266
18.384776310850235,3.0,0.16317848796612636,6594,SNE_59745_ccrop.jpg,SNE,B_sepakat_segmented,segmented-multilobed,Neutrophil,train,1.5896476595373992
20.615528128088304,3.5,0.16977493752543307,4853,SNE_597890_ccrop.jpg,SNE,C_konflik_SNE_dianotasi_band,unsegmented-band,Neutrophil,train,0.1160123277356444
21.18962010041709,13.0,0.6135079316379113,6190,SNE_598181_ccrop.jpg,SNE,C_konflik_SNE_dianotasi_band,unsegmented-band,Neutrophil,train,-0.0833406934805474
19.026297590440446,1.5,0.07883824968414552,5147,SNE_599382_ccrop.jpg,SNE,B_sepakat_segmented,segmented-multilobed,Neutrophil,train,2.5154478766649113
28.460498941515414,0.5,0.017568209223157664,8799,SNE_599514_ccrop.jpg,SNE,B_sepakat_segmented,segmented-bilobed,Neutrophil,train,2.2635945946488647
20.248456731316587,1.0,0.04938647983247948,5260,SNE_599555_ccrop.jpg,SNE,B_sepakat_segmented,segmented-multilobed,Neutrophil,train,1.3677176870363006
44.04543109109048,0.5,0.011351915229662496,10982,SNE_599793_ccrop.jpg,SNE,C_konflik_SNE_dianotasi_band,unsegmented-band,Neutrophil,train,0.5466018889905131
25.0,2.5,0.1,7232,SNE_599996_ccrop.jpg,SNE,B_sepakat_segmented,segmented-bilobed,Neutrophil,train,1.153623134369143
22.825424421026653,1.0,0.04381079543383235,5810,SNE_601004_ccrop.jpg,SNE,B_sepakat_segmented,segmented-bilobed,Neutrophil,train,1.2547143991884155
21.213203435596427,9.0,0.4242640687119285,5461,SNE_60147_ccrop.jpg,SNE,C_konflik_SNE_dianotasi_band,unsegmented-band,Neutrophil,train,0.6266843477414605
19.924858845171276,1.0,0.05018856132284956,5634,SNE_601504_ccrop.jpg,SNE,B_sepakat_segmented,segmented-multilobed,Neutrophil,train,3.280869058226779
28.071337695236398,0.5,0.017811762496977412,7028,SNE_606289_ccrop.jpg,SNE,B_sepakat_segmented,segmented-bilobed,Neutrophil,train,-0.5793165836751832
19.209372712298546,5.5,0.28631856346244444,5598,SNE_607695_ccrop.jpg,SNE,B_sepakat_segmented,segmented-multilobed,Neutrophil,train,0.7032079015302184
23.0,4.0,0.17391304347826086,7407,SNE_608210_ccrop.jpg,SNE,C_konflik_SNE_dianotasi_band,unsegmented-band,Neutrophil,train,0.9963710536952313
20.8806130178211,1.0,0.04789131426105757,8573,SNE_609105_ccrop.jpg,SNE,B_sepakat_segmented,segmented-multilobed,Neutrophil,train,3.3854613012690855
21.587033144922902,2.5,0.11581026365301987,5486,SNE_609714_ccrop.jpg,SNE,B_sepakat_segmented,segmented-multilobed,Neutrophil,train,2.16930971094261
24.758836806279895,1.0,0.04038961958610097,7173,SNE_609892_ccrop.jpg,SNE,B_sepakat_segmented,segmented-multilobed,Neutrophil,train,2.304852151584935
22.627416997969522,1.5,0.06629126073623882,5179,SNE_610750_ccrop.jpg,SNE,B_sepakat_segmented,segmented-bilobed,Neutrophil,train,-0.31461818708719846
21.840329667841555,8.0,0.3662948371965041,6295,SNE_611822_ccrop.jpg,SNE,C_konflik_SNE_dianotasi_band,unsegmented-band,Neutrophil,train,-0.3689740336292431
19.6468827043885,8.0,0.4071892788474301,5376,SNE_612365_ccrop.jpg,SNE,C_konflik_SNE_dianotasi_band,unsegmented-band,Neutrophil,train,0.42753870774132174
41.0,0.5,0.012195121951219513,8098,SNE_612880_ccrop.jpg,SNE,C_konflik_SNE_dianotasi_band,unsegmented-band,Neutrophil,train,0.5012069044554703
21.93171219946131,3.0,0.13678822577626595,4799,SNE_613420_ccrop.jpg,SNE,B_sepakat_segmented,segmented-multilobed,Neutrophil,train,0.8928065994022241
21.400934559032695,0.5,0.023363465675799888,5820,SNE_613918_ccrop.jpg,SNE,B_sepakat_segmented,segmented-bilobed,Neutrophil,train,0.7980718448121848
26.1725046566048,1.5,0.05731205399256526,6091,SNE_616649_ccrop.jpg,SNE,B_sepakat_segmented,segmented-bilobed,Neutrophil,train,1.5722444336175947
25.495097567963924,5.0,0.19611613513818404,6038,SNE_618287_ccrop.jpg,SNE,B_sepakat_segmented,segmented-multilobed,Neutrophil,train,1.0301618888773776
22.67156809750927,1.5,0.06616216370868463,5410,SNE_618495_ccrop.jpg,SNE,B_sepakat_segmented,segmented-bilobed,Neutrophil,train,0.9777499699035115
19.1049731745428,10.5,0.5495951187197244,6150,SNE_619218_ccrop.jpg,SNE,C_konflik_SNE_dianotasi_band,unsegmented-band,Neutrophil,train,-0.02146242093568418
20.223748416156685,10.5,0.5191915852558562,6958,SNE_620042_ccrop.jpg,SNE,C_konflik_SNE_dianotasi_band,unsegmented-band,Neutrophil,train,-0.832788499132473
20.0,3.0,0.15,5775,SNE_620737_ccrop.jpg,SNE,B_sepakat_segmented,segmented-multilobed,Neutrophil,train,1.0865689669720373
22.360679774997898,13.0,0.5813776741499453,6349,SNE_62215_ccrop.jpg,SNE,C_konflik_SNE_dianotasi_band,unsegmented-band,Neutrophil,train,-0.47248499150730794
25.298221281347036,8.0,0.31622776601683794,6587,SNE_623351_ccrop.jpg,SNE,B_sepakat_segmented,segmented-bilobed,Neutrophil,train,-1.8008433109579496
18.027756377319946,0.5,0.027735009811261455,5506,SNE_624758_ccrop.jpg,SNE,B_sepakat_segmented,segmented-multilobed,Neutrophil,train,2.0959378117348457
24.413111231467404,2.0,0.08192319205190406,5633,SNE_625662_ccrop.jpg,SNE,B_sepakat_segmented,segmented-multilobed,Neutrophil,train,1.7305817110876731
20.09975124224178,1.5,0.07462778926574919,5376,SNE_626183_ccrop.jpg,SNE,B_sepakat_segmented,segmented-multilobed,Neutrophil,train,3.2317805927430223
22.02271554554524,5.0,0.22703830459324992,5013,SNE_62802_ccrop.jpg,SNE,B_sepakat_segmented,segmented-bilobed,Neutrophil,train,0.889433990936201
21.02379604162864,8.5,0.40430377003131995,5222,SNE_628603_ccrop.jpg,SNE,C_konflik_SNE_dianotasi_band,unsegmented-band,Neutrophil,train,0.23000830918031667
18.973665961010276,3.0,0.15811388300841897,5999,SNE_628909_ccrop.jpg,SNE,B_sepakat_segmented,segmented-bilobed,Neutrophil,train,2.040850272472971
17.804493814764857,2.0,0.11233119126034607,5531,SNE_630287_ccrop.jpg,SNE,B_sepakat_segmented,segmented-multilobed,Neutrophil,train,1.839037443646065
20.518284528683193,9.5,0.46300166988715036,5503,SNE_630846_ccrop.jpg,SNE,C_konflik_SNE_dianotasi_band,unsegmented-band,Neutrophil,train,-0.08592565861626511
21.93171219946131,8.5,0.38756663969942023,6410,SNE_632644_ccrop.jpg,SNE,C_konflik_SNE_dianotasi_band,unsegmented-band,Neutrophil,train,0.06632531373729833
25.942243542145693,16.5,0.6360282592056523,5597,SNE_632812_ccrop.jpg,SNE,C_konflik_SNE_dianotasi_band,unsegmented-band,Neutrophil,train,-3.915206874402376
22.47220505424423,9.0,0.4004947435409863,5738,SNE_633168_ccrop.jpg,SNE,C_konflik_SNE_dianotasi_band,unsegmented-band,Neutrophil,train,0.05541179756727033
22.0,2.0,0.09090909090909091,6340,SNE_633532_ccrop.jpg,SNE,C_konflik_SNE_dianotasi_band,unsegmented-band,Neutrophil,train,1.8589757614120215
18.601075237738275,5.0,0.2688016652852352,5026,SNE_634148_ccrop.jpg,SNE,C_konflik_SNE_dianotasi_band,unsegmented-band,Neutrophil,train,0.12464787821481593
24.0,4.0,0.16666666666666666,5647,SNE_634877_ccrop.jpg,SNE,B_sepakat_segmented,segmented-bilobed,Neutrophil,train,0.9161531474201228
21.93171219946131,3.0,0.13678822577626595,5227,SNE_635288_ccrop.jpg,SNE,B_sepakat_segmented,segmented-bilobed,Neutrophil,train,-0.1831983612423631
19.6468827043885,9.0,0.45808793870335884,5232,SNE_635595_ccrop.jpg,SNE,C_konflik_SNE_dianotasi_band,unsegmented-band,Neutrophil,train,-0.39835065961018046
18.384776310850235,2.5,0.1359820733051053,5961,SNE_637018_ccrop.jpg,SNE,B_sepakat_segmented,segmented-multilobed,Neutrophil,train,3.093792132723599
21.93171219946131,5.5,0.25077841392315425,5257,SNE_640102_ccrop.jpg,SNE,B_sepakat_segmented,segmented-bilobed,Neutrophil,train,1.2713795486998647
18.681541692269406,4.0,0.2141150910288757,5021,SNE_643406_ccrop.jpg,SNE,B_sepakat_segmented,segmented-bilobed,Neutrophil,train,-0.050828614580529674
25.0,2.0,0.08,5328,SNE_646674_ccrop.jpg,SNE,B_sepakat_segmented,segmented-multilobed,Neutrophil,train,1.08494153120367
18.35755975068582,2.0,0.10894694214056866,4901,SNE_64736_ccrop.jpg,SNE,B_sepakat_segmented,segmented-multilobed,Neutrophil,train,1.9395747092346447
19.235384061671343,2.0,0.10397504898200728,4924,SNE_648057_ccrop.jpg,SNE,C_konflik_SNE_dianotasi_band,unsegmented-band,Neutrophil,train,-0.448939773230963
28.0,1.0,0.03571428571428571,6769,SNE_64808_ccrop.jpg,SNE,B_sepakat_segmented,segmented-bilobed,Neutrophil,train,-0.31743713399712625
27.459060435491963,3.0,0.10925355610938446,4939,SNE_648704_ccrop.jpg,SNE,C_konflik_SNE_dianotasi_band,unsegmented-band,Neutrophil,train,-4.260681832923089
19.6468827043885,7.0,0.35629061899150133,5576,SNE_649885_ccrop.jpg,SNE,B_sepakat_segmented,segmented-multilobed,Neutrophil,train,2.0710049805025026
21.840329667841555,6.5,0.29761455522215957,5467,SNE_650007_ccrop.jpg,SNE,C_konflik_SNE_dianotasi_band,unsegmented-band,Neutrophil,train,-0.12272413655320591
20.12461179749811,16.0,0.7950463919999252,6470,SNE_650409_ccrop.jpg,SNE,C_konflik_SNE_dianotasi_band,unsegmented-band,Neutrophil,train,-0.9388913355377504
18.027756377319946,2.0,0.11094003924504582,5033,SNE_650531_ccrop.jpg,SNE,B_sepakat_segmented,segmented-multilobed,Neutrophil,train,1.3808782697358444
18.35755975068582,2.0,0.10894694214056866,6487,SNE_650929_ccrop.jpg,SNE,B_sepakat_segmented,segmented-bilobed,Neutrophil,train,2.44296449680241
19.849433241279208,2.5,0.12594818046496958,5402,SNE_651628_ccrop.jpg,SNE,B_sepakat_segmented,segmented-multilobed,Neutrophil,train,2.1075036741776945
20.12461179749811,2.5,0.12422599874998831,6180,SNE_65413_ccrop.jpg,SNE,B_sepakat_segmented,segmented-multilobed,Neutrophil,train,1.8731350009444778
24.0,9.5,0.3958333333333333,7042,SNE_656073_ccrop.jpg,SNE,C_konflik_SNE_dianotasi_band,unsegmented-band,Neutrophil,train,-0.3267636850410849
17.69180601295413,1.0,0.05652334189442215,5824,SNE_65616_ccrop.jpg,SNE,B_sepakat_segmented,segmented-bilobed,Neutrophil,train,2.297614977977762
25.0,2.5,0.1,5050,SNE_656237_ccrop.jpg,SNE,C_konflik_SNE_dianotasi_band,unsegmented-band,Neutrophil,train,-2.3084052655601486
21.0,5.0,0.23809523809523808,5496,SNE_657218_ccrop.jpg,SNE,B_sepakat_segmented,segmented-multilobed,Neutrophil,train,0.8934203463801804
23.259406699226016,2.0,0.08598671607846956,5908,SNE_661509_ccrop.jpg,SNE,B_sepakat_segmented,segmented-multilobed,Neutrophil,train,3.0591585348251336
19.924858845171276,6.0,0.3011313679370973,6168,SNE_662400_ccrop.jpg,SNE,C_konflik_SNE_dianotasi_band,unsegmented-band,Neutrophil,train,1.6679378532888869
24.331050121192877,3.0,0.12329924047901797,6910,SNE_663700_ccrop.jpg,SNE,C_konflik_SNE_dianotasi_band,unsegmented-band,Neutrophil,train,1.3309674998168406
22.360679774997898,5.0,0.22360679774997896,5194,SNE_664415_ccrop.jpg,SNE,C_konflik_SNE_dianotasi_band,unsegmented-band,Neutrophil,train,-1.2937710349255216
20.591260281974,6.0,0.29138575870717925,5549,SNE_664499_ccrop.jpg,SNE,B_sepakat_segmented,segmented-bilobed,Neutrophil,train,0.766375690093076
22.80350850198276,4.0,0.17541160386140586,6085,SNE_664507_ccrop.jpg,SNE,B_sepakat_segmented,segmented-bilobed,Neutrophil,train,1.4017916262607555
24.08318915758459,1.0,0.041522739926869986,5473,SNE_667023_ccrop.jpg,SNE,B_sepakat_segmented,segmented-multilobed,Neutrophil,train,0.6744240138021853
18.027756377319946,3.0,0.16641005886756874,5491,SNE_670300_ccrop.jpg,SNE,C_konflik_SNE_dianotasi_band,unsegmented-band,Neutrophil,train,1.0170373707963156
16.278820596099706,2.0,0.12285902336679023,4869,SNE_671189_ccrop.jpg,SNE,B_sepakat_segmented,segmented-bilobed,Neutrophil,train,2.078023471986299
24.0,1.0,0.041666666666666664,6413,SNE_671899_ccrop.jpg,SNE,C_konflik_SNE_dianotasi_band,unsegmented-band,Neutrophil,train,0.9639739090689439
21.587033144922902,11.0,0.5095651600732874,5613,SNE_672550_ccrop.jpg,SNE,C_konflik_SNE_dianotasi_band,unsegmented-band,Neutrophil,train,-0.9864456340016439
21.93171219946131,12.0,0.5471529031050638,5288,SNE_674280_ccrop.jpg,SNE,B_sepakat_segmented,segmented-bilobed,Neutrophil,train,-3.06866467676792
21.470910553583888,2.0,0.09314928656652446,6428,SNE_675028_ccrop.jpg,SNE,B_sepakat_segmented,segmented-bilobed,Neutrophil,train,1.0603289630012078
19.4164878389476,2.5,0.1287565506561512,4711,SNE_676449_ccrop.jpg,SNE,B_sepakat_segmented,segmented-multilobed,Neutrophil,train,1.5927472019583035
21.02379604162864,4.5,0.21404317236952233,5097,SNE_67724_ccrop.jpg,SNE,B_sepakat_segmented,segmented-bilobed,Neutrophil,train,0.3247665095869996
22.627416997969522,4.0,0.17677669529663687,6887,SNE_677361_ccrop.jpg,SNE,B_sepakat_segmented,segmented-bilobed,Neutrophil,train,0.6643837851210126
19.1049731745428,4.0,0.2093695690360855,5273,SNE_67811_ccrop.jpg,SNE,B_sepakat_segmented,segmented-bilobed,Neutrophil,train,1.9650368261467808
23.600847442411894,4.0,0.1694854394428143,5220,SNE_679559_ccrop.jpg,SNE,B_sepakat_segmented,segmented-bilobed,Neutrophil,train,-0.2501678265326177
21.02379604162864,1.5,0.07134772412317411,6379,SNE_684234_ccrop.jpg,SNE,B_sepakat_segmented,segmented-multilobed,Neutrophil,train,2.492400371446771
19.4164878389476,1.5,0.0772539303936907,6815,SNE_68465_ccrop.jpg,SNE,C_konflik_SNE_dianotasi_band,unsegmented-band,Neutrophil,train,1.851074439528107
22.090722034374522,2.5,0.11316968255314816,5935,SNE_686557_ccrop.jpg,SNE,B_sepakat_segmented,segmented-bilobed,Neutrophil,train,0.5072631272649346
22.02271554554524,3.0,0.13622298275594996,4823,SNE_688417_ccrop.jpg,SNE,B_sepakat_segmented,segmented-bilobed,Neutrophil,train,-0.5688496812042025
25.45584412271571,12.0,0.4714045207910317,5362,SNE_688575_ccrop.jpg,SNE,B_sepakat_segmented,segmented-bilobed,Neutrophil,train,-2.4760443726015797
24.186773244895647,5.0,0.20672455764868078,5511,SNE_688633_ccrop.jpg,SNE,B_sepakat_segmented,segmented-bilobed,Neutrophil,train,-0.5536115544059843
21.470910553583888,2.5,0.11643660820815557,4885,SNE_691541_ccrop.jpg,SNE,B_sepakat_segmented,segmented-bilobed,Neutrophil,train,1.050550657786662
18.788294228055936,1.5,0.07983694431185243,5349,SNE_69166_ccrop.jpg,SNE,B_sepakat_segmented,segmented-multilobed,Neutrophil,train,2.6095307944787596
24.839484696748443,0.5,0.020129242055711864,13270,SNE_691743_ccrop.jpg,SNE,B_sepakat_segmented,segmented-bilobed,Neutrophil,train,1.7164237782138043
24.186773244895647,3.5,0.14470719035407653,6243,SNE_692996_ccrop.jpg,SNE,C_konflik_SNE_dianotasi_band,unsegmented-band,Neutrophil,train,1.4012697347201204
20.024984394500787,7.0,0.3495633186072456,6004,SNE_694056_ccrop.jpg,SNE,C_konflik_SNE_dianotasi_band,unsegmented-band,Neutrophil,train,0.034447521732070996
22.561028345356956,15.0,0.6648633107669044,4022,SNE_697186_ccrop.jpg,SNE,C_konflik_SNE_dianotasi_band,unsegmented-band,Neutrophil,train,-4.110031081261212
23.021728866442675,4.0,0.17374889710522776,6223,SNE_698912_ccrop.jpg,SNE,B_sepakat_segmented,segmented-multilobed,Neutrophil,train,2.080576003285117
24.515301344262525,11.5,0.46909478445760244,7591,SNE_699042_ccrop.jpg,SNE,C_konflik_SNE_dianotasi_band,unsegmented-band,Neutrophil,train,-1.8633068029761084
22.80350850198276,12.5,0.5481612620668933,4884,SNE_699129_ccrop.jpg,SNE,C_konflik_SNE_dianotasi_band,unsegmented-band,Neutrophil,train,-1.6188131848959895
21.93171219946131,0.5,0.02279803762937766,12778,SNE_699973_ccrop.jpg,SNE,B_sepakat_segmented,segmented-bilobed,Neutrophil,train,2.2057681629227295
18.681541692269406,4.5,0.24087947740748514,4963,SNE_700097_ccrop.jpg,SNE,B_sepakat_segmented,segmented-bilobed,Neutrophil,train,1.0446275287083688
26.476404589747453,2.0,0.0755389574600498,7167,SNE_700357_ccrop.jpg,SNE,B_sepakat_segmented,segmented-bilobed,Neutrophil,train,0.0021563879121675456
17.72004514666935,2.0,0.11286652959662007,6434,SNE_702329_ccrop.jpg,SNE,B_sepakat_segmented,segmented-multilobed,Neutrophil,train,3.1582820514948846
70.3846574190711,0.5,0.007103820894133134,11721,SNE_702411_ccrop.jpg,SNE,C_konflik_SNE_dianotasi_band,unsegmented-band,Neutrophil,train,-0.7368737502279874
22.0,16.0,0.7272727272727273,5304,SNE_703464_ccrop.jpg,SNE,B_sepakat_segmented,segmented-multilobed,Neutrophil,train,-2.8577143201968056
19.209372712298546,5.5,0.28631856346244444,5544,SNE_703601_ccrop.jpg,SNE,B_sepakat_segmented,segmented-multilobed,Neutrophil,train,0.9717269938687538
20.09975124224178,1.0,0.04975185951049946,5240,SNE_703793_ccrop.jpg,SNE,B_sepakat_segmented,segmented-multilobed,Neutrophil,train,1.508264910617056
21.93171219946131,1.0,0.04559607525875532,6854,SNE_704080_ccrop.jpg,SNE,B_sepakat_segmented,segmented-multilobed,Neutrophil,train,3.470365424015098
19.0,2.5,0.13157894736842105,6311,SNE_704920_ccrop.jpg,SNE,B_sepakat_segmented,segmented-bilobed,Neutrophil,train,2.2968840534549138
29.410882339705484,7.5,0.2550076503442672,7053,SNE_707015_ccrop.jpg,SNE,B_sepakat_segmented,segmented-bilobed,Neutrophil,train,-1.4145783839568882
22.360679774997898,2.0,0.08944271909999159,6507,SNE_70711_ccrop.jpg,SNE,B_sepakat_segmented,segmented-multilobed,Neutrophil,train,0.6268819984029079
21.540659228538015,1.0,0.046423834544262965,6266,SNE_70867_ccrop.jpg,SNE,B_sepakat_segmented,segmented-multilobed,Neutrophil,train,0.9930370587588548
19.924858845171276,6.5,0.32622564859852216,5969,SNE_71114_ccrop.jpg,SNE,C_konflik_SNE_dianotasi_band,unsegmented-band,Neutrophil,train,1.8497692517404616
22.20360331117452,1.5,0.06755660236665674,6589,SNE_71295_ccrop.jpg,SNE,B_sepakat_segmented,segmented-bilobed,Neutrophil,train,1.0678172129699526
22.360679774997898,12.5,0.5590169943749475,5312,SNE_712988_ccrop.jpg,SNE,C_konflik_SNE_dianotasi_band,unsegmented-band,Neutrophil,train,-1.377442983581389
16.97056274847714,6.0,0.3535533905932738,4621,SNE_714010_ccrop.jpg,SNE,B_sepakat_segmented,segmented-bilobed,Neutrophil,train,1.4414996489179197
21.840329667841555,10.0,0.4578685464956301,6498,SNE_714788_ccrop.jpg,SNE,C_konflik_SNE_dianotasi_band,unsegmented-band,Neutrophil,train,-0.08373954463519695
27.294688127912362,20.5,0.7510618880834945,4975,SNE_714876_ccrop.jpg,SNE,C_konflik_SNE_dianotasi_band,unsegmented-band,Neutrophil,train,-6.025603448373573
17.26267650163207,10.0,0.5792844463634923,5391,SNE_716633_ccrop.jpg,SNE,C_konflik_SNE_dianotasi_band,unsegmented-band,Neutrophil,train,1.124838116581854
23.021728866442675,11.5,0.4995280791775298,5930,SNE_718731_ccrop.jpg,SNE,C_konflik_SNE_dianotasi_band,unsegmented-band,Neutrophil,train,-0.1852511985875509
27.073972741361768,3.5,0.1292754496517956,6004,SNE_721798_ccrop.jpg,SNE,C_konflik_SNE_dianotasi_band,unsegmented-band,Neutrophil,train,-0.057399918022388974
22.47220505424423,8.5,0.3782450355664871,6094,SNE_721866_ccrop.jpg,SNE,C_konflik_SNE_dianotasi_band,unsegmented-band,Neutrophil,train,0.5255359661574719
20.12461179749811,0.5,0.024845199749997663,5871,SNE_723100_ccrop.jpg,SNE,B_sepakat_segmented,segmented-bilobed,Neutrophil,train,0.7514001441649096
17.72004514666935,6.0,0.33859958878986024,6141,SNE_725873_ccrop.jpg,SNE,C_konflik_SNE_dianotasi_band,unsegmented-band,Neutrophil,train,1.8504757111141101
20.12461179749811,8.5,0.42236839574996027,5864,SNE_726181_ccrop.jpg,SNE,C_konflik_SNE_dianotasi_band,unsegmented-band,Neutrophil,train,0.10375040963905668
18.027756377319946,1.5,0.08320502943378437,5999,SNE_726828_ccrop.jpg,SNE,B_sepakat_segmented,segmented-multilobed,Neutrophil,train,2.257699568336106
21.633307652783937,1.5,0.06933752452815363,6540,SNE_727213_ccrop.jpg,SNE,B_sepakat_segmented,segmented-bilobed,Neutrophil,train,1.9077329654675683
18.384776310850235,14.0,0.7614996105085897,5925,SNE_727461_ccrop.jpg,SNE,C_konflik_SNE_dianotasi_band,unsegmented-band,Neutrophil,train,-1.0372895237073845
18.027756377319946,6.5,0.36055512754639896,6329,SNE_731589_ccrop.jpg,SNE,C_konflik_SNE_dianotasi_band,unsegmented-band,Neutrophil,train,1.8482188227049132
22.090722034374522,9.5,0.430044793701963,5538,SNE_732862_ccrop.jpg,SNE,C_konflik_SNE_dianotasi_band,unsegmented-band,Neutrophil,train,0.855599953121934
30.4138126514911,27.0,0.8877545314489294,5009,SNE_734146_ccrop.jpg,SNE,C_konflik_SNE_dianotasi_band,unsegmented-band,Neutrophil,train,-8.987069271494907
19.924858845171276,6.0,0.3011313679370973,5590,SNE_734292_ccrop.jpg,SNE,C_konflik_SNE_dianotasi_band,unsegmented-band,Neutrophil,train,1.7444341869367097
19.79898987322333,9.0,0.4545686450484948,5561,SNE_735522_ccrop.jpg,SNE,C_konflik_SNE_dianotasi_band,unsegmented-band,Neutrophil,train,1.1100007807511059
21.470910553583888,5.0,0.23287321641631115,6289,SNE_736225_ccrop.jpg,SNE,B_sepakat_segmented,segmented-multilobed,Neutrophil,train,2.1863895291786166
24.351591323771842,3.5,0.14372777341180681,5541,SNE_736883_ccrop.jpg,SNE,C_konflik_SNE_dianotasi_band,unsegmented-band,Neutrophil,train,-1.2996828686398842
21.0,2.5,0.11904761904761904,5164,SNE_7372_ccrop.jpg,SNE,B_sepakat_segmented,segmented-bilobed,Neutrophil,train,0.8896287894568076
22.360679774997898,5.5,0.24596747752497686,6695,SNE_737275_ccrop.jpg,SNE,B_sepakat_segmented,segmented-multilobed,Neutrophil,train,1.5937384271367652
22.80350850198276,13.0,0.570087712549569,4858,SNE_739636_ccrop.jpg,SNE,C_konflik_SNE_dianotasi_band,unsegmented-band,Neutrophil,train,-2.1377497379459314
21.02379604162864,4.0,0.19026059766179762,5897,SNE_741_ccrop.jpg,SNE,B_sepakat_segmented,segmented-multilobed,Neutrophil,train,2.0373065431690716
17.72004514666935,1.0,0.05643326479831003,4924,SNE_742043_ccrop.jpg,SNE,B_sepakat_segmented,segmented-bilobed,Neutrophil,train,2.3516327982427425
30.4138126514911,9.0,0.29591817714964314,6451,SNE_742877_ccrop.jpg,SNE,C_konflik_SNE_dianotasi_band,unsegmented-band,Neutrophil,train,-1.9063686646526428
23.853720883753127,3.0,0.12576654244509555,5815,SNE_746001_ccrop.jpg,SNE,B_sepakat_segmented,segmented-multilobed,Neutrophil,train,2.0337366169505806
20.223748416156685,3.0,0.14834045293024462,4557,SNE_746083_ccrop.jpg,SNE,B_sepakat_segmented,segmented-bilobed,Neutrophil,train,1.3973425739546528
26.40075756488817,8.5,0.32196045810839236,5795,SNE_7466_ccrop.jpg,SNE,B_sepakat_segmented,segmented-bilobed,Neutrophil,train,-2.3561201952408357
34.48187929913333,21.5,0.6235158998581722,6791,SNE_747458_ccrop.jpg,SNE,C_konflik_SNE_dianotasi_band,unsegmented-band,Neutrophil,train,-5.710756906093703
25.96150997149434,4.0,0.15407424315426907,6914,SNE_749061_ccrop.jpg,SNE,B_sepakat_segmented,segmented-bilobed,Neutrophil,train,0.4502975065802559
26.076809620810597,2.0,0.07669649888473704,5701,SNE_74926_ccrop.jpg,SNE,B_sepakat_segmented,segmented-bilobed,Neutrophil,train,-0.7941110887123077
22.02271554554524,4.0,0.18163064367459994,5970,SNE_750494_ccrop.jpg,SNE,B_sepakat_segmented,segmented-bilobed,Neutrophil,train,0.6902128526065203
25.80697580112788,2.5,0.09687303228651607,5999,SNE_750907_ccrop.jpg,SNE,C_konflik_SNE_dianotasi_band,unsegmented-band,Neutrophil,train,-0.7868172929761084
22.0,6.0,0.2727272727272727,5653,SNE_751245_ccrop.jpg,SNE,B_sepakat_segmented,segmented-bilobed,Neutrophil,train,-1.4008802792480513
22.360679774997898,8.0,0.35777087639996635,5445,SNE_751957_ccrop.jpg,SNE,C_konflik_SNE_dianotasi_band,unsegmented-band,Neutrophil,train,-1.0504130494858757
25.059928172283335,17.0,0.6783738517974789,5392,SNE_752290_ccrop.jpg,SNE,C_konflik_SNE_dianotasi_band,unsegmented-band,Neutrophil,train,-4.056424193189153
23.345235059857504,9.5,0.40693529003421336,5417,SNE_753880_ccrop.jpg,SNE,C_konflik_SNE_dianotasi_band,unsegmented-band,Neutrophil,train,-1.7214631643586085
18.24828759089466,8.0,0.4383972994809528,5279,SNE_756026_ccrop.jpg,SNE,C_konflik_SNE_dianotasi_band,unsegmented-band,Neutrophil,train,0.702707620572113
30.23243291566195,7.5,0.24807795062085844,5155,SNE_756098_ccrop.jpg,SNE,C_konflik_SNE_dianotasi_band,unsegmented-band,Neutrophil,train,-2.7050323412921617
21.0,2.0,0.09523809523809523,7037,SNE_756261_ccrop.jpg,SNE,B_sepakat_segmented,segmented-bilobed,Neutrophil,train,0.704069404800947
22.825424421026653,2.5,0.10952698858458089,5607,SNE_757030_ccrop.jpg,SNE,C_konflik_SNE_dianotasi_band,unsegmented-band,Neutrophil,train,1.811648885873316
19.026297590440446,10.5,0.5518677477890186,4841,SNE_758017_ccrop.jpg,SNE,C_konflik_SNE_dianotasi_band,unsegmented-band,Neutrophil,train,-0.11962606782702245
20.808652046684813,1.0,0.04805693313322127,5764,SNE_759474_ccrop.jpg,SNE,B_sepakat_segmented,segmented-bilobed,Neutrophil,train,1.418182657895139
17.88854381999832,2.0,0.11180339887498948,5198,SNE_761180_ccrop.jpg,SNE,B_sepakat_segmented,segmented-multilobed,Neutrophil,train,2.622090098866912
17.0,4.0,0.23529411764705882,5842,SNE_762327_ccrop.jpg,SNE,B_sepakat_segmented,segmented-multilobed,Neutrophil,train,3.3074980469085578
20.518284528683193,3.0,0.14621105364857379,5577,SNE_762474_ccrop.jpg,SNE,B_sepakat_segmented,segmented-multilobed,Neutrophil,train,2.3991126274818173
25.0,8.0,0.32,4782,SNE_763893_ccrop.jpg,SNE,C_konflik_SNE_dianotasi_band,unsegmented-band,Neutrophil,train,-0.17201997469817698
19.4164878389476,5.0,0.2575131013123024,5949,SNE_764185_ccrop.jpg,SNE,B_sepakat_segmented,segmented-bilobed,Neutrophil,train,1.8012071052191256
22.80350850198276,1.5,0.0657793514480272,6339,SNE_764517_ccrop.jpg,SNE,B_sepakat_segmented,segmented-multilobed,Neutrophil,train,1.8562811752257389
21.02379604162864,7.0,0.3329560459081458,5087,SNE_764821_ccrop.jpg,SNE,C_konflik_SNE_dianotasi_band,unsegmented-band,Neutrophil,train,-0.05293626076195501
20.8806130178211,2.5,0.11972828565264391,5001,SNE_767595_ccrop.jpg,SNE,B_sepakat_segmented,segmented-bilobed,Neutrophil,train,-0.02135912867794154
21.93171219946131,4.0,0.1823843010350213,6311,SNE_768088_ccrop.jpg,SNE,B_sepakat_segmented,segmented-bilobed,Neutrophil,train,0.29096187287812203
23.769728648009426,2.5,0.10517579047791781,6257,SNE_7683_ccrop.jpg,SNE,B_sepakat_segmented,segmented-bilobed,Neutrophil,train,0.998907293952028
21.633307652783937,10.5,0.4853626716970754,7367,SNE_769583_ccrop.jpg,SNE,C_konflik_SNE_dianotasi_band,unsegmented-band,Neutrophil,train,0.3801048701257006
19.1049731745428,0.5,0.026171196129510688,5354,SNE_770745_ccrop.jpg,SNE,B_sepakat_segmented,segmented-bilobed,Neutrophil,train,0.9159658590828625
25.80697580112788,1.5,0.05812381937190964,5757,SNE_7740_ccrop.jpg,SNE,B_sepakat_segmented,segmented-bilobed,Neutrophil,train,1.0287075815402567
21.37755832643195,1.0,0.0467780269724988,4965,SNE_77438_ccrop.jpg,SNE,B_sepakat_segmented,segmented-bilobed,Neutrophil,train,1.8768121994807245
17.08800749063506,1.0,0.058520573598065284,5472,SNE_774800_ccrop.jpg,SNE,B_sepakat_segmented,segmented-bilobed,Neutrophil,train,0.9116174338055556
22.80350850198276,3.0,0.1315587028960544,5577,SNE_775468_ccrop.jpg,SNE,B_sepakat_segmented,segmented-bilobed,Neutrophil,train,-0.368648774411076
20.615528128088304,4.0,0.19402850002906638,5871,SNE_776076_ccrop.jpg,SNE,B_sepakat_segmented,segmented-multilobed,Neutrophil,train,1.880934974849099
24.839484696748443,1.5,0.06038772616713559,5684,SNE_779794_ccrop.jpg,SNE,B_sepakat_segmented,segmented-bilobed,Neutrophil,train,0.33821447275306493
20.8806130178211,1.0,0.04789131426105757,5313,SNE_781224_ccrop.jpg,SNE,B_sepakat_segmented,segmented-multilobed,Neutrophil,train,1.3713821990512534
18.973665961010276,1.5,0.07905694150420949,5904,SNE_781514_ccrop.jpg,SNE,B_sepakat_segmented,segmented-bilobed,Neutrophil,train,1.7650932229990346
18.439088914585774,5.5,0.29827937950065225,5474,SNE_783159_ccrop.jpg,SNE,C_konflik_SNE_dianotasi_band,unsegmented-band,Neutrophil,train,0.9649120280893237
18.24828759089466,4.0,0.2191986497404764,6302,SNE_783589_ccrop.jpg,SNE,B_sepakat_segmented,segmented-bilobed,Neutrophil,train,1.5986945913955521
19.72308292331602,7.5,0.38026509492254534,5478,SNE_784426_ccrop.jpg,SNE,C_konflik_SNE_dianotasi_band,unsegmented-band,Neutrophil,train,0.9160456363096907
19.697715603592208,3.0,0.15230192477004287,6144,SNE_784846_ccrop.jpg,SNE,C_konflik_SNE_dianotasi_band,unsegmented-band,Neutrophil,train,1.4357462433570527
25.019992006393608,3.5,0.1398881342210505,6098,SNE_785064_ccrop.jpg,SNE,B_sepakat_segmented,segmented-multilobed,Neutrophil,train,1.4491224325909862
20.591260281974,1.5,0.07284643967679481,6102,SNE_785424_ccrop.jpg,SNE,C_konflik_SNE_dianotasi_band,unsegmented-band,Neutrophil,train,2.0723767298055495
25.942243542145693,16.5,0.6360282592056523,6500,SNE_786541_ccrop.jpg,SNE,C_konflik_SNE_dianotasi_band,unsegmented-band,Neutrophil,train,-3.621555585482179
20.808652046684813,3.0,0.14417079939966382,5532,SNE_788496_ccrop.jpg,SNE,B_sepakat_segmented,segmented-bilobed,Neutrophil,train,1.7058418901213415
18.35755975068582,11.5,0.6264449173082698,5659,SNE_788666_ccrop.jpg,SNE,C_konflik_SNE_dianotasi_band,unsegmented-band,Neutrophil,train,-0.22513273103826137
21.02379604162864,0.5,0.023782574707724703,5031,SNE_788902_ccrop.jpg,SNE,B_sepakat_segmented,segmented-multilobed,Neutrophil,train,1.3718582195647695
18.973665961010276,1.0,0.05270462766947299,5302,SNE_790082_ccrop.jpg,SNE,B_sepakat_segmented,segmented-bilobed,Neutrophil,train,1.8333261250506983
19.4164878389476,3.5,0.18025917091861166,4975,SNE_790301_ccrop.jpg,SNE,B_sepakat_segmented,segmented-bilobed,Neutrophil,train,0.7265251176921579
22.47220505424423,8.5,0.3782450355664871,6408,SNE_790562_ccrop.jpg,SNE,C_konflik_SNE_dianotasi_band,unsegmented-band,Neutrophil,train,1.3296740445421102
17.204650534085253,6.5,0.37780482591741266,5700,SNE_790833_ccrop.jpg,SNE,B_sepakat_segmented,segmented-bilobed,Neutrophil,train,1.457093399785653
20.223748416156685,4.0,0.1977872705736595,5870,SNE_791644_ccrop.jpg,SNE,B_sepakat_segmented,segmented-bilobed,Neutrophil,train,1.619251967001163
18.681541692269406,1.0,0.05352877275721892,5450,SNE_791810_ccrop.jpg,SNE,B_sepakat_segmented,segmented-bilobed,Neutrophil,train,2.6606201554181874
17.4928556845359,4.5,0.2572478777137633,5096,SNE_792024_ccrop.jpg,SNE,B_sepakat_segmented,segmented-multilobed,Neutrophil,train,0.7352100618426824
23.345235059857504,0.5,0.021417646843905968,5881,SNE_793789_ccrop.jpg,SNE,B_sepakat_segmented,segmented-multilobed,Neutrophil,train,2.915734609927531
18.601075237738275,6.5,0.3494421648708057,5034,SNE_794163_ccrop.jpg,SNE,C_konflik_SNE_dianotasi_band,unsegmented-band,Neutrophil,train,-0.038669137366978745
23.706539182259394,1.5,0.06327368109143967,6874,SNE_795630_ccrop.jpg,SNE,B_sepakat_segmented,segmented-bilobed,Neutrophil,train,0.6303682496747243
22.847319317591726,10.5,0.4595725150090289,5309,SNE_796734_ccrop.jpg,SNE,C_konflik_SNE_dianotasi_band,unsegmented-band,Neutrophil,train,0.618291570199168
18.384776310850235,1.0,0.05439282932204212,6516,SNE_798289_ccrop.jpg,SNE,B_sepakat_segmented,segmented-multilobed,Neutrophil,train,2.998344929241739
27.459060435491963,7.5,0.27313389027346113,6653,SNE_798449_ccrop.jpg,SNE,C_konflik_SNE_dianotasi_band,unsegmented-band,Neutrophil,train,-0.3763705747151711
22.0,2.0,0.09090909090909091,5942,SNE_798913_ccrop.jpg,SNE,B_sepakat_segmented,segmented-bilobed,Neutrophil,train,1.0978627138113728
25.709920264364882,2.5,0.09723873019805175,7815,SNE_799524_ccrop.jpg,SNE,B_sepakat_segmented,segmented-bilobed,Neutrophil,train,-0.29902290514925767
25.0,10.5,0.42,7814,SNE_80196_ccrop.jpg,SNE,C_konflik_SNE_dianotasi_band,unsegmented-band,Neutrophil,train,-1.638829880987556
16.278820596099706,13.0,0.7985836518841366,4296,SNE_802950_ccrop.jpg,SNE,C_konflik_SNE_dianotasi_band,unsegmented-band,Neutrophil,train,-1.0606989396500488
19.72308292331602,3.5,0.17745704429718784,5535,SNE_803522_ccrop.jpg,SNE,B_sepakat_segmented,segmented-bilobed,Neutrophil,train,1.2954462790657244
19.209372712298546,1.0,0.052057920629535355,7060,SNE_805400_ccrop.jpg,SNE,B_sepakat_segmented,segmented-multilobed,Neutrophil,train,2.7989654501676124
22.561028345356956,1.5,0.06648633107669044,5953,SNE_807733_ccrop.jpg,SNE,B_sepakat_segmented,segmented-bilobed,Neutrophil,train,2.488039064775694
22.0,10.0,0.45454545454545453,6573,SNE_807915_ccrop.jpg,SNE,C_konflik_SNE_dianotasi_band,unsegmented-band,Neutrophil,train,0.2826029706075426
21.540659228538015,7.5,0.34817875908197227,6817,SNE_808697_ccrop.jpg,SNE,B_sepakat_segmented,segmented-multilobed,Neutrophil,train,-0.4425719457877424
22.02271554554524,3.0,0.13622298275594996,5585,SNE_810133_ccrop.jpg,SNE,B_sepakat_segmented,segmented-bilobed,Neutrophil,train,1.006843489306453
25.0,3.5,0.14,5312,SNE_810419_ccrop.jpg,SNE,B_sepakat_segmented,segmented-bilobed,Neutrophil,train,0.6052075889442534
18.027756377319946,1.0,0.05547001962252291,4332,SNE_81065_ccrop.jpg,SNE,B_sepakat_segmented,segmented-bilobed,Neutrophil,train,0.8715235358520799
16.0,2.0,0.125,5652,SNE_810665_ccrop.jpg,SNE,B_sepakat_segmented,segmented-multilobed,Neutrophil,train,3.39491379071422
20.518284528683193,8.5,0.4142646520042924,5576,SNE_811554_ccrop.jpg,SNE,B_sepakat_segmented,segmented-multilobed,Neutrophil,train,0.816779701426027
24.186773244895647,3.0,0.12403473458920847,6387,SNE_81248_ccrop.jpg,SNE,B_sepakat_segmented,segmented-bilobed,Neutrophil,train,0.6982134744201787
22.561028345356956,6.5,0.2881074346656586,5136,SNE_813844_ccrop.jpg,SNE,B_sepakat_segmented,segmented-bilobed,Neutrophil,train,-1.4593625835660617
22.80350850198276,8.0,0.3508232077228117,6018,SNE_814256_ccrop.jpg,SNE,C_konflik_SNE_dianotasi_band,unsegmented-band,Neutrophil,train,0.7741198603684598
20.8806130178211,5.0,0.23945657130528783,5766,SNE_814713_ccrop.jpg,SNE,B_sepakat_segmented,segmented-bilobed,Neutrophil,train,1.4110982248082102
24.0,3.5,0.14583333333333334,6132,SNE_8150_ccrop.jpg,SNE,C_konflik_SNE_dianotasi_band,unsegmented-band,Neutrophil,train,-0.3469416845255182
22.20360331117452,2.0,0.09007546982220899,6181,SNE_815209_ccrop.jpg,SNE,B_sepakat_segmented,segmented-multilobed,Neutrophil,train,2.104672198243737
17.204650534085253,1.0,0.05812381937190964,6778,SNE_815833_ccrop.jpg,SNE,B_sepakat_segmented,segmented-bilobed,Neutrophil,train,2.2438414520770893
23.345235059857504,8.0,0.3426823495024955,5618,SNE_815898_ccrop.jpg,SNE,B_sepakat_segmented,segmented-bilobed,Neutrophil,train,-0.32895947201321185
19.72308292331602,7.0,0.3549140885943757,5300,SNE_816195_ccrop.jpg,SNE,B_sepakat_segmented,segmented-bilobed,Neutrophil,train,0.517578207386653
19.6468827043885,3.0,0.15269597956778627,8193,SNE_816733_ccrop.jpg,SNE,B_sepakat_segmented,segmented-bilobed,Neutrophil,train,1.476768329652674
27.892651361962706,15.5,0.5557019230211079,4928,SNE_817325_ccrop.jpg,SNE,C_konflik_SNE_dianotasi_band,unsegmented-band,Neutrophil,train,-6.303459727129322
17.69180601295413,5.0,0.28261670947211076,4889,SNE_817717_ccrop.jpg,SNE,B_sepakat_segmented,segmented-bilobed,Neutrophil,train,0.9380727890490865
21.470910553583888,7.0,0.32602250298283564,7634,SNE_818014_ccrop.jpg,SNE,B_sepakat_segmented,segmented-bilobed,Neutrophil,train,1.5014373762560211
20.09975124224178,2.5,0.12437964877624864,5418,SNE_818365_ccrop.jpg,SNE,B_sepakat_segmented,segmented-bilobed,Neutrophil,train,1.1651085589867982
23.706539182259394,5.0,0.21091227030479892,7092,SNE_818470_ccrop.jpg,SNE,B_sepakat_segmented,segmented-multilobed,Neutrophil,train,-0.8229411097330193
21.93171219946131,0.5,0.02279803762937766,6318,SNE_818497_ccrop.jpg,SNE,B_sepakat_segmented,segmented-multilobed,Neutrophil,train,1.8677062950437762
18.027756377319946,1.5,0.08320502943378437,5150,SNE_820099_ccrop.jpg,SNE,B_sepakat_segmented,segmented-bilobed,Neutrophil,train,2.650167103131303
20.518284528683193,1.0,0.04873701788285793,4957,SNE_821321_ccrop.jpg,SNE,B_sepakat_segmented,segmented-bilobed,Neutrophil,train,1.0627361826150263
15.556349186104045,3.5,0.22498852128662877,4795,SNE_821341_ccrop.jpg,SNE,C_konflik_SNE_dianotasi_band,unsegmented-band,Neutrophil,train,2.2025506190224142
20.8806130178211,4.0,0.19156525704423027,4854,SNE_821872_ccrop.jpg,SNE,B_sepakat_segmented,segmented-bilobed,Neutrophil,train,-0.6041791335095539
25.317977802344327,0.5,0.019748812638334105,11655,SNE_823772_ccrop.jpg,SNE,C_konflik_SNE_dianotasi_band,unsegmented-band,Neutrophil,train,0.949366758972034
25.96150997149434,3.0,0.1155556823657018,6227,SNE_824036_ccrop.jpg,SNE,B_sepakat_segmented,segmented-bilobed,Neutrophil,train,0.3336460374270045
25.019992006393608,4.5,0.1798561725699221,6258,SNE_824117_ccrop.jpg,SNE,B_sepakat_segmented,segmented-multilobed,Neutrophil,train,0.12243622424152356
29.068883707497267,17.5,0.6020183016345587,5851,SNE_825561_ccrop.jpg,SNE,B_sepakat_segmented,segmented-multilobed,Neutrophil,train,-5.415142899708622
19.4164878389476,1.0,0.051502620262460476,6960,SNE_828065_ccrop.jpg,SNE,B_sepakat_segmented,segmented-multilobed,Neutrophil,train,2.901962845080858
18.601075237738275,2.0,0.10752066611409407,4693,SNE_830922_ccrop.jpg,SNE,B_sepakat_segmented,segmented-bilobed,Neutrophil,train,0.8224167424815292
20.518284528683193,8.0,0.38989614306286347,5865,SNE_831020_ccrop.jpg,SNE,B_sepakat_segmented,segmented-bilobed,Neutrophil,train,0.18996860276294214
22.47220505424423,2.0,0.08899883189799696,6593,SNE_83109_ccrop.jpg,SNE,B_sepakat_segmented,segmented-multilobed,Neutrophil,train,3.533240322188065
22.80350850198276,8.0,0.3508232077228117,7291,SNE_831814_ccrop.jpg,SNE,B_sepakat_segmented,segmented-bilobed,Neutrophil,train,1.7135383849579
21.95449840010015,3.0,0.13664625560228308,4446,SNE_832031_ccrop.jpg,SNE,B_sepakat_segmented,segmented-bilobed,Neutrophil,train,-0.19962200556144616
28.178005607210743,16.0,0.5678187527901408,5921,SNE_83301_ccrop.jpg,SNE,C_konflik_SNE_dianotasi_band,unsegmented-band,Neutrophil,train,-3.75245452749701
21.18962010041709,7.5,0.3539468836372565,5809,SNE_833326_ccrop.jpg,SNE,C_konflik_SNE_dianotasi_band,unsegmented-band,Neutrophil,train,0.5332779966352312
24.08318915758459,6.0,0.2491364395612199,6180,SNE_836615_ccrop.jpg,SNE,B_sepakat_segmented,segmented-multilobed,Neutrophil,train,-0.11081709060611367
24.73863375370596,11.5,0.4648599479863049,7395,SNE_838616_ccrop.jpg,SNE,B_sepakat_segmented,segmented-bilobed,Neutrophil,train,-0.6650425367109207
20.591260281974,7.5,0.364232198383974,5585,SNE_839816_ccrop.jpg,SNE,C_konflik_SNE_dianotasi_band,unsegmented-band,Neutrophil,train,0.41981867383722715
31.906112267087632,9.5,0.2977485918834308,7719,SNE_840511_ccrop.jpg,SNE,C_konflik_SNE_dianotasi_band,unsegmented-band,Neutrophil,train,-2.480416292054544
21.93171219946131,4.0,0.1823843010350213,5494,SNE_840546_ccrop.jpg,SNE,B_sepakat_segmented,segmented-multilobed,Neutrophil,train,0.12516958690196311
24.166091947189145,3.0,0.12414088329035519,7081,SNE_841534_ccrop.jpg,SNE,B_sepakat_segmented,segmented-bilobed,Neutrophil,train,1.5721188749888082
24.0,4.5,0.1875,5614,SNE_842479_ccrop.jpg,SNE,B_sepakat_segmented,segmented-bilobed,Neutrophil,train,-0.43627267200149156
19.235384061671343,9.0,0.46788772041903276,6323,SNE_842735_ccrop.jpg,SNE,C_konflik_SNE_dianotasi_band,unsegmented-band,Neutrophil,train,0.4656217286125619
26.92582403567252,8.5,0.31568207490098815,6924,SNE_843012_ccrop.jpg,SNE,C_konflik_SNE_dianotasi_band,unsegmented-band,Neutrophil,train,0.08192453112259024
23.40939982143925,6.0,0.25630729731502827,6468,SNE_844505_ccrop.jpg,SNE,B_sepakat_segmented,segmented-multilobed,Neutrophil,train,0.3335108433603313
20.09975124224178,1.0,0.04975185951049946,6697,SNE_845380_ccrop.jpg,SNE,B_sepakat_segmented,segmented-multilobed,Neutrophil,train,2.5950604199378926
23.259406699226016,1.5,0.06449003705885216,6429,SNE_845581_ccrop.jpg,SNE,B_sepakat_segmented,segmented-multilobed,Neutrophil,train,1.1586386294814552
23.430749027719962,9.5,0.40545011978750395,6735,SNE_846771_ccrop.jpg,SNE,B_sepakat_segmented,segmented-bilobed,Neutrophil,train,0.005729825980706593
23.345235059857504,0.5,0.021417646843905968,5587,SNE_849046_ccrop.jpg,SNE,B_sepakat_segmented,segmented-multilobed,Neutrophil,train,0.9334752526140235
19.235384061671343,9.0,0.46788772041903276,5984,SNE_851268_ccrop.jpg,SNE,C_konflik_SNE_dianotasi_band,unsegmented-band,Neutrophil,train,-0.6552590485589409
18.35755975068582,1.0,0.05447347107028433,5920,SNE_851309_ccrop.jpg,SNE,B_sepakat_segmented,segmented-multilobed,Neutrophil,train,1.5406011844210186
17.46424919657298,9.0,0.5153385008824815,5406,SNE_851924_ccrop.jpg,SNE,C_konflik_SNE_dianotasi_band,unsegmented-band,Neutrophil,train,0.8334601214809858
20.248456731316587,7.0,0.34570535882735637,5680,SNE_853397_ccrop.jpg,SNE,C_konflik_SNE_dianotasi_band,unsegmented-band,Neutrophil,train,1.323291594492348
25.632011235952593,2.0,0.07802743146408704,6028,SNE_853631_ccrop.jpg,SNE,B_sepakat_segmented,segmented-multilobed,Neutrophil,train,3.722914212422544
17.46424919657298,8.5,0.486708584166788,5296,SNE_856627_ccrop.jpg,SNE,C_konflik_SNE_dianotasi_band,unsegmented-band,Neutrophil,train,1.5482735926242404
21.540659228538015,1.0,0.046423834544262965,4742,SNE_856667_ccrop.jpg,SNE,B_sepakat_segmented,segmented-multilobed,Neutrophil,train,1.6065062054580164
25.553864678361276,4.0,0.15653209603896645,5746,SNE_85668_ccrop.jpg,SNE,B_sepakat_segmented,segmented-bilobed,Neutrophil,train,0.598040695351945
19.924858845171276,2.5,0.1254714033071239,5475,SNE_857210_ccrop.jpg,SNE,B_sepakat_segmented,segmented-bilobed,Neutrophil,train,1.4451533003005013
26.40075756488817,8.0,0.3030216076314281,5987,SNE_858353_ccrop.jpg,SNE,C_konflik_SNE_dianotasi_band,unsegmented-band,Neutrophil,train,0.0067763870963606365
20.223748416156685,1.5,0.07417022646512231,7342,SNE_859381_ccrop.jpg,SNE,B_sepakat_segmented,segmented-bilobed,Neutrophil,train,1.43933300507367
20.248456731316587,1.5,0.07407971974871923,6324,SNE_859389_ccrop.jpg,SNE,B_sepakat_segmented,segmented-bilobed,Neutrophil,train,1.850577286565608
22.627416997969522,10.0,0.44194173824159216,5481,SNE_859885_ccrop.jpg,SNE,C_konflik_SNE_dianotasi_band,unsegmented-band,Neutrophil,train,-0.9454502267451517
25.0,4.0,0.16,6776,SNE_862018_ccrop.jpg,SNE,B_sepakat_segmented,segmented-bilobed,Neutrophil,train,0.25209062126718074
22.47220505424423,3.5,0.15574795582149467,6656,SNE_86341_ccrop.jpg,SNE,C_konflik_SNE_dianotasi_band,unsegmented-band,Neutrophil,train,1.2400441901389794
19.697715603592208,13.5,0.6853586614651929,5900,SNE_864081_ccrop.jpg,SNE,C_konflik_SNE_dianotasi_band,unsegmented-band,Neutrophil,train,-0.10526397993466219
19.6468827043885,3.5,0.17814530949575066,5457,SNE_865211_ccrop.jpg,SNE,B_sepakat_segmented,segmented-bilobed,Neutrophil,train,2.6102330369424376
21.587033144922902,3.5,0.16213436911422782,5511,SNE_866404_ccrop.jpg,SNE,B_sepakat_segmented,segmented-multilobed,Neutrophil,train,1.2476087356265362
21.02379604162864,3.0,0.14269544824634822,6345,SNE_866490_ccrop.jpg,SNE,B_sepakat_segmented,segmented-multilobed,Neutrophil,train,1.648433560543471
19.235384061671343,8.0,0.4159001959280291,5573,SNE_866978_ccrop.jpg,SNE,C_konflik_SNE_dianotasi_band,unsegmented-band,Neutrophil,train,-0.0717086781586076
31.78049716414141,1.0,0.03146583877637763,9144,SNE_867024_ccrop.jpg,SNE,B_sepakat_segmented,segmented-multilobed,Neutrophil,train,1.7352679563770952
20.808652046684813,2.0,0.09611386626644254,5581,SNE_867897_ccrop.jpg,SNE,B_sepakat_segmented,segmented-multilobed,Neutrophil,train,3.519280704666219
21.95449840010015,1.5,0.06832312780114154,5890,SNE_871021_ccrop.jpg,SNE,B_sepakat_segmented,segmented-multilobed,Neutrophil,train,2.836330472166786
22.20360331117452,2.5,0.11259433727776125,6082,SNE_871314_ccrop.jpg,SNE,B_sepakat_segmented,segmented-multilobed,Neutrophil,train,1.3985717725925788
26.076809620810597,2.5,0.0958706236059213,5389,SNE_871478_ccrop.jpg,SNE,B_sepakat_segmented,segmented-bilobed,Neutrophil,train,-0.5091199179126704
21.840329667841555,11.0,0.5036554011451931,5906,SNE_87507_ccrop.jpg,SNE,C_konflik_SNE_dianotasi_band,unsegmented-band,Neutrophil,train,-0.214320668325243
19.313207915827967,2.0,0.10355607461569954,5579,SNE_876453_ccrop.jpg,SNE,B_sepakat_segmented,segmented-multilobed,Neutrophil,train,2.012614665989547
18.0,3.0,0.16666666666666666,4802,SNE_876751_ccrop.jpg,SNE,B_sepakat_segmented,segmented-bilobed,Neutrophil,train,1.7502984660335628
18.681541692269406,2.5,0.1338219318930473,6075,SNE_877567_ccrop.jpg,SNE,C_konflik_SNE_dianotasi_band,unsegmented-band,Neutrophil,train,2.3046503640954885
22.80350850198276,9.5,0.4166025591708389,6428,SNE_877869_ccrop.jpg,SNE,C_konflik_SNE_dianotasi_band,unsegmented-band,Neutrophil,train,-0.497303102223178
28.178005607210743,1.0,0.0354886720493838,6836,SNE_878359_ccrop.jpg,SNE,B_sepakat_segmented,segmented-bilobed,Neutrophil,train,-0.2906902233133355
19.235384061671343,8.0,0.4159001959280291,6196,SNE_880415_ccrop.jpg,SNE,C_konflik_SNE_dianotasi_band,unsegmented-band,Neutrophil,train,0.5920806527256275
23.600847442411894,10.0,0.4237135986070358,6824,SNE_881501_ccrop.jpg,SNE,C_konflik_SNE_dianotasi_band,unsegmented-band,Neutrophil,train,-0.00048777606000527385
17.88854381999832,1.0,0.05590169943749474,5393,SNE_881639_ccrop.jpg,SNE,B_sepakat_segmented,segmented-bilobed,Neutrophil,train,2.3462323219854238
29.732137494637012,20.0,0.6726727939963124,6861,SNE_882278_ccrop.jpg,SNE,C_konflik_SNE_dianotasi_band,unsegmented-band,Neutrophil,train,-5.469683854291475
18.24828759089466,1.0,0.0547996624351191,4491,SNE_882284_ccrop.jpg,SNE,B_sepakat_segmented,segmented-bilobed,Neutrophil,train,0.5399762411157241
17.204650534085253,7.0,0.4068667356033675,5879,SNE_882917_ccrop.jpg,SNE,B_sepakat_segmented,segmented-multilobed,Neutrophil,train,2.0513157506025053
25.0,21.0,0.84,5452,SNE_883708_ccrop.jpg,SNE,C_konflik_SNE_dianotasi_band,unsegmented-band,Neutrophil,train,-4.9054975106959215
17.0,8.5,0.5,5530,SNE_884399_ccrop.jpg,SNE,C_konflik_SNE_dianotasi_band,unsegmented-band,Neutrophil,train,2.451957140786188
19.79898987322333,13.0,0.656599153958937,6191,SNE_884424_ccrop.jpg,SNE,C_konflik_SNE_dianotasi_band,unsegmented-band,Neutrophil,train,-0.11670464343963438
23.345235059857504,10.0,0.4283529368781193,9144,SNE_884479_ccrop.jpg,SNE,B_sepakat_segmented,segmented-bilobed,Neutrophil,train,0.8455974961109991
17.0,3.5,0.20588235294117646,4939,SNE_884907_ccrop.jpg,SNE,C_konflik_SNE_dianotasi_band,unsegmented-band,Neutrophil,train,1.2184444298346868
19.924858845171276,9.0,0.451697051905646,6874,SNE_885277_ccrop.jpg,SNE,C_konflik_SNE_dianotasi_band,unsegmented-band,Neutrophil,train,0.22093685488318204
24.596747752497688,4.0,0.16262312563634834,5724,SNE_886311_ccrop.jpg,SNE,B_sepakat_segmented,segmented-bilobed,Neutrophil,train,-0.24848735650221876
17.69180601295413,9.0,0.5087100770497993,4496,SNE_886540_ccrop.jpg,SNE,C_konflik_SNE_dianotasi_band,unsegmented-band,Neutrophil,train,0.29774063328207134
21.02379604162864,0.5,0.023782574707724703,6310,SNE_886868_ccrop.jpg,SNE,B_sepakat_segmented,segmented-multilobed,Neutrophil,train,1.9732934699986204
20.0,3.0,0.15,5948,SNE_887894_ccrop.jpg,SNE,B_sepakat_segmented,segmented-bilobed,Neutrophil,train,2.3085547152625177
20.8806130178211,6.0,0.2873478855663454,6700,SNE_888286_ccrop.jpg,SNE,B_sepakat_segmented,segmented-multilobed,Neutrophil,train,0.6481347120489076
21.840329667841555,10.5,0.4807619738204116,5385,SNE_888435_ccrop.jpg,SNE,C_konflik_SNE_dianotasi_band,unsegmented-band,Neutrophil,train,-0.9576306240707382
25.059928172283335,5.5,0.2194738932285961,5953,SNE_889334_ccrop.jpg,SNE,B_sepakat_segmented,segmented-bilobed,Neutrophil,train,-1.2931870893833253
22.02271554554524,7.0,0.3178536264305499,4854,SNE_889947_ccrop.jpg,SNE,C_konflik_SNE_dianotasi_band,unsegmented-band,Neutrophil,train,0.3635244058015479
20.396078054371138,4.0,0.19611613513818404,5866,SNE_891016_ccrop.jpg,SNE,C_konflik_SNE_dianotasi_band,unsegmented-band,Neutrophil,train,0.8828844386389934
18.973665961010276,8.0,0.4216370213557839,5203,SNE_89120_ccrop.jpg,SNE,B_sepakat_segmented,segmented-multilobed,Neutrophil,train,0.2636056858917559
26.30589287593181,2.5,0.09503574015871319,5930,SNE_892103_ccrop.jpg,SNE,B_sepakat_segmented,segmented-bilobed,Neutrophil,train,-0.4832580443357877
20.615528128088304,1.0,0.048507125007266595,5838,SNE_892589_ccrop.jpg,SNE,B_sepakat_segmented,segmented-multilobed,Neutrophil,train,2.428908000663636
23.706539182259394,11.0,0.4640069946705576,5787,SNE_893121_ccrop.jpg,SNE,C_konflik_SNE_dianotasi_band,unsegmented-band,Neutrophil,train,0.10112994747345994
22.0,12.0,0.5454545454545454,4797,SNE_893261_ccrop.jpg,SNE,C_konflik_SNE_dianotasi_band,unsegmented-band,Neutrophil,train,-1.4491477963966304
26.40075756488817,9.5,0.35983815906232086,6934,SNE_893571_ccrop.jpg,SNE,C_konflik_SNE_dianotasi_band,unsegmented-band,Neutrophil,train,-0.9067484130629158
21.02379604162864,3.0,0.14269544824634822,5554,SNE_894424_ccrop.jpg,SNE,B_sepakat_segmented,segmented-multilobed,Neutrophil,train,1.7541933765410187
17.46424919657298,3.0,0.17177950029416048,6085,SNE_896070_ccrop.jpg,SNE,B_sepakat_segmented,segmented-bilobed,Neutrophil,train,1.7569182758168491
20.518284528683193,8.0,0.38989614306286347,5296,SNE_896317_ccrop.jpg,SNE,C_konflik_SNE_dianotasi_band,unsegmented-band,Neutrophil,train,0.3972207317155334
18.027756377319946,1.0,0.05547001962252291,5373,SNE_896376_ccrop.jpg,SNE,B_sepakat_segmented,segmented-bilobed,Neutrophil,train,2.044017156621008
26.476404589747453,16.0,0.6043116596803983,6877,SNE_896961_ccrop.jpg,SNE,C_konflik_SNE_dianotasi_band,unsegmented-band,Neutrophil,train,-2.636453163358196
23.600847442411894,3.0,0.12711407958211074,6267,SNE_897716_ccrop.jpg,SNE,B_sepakat_segmented,segmented-bilobed,Neutrophil,train,0.8353874346907748
20.591260281974,1.0,0.04856429311786321,5998,SNE_898346_ccrop.jpg,SNE,B_sepakat_segmented,segmented-multilobed,Neutrophil,train,2.675353195317121
17.72004514666935,1.5,0.08464989719746506,4850,SNE_899857_ccrop.jpg,SNE,B_sepakat_segmented,segmented-bilobed,Neutrophil,train,1.533804642533946
25.45584412271571,4.5,0.1767766952966369,5221,SNE_901811_ccrop.jpg,SNE,B_sepakat_segmented,segmented-bilobed,Neutrophil,train,-2.001575838123305
17.4928556845359,6.5,0.3715802678087692,5839,SNE_902453_ccrop.jpg,SNE,B_sepakat_segmented,segmented-bilobed,Neutrophil,train,2.155961877118531
24.186773244895647,13.0,0.53748384988657,6368,SNE_902550_ccrop.jpg,SNE,C_konflik_SNE_dianotasi_band,unsegmented-band,Neutrophil,train,-2.1235371883649705
19.4164878389476,6.0,0.3090157215747628,4674,SNE_903623_ccrop.jpg,SNE,C_konflik_SNE_dianotasi_band,unsegmented-band,Neutrophil,train,0.607989131567992
20.615528128088304,7.0,0.33954987505086615,4972,SNE_904978_ccrop.jpg,SNE,C_konflik_SNE_dianotasi_band,unsegmented-band,Neutrophil,train,-0.6436491939763673
19.1049731745428,8.0,0.418739138072171,5572,SNE_904991_ccrop.jpg,SNE,C_konflik_SNE_dianotasi_band,unsegmented-band,Neutrophil,train,-0.5464731509771497
22.47220505424423,2.0,0.08899883189799696,6045,SNE_905412_ccrop.jpg,SNE,B_sepakat_segmented,segmented-multilobed,Neutrophil,train,1.5700424588867854
20.518284528683193,7.0,0.3411591251800055,5735,SNE_905720_ccrop.jpg,SNE,C_konflik_SNE_dianotasi_band,unsegmented-band,Neutrophil,train,0.4637940490087331
17.029386365926403,2.0,0.11744404390294069,6578,SNE_906642_ccrop.jpg,SNE,B_sepakat_segmented,segmented-multilobed,Neutrophil,train,3.291445267509994
21.633307652783937,3.0,0.13867504905630726,6716,SNE_90837_ccrop.jpg,SNE,B_sepakat_segmented,segmented-bilobed,Neutrophil,train,2.134949540353726
24.331050121192877,11.5,0.4726470885029022,4931,SNE_909261_ccrop.jpg,SNE,C_konflik_SNE_dianotasi_band,unsegmented-band,Neutrophil,train,-2.3335794443633144
19.72308292331602,7.0,0.3549140885943757,5790,SNE_909393_ccrop.jpg,SNE,B_sepakat_segmented,segmented-bilobed,Neutrophil,train,0.6934825081423028
23.345235059857504,4.0,0.17134117475124774,5102,SNE_910164_ccrop.jpg,SNE,B_sepakat_segmented,segmented-bilobed,Neutrophil,train,-0.5140051289720589
23.08679276123039,10.0,0.43314808182420994,5006,SNE_910733_ccrop.jpg,SNE,C_konflik_SNE_dianotasi_band,unsegmented-band,Neutrophil,train,-1.4378560189355039
24.596747752497688,5.0,0.20327890704543541,4706,SNE_910943_ccrop.jpg,SNE,E_lainnya,irregular,Neutrophil,train,-2.9929047343637105
21.840329667841555,2.0,0.09157370929912602,5355,SNE_911200_ccrop.jpg,SNE,B_sepakat_segmented,segmented-bilobed,Neutrophil,train,1.9064883220481974
19.235384061671343,1.5,0.07798128673650545,5610,SNE_911441_ccrop.jpg,SNE,B_sepakat_segmented,segmented-bilobed,Neutrophil,train,1.437079222111131
20.248456731316587,1.5,0.07407971974871923,6254,SNE_911483_ccrop.jpg,SNE,C_konflik_SNE_dianotasi_band,unsegmented-band,Neutrophil,train,1.6470866230603542
26.92582403567252,10.5,0.38996021017180893,6077,SNE_912151_ccrop.jpg,SNE,C_konflik_SNE_dianotasi_band,unsegmented-band,Neutrophil,train,-0.5588557300067301
20.518284528683193,4.5,0.2193165804728607,6710,SNE_912333_ccrop.jpg,SNE,B_sepakat_segmented,segmented-bilobed,Neutrophil,train,2.293991928209743
18.35755975068582,10.5,0.5719714462379855,5236,SNE_912820_ccrop.jpg,SNE,C_konflik_SNE_dianotasi_band,unsegmented-band,Neutrophil,train,0.0006234544420884447
29.154759474226502,8.5,0.29154759474226505,5842,SNE_912821_ccrop.jpg,SNE,C_konflik_SNE_dianotasi_band,unsegmented-band,Neutrophil,train,-1.3343842094697749
21.470910553583888,1.5,0.06986196492489334,6839,SNE_914937_ccrop.jpg,SNE,B_sepakat_segmented,segmented-multilobed,Neutrophil,train,1.8049684352529294
20.518284528683193,7.5,0.36552763412143446,5082,SNE_91516_ccrop.jpg,SNE,C_konflik_SNE_dianotasi_band,unsegmented-band,Neutrophil,train,0.8579292069048883
16.401219466856727,7.5,0.45728307063726925,5155,SNE_916404_ccrop.jpg,SNE,C_konflik_SNE_dianotasi_band,unsegmented-band,Neutrophil,train,0.8726962648950831
19.924858845171276,7.0,0.35131992925994693,5560,SNE_916750_ccrop.jpg,SNE,B_sepakat_segmented,segmented-multilobed,Neutrophil,train,1.8255530808647151
21.213203435596427,7.0,0.3299831645537222,7789,SNE_919833_ccrop.jpg,SNE,C_konflik_SNE_dianotasi_band,unsegmented-band,Neutrophil,train,0.9692653017395596
18.35755975068582,11.5,0.6264449173082698,5782,SNE_921854_ccrop.jpg,SNE,C_konflik_SNE_dianotasi_band,unsegmented-band,Neutrophil,train,-1.5519228173096344
30.805843601498726,0.5,0.016230686829029888,8509,SNE_922719_ccrop.jpg,SNE,B_sepakat_segmented,segmented-multilobed,Neutrophil,train,-1.7616555933974603
20.12461179749811,2.5,0.12422599874998831,6239,SNE_923069_ccrop.jpg,SNE,B_sepakat_segmented,segmented-multilobed,Neutrophil,train,1.5946092630381354
22.360679774997898,2.0,0.08944271909999159,5600,SNE_923601_ccrop.jpg,SNE,B_sepakat_segmented,segmented-bilobed,Neutrophil,train,2.737838144040837
27.202941017470888,13.0,0.477889504360975,6280,SNE_924048_ccrop.jpg,SNE,B_sepakat_segmented,segmented-bilobed,Neutrophil,train,-1.775940561133389
26.1725046566048,10.5,0.4011843779479568,6049,SNE_925325_ccrop.jpg,SNE,C_konflik_SNE_dianotasi_band,unsegmented-band,Neutrophil,train,-1.9552190975682784
20.518284528683193,1.5,0.07310552682428689,6344,SNE_925481_ccrop.jpg,SNE,B_sepakat_segmented,segmented-multilobed,Neutrophil,train,1.7805579502119544
20.0,3.0,0.15,5150,SNE_927232_ccrop.jpg,SNE,B_sepakat_segmented,segmented-bilobed,Neutrophil,train,0.8276961124305604
22.135943621178654,10.5,0.47434164902525694,6688,SNE_927416_ccrop.jpg,SNE,C_konflik_SNE_dianotasi_band,unsegmented-band,Neutrophil,train,-0.6716738136815881
22.0,1.5,0.06818181818181818,5587,SNE_927585_ccrop.jpg,SNE,B_sepakat_segmented,segmented-multilobed,Neutrophil,train,1.2485060586955274
35.35533905932738,34.5,0.9758073580374356,5625,SNE_928405_ccrop.jpg,SNE,E_lainnya,unsegmented-round,Neutrophil,train,-8.259696052340086
18.788294228055936,5.0,0.26612314770617473,4872,SNE_929430_ccrop.jpg,SNE,C_konflik_SNE_dianotasi_band,unsegmented-band,Neutrophil,train,0.9037106369320389
16.64331697709324,2.0,0.12016835362522194,5020,SNE_929944_ccrop.jpg,SNE,B_sepakat_segmented,segmented-multilobed,Neutrophil,train,1.621761245019015
20.518284528683193,2.0,0.09747403576571587,5742,SNE_931410_ccrop.jpg,SNE,B_sepakat_segmented,segmented-bilobed,Neutrophil,train,2.312426440516929
21.2602916254693,6.5,0.3057342822246691,5074,SNE_931680_ccrop.jpg,SNE,B_sepakat_segmented,segmented-bilobed,Neutrophil,train,-0.753235095610485
23.0,17.0,0.7391304347826086,6760,SNE_932865_ccrop.jpg,SNE,C_konflik_SNE_dianotasi_band,unsegmented-band,Neutrophil,train,-2.2607186854593895
23.08679276123039,3.0,0.129944424547263,7448,SNE_935090_ccrop.jpg,SNE,B_sepakat_segmented,segmented-bilobed,Neutrophil,train,2.210835165721969
23.194827009486403,3.5,0.1508957147457294,5852,SNE_935764_ccrop.jpg,SNE,C_konflik_SNE_dianotasi_band,unsegmented-band,Neutrophil,train,0.8997409981184727
21.95449840010015,9.5,0.4327131427405631,6220,SNE_938584_ccrop.jpg,SNE,C_konflik_SNE_dianotasi_band,unsegmented-band,Neutrophil,train,1.4160030065614233
22.360679774997898,0.5,0.022360679774997897,5994,SNE_938727_ccrop.jpg,SNE,B_sepakat_segmented,segmented-bilobed,Neutrophil,train,1.185141434073639
24.839484696748443,13.5,0.5434895355042203,5890,SNE_940402_ccrop.jpg,SNE,C_konflik_SNE_dianotasi_band,unsegmented-band,Neutrophil,train,-1.6618431638953943
20.615528128088304,14.0,0.6790997501017323,5132,SNE_940807_ccrop.jpg,SNE,C_konflik_SNE_dianotasi_band,unsegmented-band,Neutrophil,train,-1.9275596239038428
20.024984394500787,11.0,0.5493137863828145,5724,SNE_941490_ccrop.jpg,SNE,C_konflik_SNE_dianotasi_band,unsegmented-band,Neutrophil,train,-0.018735871064009757
23.021728866442675,11.0,0.4778094670393763,5596,SNE_941605_ccrop.jpg,SNE,C_konflik_SNE_dianotasi_band,unsegmented-band,Neutrophil,train,-0.21617106134031694
31.32091952673165,21.5,0.6864421710751585,5856,SNE_941808_ccrop.jpg,SNE,E_lainnya,irregular,Neutrophil,train,-7.207834932293007
19.1049731745428,4.5,0.2355407651655962,5326,SNE_942061_ccrop.jpg,SNE,B_sepakat_segmented,segmented-bilobed,Neutrophil,train,0.08165918025517627
31.38470965295043,0.5,0.015931324696929153,8593,SNE_943120_ccrop.jpg,SNE,B_sepakat_segmented,segmented-multilobed,Neutrophil,train,1.3918128596610373
18.973665961010276,3.5,0.18446619684315546,5557,SNE_943223_ccrop.jpg,SNE,B_sepakat_segmented,segmented-multilobed,Neutrophil,train,2.935358765696309
19.924858845171276,7.5,0.3764142099213717,5106,SNE_943629_ccrop.jpg,SNE,C_konflik_SNE_dianotasi_band,unsegmented-band,Neutrophil,train,-0.5415001161781845
21.095023109728988,8.0,0.3792363705119818,5702,SNE_944968_ccrop.jpg,SNE,C_konflik_SNE_dianotasi_band,unsegmented-band,Neutrophil,train,0.9724360314296439
23.021728866442675,3.5,0.1520302849670743,4811,SNE_945172_ccrop.jpg,SNE,C_konflik_SNE_dianotasi_band,unsegmented-band,Neutrophil,train,-2.455826366907244
29.832867780352597,19.5,0.6536414850751411,6748,SNE_946577_ccrop.jpg,SNE,C_konflik_SNE_dianotasi_band,unsegmented-band,Neutrophil,train,-5.162831428339494
24.596747752497688,0.5,0.020327890704543543,5631,SNE_947090_ccrop.jpg,SNE,B_sepakat_segmented,segmented-bilobed,Neutrophil,train,0.4598184501677496
18.027756377319946,1.5,0.08320502943378437,5016,SNE_94795_ccrop.jpg,SNE,B_sepakat_segmented,segmented-multilobed,Neutrophil,train,1.453186179049598
21.213203435596427,5.0,0.23570226039551584,4932,SNE_948647_ccrop.jpg,SNE,B_sepakat_segmented,segmented-bilobed,Neutrophil,train,-0.4442113372351919
20.615528128088304,6.0,0.29104275004359953,5268,SNE_951522_ccrop.jpg,SNE,B_sepakat_segmented,segmented-bilobed,Neutrophil,train,1.0808462165715138
22.02271554554524,1.0,0.045407660918649985,5762,SNE_951733_ccrop.jpg,SNE,B_sepakat_segmented,segmented-multilobed,Neutrophil,train,1.027982879741483
24.351591323771842,6.5,0.26692300776478406,6608,SNE_952640_ccrop.jpg,SNE,B_sepakat_segmented,segmented-multilobed,Neutrophil,train,1.943085609862516
17.0,4.0,0.23529411764705882,5625,SNE_952830_ccrop.jpg,SNE,B_sepakat_segmented,segmented-bilobed,Neutrophil,train,2.32204842570982
20.12461179749811,2.0,0.09938079899999065,6439,SNE_953417_ccrop.jpg,SNE,C_konflik_SNE_dianotasi_band,unsegmented-band,Neutrophil,train,1.1849879792740996
23.323807579381203,8.0,0.34299717028501764,6150,SNE_955485_ccrop.jpg,SNE,C_konflik_SNE_dianotasi_band,unsegmented-band,Neutrophil,train,0.44740277750360846
22.825424421026653,9.5,0.41620255662140737,5321,SNE_956298_ccrop.jpg,SNE,C_konflik_SNE_dianotasi_band,unsegmented-band,Neutrophil,train,-0.009960724241249608
22.20360331117452,2.5,0.11259433727776125,5278,SNE_957327_ccrop.jpg,SNE,C_konflik_SNE_dianotasi_band,unsegmented-band,Neutrophil,train,0.7692168226632194
23.0,7.5,0.32608695652173914,7581,SNE_958281_ccrop.jpg,SNE,B_sepakat_segmented,segmented-multilobed,Neutrophil,train,0.12343317689608568
25.079872407968907,8.0,0.31898088913156,5843,SNE_959432_ccrop.jpg,SNE,C_konflik_SNE_dianotasi_band,unsegmented-band,Neutrophil,train,0.41433478771600196
26.0,16.0,0.6153846153846154,9325,SNE_960056_ccrop.jpg,SNE,C_konflik_SNE_dianotasi_band,unsegmented-band,Neutrophil,train,-0.7782395560752118
31.622776601683793,16.0,0.5059644256269407,6501,SNE_960461_ccrop.jpg,SNE,C_konflik_SNE_dianotasi_band,unsegmented-band,Neutrophil,train,-5.087180170320044
28.635642126552707,8.0,0.27937211830783126,5364,SNE_961724_ccrop.jpg,SNE,C_konflik_SNE_dianotasi_band,unsegmented-band,Neutrophil,train,-3.9323186513859696
19.1049731745428,1.5,0.07851358838853206,6113,SNE_963561_ccrop.jpg,SNE,B_sepakat_segmented,segmented-bilobed,Neutrophil,train,1.3016073173617269
25.709920264364882,0.5,0.019447746039610348,5621,SNE_965430_ccrop.jpg,SNE,B_sepakat_segmented,segmented-bilobed,Neutrophil,train,-1.0696336819830101
20.8806130178211,10.5,0.5028587997411045,5939,SNE_965609_ccrop.jpg,SNE,C_konflik_SNE_dianotasi_band,unsegmented-band,Neutrophil,train,-0.35618496838160496
19.697715603592208,3.0,0.15230192477004287,5713,SNE_965877_ccrop.jpg,SNE,C_konflik_SNE_dianotasi_band,unsegmented-band,Neutrophil,train,1.7567266734839544
20.024984394500787,1.5,0.07490642541583835,5447,SNE_966399_ccrop.jpg,SNE,B_sepakat_segmented,segmented-bilobed,Neutrophil,train,1.7515217539868635
17.029386365926403,0.5,0.029361010975735173,4301,SNE_96718_ccrop.jpg,SNE,B_sepakat_segmented,segmented-bilobed,Neutrophil,train,1.6165372649731662
22.80350850198276,6.5,0.2850438562747845,5691,SNE_967276_ccrop.jpg,SNE,C_konflik_SNE_dianotasi_band,unsegmented-band,Neutrophil,train,0.06195167025173376
21.93171219946131,4.0,0.1823843010350213,6263,SNE_96787_ccrop.jpg,SNE,B_sepakat_segmented,segmented-bilobed,Neutrophil,train,1.2512592213154976
20.12461179749811,9.0,0.4472135954999579,4668,SNE_968719_ccrop.jpg,SNE,C_konflik_SNE_dianotasi_band,unsegmented-band,Neutrophil,train,-0.05583892986537009
21.2602916254693,2.0,0.09407208683835973,5595,SNE_968729_ccrop.jpg,SNE,B_sepakat_segmented,segmented-bilobed,Neutrophil,train,1.6405709520460494
20.8806130178211,3.0,0.1436739427831727,5214,SNE_968740_ccrop.jpg,SNE,B_sepakat_segmented,segmented-bilobed,Neutrophil,train,1.4790339828861558
21.18962010041709,7.0,0.3303504247281061,5140,SNE_97040_ccrop.jpg,SNE,C_konflik_SNE_dianotasi_band,unsegmented-band,Neutrophil,train,-0.9936597621631122
19.4164878389476,6.5,0.3347670317059931,4904,SNE_970608_ccrop.jpg,SNE,C_konflik_SNE_dianotasi_band,unsegmented-band,Neutrophil,train,0.3716070090202832
23.430749027719962,3.0,0.12803687993289598,5850,SNE_972170_ccrop.jpg,SNE,B_sepakat_segmented,segmented-multilobed,Neutrophil,train,-0.35916814528430585
21.0,4.0,0.19047619047619047,6025,SNE_97259_ccrop.jpg,SNE,B_sepakat_segmented,segmented-multilobed,Neutrophil,train,0.3762159334129187
28.792360097775937,0.5,0.017365717791179697,11119,SNE_973513_ccrop.jpg,SNE,B_sepakat_segmented,segmented-bilobed,Neutrophil,train,1.805693171828576
21.02379604162864,3.0,0.14269544824634822,5555,SNE_973516_ccrop.jpg,SNE,B_sepakat_segmented,segmented-bilobed,Neutrophil,train,0.3983539796834652
18.24828759089466,1.0,0.0547996624351191,5132,SNE_974812_ccrop.jpg,SNE,B_sepakat_segmented,segmented-bilobed,Neutrophil,train,2.5562088048069116
20.615528128088304,1.5,0.07276068751089988,5734,SNE_975181_ccrop.jpg,SNE,B_sepakat_segmented,segmented-multilobed,Neutrophil,train,2.3814923092697873
25.317977802344327,3.0,0.11849287583000463,6733,SNE_975440_ccrop.jpg,SNE,B_sepakat_segmented,segmented-bilobed,Neutrophil,train,0.22973979234912179
18.788294228055936,10.5,0.5588586101829669,5160,SNE_976614_ccrop.jpg,SNE,C_konflik_SNE_dianotasi_band,unsegmented-band,Neutrophil,train,-0.21837603077107204
23.194827009486403,2.0,0.08622612271184538,6001,SNE_977005_ccrop.jpg,SNE,C_konflik_SNE_dianotasi_band,unsegmented-band,Neutrophil,train,0.48288373203858903
23.769728648009426,12.0,0.5048437942940055,5287,SNE_979306_ccrop.jpg,SNE,C_konflik_SNE_dianotasi_band,unsegmented-band,Neutrophil,train,-1.3847408421837795
24.0,7.0,0.2916666666666667,5228,SNE_980971_ccrop.jpg,SNE,B_sepakat_segmented,segmented-bilobed,Neutrophil,train,-0.9453241637277952
20.518284528683193,11.0,0.5361071967114373,6017,SNE_98176_ccrop.jpg,SNE,C_konflik_SNE_dianotasi_band,unsegmented-band,Neutrophil,train,-0.31253983606150904
22.47220505424423,5.0,0.22249707974499242,5623,SNE_981806_ccrop.jpg,SNE,B_sepakat_segmented,segmented-multilobed,Neutrophil,train,1.704698247138249
20.12461179749811,2.5,0.12422599874998831,5436,SNE_981851_ccrop.jpg,SNE,B_sepakat_segmented,segmented-bilobed,Neutrophil,train,0.8618707128979555
21.37755832643195,2.0,0.0935560539449976,5254,SNE_9827_ccrop.jpg,SNE,B_sepakat_segmented,segmented-bilobed,Neutrophil,train,-0.10612300941416741
28.160255680657446,6.0,0.2130662472685305,6661,SNE_984218_ccrop.jpg,SNE,C_konflik_SNE_dianotasi_band,unsegmented-band,Neutrophil,train,-1.1486617134375514
21.0,7.0,0.3333333333333333,5851,SNE_984470_ccrop.jpg,SNE,C_konflik_SNE_dianotasi_band,unsegmented-band,Neutrophil,train,1.4733309868122664
24.413111231467404,1.5,0.06144239403892804,5311,SNE_986861_ccrop.jpg,SNE,B_sepakat_segmented,segmented-multilobed,Neutrophil,train,1.1111439180492955
18.439088914585774,3.0,0.16269784336399212,5471,SNE_987578_ccrop.jpg,SNE,B_sepakat_segmented,segmented-bilobed,Neutrophil,train,1.6572971696856884
27.459060435491963,4.5,0.16388033416407669,7170,SNE_988236_ccrop.jpg,SNE,B_sepakat_segmented,segmented-bilobed,Neutrophil,train,0.09709859149547029
20.248456731316587,1.5,0.07407971974871923,5436,SNE_992452_ccrop.jpg,SNE,B_sepakat_segmented,segmented-bilobed,Neutrophil,train,1.955677185656028
19.1049731745428,1.5,0.07851358838853206,5640,SNE_993244_ccrop.jpg,SNE,B_sepakat_segmented,segmented-bilobed,Neutrophil,train,2.3114194210599477
21.213203435596427,11.5,0.5421151989096864,5440,SNE_993408_ccrop.jpg,SNE,C_konflik_SNE_dianotasi_band,unsegmented-band,Neutrophil,train,-1.1739861029295326
20.615528128088304,5.0,0.24253562503633297,5205,SNE_99467_ccrop.jpg,SNE,B_sepakat_segmented,segmented-multilobed,Neutrophil,train,0.18148532284625496
20.223748416156685,1.5,0.07417022646512231,5524,SNE_99509_ccrop.jpg,SNE,B_sepakat_segmented,segmented-bilobed,Neutrophil,train,1.831646909911302
18.0,1.5,0.08333333333333333,5349,SNE_995695_ccrop.jpg,SNE,B_sepakat_segmented,segmented-bilobed,Neutrophil,train,1.9559677074856063
34.0,2.0,0.058823529411764705,7121,SNE_995874_ccrop.jpg,SNE,B_sepakat_segmented,segmented-bilobed,Neutrophil,train,-1.4232573052188666
21.633307652783937,11.5,0.5315876880491779,6129,BNE_422954_ccrop.jpg,BNE,A_sepakat_band,unsegmented-band,Neutrophil,val,-1.1356934416613456
23.769728648009426,0.5,0.021035158095583564,8417,SNE_994402_ccrop.jpg,SNE,B_sepakat_segmented,segmented-bilobed,Neutrophil,val,0.5775811098535497
31.0,14.0,0.45161290322580644,6342,SNE_819515_ccrop.jpg,SNE,C_konflik_SNE_dianotasi_band,unsegmented-band,Neutrophil,val,-3.6510280252740923
41.048751503547585,0.5,0.012180638428352398,10594,BNE_147698_ccrop.jpg,BNE,A_sepakat_band,unsegmented-band,Neutrophil,val,-1.8477073594991715
29.410882339705484,7.5,0.2550076503442672,7297,SNE_56069_ccrop.jpg,SNE,B_sepakat_segmented,segmented-bilobed,Neutrophil,val,-1.3356572138130645
22.80350850198276,9.0,0.39467610868816316,6285,SNE_183790_ccrop.jpg,SNE,C_konflik_SNE_dianotasi_band,unsegmented-band,Neutrophil,val,0.5226728499073072
32.0,22.5,0.703125,5908,BNE_863887_ccrop.jpg,BNE,E_lainnya,irregular,Neutrophil,val,-8.179643213978618
27.459060435491963,2.0,0.07283570407292297,6572,BNE_6074_ccrop.jpg,BNE,A_sepakat_band,unsegmented-band,Neutrophil,val,-1.4131179258701003
22.0,9.0,0.4090909090909091,4697,BNE_850956_ccrop.jpg,BNE,A_sepakat_band,unsegmented-band,Neutrophil,val,-2.3740474143921517
31.906112267087632,9.5,0.2977485918834308,6409,SNE_223437_ccrop.jpg,SNE,C_konflik_SNE_dianotasi_band,unsegmented-band,Neutrophil,val,-2.5841105707258443
19.697715603592208,9.0,0.45690577431012863,5550,SNE_491948_ccrop.jpg,SNE,B_sepakat_segmented,segmented-bilobed,Neutrophil,val,-0.11129065739032207
18.027756377319946,1.5,0.08320502943378437,5340,SNE_614953_ccrop.jpg,SNE,B_sepakat_segmented,segmented-bilobed,Neutrophil,val,1.691305411163265
18.439088914585774,5.5,0.29827937950065225,5925,SNE_352995_ccrop.jpg,SNE,B_sepakat_segmented,segmented-bilobed,Neutrophil,val,1.6010565029451715
18.973665961010276,11.0,0.5797509043642028,5622,BNE_195004_ccrop.jpg,BNE,A_sepakat_band,unsegmented-band,Neutrophil,val,0.12510231690466078
21.400934559032695,5.0,0.23363465675799888,5536,SNE_401509_ccrop.jpg,SNE,B_sepakat_segmented,segmented-bilobed,Neutrophil,val,0.4849293478099499
19.72308292331602,4.0,0.20280805062535753,6209,SNE_248543_ccrop.jpg,SNE,B_sepakat_segmented,segmented-bilobed,Neutrophil,val,0.5738932072961358
23.08679276123039,2.5,0.10828702045605249,5963,SNE_142694_ccrop.jpg,SNE,B_sepakat_segmented,segmented-bilobed,Neutrophil,val,0.04252181687111545
24.186773244895647,2.0,0.08268982305947231,5530,SNE_289676_ccrop.jpg,SNE,B_sepakat_segmented,segmented-bilobed,Neutrophil,val,0.4025556285361418
17.69180601295413,4.0,0.2260933675776886,4655,SNE_47527_ccrop.jpg,SNE,C_konflik_SNE_dianotasi_band,unsegmented-band,Neutrophil,val,0.9797148481165712
28.071337695236398,13.5,0.48091758741839014,6178,BNE_951529_ccrop.jpg,BNE,A_sepakat_band,unsegmented-band,Neutrophil,val,-3.315549883718898
23.853720883753127,14.0,0.5869105314104459,6342,SNE_719631_ccrop.jpg,SNE,C_konflik_SNE_dianotasi_band,unsegmented-band,Neutrophil,val,-1.1689350852957396
15.811388300841896,6.5,0.41109609582188933,5232,SNE_730423_ccrop.jpg,SNE,C_konflik_SNE_dianotasi_band,unsegmented-band,Neutrophil,val,1.3821925914830597
21.02379604162864,10.0,0.47565149415449404,7160,BNE_956597_ccrop.jpg,BNE,A_sepakat_band,unsegmented-band,Neutrophil,val,-0.0330526128990023
24.186773244895647,15.5,0.6408461287109104,5715,BNE_577568_ccrop.jpg,BNE,A_sepakat_band,unsegmented-band,Neutrophil,val,-2.999080175702524
20.615528128088304,15.5,0.7518604376126322,5404,BNE_659706_ccrop.jpg,BNE,A_sepakat_band,unsegmented-band,Neutrophil,val,-2.809131298800949
19.924858845171276,3.0,0.15056568396854866,5117,SNE_630026_ccrop.jpg,SNE,B_sepakat_segmented,segmented-multilobed,Neutrophil,val,0.8808512076427917
26.40075756488817,17.0,0.6439209162167847,5996,BNE_340725_ccrop.jpg,BNE,A_sepakat_band,unsegmented-band,Neutrophil,val,-3.9591868559178547
17.72004514666935,6.0,0.33859958878986024,6061,SNE_968296_ccrop.jpg,SNE,C_konflik_SNE_dianotasi_band,unsegmented-band,Neutrophil,val,1.5205248426364921
17.88854381999832,2.0,0.11180339887498948,5073,SNE_26596_ccrop.jpg,SNE,C_konflik_SNE_dianotasi_band,unsegmented-band,Neutrophil,val,1.9041659378154305
24.331050121192877,2.5,0.10274936706584831,5803,SNE_937806_ccrop.jpg,SNE,B_sepakat_segmented,segmented-bilobed,Neutrophil,val,1.9630053528602822
21.93171219946131,1.5,0.06839411288813298,6746,SNE_745431_ccrop.jpg,SNE,C_konflik_SNE_dianotasi_band,unsegmented-band,Neutrophil,val,2.5461666131760747
23.430749027719962,9.0,0.3841106397986879,5196,BNE_556405_ccrop.jpg,BNE,A_sepakat_band,unsegmented-band,Neutrophil,val,-3.53619936041056
20.591260281974,11.5,0.5584893708554268,4942,SNE_918028_ccrop.jpg,SNE,B_sepakat_segmented,segmented-bilobed,Neutrophil,val,-0.9994368641649523
24.166091947189145,2.5,0.103450736075296,4687,SNE_358297_ccrop.jpg,SNE,B_sepakat_segmented,segmented-bilobed,Neutrophil,val,-1.2740894432559458
22.561028345356956,10.5,0.46540431753683303,5798,BNE_44826_ccrop.jpg,BNE,A_sepakat_band,unsegmented-band,Neutrophil,val,-0.9507425874083051
20.615528128088304,10.0,0.48507125007266594,5124,BNE_928577_ccrop.jpg,BNE,A_sepakat_band,unsegmented-band,Neutrophil,val,-1.5791437617315989
20.09975124224178,11.0,0.5472704546154941,5637,BNE_34065_ccrop.jpg,BNE,A_sepakat_band,unsegmented-band,Neutrophil,val,-0.47835619920017614
25.0,18.5,0.74,5258,BNE_759715_ccrop.jpg,BNE,A_sepakat_band,unsegmented-band,Neutrophil,val,-4.840864899812885
22.67156809750927,13.5,0.5954594733781616,5668,SNE_701866_ccrop.jpg,SNE,C_konflik_SNE_dianotasi_band,unsegmented-band,Neutrophil,val,-2.428376825079974
17.88854381999832,6.5,0.3633610463437158,5491,SNE_504600_ccrop.jpg,SNE,B_sepakat_segmented,segmented-multilobed,Neutrophil,val,2.357932888932723
26.40075756488817,1.5,0.056816551430892766,6564,SNE_66862_ccrop.jpg,SNE,B_sepakat_segmented,segmented-bilobed,Neutrophil,val,1.1565527354107914
19.6468827043885,2.0,0.10179731971185753,5238,SNE_754575_ccrop.jpg,SNE,B_sepakat_segmented,segmented-multilobed,Neutrophil,val,2.3109819113523384
28.0178514522438,18.0,0.6424475492234247,5967,BNE_271699_ccrop.jpg,BNE,A_sepakat_band,unsegmented-band,Neutrophil,val,-5.134462131231096
29.0,0.5,0.017241379310344827,11687,SNE_487530_ccrop.jpg,SNE,B_sepakat_segmented,segmented-bilobed,Neutrophil,val,1.452450893706171
26.627053911388696,18.0,0.6760041895698117,6277,BNE_853528_ccrop.jpg,BNE,A_sepakat_band,unsegmented-band,Neutrophil,val,-3.4365831978693073
21.0,11.0,0.5238095238095238,5467,BNE_960718_ccrop.jpg,BNE,D_konflik_BNE_dianotasi_segmented,segmented-multilobed,Neutrophil,val,-0.29875222076108443
20.591260281974,12.0,0.5827715174143585,5627,BNE_425475_ccrop.jpg,BNE,A_sepakat_band,unsegmented-band,Neutrophil,val,-0.45701937625430844
21.633307652783937,12.0,0.554700196225229,5506,SNE_366402_ccrop.jpg,SNE,C_konflik_SNE_dianotasi_band,unsegmented-band,Neutrophil,val,-1.3717016054678215
18.35755975068582,1.0,0.05447347107028433,6032,SNE_784826_ccrop.jpg,SNE,B_sepakat_segmented,segmented-bilobed,Neutrophil,val,2.2760742230293385
17.08800749063506,3.0,0.17556172079419585,5390,SNE_79214_ccrop.jpg,SNE,B_sepakat_segmented,segmented-multilobed,Neutrophil,val,1.6830883538598744
22.090722034374522,10.5,0.47531266672322225,5254,BNE_447437_ccrop.jpg,BNE,A_sepakat_band,unsegmented-band,Neutrophil,val,-0.88054966302259
24.515301344262525,5.0,0.20395425411200105,6007,SNE_621496_ccrop.jpg,SNE,C_konflik_SNE_dianotasi_band,unsegmented-band,Neutrophil,val,-0.14071134211246594
25.495097567963924,2.5,0.09805806756909202,6898,SNE_891808_ccrop.jpg,SNE,B_sepakat_segmented,segmented-multilobed,Neutrophil,val,-0.12806432078211571
22.561028345356956,4.5,0.19945899323007132,6290,SNE_517174_ccrop.jpg,SNE,C_konflik_SNE_dianotasi_band,unsegmented-band,Neutrophil,val,0.484357972952278
22.0,0.5,0.022727272727272728,4618,SNE_181877_ccrop.jpg,SNE,B_sepakat_segmented,segmented-bilobed,Neutrophil,val,-1.0692944469484988
26.870057685088806,18.5,0.6884987079974279,5091,BNE_191112_ccrop.jpg,BNE,D_konflik_BNE_dianotasi_segmented,segmented-bilobed,Neutrophil,val,-4.817877122715046
23.430749027719962,16.5,0.7042028396309279,5940,BNE_179980_ccrop.jpg,BNE,A_sepakat_band,unsegmented-band,Neutrophil,val,-2.8221456548949355
21.0,12.5,0.5952380952380952,5265,SNE_113869_ccrop.jpg,SNE,C_konflik_SNE_dianotasi_band,unsegmented-band,Neutrophil,val,-1.9803530565640628
25.179356624028344,14.0,0.5560110295526763,5330,BNE_748204_ccrop.jpg,BNE,A_sepakat_band,unsegmented-band,Neutrophil,val,-4.36721928685429
21.18962010041709,14.5,0.6842973083653626,5212,BNE_387976_ccrop.jpg,BNE,A_sepakat_band,unsegmented-band,Neutrophil,val,-2.5599019124780718
22.090722034374522,16.5,0.7469199048507779,5541,BNE_178593_ccrop.jpg,BNE,A_sepakat_band,unsegmented-band,Neutrophil,val,-2.3257310273551344
24.515301344262525,15.0,0.6118627623360031,6554,BNE_46088_ccrop.jpg,BNE,A_sepakat_band,unsegmented-band,Neutrophil,val,-1.3780990756025666
26.0,0.5,0.019230769230769232,6240,SNE_923091_ccrop.jpg,SNE,B_sepakat_segmented,segmented-bilobed,Neutrophil,val,-0.24268054296782005
24.0,6.5,0.2708333333333333,6819,BNE_350976_ccrop.jpg,BNE,A_sepakat_band,unsegmented-band,Neutrophil,val,-3.8086491646116087
23.853720883753127,2.0,0.0838443616300637,8261,SNE_36531_ccrop.jpg,SNE,B_sepakat_segmented,segmented-multilobed,Neutrophil,val,2.799119902469611
19.0,2.0,0.10526315789473684,6575,SNE_404174_ccrop.jpg,SNE,B_sepakat_segmented,segmented-bilobed,Neutrophil,val,1.4023936584739198
23.600847442411894,4.0,0.1694854394428143,6405,SNE_325145_ccrop.jpg,SNE,B_sepakat_segmented,segmented-bilobed,Neutrophil,val,1.3147551966344624
20.0,1.0,0.05,6314,SNE_520928_ccrop.jpg,SNE,B_sepakat_segmented,segmented-multilobed,Neutrophil,val,2.542885136067488
31.144823004794873,20.0,0.6421612990679356,5250,BNE_905474_ccrop.jpg,BNE,E_lainnya,irregular,Neutrophil,val,-5.705176244915997
20.0,12.5,0.625,6256,BNE_158217_ccrop.jpg,BNE,A_sepakat_band,unsegmented-band,Neutrophil,val,-0.08021619583671757
24.698178070456937,14.0,0.5668434311252413,5419,BNE_671954_ccrop.jpg,BNE,A_sepakat_band,unsegmented-band,Neutrophil,val,-2.8404966879109104
25.632011235952593,9.5,0.37063029945441345,5501,BNE_148682_ccrop.jpg,BNE,A_sepakat_band,unsegmented-band,Neutrophil,val,-2.3967630039262104
26.476404589747453,12.5,0.4721184841253112,7087,BNE_946465_ccrop.jpg,BNE,A_sepakat_band,unsegmented-band,Neutrophil,val,-2.1274512312495393
27.202941017470888,1.0,0.036760731104690386,6414,SNE_153736_ccrop.jpg,SNE,B_sepakat_segmented,segmented-multilobed,Neutrophil,val,2.495236145964774
30.265491900843113,16.0,0.5286548803640718,5719,BNE_139958_ccrop.jpg,BNE,A_sepakat_band,unsegmented-band,Neutrophil,val,-4.900444148666468
21.633307652783937,12.5,0.5778127044012803,6070,BNE_578285_ccrop.jpg,BNE,A_sepakat_band,unsegmented-band,Neutrophil,val,-1.944799534157518
18.384776310850235,6.5,0.3535533905932738,5254,SNE_230831_ccrop.jpg,SNE,C_konflik_SNE_dianotasi_band,unsegmented-band,Neutrophil,val,0.6670522559210106
28.319604517012593,18.5,0.653257710180465,7073,BNE_725331_ccrop.jpg,BNE,A_sepakat_band,unsegmented-band,Neutrophil,val,-4.061359757890498
29.0,21.0,0.7241379310344828,5471,BNE_330959_ccrop.jpg,BNE,A_sepakat_band,unsegmented-band,Neutrophil,val,-6.384446526996339
20.615528128088304,12.0,0.5820855000871991,5326,BNE_797783_ccrop.jpg,BNE,A_sepakat_band,unsegmented-band,Neutrophil,val,-1.189862544638169
17.4928556845359,2.5,0.14291548761875736,5145,SNE_394622_ccrop.jpg,SNE,B_sepakat_segmented,segmented-bilobed,Neutrophil,val,1.5632251713537233
18.027756377319946,8.0,0.4437601569801833,6403,SNE_513366_ccrop.jpg,SNE,C_konflik_SNE_dianotasi_band,unsegmented-band,Neutrophil,val,1.3555427279137415
19.026297590440446,7.5,0.39419124842072756,6591,SNE_133297_ccrop.jpg,SNE,C_konflik_SNE_dianotasi_band,unsegmented-band,Neutrophil,val,1.2256869134297794
35.34119409414458,21.5,0.6083552225973647,6799,BNE_343960_ccrop.jpg,BNE,A_sepakat_band,unsegmented-band,Neutrophil,val,-6.769930912442973
24.73863375370596,11.5,0.4648599479863049,6154,SNE_651779_ccrop.jpg,SNE,C_konflik_SNE_dianotasi_band,unsegmented-band,Neutrophil,val,-1.4208027402910144
19.72308292331602,2.0,0.10140402531267877,5177,BNE_831588_ccrop.jpg,BNE,D_konflik_BNE_dianotasi_segmented,segmented-multilobed,Neutrophil,val,0.22591481980033468
23.706539182259394,9.5,0.40073331357911796,6262,SNE_773334_ccrop.jpg,SNE,C_konflik_SNE_dianotasi_band,unsegmented-band,Neutrophil,val,-0.22281676826990804
19.0,11.0,0.5789473684210527,5799,BNE_96863_ccrop.jpg,BNE,A_sepakat_band,unsegmented-band,Neutrophil,val,0.12809419294855218
18.384776310850235,10.0,0.5439282932204212,6423,SNE_36183_ccrop.jpg,SNE,C_konflik_SNE_dianotasi_band,unsegmented-band,Neutrophil,val,0.9075080486984088
19.6468827043885,10.0,0.5089865985592876,4321,BNE_976754_ccrop.jpg,BNE,A_sepakat_band,unsegmented-band,Neutrophil,val,-1.6070204890719566
19.0,5.0,0.2631578947368421,5455,SNE_311362_ccrop.jpg,SNE,C_konflik_SNE_dianotasi_band,unsegmented-band,Neutrophil,val,2.2982828450785346
25.298221281347036,12.0,0.4743416490252569,7454,BNE_310148_ccrop.jpg,BNE,A_sepakat_band,unsegmented-band,Neutrophil,val,-0.2668823650058538
23.600847442411894,13.0,0.5508276781891465,5663,BNE_338195_ccrop.jpg,BNE,A_sepakat_band,unsegmented-band,Neutrophil,val,-2.5439986907710512
18.384776310850235,1.0,0.05439282932204212,5136,SNE_129727_ccrop.jpg,SNE,B_sepakat_segmented,segmented-multilobed,Neutrophil,val,1.7532290048112102
24.08318915758459,19.5,0.8096934285739646,7053,BNE_241705_ccrop.jpg,BNE,A_sepakat_band,unsegmented-band,Neutrophil,val,-4.553465208850199
22.360679774997898,11.0,0.4919349550499537,5772,SNE_376675_ccrop.jpg,SNE,C_konflik_SNE_dianotasi_band,unsegmented-band,Neutrophil,val,-0.7790563515749422
28.460498941515414,13.0,0.4567734398020992,5519,BNE_698403_ccrop.jpg,BNE,A_sepakat_band,unsegmented-band,Neutrophil,val,-2.5783210127801475
17.46424919657298,6.5,0.3721889173040144,4804,BNE_977712_ccrop.jpg,BNE,A_sepakat_band,unsegmented-band,Neutrophil,val,0.0650249435221042
19.235384061671343,10.0,0.5198752449100363,4981,BNE_403012_ccrop.jpg,BNE,A_sepakat_band,unsegmented-band,Neutrophil,val,-0.49056132113314455
26.248809496813376,1.5,0.05714544883195945,6248,BNE_818755_ccrop.jpg,BNE,D_konflik_BNE_dianotasi_segmented,segmented-bilobed,Neutrophil,val,0.4333921868161763
23.323807579381203,9.0,0.38587181657064484,5668,SNE_307829_ccrop.jpg,SNE,C_konflik_SNE_dianotasi_band,unsegmented-band,Neutrophil,val,-0.07537897160468177
25.495097567963924,18.5,0.7256297000112809,6959,BNE_704297_ccrop.jpg,BNE,A_sepakat_band,unsegmented-band,Neutrophil,val,-3.3318182444571036
25.45584412271571,13.0,0.510688230856951,6830,BNE_79792_ccrop.jpg,BNE,A_sepakat_band,unsegmented-band,Neutrophil,val,-2.3878735895618686
25.80697580112788,10.5,0.4068667356033675,5291,BNE_134080_ccrop.jpg,BNE,A_sepakat_band,unsegmented-band,Neutrophil,val,-2.3414361609527283
25.059928172283335,17.5,0.6983260239091694,6386,BNE_779452_ccrop.jpg,BNE,A_sepakat_band,unsegmented-band,Neutrophil,val,-5.527937550897525
22.360679774997898,1.5,0.06708203932499368,6157,SNE_975675_ccrop.jpg,SNE,B_sepakat_segmented,segmented-bilobed,Neutrophil,val,1.0736334283486322
15.811388300841896,4.0,0.25298221281347033,5063,SNE_399708_ccrop.jpg,SNE,B_sepakat_segmented,segmented-multilobed,Neutrophil,val,2.8808229103142224
22.090722034374522,10.0,0.45267873021259264,5895,BNE_747210_ccrop.jpg,BNE,A_sepakat_band,unsegmented-band,Neutrophil,val,-0.3915165012827604
21.2602916254693,0.5,0.023518021709589932,8172,SNE_880246_ccrop.jpg,SNE,B_sepakat_segmented,segmented-multilobed,Neutrophil,val,1.648968877513843
22.80350850198276,11.0,0.4823819106188661,5415,SNE_358253_ccrop.jpg,SNE,C_konflik_SNE_dianotasi_band,unsegmented-band,Neutrophil,val,0.06282241175401815
24.596747752497688,18.0,0.7318040653635675,5764,BNE_814356_ccrop.jpg,BNE,A_sepakat_band,unsegmented-band,Neutrophil,val,-3.7963489158711496
23.0,9.5,0.41304347826086957,6570,SNE_229212_ccrop.jpg,SNE,C_konflik_SNE_dianotasi_band,unsegmented-band,Neutrophil,val,-0.6259079278600037
22.627416997969522,12.5,0.5524271728019902,6640,BNE_402878_ccrop.jpg,BNE,A_sepakat_band,unsegmented-band,Neutrophil,val,-0.32599637042877205
21.0,7.0,0.3333333333333333,6436,SNE_948962_ccrop.jpg,SNE,C_konflik_SNE_dianotasi_band,unsegmented-band,Neutrophil,val,0.9923738815897778
20.0,1.0,0.05,5344,SNE_471764_ccrop.jpg,SNE,B_sepakat_segmented,segmented-multilobed,Neutrophil,val,2.615211354980139
19.235384061671343,1.5,0.07798128673650545,6932,SNE_86548_ccrop.jpg,SNE,B_sepakat_segmented,segmented-multilobed,Neutrophil,val,3.0216183457936774
23.323807579381203,1.5,0.06431196942844081,6414,SNE_221448_ccrop.jpg,SNE,B_sepakat_segmented,segmented-multilobed,Neutrophil,val,2.1779511416105635
23.021728866442675,3.5,0.1520302849670743,7407,SNE_749679_ccrop.jpg,SNE,B_sepakat_segmented,segmented-multilobed,Neutrophil,val,0.5162911969899131
21.2602916254693,14.5,0.682022629578108,5342,BNE_301694_ccrop.jpg,BNE,A_sepakat_band,unsegmented-band,Neutrophil,val,-1.663528702357329
23.40939982143925,9.0,0.38446094597254243,5223,BNE_568376_ccrop.jpg,BNE,A_sepakat_band,unsegmented-band,Neutrophil,val,-1.9902314842792102
26.832815729997478,22.5,0.8385254915624211,4758,BNE_509829_ccrop.jpg,BNE,A_sepakat_band,unsegmented-band,Neutrophil,val,-6.268358676685924
22.0,2.5,0.11363636363636363,5994,SNE_302902_ccrop.jpg,SNE,B_sepakat_segmented,segmented-bilobed,Neutrophil,val,1.7978926536361506
20.591260281974,9.5,0.4613607846197005,5651,BNE_787150_ccrop.jpg,BNE,A_sepakat_band,unsegmented-band,Neutrophil,val,-1.3051540653882174
22.20360331117452,11.5,0.5179339514777017,6405,BNE_522125_ccrop.jpg,BNE,A_sepakat_band,unsegmented-band,Neutrophil,val,-0.29288441675021204
26.076809620810597,2.0,0.07669649888473704,5949,SNE_70524_ccrop.jpg,SNE,B_sepakat_segmented,segmented-multilobed,Neutrophil,val,0.4706728868445129
22.80350850198276,13.0,0.570087712549569,4856,BNE_2234_ccrop.jpg,BNE,A_sepakat_band,unsegmented-band,Neutrophil,val,-1.9741621353968757
18.439088914585774,3.0,0.16269784336399212,5727,SNE_844272_ccrop.jpg,SNE,B_sepakat_segmented,segmented-multilobed,Neutrophil,val,2.4244832250555746
22.825424421026653,13.5,0.5914457383567367,6512,SNE_903691_ccrop.jpg,SNE,C_konflik_SNE_dianotasi_band,unsegmented-band,Neutrophil,val,-1.3940909446346375
19.6468827043885,4.5,0.22904396935167942,5677,SNE_528277_ccrop.jpg,SNE,B_sepakat_segmented,segmented-bilobed,Neutrophil,val,1.8566441571042303
30.14962686336267,12.0,0.39801487608399566,5864,BNE_697892_ccrop.jpg,BNE,A_sepakat_band,unsegmented-band,Neutrophil,val,-3.305495975538715
17.0,2.0,0.11764705882352941,5289,SNE_117234_ccrop.jpg,SNE,B_sepakat_segmented,segmented-multilobed,Neutrophil,val,2.45041053730892
18.24828759089466,7.5,0.41099746826339323,5133,SNE_846805_ccrop.jpg,SNE,C_konflik_SNE_dianotasi_band,unsegmented-band,Neutrophil,val,1.1417143631469173
31.38470965295043,21.5,0.6850469619679536,7097,BNE_141509_ccrop.jpg,BNE,A_sepakat_band,unsegmented-band,Neutrophil,val,-6.457764293298716
22.80350850198276,8.5,0.37274965820548744,6105,BNE_60203_ccrop.jpg,BNE,A_sepakat_band,unsegmented-band,Neutrophil,val,0.2836052807468299
21.095023109728988,10.5,0.49774773629697605,6187,BNE_282906_ccrop.jpg,BNE,A_sepakat_band,unsegmented-band,Neutrophil,val,-0.154504698124601
29.0,21.0,0.7241379310344828,6690,SNE_689406_ccrop.jpg,SNE,C_konflik_SNE_dianotasi_band,unsegmented-band,Neutrophil,val,-4.957966897265589
19.697715603592208,7.0,0.3553711577967667,6480,SNE_548349_ccrop.jpg,SNE,C_konflik_SNE_dianotasi_band,unsegmented-band,Neutrophil,val,0.48136583777086805
21.470910553583888,11.0,0.5123210761158845,4974,BNE_671361_ccrop.jpg,BNE,A_sepakat_band,unsegmented-band,Neutrophil,val,-1.2470345399873022
21.213203435596427,13.0,0.6128258770283411,5545,BNE_189978_ccrop.jpg,BNE,A_sepakat_band,unsegmented-band,Neutrophil,val,-1.45905883181252
18.681541692269406,14.0,0.7494028186010648,4825,BNE_720265_ccrop.jpg,BNE,A_sepakat_band,unsegmented-band,Neutrophil,val,-1.494512727358817
31.78049716414141,16.0,0.5034534204220421,5769,SNE_423353_ccrop.jpg,SNE,C_konflik_SNE_dianotasi_band,unsegmented-band,Neutrophil,val,-4.079376667908994
28.30194339616981,19.0,0.6713319906706947,6443,BNE_634126_ccrop.jpg,BNE,A_sepakat_band,unsegmented-band,Neutrophil,val,-4.9072450654549495
22.090722034374522,14.5,0.6563841588082593,5869,BNE_800035_ccrop.jpg,BNE,A_sepakat_band,unsegmented-band,Neutrophil,val,-2.5644129781383285
24.331050121192877,1.0,0.04109974682633932,5068,SNE_901674_ccrop.jpg,SNE,B_sepakat_segmented,segmented-bilobed,Neutrophil,val,1.6393199513636745
21.470910553583888,12.0,0.5588957193991467,5337,BNE_944885_ccrop.jpg,BNE,A_sepakat_band,unsegmented-band,Neutrophil,val,-1.79082986819812
21.213203435596427,12.5,0.5892556509887896,6076,SNE_140435_ccrop.jpg,SNE,C_konflik_SNE_dianotasi_band,unsegmented-band,Neutrophil,val,-0.01499433953422269
27.85677655436824,8.0,0.28718326344709527,6619,SNE_488521_ccrop.jpg,SNE,C_konflik_SNE_dianotasi_band,unsegmented-band,Neutrophil,val,-0.08237738000030426
31.0,15.5,0.5,7912,BNE_316390_ccrop.jpg,BNE,A_sepakat_band,unsegmented-band,Neutrophil,val,-2.528892060072751
22.0,13.5,0.6136363636363636,5226,BNE_860699_ccrop.jpg,BNE,A_sepakat_band,unsegmented-band,Neutrophil,val,-2.7575690929646957
17.46424919657298,1.5,0.08588975014708024,5144,SNE_30720_ccrop.jpg,SNE,B_sepakat_segmented,segmented-multilobed,Neutrophil,val,3.2134114977131008
23.259406699226016,20.5,0.8813638398043129,5433,BNE_340421_ccrop.jpg,BNE,A_sepakat_band,unsegmented-band,Neutrophil,val,-5.111997676813418
19.72308292331602,0.5,0.02535100632816969,7215,SNE_518391_ccrop.jpg,SNE,B_sepakat_segmented,segmented-multilobed,Neutrophil,val,2.601605101069368
19.79898987322333,2.0,0.10101525445522107,6473,SNE_848740_ccrop.jpg,SNE,B_sepakat_segmented,segmented-bilobed,Neutrophil,val,2.8181720851116285
23.021728866442675,14.0,0.6081211398682972,5231,BNE_256260_ccrop.jpg,BNE,D_konflik_BNE_dianotasi_segmented,segmented-multilobed,Neutrophil,val,-2.3938659980275183
25.0,12.5,0.5,6093,BNE_131711_ccrop.jpg,BNE,A_sepakat_band,unsegmented-band,Neutrophil,val,-1.4483828476197989
19.0,9.5,0.5,5450,BNE_580553_ccrop.jpg,BNE,A_sepakat_band,unsegmented-band,Neutrophil,val,-0.09361521975382914
22.0,2.0,0.09090909090909091,5500,SNE_672698_ccrop.jpg,SNE,B_sepakat_segmented,segmented-multilobed,Neutrophil,val,2.8017119355423494
25.45584412271571,10.0,0.3928371006591931,5822,BNE_81939_ccrop.jpg,BNE,A_sepakat_band,unsegmented-band,Neutrophil,val,-0.8345879828960854
24.596747752497688,18.0,0.7318040653635675,4588,BNE_87643_ccrop.jpg,BNE,A_sepakat_band,unsegmented-band,Neutrophil,val,-5.1238609134652116
19.697715603592208,13.0,0.6599750073368524,5444,BNE_763253_ccrop.jpg,BNE,A_sepakat_band,unsegmented-band,Neutrophil,val,-0.37763365234047086
23.08679276123039,4.0,0.173259232729684,5685,SNE_589500_ccrop.jpg,SNE,B_sepakat_segmented,segmented-bilobed,Neutrophil,val,1.6652518775073233
19.924858845171276,13.5,0.677545577858469,5042,BNE_243574_ccrop.jpg,BNE,A_sepakat_band,unsegmented-band,Neutrophil,val,-1.978016193726507
17.0,1.0,0.058823529411764705,5631,SNE_633335_ccrop.jpg,SNE,B_sepakat_segmented,segmented-bilobed,Neutrophil,val,2.876081253206701
21.213203435596427,5.5,0.2592724864350674,6470,SNE_808855_ccrop.jpg,SNE,C_konflik_SNE_dianotasi_band,unsegmented-band,Neutrophil,val,2.2209346202630282
32.64965543462902,16.5,0.5053652107611433,7328,BNE_315212_ccrop.jpg,BNE,A_sepakat_band,unsegmented-band,Neutrophil,val,-3.896259997760545
19.697715603592208,2.0,0.10153461651336192,5825,SNE_566153_ccrop.jpg,SNE,B_sepakat_segmented,segmented-multilobed,Neutrophil,val,1.6833215909638266
23.600847442411894,10.0,0.4237135986070358,7601,BNE_776969_ccrop.jpg,BNE,A_sepakat_band,unsegmented-band,Neutrophil,val,-1.1896161467702733
23.08679276123039,2.0,0.086629616364842,5668,SNE_645203_ccrop.jpg,SNE,B_sepakat_segmented,segmented-bilobed,Neutrophil,val,-0.47885524831284343
19.697715603592208,7.5,0.3807548119251072,5357,SNE_679601_ccrop.jpg,SNE,C_konflik_SNE_dianotasi_band,unsegmented-band,Neutrophil,val,1.444893408465382
21.02379604162864,7.5,0.3567386206158705,5913,SNE_692597_ccrop.jpg,SNE,B_sepakat_segmented,segmented-multilobed,Neutrophil,val,-0.3697688970128503
19.4164878389476,12.0,0.6180314431495256,6153,SNE_218093_ccrop.jpg,SNE,C_konflik_SNE_dianotasi_band,unsegmented-band,Neutrophil,val,-0.036693751483038994
28.0178514522438,14.0,0.4996814271737748,5579,BNE_203314_ccrop.jpg,BNE,A_sepakat_band,unsegmented-band,Neutrophil,val,-2.6763931489188
19.924858845171276,5.0,0.2509428066142478,5552,SNE_713759_ccrop.jpg,SNE,B_sepakat_segmented,segmented-multilobed,Neutrophil,val,1.5742099317053562
20.0,1.5,0.075,5687,SNE_502348_ccrop.jpg,SNE,B_sepakat_segmented,segmented-bilobed,Neutrophil,val,1.8626507397511034
21.95449840010015,9.0,0.40993876680684926,5661,SNE_374094_ccrop.jpg,SNE,B_sepakat_segmented,segmented-multilobed,Neutrophil,val,-0.35643883513457375
26.92582403567252,7.5,0.2785430072655778,5513,SNE_64091_ccrop.jpg,SNE,B_sepakat_segmented,segmented-bilobed,Neutrophil,val,-1.0562890624196974
30.23243291566195,15.0,0.4961559012417169,5058,BNE_813359_ccrop.jpg,BNE,D_konflik_BNE_dianotasi_segmented,segmented-bilobed,Neutrophil,val,-4.868242221055732
21.93171219946131,10.0,0.4559607525875532,6601,BNE_862462_ccrop.jpg,BNE,A_sepakat_band,unsegmented-band,Neutrophil,val,-0.43175503574381935
22.360679774997898,9.0,0.40249223594996214,6144,BNE_253464_ccrop.jpg,BNE,A_sepakat_band,unsegmented-band,Neutrophil,val,-0.1544983679721348
26.0,8.0,0.3076923076923077,6294,BNE_296916_ccrop.jpg,BNE,A_sepakat_band,unsegmented-band,Neutrophil,val,-1.0422408795124092
19.924858845171276,9.5,0.4767913325670708,5196,BNE_206551_ccrop.jpg,BNE,A_sepakat_band,unsegmented-band,Neutrophil,val,0.21623278801827883
21.02379604162864,2.0,0.09513029883089881,6706,SNE_32210_ccrop.jpg,SNE,C_konflik_SNE_dianotasi_band,unsegmented-band,Neutrophil,val,1.6809012297213144
25.079872407968907,12.5,0.4984076392680625,4564,BNE_665149_ccrop.jpg,BNE,A_sepakat_band,unsegmented-band,Neutrophil,val,-2.507304708225595
21.0,4.5,0.21428571428571427,6558,SNE_205163_ccrop.jpg,SNE,C_konflik_SNE_dianotasi_band,unsegmented-band,Neutrophil,val,0.5176801774744408
20.396078054371138,2.0,0.09805806756909202,5705,SNE_610007_ccrop.jpg,SNE,B_sepakat_segmented,segmented-bilobed,Neutrophil,val,0.7336619620721176
31.906112267087632,23.5,0.7365359904484867,7984,BNE_259972_ccrop.jpg,BNE,A_sepakat_band,unsegmented-band,Neutrophil,val,-5.349940928411364
19.924858845171276,1.5,0.07528284198427433,6391,SNE_605370_ccrop.jpg,SNE,B_sepakat_segmented,segmented-bilobed,Neutrophil,val,1.9209988773003213
27.730849247724095,18.5,0.6671270625265224,6214,BNE_954079_ccrop.jpg,BNE,A_sepakat_band,unsegmented-band,Neutrophil,val,-5.061558461940107
23.706539182259394,2.0,0.08436490812191956,6336,SNE_893365_ccrop.jpg,SNE,B_sepakat_segmented,segmented-bilobed,Neutrophil,val,0.7866687036069795
23.706539182259394,15.0,0.6327368109143967,6556,BNE_279168_ccrop.jpg,BNE,A_sepakat_band,unsegmented-band,Neutrophil,val,-1.5922435371184243
21.633307652783937,2.0,0.09245003270420485,6187,SNE_893880_ccrop.jpg,SNE,B_sepakat_segmented,segmented-multilobed,Neutrophil,val,1.320146300806174
21.93171219946131,1.5,0.06839411288813298,5542,SNE_415544_ccrop.jpg,SNE,B_sepakat_segmented,segmented-bilobed,Neutrophil,val,1.4523606221743037
21.840329667841555,7.0,0.3205079825469411,4623,SNE_181343_ccrop.jpg,SNE,C_konflik_SNE_dianotasi_band,unsegmented-band,Neutrophil,val,-0.08311830730466951
23.0,0.5,0.021739130434782608,5422,BNE_773284_ccrop.jpg,BNE,A_sepakat_band,unsegmented-band,Neutrophil,val,0.13580640495345264
24.698178070456937,11.0,0.44537698159840383,5421,BNE_664333_ccrop.jpg,BNE,A_sepakat_band,unsegmented-band,Neutrophil,val,-3.0773702790734614
22.47220505424423,1.0,0.04449941594899848,5810,SNE_873947_ccrop.jpg,SNE,B_sepakat_segmented,segmented-bilobed,Neutrophil,val,1.1719678732722025
20.518284528683193,11.5,0.5604757056528662,5287,BNE_331752_ccrop.jpg,BNE,A_sepakat_band,unsegmented-band,Neutrophil,val,-0.4441830484935032
23.600847442411894,3.5,0.14829975951246252,5400,SNE_87596_ccrop.jpg,SNE,B_sepakat_segmented,segmented-bilobed,Neutrophil,val,0.837006816901102
18.681541692269406,7.5,0.4014657956791419,5025,SNE_304452_ccrop.jpg,SNE,C_konflik_SNE_dianotasi_band,unsegmented-band,Neutrophil,val,0.5402470915119526
18.601075237738275,4.0,0.21504133222818814,6039,SNE_224062_ccrop.jpg,SNE,C_konflik_SNE_dianotasi_band,unsegmented-band,Neutrophil,val,2.458904992514557
24.596747752497688,19.0,0.7724598467726546,6475,BNE_690093_ccrop.jpg,BNE,A_sepakat_band,unsegmented-band,Neutrophil,val,-3.583299887109888
18.681541692269406,0.5,0.02676438637860946,5862,SNE_891096_ccrop.jpg,SNE,B_sepakat_segmented,segmented-bilobed,Neutrophil,val,0.9339245825311959
20.12461179749811,12.5,0.6211299937499416,6492,BNE_233886_ccrop.jpg,BNE,A_sepakat_band,unsegmented-band,Neutrophil,val,0.26512672900356904
24.698178070456937,13.0,0.5263546146162954,6737,BNE_640458_ccrop.jpg,BNE,A_sepakat_band,unsegmented-band,Neutrophil,val,-1.8828927242258544
24.331050121192877,11.0,0.45209721508973255,5410,BNE_77911_ccrop.jpg,BNE,A_sepakat_band,unsegmented-band,Neutrophil,val,-2.183036393686553
21.470910553583888,10.5,0.48903375447425346,5157,BNE_360932_ccrop.jpg,BNE,A_sepakat_band,unsegmented-band,Neutrophil,val,-1.2485907389623367
28.844410203711913,3.0,0.10400628679223047,7047,SNE_13626_ccrop.jpg,SNE,B_sepakat_segmented,segmented-bilobed,Neutrophil,val,1.068767443728598
17.204650534085253,5.5,0.319681006545503,4853,SNE_30327_ccrop.jpg,SNE,B_sepakat_segmented,segmented-multilobed,Neutrophil,val,1.645343722308457
27.65863337187866,14.5,0.5242486063950857,7003,SNE_287997_ccrop.jpg,SNE,C_konflik_SNE_dianotasi_band,unsegmented-band,Neutrophil,val,-2.8024273677862155
16.278820596099706,1.0,0.06142951168339512,5415,SNE_775439_ccrop.jpg,SNE,B_sepakat_segmented,segmented-multilobed,Neutrophil,val,3.1114196807861703
17.88854381999832,1.5,0.08385254915624211,6216,SNE_134204_ccrop.jpg,SNE,B_sepakat_segmented,segmented-bilobed,Neutrophil,val,1.4701543218620028
19.0,13.0,0.6842105263157895,4982,BNE_982036_ccrop.jpg,BNE,A_sepakat_band,unsegmented-band,Neutrophil,val,-1.3651849049628666
20.024984394500787,4.5,0.22471927624751503,4569,SNE_183410_ccrop.jpg,SNE,B_sepakat_segmented,segmented-bilobed,Neutrophil,val,0.3770982932336171
23.0,10.0,0.43478260869565216,5432,SNE_353210_ccrop.jpg,SNE,C_konflik_SNE_dianotasi_band,unsegmented-band,Neutrophil,val,-1.1994951467018051
21.095023109728988,6.0,0.2844272778839863,5315,SNE_778015_ccrop.jpg,SNE,C_konflik_SNE_dianotasi_band,unsegmented-band,Neutrophil,val,0.8343079604129171
29.698484809834994,20.0,0.6734350297014738,6290,SNE_117404_ccrop.jpg,SNE,C_konflik_SNE_dianotasi_band,unsegmented-band,Neutrophil,val,-5.740196334914687
26.870057685088806,18.5,0.6884987079974279,6147,BNE_989783_ccrop.jpg,BNE,A_sepakat_band,unsegmented-band,Neutrophil,val,-4.936850769023694
22.360679774997898,2.5,0.11180339887498948,7994,SNE_207129_ccrop.jpg,SNE,B_sepakat_segmented,segmented-multilobed,Neutrophil,val,1.1260373175278424
22.47220505424423,16.5,0.734240363158475,4070,BNE_631061_ccrop.jpg,BNE,A_sepakat_band,unsegmented-band,Neutrophil,val,-4.352888887131197
21.18962010041709,12.0,0.5663150138196105,5873,BNE_734743_ccrop.jpg,BNE,A_sepakat_band,unsegmented-band,Neutrophil,val,-0.30109233268821
24.166091947189145,11.5,0.4758733859463616,4864,BNE_223780_ccrop.jpg,BNE,A_sepakat_band,unsegmented-band,Neutrophil,val,-2.2860459989154
20.8806130178211,7.5,0.35918485695793173,5608,SNE_416964_ccrop.jpg,SNE,C_konflik_SNE_dianotasi_band,unsegmented-band,Neutrophil,val,1.012812256037404
21.400934559032695,3.0,0.14018079405479933,5487,SNE_656626_ccrop.jpg,SNE,C_konflik_SNE_dianotasi_band,unsegmented-band,Neutrophil,val,1.329977184996678
26.076809620810597,12.5,0.4793531180296065,7407,BNE_2019_ccrop.jpg,BNE,A_sepakat_band,unsegmented-band,Neutrophil,val,-2.2535156778115315
24.758836806279895,0.5,0.020194809793050484,9808,BNE_233841_ccrop.jpg,BNE,D_konflik_BNE_dianotasi_segmented,segmented-bilobed,Neutrophil,val,2.833355959523118
26.076809620810597,6.0,0.2300894966542111,5285,SNE_995183_ccrop.jpg,SNE,B_sepakat_segmented,segmented-bilobed,Neutrophil,val,-0.27565286676783884
23.0,11.5,0.5,4714,SNE_10487_ccrop.jpg,SNE,C_konflik_SNE_dianotasi_band,unsegmented-band,Neutrophil,val,-2.221965265443634
21.470910553583888,1.0,0.04657464328326223,5342,SNE_310178_ccrop.jpg,SNE,B_sepakat_segmented,segmented-multilobed,Neutrophil,val,1.0513864779755213
19.235384061671343,11.0,0.57186276940104,4982,BNE_191922_ccrop.jpg,BNE,A_sepakat_band,unsegmented-band,Neutrophil,val,-1.0259013181858503
20.8806130178211,6.0,0.2873478855663454,4928,SNE_477716_ccrop.jpg,SNE,B_sepakat_segmented,segmented-bilobed,Neutrophil,val,0.11833449378237759
19.1049731745428,4.5,0.2355407651655962,5447,SNE_465184_ccrop.jpg,SNE,B_sepakat_segmented,segmented-bilobed,Neutrophil,val,1.0989857770606601
22.0,6.5,0.29545454545454547,6325,SNE_503826_ccrop.jpg,SNE,B_sepakat_segmented,segmented-multilobed,Neutrophil,val,1.2845067225041653
20.591260281974,9.5,0.4613607846197005,5659,BNE_920389_ccrop.jpg,BNE,A_sepakat_band,unsegmented-band,Neutrophil,val,-4.0163933552838085
22.80350850198276,5.0,0.21926450482675733,5510,SNE_883350_ccrop.jpg,SNE,B_sepakat_segmented,segmented-multilobed,Neutrophil,val,0.6472536914538045
17.0,7.0,0.4117647058823529,4651,SNE_969977_ccrop.jpg,SNE,C_konflik_SNE_dianotasi_band,unsegmented-band,Neutrophil,val,1.125536148972646
26.019223662515376,16.0,0.6149299536192703,5203,BNE_143161_ccrop.jpg,BNE,D_konflik_BNE_dianotasi_segmented,segmented-bilobed,Neutrophil,val,-5.590997993426461
25.317977802344327,2.0,0.07899525055333642,6589,SNE_899888_ccrop.jpg,SNE,C_konflik_SNE_dianotasi_band,unsegmented-band,Neutrophil,val,-1.6686222756064524
35.05709628591621,23.0,0.656072591192899,7241,BNE_464962_ccrop.jpg,BNE,A_sepakat_band,unsegmented-band,Neutrophil,val,-6.543446901026384
25.495097567963924,2.0,0.07844645405527362,5547,SNE_556448_ccrop.jpg,SNE,C_konflik_SNE_dianotasi_band,unsegmented-band,Neutrophil,val,-0.10323201698199469
19.849433241279208,2.5,0.12594818046496958,5712,SNE_273217_ccrop.jpg,SNE,B_sepakat_segmented,segmented-bilobed,Neutrophil,val,1.3389657562096886
19.6468827043885,8.0,0.4071892788474301,4828,SNE_670650_ccrop.jpg,SNE,C_konflik_SNE_dianotasi_band,unsegmented-band,Neutrophil,val,-0.012540665948328922
20.615528128088304,9.0,0.4365641250653993,5691,BNE_494447_ccrop.jpg,BNE,A_sepakat_band,unsegmented-band,Neutrophil,val,0.0067157947381435434
27.730849247724095,13.5,0.48682245103286775,5696,BNE_856701_ccrop.jpg,BNE,A_sepakat_band,unsegmented-band,Neutrophil,val,-1.877050794523207
21.0,14.0,0.6666666666666666,5954,BNE_309792_ccrop.jpg,BNE,A_sepakat_band,unsegmented-band,Neutrophil,val,-1.8205887386942319
23.430749027719962,3.0,0.12803687993289598,5634,SNE_902951_ccrop.jpg,SNE,B_sepakat_segmented,segmented-multilobed,Neutrophil,val,1.2338575375524874
19.235384061671343,3.0,0.1559625734730109,5883,SNE_249286_ccrop.jpg,SNE,B_sepakat_segmented,segmented-bilobed,Neutrophil,val,0.9614661232537536
20.024984394500787,9.5,0.47440736096697617,5289,BNE_393835_ccrop.jpg,BNE,A_sepakat_band,unsegmented-band,Neutrophil,val,-0.9994954940911462
17.804493814764857,10.0,0.5616559563017304,5030,BNE_202023_ccrop.jpg,BNE,A_sepakat_band,unsegmented-band,Neutrophil,val,0.3874942207158947
19.924858845171276,7.0,0.35131992925994693,4963,BNE_518814_ccrop.jpg,BNE,A_sepakat_band,unsegmented-band,Neutrophil,val,1.2627172772143727
21.095023109728988,5.5,0.26072500472698745,6345,SNE_449711_ccrop.jpg,SNE,B_sepakat_segmented,segmented-multilobed,Neutrophil,val,1.6349613303327937
28.635642126552707,17.5,0.6111265087983809,5938,BNE_317666_ccrop.jpg,BNE,A_sepakat_band,unsegmented-band,Neutrophil,val,-5.654549077246498
24.0,17.5,0.7291666666666666,6798,BNE_774908_ccrop.jpg,BNE,A_sepakat_band,unsegmented-band,Neutrophil,val,-3.9485237728908675
18.601075237738275,8.5,0.45696283098489976,5322,BNE_989323_ccrop.jpg,BNE,A_sepakat_band,unsegmented-band,Neutrophil,val,0.715232406455856
23.600847442411894,15.5,0.6567560778409055,5893,BNE_357413_ccrop.jpg,BNE,A_sepakat_band,unsegmented-band,Neutrophil,val,-2.3277770660135015
25.059928172283335,10.0,0.39904344223381105,7881,BNE_277695_ccrop.jpg,BNE,A_sepakat_band,unsegmented-band,Neutrophil,val,-1.6399083335394415
27.586228448267445,2.5,0.09062492919930172,9285,SNE_646915_ccrop.jpg,SNE,C_konflik_SNE_dianotasi_band,unsegmented-band,Neutrophil,val,-2.4370171937869696
22.80350850198276,12.0,0.5262348115842176,5415,BNE_953017_ccrop.jpg,BNE,A_sepakat_band,unsegmented-band,Neutrophil,val,-1.5814709328741188
21.02379604162864,12.0,0.5707817929853929,5997,SNE_198347_ccrop.jpg,SNE,C_konflik_SNE_dianotasi_band,unsegmented-band,Neutrophil,val,-0.7883232611977249
20.591260281974,13.0,0.6313358105322217,6085,BNE_296618_ccrop.jpg,BNE,A_sepakat_band,unsegmented-band,Neutrophil,val,0.3130108886719043
22.80350850198276,11.0,0.4823819106188661,7656,BNE_698291_ccrop.jpg,BNE,A_sepakat_band,unsegmented-band,Neutrophil,val,0.2632205927755935
19.79898987322333,9.5,0.4798224586623001,4423,BNE_276258_ccrop.jpg,BNE,A_sepakat_band,unsegmented-band,Neutrophil,val,-1.056454979001705
26.30589287593181,24.5,0.9313502535553893,5080,SNE_139869_ccrop.jpg,SNE,C_konflik_SNE_dianotasi_band,unsegmented-band,Neutrophil,val,-6.453946193185418
25.632011235952593,3.0,0.11704114719613057,7381,SNE_876406_ccrop.jpg,SNE,B_sepakat_segmented,segmented-bilobed,Neutrophil,val,0.12592650144667772
21.400934559032695,2.0,0.09345386270319955,5826,SNE_70315_ccrop.jpg,SNE,B_sepakat_segmented,segmented-multilobed,Neutrophil,val,1.9970949629736667
22.360679774997898,1.5,0.06708203932499368,6422,SNE_12708_ccrop.jpg,SNE,B_sepakat_segmented,segmented-multilobed,Neutrophil,val,2.164535568145581
18.0,9.0,0.5,6665,BNE_590664_ccrop.jpg,BNE,A_sepakat_band,unsegmented-band,Neutrophil,val,1.556706481212661
28.460498941515414,0.5,0.017568209223157664,8960,BNE_496119_ccrop.jpg,BNE,A_sepakat_band,unsegmented-band,Neutrophil,val,-0.6644509629571971
22.02271554554524,6.0,0.2724459655118999,7069,SNE_838035_ccrop.jpg,SNE,C_konflik_SNE_dianotasi_band,unsegmented-band,Neutrophil,val,0.5292572354134979
21.470910553583888,15.0,0.6986196492489335,6956,BNE_142830_ccrop.jpg,BNE,A_sepakat_band,unsegmented-band,Neutrophil,val,-2.6144193796951942
21.02379604162864,11.0,0.5232166435699435,5227,BNE_608268_ccrop.jpg,BNE,A_sepakat_band,unsegmented-band,Neutrophil,val,-1.613333989836768
20.09975124224178,1.0,0.04975185951049946,6386,SNE_319893_ccrop.jpg,SNE,B_sepakat_segmented,segmented-multilobed,Neutrophil,val,0.9806916913267996
25.0,12.0,0.48,6114,BNE_358190_ccrop.jpg,BNE,A_sepakat_band,unsegmented-band,Neutrophil,val,-1.1982920242748314
17.204650534085253,6.0,0.34874291623145787,5048,SNE_33661_ccrop.jpg,SNE,C_konflik_SNE_dianotasi_band,unsegmented-band,Neutrophil,val,0.8020870909354594
25.495097567963924,8.0,0.31378581622109447,5572,SNE_833646_ccrop.jpg,SNE,B_sepakat_segmented,segmented-bilobed,Neutrophil,val,-1.379288522080003
29.206163733020468,19.5,0.6676672834629532,6679,BNE_605529_ccrop.jpg,BNE,A_sepakat_band,unsegmented-band,Neutrophil,val,-4.924769264638943
28.160255680657446,14.5,0.5149100975656153,4215,BNE_438674_ccrop.jpg,BNE,E_lainnya,irregular,Neutrophil,val,-6.255077724577253
17.029386365926403,2.5,0.14680505487867587,4719,SNE_651622_ccrop.jpg,SNE,B_sepakat_segmented,segmented-bilobed,Neutrophil,val,0.7469586498415657
18.681541692269406,1.0,0.05352877275721892,6013,SNE_801347_ccrop.jpg,SNE,C_konflik_SNE_dianotasi_band,unsegmented-band,Neutrophil,val,1.5670229659532247
18.439088914585774,9.0,0.4880935300919764,7454,BNE_136347_ccrop.jpg,BNE,A_sepakat_band,unsegmented-band,Neutrophil,val,1.509939603987486
24.698178070456937,4.0,0.1619552660357832,5665,SNE_929963_ccrop.jpg,SNE,C_konflik_SNE_dianotasi_band,unsegmented-band,Neutrophil,val,0.2870343696417894
21.587033144922902,13.5,0.6253754237263073,5160,BNE_47650_ccrop.jpg,BNE,A_sepakat_band,unsegmented-band,Neutrophil,val,-2.2521212364855607
17.4928556845359,0.5,0.028583097523751475,5383,SNE_497960_ccrop.jpg,SNE,B_sepakat_segmented,segmented-multilobed,Neutrophil,val,2.5109489059059076
22.80350850198276,8.0,0.3508232077228117,5197,BNE_615813_ccrop.jpg,BNE,A_sepakat_band,unsegmented-band,Neutrophil,val,0.15011075552221698
32.449961479175904,18.5,0.5701085350092633,5324,BNE_273083_ccrop.jpg,BNE,A_sepakat_band,unsegmented-band,Neutrophil,val,-6.522202844841798
21.0,12.5,0.5952380952380952,5962,BNE_164709_ccrop.jpg,BNE,A_sepakat_band,unsegmented-band,Neutrophil,val,-0.5313018241307983
28.160255680657446,21.5,0.7634873860455677,6927,BNE_53949_ccrop.jpg,BNE,A_sepakat_band,unsegmented-band,Neutrophil,val,-4.89139525852999
30.0,14.5,0.48333333333333334,5773,BNE_391140_ccrop.jpg,BNE,A_sepakat_band,unsegmented-band,Neutrophil,val,-4.0477985320046415
25.612496949731394,12.5,0.488043005901894,7171,BNE_324608_ccrop.jpg,BNE,A_sepakat_band,unsegmented-band,Neutrophil,val,0.08783063001337865
25.942243542145693,16.5,0.6360282592056523,7004,BNE_768872_ccrop.jpg,BNE,A_sepakat_band,unsegmented-band,Neutrophil,val,-2.7998286941032653
17.804493814764857,9.0,0.5054903606715574,4621,BNE_528434_ccrop.jpg,BNE,A_sepakat_band,unsegmented-band,Neutrophil,val,-0.6917989041667472
17.11724276862369,4.0,0.2336824951347944,4738,SNE_603329_ccrop.jpg,SNE,B_sepakat_segmented,segmented-multilobed,Neutrophil,val,1.4245059687819133
23.08679276123039,9.0,0.389833273641789,4976,BNE_371756_ccrop.jpg,BNE,A_sepakat_band,unsegmented-band,Neutrophil,val,-0.8944224383384984
20.09975124224178,0.5,0.02487592975524973,4440,SNE_257590_ccrop.jpg,SNE,B_sepakat_segmented,segmented-bilobed,Neutrophil,val,0.9827048704467485
26.0,0.5,0.019230769230769232,10412,SNE_982751_ccrop.jpg,SNE,C_konflik_SNE_dianotasi_band,unsegmented-band,Neutrophil,val,1.8758040737714676
18.0,1.5,0.08333333333333333,6223,SNE_533941_ccrop.jpg,SNE,B_sepakat_segmented,segmented-multilobed,Neutrophil,val,3.3311539334652958
19.924858845171276,1.5,0.07528284198427433,5684,SNE_465183_ccrop.jpg,SNE,B_sepakat_segmented,segmented-bilobed,Neutrophil,val,2.0320774707469633
24.08318915758459,13.5,0.5605569890127448,5909,BNE_333349_ccrop.jpg,BNE,A_sepakat_band,unsegmented-band,Neutrophil,val,-3.152319310024442
18.439088914585774,12.5,0.6779076806833005,5127,BNE_473596_ccrop.jpg,BNE,A_sepakat_band,unsegmented-band,Neutrophil,val,-2.4141137808895508
20.615528128088304,12.5,0.6063390625908324,6246,BNE_181280_ccrop.jpg,BNE,A_sepakat_band,unsegmented-band,Neutrophil,val,-0.32111187394307095
18.439088914585774,5.0,0.2711630722733202,4999,SNE_603296_ccrop.jpg,SNE,C_konflik_SNE_dianotasi_band,unsegmented-band,Neutrophil,val,0.8068986995239547
21.93171219946131,1.0,0.04559607525875532,5759,SNE_419387_ccrop.jpg,SNE,B_sepakat_segmented,segmented-multilobed,Neutrophil,val,1.4667099139048805
20.591260281974,1.0,0.04856429311786321,6071,SNE_756802_ccrop.jpg,SNE,B_sepakat_segmented,segmented-bilobed,Neutrophil,val,1.5268805073299427
25.059928172283335,17.0,0.6783738517974789,5407,SNE_180156_ccrop.jpg,SNE,C_konflik_SNE_dianotasi_band,unsegmented-band,Neutrophil,val,-4.053345706125718
22.67156809750927,11.5,0.5072432550999155,6255,BNE_436813_ccrop.jpg,BNE,A_sepakat_band,unsegmented-band,Neutrophil,val,0.5454085110620719
26.0,14.5,0.5576923076923077,7582,BNE_749441_ccrop.jpg,BNE,A_sepakat_band,unsegmented-band,Neutrophil,val,-1.3233289941140107
28.635642126552707,20.0,0.6984302957695782,5743,BNE_129921_ccrop.jpg,BNE,A_sepakat_band,unsegmented-band,Neutrophil,val,-7.168401564767752
24.413111231467404,16.5,0.6758663344282084,7156,BNE_554685_ccrop.jpg,BNE,A_sepakat_band,unsegmented-band,Neutrophil,val,-2.4129398302704175
23.706539182259394,13.5,0.5694631298229571,5583,SNE_874551_ccrop.jpg,SNE,C_konflik_SNE_dianotasi_band,unsegmented-band,Neutrophil,val,-2.5528010019603915
32.28002478313795,14.5,0.44919420283637257,7462,BNE_225758_ccrop.jpg,BNE,A_sepakat_band,unsegmented-band,Neutrophil,val,-3.347844963381835
23.0,5.5,0.2391304347826087,5630,BNE_358306_ccrop.jpg,BNE,A_sepakat_band,unsegmented-band,Neutrophil,val,1.0314799249634987
24.041630560342615,15.5,0.6447150063759698,6814,BNE_565424_ccrop.jpg,BNE,A_sepakat_band,unsegmented-band,Neutrophil,val,-1.440629470174855
18.35755975068582,7.0,0.3813142974919903,4705,SNE_780200_ccrop.jpg,SNE,B_sepakat_segmented,segmented-bilobed,Neutrophil,val,0.37028841056092343
24.73863375370596,15.5,0.6265503646771936,5676,BNE_38320_ccrop.jpg,BNE,A_sepakat_band,unsegmented-band,Neutrophil,val,-3.1508510220983457
21.93171219946131,9.5,0.43316271495817554,5061,SNE_371956_ccrop.jpg,SNE,C_konflik_SNE_dianotasi_band,unsegmented-band,Neutrophil,val,-0.6191122672142537
16.492422502470642,10.0,0.6063390625908325,5332,BNE_540699_ccrop.jpg,BNE,A_sepakat_band,unsegmented-band,Neutrophil,val,0.7239822187841174
21.37755832643195,10.5,0.4911692832112374,5863,SNE_43921_ccrop.jpg,SNE,C_konflik_SNE_dianotasi_band,unsegmented-band,Neutrophil,val,-0.6739979954323481
20.615528128088304,8.5,0.412310562561766,5797,BNE_556085_ccrop.jpg,BNE,A_sepakat_band,unsegmented-band,Neutrophil,val,-0.599217297957324
24.515301344262525,5.0,0.20395425411200105,5615,SNE_934241_ccrop.jpg,SNE,B_sepakat_segmented,segmented-multilobed,Neutrophil,val,-0.35297390327525413
20.0,4.0,0.2,5885,SNE_310817_ccrop.jpg,SNE,B_sepakat_segmented,segmented-bilobed,Neutrophil,val,0.662899333802982
23.0,7.5,0.32608695652173914,7441,SNE_815811_ccrop.jpg,SNE,C_konflik_SNE_dianotasi_band,unsegmented-band,Neutrophil,val,0.9876864297132144
22.135943621178654,10.5,0.47434164902525694,6726,BNE_980007_ccrop.jpg,BNE,A_sepakat_band,unsegmented-band,Neutrophil,val,-0.9098036655170212
26.1725046566048,13.5,0.5158084859330874,4395,BNE_193611_ccrop.jpg,BNE,A_sepakat_band,unsegmented-band,Neutrophil,val,-3.844636979481434
20.09975124224178,4.5,0.22388336779724757,5280,SNE_313880_ccrop.jpg,SNE,B_sepakat_segmented,segmented-bilobed,Neutrophil,val,0.010760981806587466
20.8806130178211,10.5,0.5028587997411045,5021,BNE_839282_ccrop.jpg,BNE,D_konflik_BNE_dianotasi_segmented,segmented-multilobed,Neutrophil,val,0.5608444429887101
18.681541692269406,1.0,0.05352877275721892,4947,SNE_864961_ccrop.jpg,SNE,C_konflik_SNE_dianotasi_band,unsegmented-band,Neutrophil,val,3.234938598173253
22.02271554554524,13.0,0.5902995919424497,5250,BNE_596393_ccrop.jpg,BNE,A_sepakat_band,unsegmented-band,Neutrophil,val,-1.870207280251
18.681541692269406,1.5,0.08029315913582838,5226,SNE_333218_ccrop.jpg,SNE,B_sepakat_segmented,segmented-multilobed,Neutrophil,val,4.038521241791267
21.93171219946131,7.5,0.34197056444066487,4875,BNE_962214_ccrop.jpg,BNE,A_sepakat_band,unsegmented-band,Neutrophil,val,-0.42869672161915773
21.02379604162864,13.5,0.642129517108567,4742,BNE_707427_ccrop.jpg,BNE,A_sepakat_band,unsegmented-band,Neutrophil,val,-2.9794645896323253
28.442925306655784,14.0,0.492213787754241,5464,BNE_596329_ccrop.jpg,BNE,A_sepakat_band,unsegmented-band,Neutrophil,val,-4.218467464808059
28.160255680657446,18.0,0.6391987418055914,5237,BNE_951815_ccrop.jpg,BNE,A_sepakat_band,unsegmented-band,Neutrophil,val,-4.772991175443559
25.942243542145693,9.5,0.36619808863355735,5380,BNE_249469_ccrop.jpg,BNE,A_sepakat_band,unsegmented-band,Neutrophil,val,-2.395756259025612
24.20743687382041,8.0,0.33047695390881104,7276,SNE_159393_ccrop.jpg,SNE,C_konflik_SNE_dianotasi_band,unsegmented-band,Neutrophil,val,-0.22577653578450452
20.591260281974,16.0,0.7770286898858113,5984,BNE_80070_ccrop.jpg,BNE,A_sepakat_band,unsegmented-band,Neutrophil,test,-3.3941089734096774
25.612496949731394,16.5,0.6442167677905001,5337,BNE_810657_ccrop.jpg,BNE,A_sepakat_band,unsegmented-band,Neutrophil,test,-3.71300125371811
20.0,3.0,0.15,6664,SNE_70096_ccrop.jpg,SNE,B_sepakat_segmented,segmented-bilobed,Neutrophil,test,1.7239418788310719
27.65863337187866,16.5,0.5965587590013045,4866,BNE_682450_ccrop.jpg,BNE,A_sepakat_band,unsegmented-band,Neutrophil,test,-4.987723923838988
22.0,1.0,0.045454545454545456,5299,SNE_513920_ccrop.jpg,SNE,B_sepakat_segmented,segmented-multilobed,Neutrophil,test,2.436602334683945
22.0,8.0,0.36363636363636365,4801,SNE_68308_ccrop.jpg,SNE,C_konflik_SNE_dianotasi_band,unsegmented-band,Neutrophil,test,-0.663538702769694
29.154759474226502,13.5,0.46304617988477387,5361,BNE_49911_ccrop.jpg,BNE,A_sepakat_band,unsegmented-band,Neutrophil,test,-4.475475200835719
38.2099463490856,0.5,0.013085598064755344,15075,SNE_119786_ccrop.jpg,SNE,B_sepakat_segmented,segmented-bilobed,Neutrophil,test,0.2956431669607058
23.53720459187964,13.5,0.573560039693818,5858,BNE_681139_ccrop.jpg,BNE,A_sepakat_band,unsegmented-band,Neutrophil,test,-0.9153775161223248
19.0,4.5,0.23684210526315788,5668,SNE_42209_ccrop.jpg,SNE,B_sepakat_segmented,segmented-bilobed,Neutrophil,test,0.8441895164691289
21.95449840010015,13.0,0.59213377427656,6202,BNE_370832_ccrop.jpg,BNE,A_sepakat_band,unsegmented-band,Neutrophil,test,-1.5173063730074112
24.758836806279895,12.5,0.5048702448262621,6357,BNE_461129_ccrop.jpg,BNE,A_sepakat_band,unsegmented-band,Neutrophil,test,-1.4002969595406114
23.769728648009426,18.0,0.7572656914410082,5154,BNE_330256_ccrop.jpg,BNE,A_sepakat_band,unsegmented-band,Neutrophil,test,-4.493229584236731
22.360679774997898,11.5,0.5142956348249516,5276,SNE_939093_ccrop.jpg,SNE,C_konflik_SNE_dianotasi_band,unsegmented-band,Neutrophil,test,-3.953810302652606
21.93171219946131,2.5,0.1139901881468883,5576,SNE_987130_ccrop.jpg,SNE,B_sepakat_segmented,segmented-multilobed,Neutrophil,test,1.0093568025186581
21.840329667841555,3.0,0.13736056394868904,5333,SNE_19711_ccrop.jpg,SNE,B_sepakat_segmented,segmented-bilobed,Neutrophil,test,1.6955071752621356
19.4164878389476,7.0,0.3605183418372233,4868,SNE_491822_ccrop.jpg,SNE,C_konflik_SNE_dianotasi_band,unsegmented-band,Neutrophil,test,0.7214988275464904
23.323807579381203,3.0,0.12862393885688161,7176,SNE_589408_ccrop.jpg,SNE,B_sepakat_segmented,segmented-bilobed,Neutrophil,test,-0.06967183983421421
18.384776310850235,2.5,0.1359820733051053,5615,SNE_125468_ccrop.jpg,SNE,B_sepakat_segmented,segmented-bilobed,Neutrophil,test,2.2004198507482187
21.213203435596427,16.0,0.7542472332656507,5722,BNE_620809_ccrop.jpg,BNE,A_sepakat_band,unsegmented-band,Neutrophil,test,-2.3409089673468415
31.11269837220809,24.5,0.7874598245032006,5361,BNE_22505_ccrop.jpg,BNE,E_lainnya,unsegmented-indented,Neutrophil,test,-7.690184409935714
26.1725046566048,6.5,0.24835223396778278,5936,SNE_610438_ccrop.jpg,SNE,B_sepakat_segmented,segmented-bilobed,Neutrophil,test,-0.7132910965013686
25.179356624028344,10.0,0.3971507353947688,4960,BNE_254272_ccrop.jpg,BNE,A_sepakat_band,unsegmented-band,Neutrophil,test,-1.6725318934278395
21.400934559032695,0.5,0.023363465675799888,7387,SNE_847178_ccrop.jpg,SNE,C_konflik_SNE_dianotasi_band,unsegmented-band,Neutrophil,test,2.086122413090777
32.57299494980466,8.0,0.24560222393820672,7747,SNE_404265_ccrop.jpg,SNE,E_lainnya,unsegmented-indented,Neutrophil,test,-3.8410988920832487
18.439088914585774,1.0,0.05423261445466404,5883,SNE_843242_ccrop.jpg,SNE,B_sepakat_segmented,segmented-multilobed,Neutrophil,test,2.5348101624577115
26.92582403567252,17.5,0.6499336836196815,6685,BNE_289210_ccrop.jpg,BNE,A_sepakat_band,unsegmented-band,Neutrophil,test,-3.6733601880569964
23.345235059857504,4.5,0.1927588215951537,5927,SNE_621008_ccrop.jpg,SNE,B_sepakat_segmented,segmented-multilobed,Neutrophil,test,1.0444468188832143
21.540659228538015,2.5,0.11605958636065743,5640,SNE_364922_ccrop.jpg,SNE,B_sepakat_segmented,segmented-bilobed,Neutrophil,test,0.9669150640848274
21.095023109728988,9.5,0.45034318998297834,5917,SNE_475360_ccrop.jpg,SNE,C_konflik_SNE_dianotasi_band,unsegmented-band,Neutrophil,test,-0.1709956341935488
20.615528128088304,2.0,0.09701425001453319,6164,SNE_480268_ccrop.jpg,SNE,B_sepakat_segmented,segmented-multilobed,Neutrophil,test,2.4891013472690773
20.248456731316587,11.0,0.5432512781572743,5437,SNE_65575_ccrop.jpg,SNE,B_sepakat_segmented,segmented-bilobed,Neutrophil,test,-0.9431208613900477
26.92582403567252,12.5,0.46423834544262965,5524,BNE_118120_ccrop.jpg,BNE,D_konflik_BNE_dianotasi_segmented,segmented-bilobed,Neutrophil,test,-3.446693712341963
27.202941017470888,15.0,0.5514109665703558,6936,SNE_587870_ccrop.jpg,SNE,C_konflik_SNE_dianotasi_band,unsegmented-band,Neutrophil,test,-1.2663335779694442
23.53720459187964,0.5,0.021242964433104368,13286,SNE_94859_ccrop.jpg,SNE,C_konflik_SNE_dianotasi_band,unsegmented-band,Neutrophil,test,1.4443733448335454
29.274562336608895,15.0,0.5123902392638663,7426,BNE_380086_ccrop.jpg,BNE,A_sepakat_band,unsegmented-band,Neutrophil,test,-1.9947824368042895
20.0,8.0,0.4,4688,SNE_199596_ccrop.jpg,SNE,C_konflik_SNE_dianotasi_band,unsegmented-band,Neutrophil,test,0.30693511167122445
26.0,4.0,0.15384615384615385,5590,SNE_350231_ccrop.jpg,SNE,B_sepakat_segmented,segmented-bilobed,Neutrophil,test,-0.37665982851726376
29.120439557122072,24.0,0.8241633836921342,6411,BNE_554100_ccrop.jpg,BNE,A_sepakat_band,unsegmented-band,Neutrophil,test,-6.824379013814697
20.396078054371138,4.0,0.19611613513818404,8182,SNE_210936_ccrop.jpg,SNE,B_sepakat_segmented,segmented-bilobed,Neutrophil,test,1.4490794087691086
37.05401462729781,0.5,0.013493814503750113,11270,BNE_839717_ccrop.jpg,BNE,A_sepakat_band,unsegmented-band,Neutrophil,test,-0.579041081111928
20.248456731316587,9.0,0.44447831849231534,4837,SNE_153895_ccrop.jpg,SNE,C_konflik_SNE_dianotasi_band,unsegmented-band,Neutrophil,test,0.3954992528675847
24.20743687382041,14.0,0.5783346693404193,6638,BNE_347275_ccrop.jpg,BNE,A_sepakat_band,unsegmented-band,Neutrophil,test,-1.5041112271766082
22.80350850198276,12.5,0.5481612620668933,4382,SNE_262782_ccrop.jpg,SNE,C_konflik_SNE_dianotasi_band,unsegmented-band,Neutrophil,test,-3.520555582939318
20.808652046684813,12.0,0.5766831975986553,4423,BNE_961533_ccrop.jpg,BNE,A_sepakat_band,unsegmented-band,Neutrophil,test,-1.595482169078812
24.331050121192877,4.5,0.18494886071852695,6394,SNE_602361_ccrop.jpg,SNE,B_sepakat_segmented,segmented-multilobed,Neutrophil,test,2.263658125699248
21.470910553583888,0.5,0.023287321641631116,6376,SNE_226132_ccrop.jpg,SNE,B_sepakat_segmented,segmented-bilobed,Neutrophil,test,0.22232700661002092
28.861739379323623,0.5,0.017323973216880926,14111,BNE_341802_ccrop.jpg,BNE,A_sepakat_band,unsegmented-band,Neutrophil,test,-0.9312596827929482
27.294688127912362,14.5,0.531238896449301,6007,BNE_62656_ccrop.jpg,BNE,A_sepakat_band,unsegmented-band,Neutrophil,test,-2.5871610805537806
19.235384061671343,2.5,0.12996881122750908,6899,SNE_461282_ccrop.jpg,SNE,B_sepakat_segmented,segmented-multilobed,Neutrophil,test,1.9464222918575746
24.758836806279895,16.0,0.6462339133776155,7027,SNE_714873_ccrop.jpg,SNE,B_sepakat_segmented,segmented-bilobed,Neutrophil,test,-1.7281832982194558
18.973665961010276,2.0,0.10540925533894598,5447,SNE_602927_ccrop.jpg,SNE,B_sepakat_segmented,segmented-multilobed,Neutrophil,test,2.8053756605398936
27.202941017470888,19.5,0.7168342565414625,6506,BNE_423805_ccrop.jpg,BNE,A_sepakat_band,unsegmented-band,Neutrophil,test,-5.3590123219932
35.6931365951495,23.0,0.6443815868826046,6624,BNE_903935_ccrop.jpg,BNE,A_sepakat_band,unsegmented-band,Neutrophil,test,-7.313675755677998
24.0,16.5,0.6875,5137,BNE_76588_ccrop.jpg,BNE,A_sepakat_band,unsegmented-band,Neutrophil,test,-4.286972996435331
18.439088914585774,7.5,0.40674460840998033,4886,SNE_960177_ccrop.jpg,SNE,C_konflik_SNE_dianotasi_band,unsegmented-band,Neutrophil,test,0.9315311242805722
23.706539182259394,16.5,0.6960104920058364,5584,BNE_432647_ccrop.jpg,BNE,A_sepakat_band,unsegmented-band,Neutrophil,test,-3.8069365115224887
21.93171219946131,8.0,0.3647686020700426,5438,BNE_655340_ccrop.jpg,BNE,A_sepakat_band,unsegmented-band,Neutrophil,test,-0.827453276111541
17.029386365926403,2.5,0.14680505487867587,6846,SNE_506855_ccrop.jpg,SNE,C_konflik_SNE_dianotasi_band,unsegmented-band,Neutrophil,test,2.5964556176885196
24.758836806279895,18.0,0.7270131525498175,6134,BNE_730904_ccrop.jpg,BNE,A_sepakat_band,unsegmented-band,Neutrophil,test,-3.7389247521538618
25.0,11.0,0.44,6620,SNE_668137_ccrop.jpg,SNE,C_konflik_SNE_dianotasi_band,unsegmented-band,Neutrophil,test,-0.8609087420802801
23.194827009486403,11.5,0.4958002055931109,5536,BNE_562605_ccrop.jpg,BNE,A_sepakat_band,unsegmented-band,Neutrophil,test,-1.9999065602066164
24.413111231467404,6.0,0.24576957615571215,5082,SNE_333737_ccrop.jpg,SNE,C_konflik_SNE_dianotasi_band,unsegmented-band,Neutrophil,test,-1.380304965226939
18.24828759089466,2.5,0.13699915608779775,4428,SNE_126817_ccrop.jpg,SNE,B_sepakat_segmented,segmented-multilobed,Neutrophil,test,2.4042286782803597
18.027756377319946,13.0,0.7211102550927979,5077,BNE_30848_ccrop.jpg,BNE,A_sepakat_band,unsegmented-band,Neutrophil,test,-0.04778240512069232
22.20360331117452,3.0,0.13511320473331348,6585,SNE_685496_ccrop.jpg,SNE,B_sepakat_segmented,segmented-bilobed,Neutrophil,test,1.6818890262266324
18.0,3.5,0.19444444444444445,5754,SNE_474890_ccrop.jpg,SNE,B_sepakat_segmented,segmented-bilobed,Neutrophil,test,1.7933881547229076
19.235384061671343,10.0,0.5198752449100363,6081,SNE_389659_ccrop.jpg,SNE,B_sepakat_segmented,segmented-bilobed,Neutrophil,test,0.80264219256616
18.24828759089466,1.5,0.08219949365267865,4839,SNE_14041_ccrop.jpg,SNE,C_konflik_SNE_dianotasi_band,unsegmented-band,Neutrophil,test,1.7714474074734845
26.570660511172846,19.0,0.7150744330202323,6499,BNE_580270_ccrop.jpg,BNE,A_sepakat_band,unsegmented-band,Neutrophil,test,-4.494373208280418
20.8806130178211,3.0,0.1436739427831727,5584,SNE_206523_ccrop.jpg,SNE,B_sepakat_segmented,segmented-multilobed,Neutrophil,test,1.5813238202910291
23.53720459187964,11.0,0.4673452175282961,6113,BNE_644685_ccrop.jpg,BNE,A_sepakat_band,unsegmented-band,Neutrophil,test,-0.04702010740278162
23.345235059857504,21.0,0.8995411674440505,4877,BNE_343646_ccrop.jpg,BNE,A_sepakat_band,unsegmented-band,Neutrophil,test,-5.605193574381893
21.93171219946131,14.5,0.6611430912519521,5059,BNE_218678_ccrop.jpg,BNE,A_sepakat_band,unsegmented-band,Neutrophil,test,-2.1805729016950846
18.0,2.5,0.1388888888888889,6056,SNE_570629_ccrop.jpg,SNE,B_sepakat_segmented,segmented-bilobed,Neutrophil,test,1.38385567627836
20.223748416156685,10.5,0.5191915852558562,5017,BNE_247190_ccrop.jpg,BNE,A_sepakat_band,unsegmented-band,Neutrophil,test,-2.4065182033693926
22.627416997969522,17.0,0.7513009550107067,4337,BNE_572115_ccrop.jpg,BNE,A_sepakat_band,unsegmented-band,Neutrophil,test,-4.258635060438571
25.0,10.0,0.4,6605,BNE_493832_ccrop.jpg,BNE,A_sepakat_band,unsegmented-band,Neutrophil,test,-0.8702358525802509
20.248456731316587,1.5,0.07407971974871923,5750,SNE_174050_ccrop.jpg,SNE,B_sepakat_segmented,segmented-bilobed,Neutrophil,test,2.50388673455683
51.31276644267,0.5,0.009744163775668438,18363,SNE_106040_ccrop.jpg,SNE,B_sepakat_segmented,segmented-multilobed,Neutrophil,test,-0.15740166779112386
30.870698080866262,19.0,0.6154703709721501,5370,BNE_935780_ccrop.jpg,BNE,E_lainnya,irregular,Neutrophil,test,-6.475314088912514
22.360679774997898,1.0,0.044721359549995794,6828,SNE_962008_ccrop.jpg,SNE,B_sepakat_segmented,segmented-multilobed,Neutrophil,test,2.282295688974214
19.1049731745428,8.5,0.4449103342016817,6451,SNE_405975_ccrop.jpg,SNE,C_konflik_SNE_dianotasi_band,unsegmented-band,Neutrophil,test,1.142826741881553
31.0,14.0,0.45161290322580644,5344,BNE_595137_ccrop.jpg,BNE,A_sepakat_band,unsegmented-band,Neutrophil,test,-5.369756647017377
22.360679774997898,13.0,0.5813776741499453,5706,BNE_683128_ccrop.jpg,BNE,A_sepakat_band,unsegmented-band,Neutrophil,test,-1.7662253662263065
20.09975124224178,9.5,0.47264266534974486,4786,BNE_969932_ccrop.jpg,BNE,A_sepakat_band,unsegmented-band,Neutrophil,test,0.02363728410169763
24.166091947189145,0.5,0.0206901472150592,6528,SNE_73281_ccrop.jpg,SNE,B_sepakat_segmented,segmented-multilobed,Neutrophil,test,1.0375471186637615
21.37755832643195,9.5,0.4443912562387386,5751,BNE_247568_ccrop.jpg,BNE,A_sepakat_band,unsegmented-band,Neutrophil,test,0.3342335342856124
26.92582403567252,17.0,0.6313641498019763,4852,BNE_444300_ccrop.jpg,BNE,A_sepakat_band,unsegmented-band,Neutrophil,test,-4.665726042711636
28.0178514522438,24.0,0.8565967322978996,6185,BNE_913828_ccrop.jpg,BNE,A_sepakat_band,unsegmented-band,Neutrophil,test,-6.5948703656939145
17.204650534085253,3.0,0.17437145811572893,6210,SNE_954003_ccrop.jpg,SNE,B_sepakat_segmented,segmented-multilobed,Neutrophil,test,2.9973488208635946
28.0,14.0,0.5,4659,BNE_47425_ccrop.jpg,BNE,A_sepakat_band,unsegmented-band,Neutrophil,test,-4.849915418464354
25.0,1.5,0.06,5531,SNE_660142_ccrop.jpg,SNE,B_sepakat_segmented,segmented-bilobed,Neutrophil,test,-0.27125885881241096
21.470910553583888,5.5,0.25616053805794226,5126,BNE_889719_ccrop.jpg,BNE,A_sepakat_band,unsegmented-band,Neutrophil,test,-1.8535249128608111
24.20743687382041,14.0,0.5783346693404193,5886,BNE_144692_ccrop.jpg,BNE,A_sepakat_band,unsegmented-band,Neutrophil,test,-1.7949943404347177
22.090722034374522,1.5,0.0679018095318889,5844,SNE_873201_ccrop.jpg,SNE,B_sepakat_segmented,segmented-multilobed,Neutrophil,test,1.5585138257889675
19.4164878389476,1.5,0.0772539303936907,6283,SNE_524562_ccrop.jpg,SNE,B_sepakat_segmented,segmented-bilobed,Neutrophil,test,1.7612753261942444
21.213203435596427,8.0,0.37712361663282534,5186,BNE_160358_ccrop.jpg,BNE,A_sepakat_band,unsegmented-band,Neutrophil,test,-0.46743457177615433
22.67156809750927,5.0,0.22054054569561543,6795,SNE_899001_ccrop.jpg,SNE,B_sepakat_segmented,segmented-multilobed,Neutrophil,test,1.3880232044115344
29.0,11.5,0.39655172413793105,5779,SNE_799574_ccrop.jpg,SNE,C_konflik_SNE_dianotasi_band,unsegmented-band,Neutrophil,test,-3.0550148008380713
21.540659228538015,2.0,0.09284766908852593,5470,SNE_290162_ccrop.jpg,SNE,B_sepakat_segmented,segmented-multilobed,Neutrophil,test,1.7104576297606995
39.0,0.5,0.01282051282051282,11313,BNE_570071_ccrop.jpg,BNE,A_sepakat_band,unsegmented-band,Neutrophil,test,-0.7786206577213832
20.615528128088304,7.0,0.33954987505086615,5154,BNE_517212_ccrop.jpg,BNE,A_sepakat_band,unsegmented-band,Neutrophil,test,0.26320550562851874
23.345235059857504,3.0,0.1285058810634358,5455,SNE_467879_ccrop.jpg,SNE,B_sepakat_segmented,segmented-bilobed,Neutrophil,test,0.8191243351287856
19.235384061671343,12.0,0.6238502938920436,5271,BNE_372073_ccrop.jpg,BNE,A_sepakat_band,unsegmented-band,Neutrophil,test,-1.1648816870127447
23.53720459187964,0.5,0.021242964433104368,9602,BNE_840814_ccrop.jpg,BNE,A_sepakat_band,unsegmented-band,Neutrophil,test,1.8180839427256288
23.194827009486403,3.0,0.12933918406776806,6862,SNE_537361_ccrop.jpg,SNE,B_sepakat_segmented,segmented-multilobed,Neutrophil,test,2.9468237767857506
21.95449840010015,16.5,0.751554405812557,5442,BNE_955134_ccrop.jpg,BNE,A_sepakat_band,unsegmented-band,Neutrophil,test,-3.3012627053393366
26.627053911388696,8.0,0.3004463064754719,6292,SNE_69616_ccrop.jpg,SNE,C_konflik_SNE_dianotasi_band,unsegmented-band,Neutrophil,test,-0.9032934001478345
24.041630560342615,4.0,0.1663780661615406,5256,SNE_983818_ccrop.jpg,SNE,B_sepakat_segmented,segmented-bilobed,Neutrophil,test,-0.5409219048738176
20.024984394500787,2.0,0.09987523388778446,5773,SNE_689137_ccrop.jpg,SNE,B_sepakat_segmented,segmented-bilobed,Neutrophil,test,1.1277849366494301
17.0,1.5,0.08823529411764706,5842,SNE_120844_ccrop.jpg,SNE,C_konflik_SNE_dianotasi_band,unsegmented-band,Neutrophil,test,1.4219476470753971
22.360679774997898,2.0,0.08944271909999159,5375,BNE_379425_ccrop.jpg,BNE,A_sepakat_band,unsegmented-band,Neutrophil,test,1.0565235351722286
21.0,1.0,0.047619047619047616,5423,SNE_297935_ccrop.jpg,SNE,B_sepakat_segmented,segmented-bilobed,Neutrophil,test,1.9342555614305432
24.698178070456937,13.0,0.5263546146162954,7797,BNE_599043_ccrop.jpg,BNE,A_sepakat_band,unsegmented-band,Neutrophil,test,0.043394116376337166
26.076809620810597,1.5,0.05752237416355278,6105,SNE_17629_ccrop.jpg,SNE,C_konflik_SNE_dianotasi_band,unsegmented-band,Neutrophil,test,-0.10960093306724872
19.697715603592208,8.5,0.43152212018178815,5379,BNE_556740_ccrop.jpg,BNE,A_sepakat_band,unsegmented-band,Neutrophil,test,0.20437581959185103
23.021728866442675,11.5,0.4995280791775298,5662,BNE_120913_ccrop.jpg,BNE,A_sepakat_band,unsegmented-band,Neutrophil,test,-1.033548867342061
22.825424421026653,11.5,0.5038241474890721,6313,BNE_423757_ccrop.jpg,BNE,A_sepakat_band,unsegmented-band,Neutrophil,test,-1.6055954710218128
23.430749027719962,9.5,0.40545011978750395,4924,BNE_531726_ccrop.jpg,BNE,A_sepakat_band,unsegmented-band,Neutrophil,test,-2.262625879203192
19.924858845171276,9.0,0.451697051905646,5578,SNE_744858_ccrop.jpg,SNE,C_konflik_SNE_dianotasi_band,unsegmented-band,Neutrophil,test,-0.16482223928883855
19.235384061671343,9.0,0.46788772041903276,5055,BNE_616743_ccrop.jpg,BNE,A_sepakat_band,unsegmented-band,Neutrophil,test,-1.816915269267863
18.35755975068582,10.0,0.5447347107028433,5259,SNE_164455_ccrop.jpg,SNE,B_sepakat_segmented,segmented-bilobed,Neutrophil,test,-0.3216458603403165
19.4164878389476,7.5,0.38626965196845353,5657,SNE_64185_ccrop.jpg,SNE,B_sepakat_segmented,segmented-multilobed,Neutrophil,test,1.713643095206507
22.02271554554524,10.0,0.45407660918649984,6264,SNE_841201_ccrop.jpg,SNE,C_konflik_SNE_dianotasi_band,unsegmented-band,Neutrophil,test,-0.07853732218315024
20.024984394500787,1.5,0.07490642541583835,5919,SNE_164897_ccrop.jpg,SNE,B_sepakat_segmented,segmented-multilobed,Neutrophil,test,2.616840403191774
21.840329667841555,2.0,0.09157370929912602,5609,SNE_6105_ccrop.jpg,SNE,B_sepakat_segmented,segmented-bilobed,Neutrophil,test,0.9643911037688238
24.186773244895647,3.0,0.12403473458920847,5170,BNE_514118_ccrop.jpg,BNE,A_sepakat_band,unsegmented-band,Neutrophil,test,-0.3406674893204116
18.384776310850235,9.5,0.5167318785594002,4749,BNE_814008_ccrop.jpg,BNE,A_sepakat_band,unsegmented-band,Neutrophil,test,-0.33464396473496016
22.47220505424423,4.0,0.1779976637959939,6576,SNE_735828_ccrop.jpg,SNE,B_sepakat_segmented,segmented-bilobed,Neutrophil,test,1.5696832765328468
20.223748416156685,13.5,0.6675320381861009,4773,SNE_145127_ccrop.jpg,SNE,C_konflik_SNE_dianotasi_band,unsegmented-band,Neutrophil,test,-2.5308095090981837
24.186773244895647,3.0,0.12403473458920847,5034,SNE_514355_ccrop.jpg,SNE,B_sepakat_segmented,segmented-multilobed,Neutrophil,test,0.1019848802704253
25.709920264364882,4.5,0.17502971435649314,6072,SNE_34243_ccrop.jpg,SNE,B_sepakat_segmented,segmented-bilobed,Neutrophil,test,-0.913235306357107
22.627416997969522,9.5,0.41984465132951254,4774,SNE_254489_ccrop.jpg,SNE,C_konflik_SNE_dianotasi_band,unsegmented-band,Neutrophil,test,-2.5390533958470893
23.08679276123039,12.5,0.5414351022802625,5703,BNE_842928_ccrop.jpg,BNE,A_sepakat_band,unsegmented-band,Neutrophil,test,-0.8102046553056024
20.0,8.0,0.4,5966,SNE_659354_ccrop.jpg,SNE,C_konflik_SNE_dianotasi_band,unsegmented-band,Neutrophil,test,0.6377382373837426
22.20360331117452,10.0,0.450377349111045,5449,BNE_987959_ccrop.jpg,BNE,A_sepakat_band,unsegmented-band,Neutrophil,test,-1.7135853176656255
23.021728866442675,10.0,0.4343722427630694,5145,BNE_808074_ccrop.jpg,BNE,A_sepakat_band,unsegmented-band,Neutrophil,test,-2.5450911451582066
19.6468827043885,8.5,0.43263860877539445,5616,BNE_941004_ccrop.jpg,BNE,A_sepakat_band,unsegmented-band,Neutrophil,test,0.9968084158744093
42.190046219457976,0.5,0.01185113657849943,12202,SNE_151251_ccrop.jpg,SNE,B_sepakat_segmented,segmented-multilobed,Neutrophil,test,0.31374088009518797
34.0,31.0,0.9117647058823529,5393,BNE_98051_ccrop.jpg,BNE,A_sepakat_band,unsegmented-band,Neutrophil,test,-9.413048418458885
18.601075237738275,2.5,0.1344008326426176,4496,SNE_252116_ccrop.jpg,SNE,B_sepakat_segmented,segmented-multilobed,Neutrophil,test,1.3436724684363313
24.0,10.5,0.4375,5635,BNE_289804_ccrop.jpg,BNE,A_sepakat_band,unsegmented-band,Neutrophil,test,-2.991004139106556
21.93171219946131,11.0,0.5015568278463085,6199,BNE_208843_ccrop.jpg,BNE,A_sepakat_band,unsegmented-band,Neutrophil,test,-0.811327240734137
25.45584412271571,18.0,0.7071067811865476,5665,BNE_889212_ccrop.jpg,BNE,A_sepakat_band,unsegmented-band,Neutrophil,test,-4.966074973380804
22.20360331117452,12.5,0.5629716863888062,4056,SNE_390699_ccrop.jpg,SNE,C_konflik_SNE_dianotasi_band,unsegmented-band,Neutrophil,test,-3.200941863151039
21.213203435596427,2.0,0.09428090415820634,6050,SNE_415670_ccrop.jpg,SNE,B_sepakat_segmented,segmented-multilobed,Neutrophil,test,2.8149960597864343
21.2602916254693,1.0,0.047036043419179864,5707,SNE_278647_ccrop.jpg,SNE,B_sepakat_segmented,segmented-bilobed,Neutrophil,test,1.8292523831157368
33.24154027718932,13.0,0.39107694443752145,6763,BNE_766773_ccrop.jpg,BNE,E_lainnya,irregular,Neutrophil,test,-4.315260299148397
21.633307652783937,0.5,0.023112508176051212,4744,SNE_629685_ccrop.jpg,SNE,B_sepakat_segmented,segmented-bilobed,Neutrophil,test,-0.03299034420845892
23.40939982143925,12.5,0.5339735360729756,4624,BNE_966230_ccrop.jpg,BNE,A_sepakat_band,unsegmented-band,Neutrophil,test,-3.6816016960172977
21.02379604162864,3.0,0.14269544824634822,5743,SNE_433858_ccrop.jpg,SNE,B_sepakat_segmented,segmented-bilobed,Neutrophil,test,2.3369050459233307
20.0,12.5,0.625,4467,BNE_911646_ccrop.jpg,BNE,A_sepakat_band,unsegmented-band,Neutrophil,test,-2.6268004673998977
29.614185789921695,18.5,0.6247006124441863,7627,BNE_918862_ccrop.jpg,BNE,A_sepakat_band,unsegmented-band,Neutrophil,test,-4.497311945360629
20.024984394500787,11.5,0.5742825948547606,5113,BNE_98657_ccrop.jpg,BNE,A_sepakat_band,unsegmented-band,Neutrophil,test,-0.6518000301074522
20.0,8.0,0.4,5819,SNE_827687_ccrop.jpg,SNE,C_konflik_SNE_dianotasi_band,unsegmented-band,Neutrophil,test,1.8366292986874164
21.95449840010015,2.5,0.11387187966856924,6567,BNE_973323_ccrop.jpg,BNE,A_sepakat_band,unsegmented-band,Neutrophil,test,0.27987351544269323
19.4164878389476,6.5,0.3347670317059931,5220,SNE_193682_ccrop.jpg,SNE,B_sepakat_segmented,segmented-bilobed,Neutrophil,test,0.13042792848660234
20.518284528683193,9.5,0.46300166988715036,5099,SNE_390859_ccrop.jpg,SNE,C_konflik_SNE_dianotasi_band,unsegmented-band,Neutrophil,test,-0.09367797878826956
23.0,14.0,0.6086956521739131,5884,BNE_173170_ccrop.jpg,BNE,A_sepakat_band,unsegmented-band,Neutrophil,test,-1.8732025595706325
20.615528128088304,1.0,0.048507125007266595,6560,SNE_204075_ccrop.jpg,SNE,B_sepakat_segmented,segmented-multilobed,Neutrophil,test,2.2818148402685265
21.93171219946131,8.5,0.38756663969942023,6614,SNE_550192_ccrop.jpg,SNE,C_konflik_SNE_dianotasi_band,unsegmented-band,Neutrophil,test,0.2492305046781027
27.892651361962706,2.0,0.07170347393820747,6797,SNE_874225_ccrop.jpg,SNE,B_sepakat_segmented,segmented-multilobed,Neutrophil,test,-0.26801891516050524
24.758836806279895,2.0,0.08077923917220194,8309,SNE_715571_ccrop.jpg,SNE,B_sepakat_segmented,segmented-multilobed,Neutrophil,test,2.8108379909875136
20.615528128088304,7.5,0.36380343755449945,4770,SNE_330099_ccrop.jpg,SNE,C_konflik_SNE_dianotasi_band,unsegmented-band,Neutrophil,test,-0.41711530848539446
21.93171219946131,9.0,0.4103646773287979,5475,BNE_37587_ccrop.jpg,BNE,A_sepakat_band,unsegmented-band,Neutrophil,test,0.07725471551935925
21.095023109728988,7.5,0.35553409735498287,5353,BNE_489658_ccrop.jpg,BNE,A_sepakat_band,unsegmented-band,Neutrophil,test,-0.30945985414313704
23.0,14.5,0.6304347826086957,5572,SNE_372299_ccrop.jpg,SNE,C_konflik_SNE_dianotasi_band,unsegmented-band,Neutrophil,test,-1.8297831716646726
23.853720883753127,11.0,0.4611439889653504,6362,BNE_174048_ccrop.jpg,BNE,A_sepakat_band,unsegmented-band,Neutrophil,test,-1.3267824322694768
26.92582403567252,18.5,0.6870727512550919,6231,BNE_256074_ccrop.jpg,BNE,A_sepakat_band,unsegmented-band,Neutrophil,test,-4.447327015364486
17.88854381999832,11.0,0.6149186938124421,5318,BNE_81058_ccrop.jpg,BNE,A_sepakat_band,unsegmented-band,Neutrophil,test,-0.010829957768720533
20.8806130178211,3.0,0.1436739427831727,5754,SNE_974314_ccrop.jpg,SNE,C_konflik_SNE_dianotasi_band,unsegmented-band,Neutrophil,test,0.1057275052337534
20.12461179749811,5.0,0.24845199749997662,4889,BNE_846661_ccrop.jpg,BNE,A_sepakat_band,unsegmented-band,Neutrophil,test,0.25062538912658017
22.627416997969522,2.0,0.08838834764831843,5605,SNE_606249_ccrop.jpg,SNE,B_sepakat_segmented,segmented-bilobed,Neutrophil,test,1.4853858584842117
31.38470965295043,29.0,0.9240168324218909,6984,BNE_785852_ccrop.jpg,BNE,A_sepakat_band,unsegmented-band,Neutrophil,test,-7.504006092260873
19.79898987322333,1.5,0.07576144084141581,4880,SNE_621758_ccrop.jpg,SNE,B_sepakat_segmented,segmented-multilobed,Neutrophil,test,2.363807170503014
24.20743687382041,11.0,0.4544058116246152,5842,SNE_145546_ccrop.jpg,SNE,C_konflik_SNE_dianotasi_band,unsegmented-band,Neutrophil,test,-1.455424820038349
25.059928172283335,1.0,0.03990434422338111,6407,BNE_817919_ccrop.jpg,BNE,A_sepakat_band,unsegmented-band,Neutrophil,test,0.11385063143974605
24.08318915758459,1.0,0.041522739926869986,6666,SNE_710179_ccrop.jpg,SNE,B_sepakat_segmented,segmented-bilobed,Neutrophil,test,1.663552733290004
20.12461179749811,3.0,0.14907119849998599,4922,BNE_936163_ccrop.jpg,BNE,A_sepakat_band,unsegmented-band,Neutrophil,test,-1.2819987197628926
18.027756377319946,7.5,0.41602514716892186,5368,SNE_860657_ccrop.jpg,SNE,C_konflik_SNE_dianotasi_band,unsegmented-band,Neutrophil,test,1.7733762073467982
18.384776310850235,2.0,0.10878565864408424,4840,SNE_286987_ccrop.jpg,SNE,B_sepakat_segmented,segmented-bilobed,Neutrophil,test,1.5840023681348168
26.076809620810597,11.0,0.42183074386605374,5955,BNE_101007_ccrop.jpg,BNE,A_sepakat_band,unsegmented-band,Neutrophil,test,-1.2977674152374412
21.470910553583888,2.5,0.11643660820815557,4712,BNE_269318_ccrop.jpg,BNE,A_sepakat_band,unsegmented-band,Neutrophil,test,-0.0898826635891492
24.08318915758459,15.0,0.6228410989030497,6675,BNE_349340_ccrop.jpg,BNE,A_sepakat_band,unsegmented-band,Neutrophil,test,-1.2884098720231165
25.495097567963924,11.5,0.45106711081782325,6367,BNE_778432_ccrop.jpg,BNE,A_sepakat_band,unsegmented-band,Neutrophil,test,-1.4638610752997323
27.459060435491963,11.5,0.4188052984193071,4993,BNE_911025_ccrop.jpg,BNE,A_sepakat_band,unsegmented-band,Neutrophil,test,-3.924093344433894
19.697715603592208,2.0,0.10153461651336192,5311,SNE_443914_ccrop.jpg,SNE,B_sepakat_segmented,segmented-bilobed,Neutrophil,test,1.7406268895121109
23.345235059857504,15.0,0.642529405317179,4843,BNE_513021_ccrop.jpg,BNE,A_sepakat_band,unsegmented-band,Neutrophil,test,-2.8614589240499075
19.0,9.0,0.47368421052631576,5146,BNE_808363_ccrop.jpg,BNE,A_sepakat_band,unsegmented-band,Neutrophil,test,1.483997308170368
28.284271247461902,16.0,0.565685424949238,7522,BNE_937245_ccrop.jpg,BNE,A_sepakat_band,unsegmented-band,Neutrophil,test,-3.098083828311612
23.345235059857504,9.5,0.40693529003421336,4978,BNE_45687_ccrop.jpg,BNE,A_sepakat_band,unsegmented-band,Neutrophil,test,-2.3017903861220272
21.633307652783937,10.5,0.4853626716970754,6554,BNE_524065_ccrop.jpg,BNE,A_sepakat_band,unsegmented-band,Neutrophil,test,0.20011252149643788
21.95449840010015,3.0,0.13664625560228308,5834,SNE_157076_ccrop.jpg,SNE,B_sepakat_segmented,segmented-bilobed,Neutrophil,test,-0.34409036966223816
19.697715603592208,2.5,0.12691827064170239,6334,SNE_613779_ccrop.jpg,SNE,B_sepakat_segmented,segmented-bilobed,Neutrophil,test,2.2206591585707542
19.4164878389476,2.0,0.10300524052492095,6630,SNE_224317_ccrop.jpg,SNE,B_sepakat_segmented,segmented-multilobed,Neutrophil,test,3.4702788775554607
20.8806130178211,11.0,0.5268044568716332,5896,BNE_992115_ccrop.jpg,BNE,A_sepakat_band,unsegmented-band,Neutrophil,test,-0.003732683395698544
25.632011235952593,3.0,0.11704114719613057,6248,SNE_763224_ccrop.jpg,SNE,B_sepakat_segmented,segmented-bilobed,Neutrophil,test,-0.502856555907023
25.495097567963924,6.5,0.25495097567963926,6029,BNE_384128_ccrop.jpg,BNE,A_sepakat_band,unsegmented-band,Neutrophil,test,-1.6322689349988462
21.095023109728988,9.0,0.4266409168259795,5322,BNE_678750_ccrop.jpg,BNE,A_sepakat_band,unsegmented-band,Neutrophil,test,0.0780887051796757
20.518284528683193,13.5,0.6579497414185821,4508,BNE_426408_ccrop.jpg,BNE,A_sepakat_band,unsegmented-band,Neutrophil,test,-2.13316618661265
35.34119409414458,32.5,0.9196067318332257,6448,BNE_278119_ccrop.jpg,BNE,E_lainnya,unsegmented-round,Neutrophil,test,-9.327301745048256
26.68332812825267,10.5,0.39350413672282725,6889,SNE_975451_ccrop.jpg,SNE,B_sepakat_segmented,segmented-bilobed,Neutrophil,test,-1.4044199985513188
21.213203435596427,11.0,0.5185449728701348,6764,BNE_316618_ccrop.jpg,BNE,A_sepakat_band,unsegmented-band,Neutrophil,test,0.5923478232570147
15.264337522473747,10.0,0.6551217820804184,4715,SNE_813985_ccrop.jpg,SNE,C_konflik_SNE_dianotasi_band,unsegmented-band,Neutrophil,test,0.5704936210222087
18.681541692269406,11.0,0.5888165003294081,4388,BNE_348065_ccrop.jpg,BNE,A_sepakat_band,unsegmented-band,Neutrophil,test,-1.0807093196648605
24.041630560342615,3.0,0.12478354962115545,6305,SNE_621549_ccrop.jpg,SNE,B_sepakat_segmented,segmented-bilobed,Neutrophil,test,1.653855537212701
22.627416997969522,10.0,0.44194173824159216,5842,BNE_753173_ccrop.jpg,BNE,A_sepakat_band,unsegmented-band,Neutrophil,test,-0.9150876610743452
18.973665961010276,3.0,0.15811388300841897,6236,SNE_624137_ccrop.jpg,SNE,B_sepakat_segmented,segmented-multilobed,Neutrophil,test,1.216673912577729
22.20360331117452,6.0,0.27022640946662696,6014,SNE_64196_ccrop.jpg,SNE,B_sepakat_segmented,segmented-bilobed,Neutrophil,test,-0.32640882352511547
23.08679276123039,10.0,0.43314808182420994,6738,SNE_363098_ccrop.jpg,SNE,C_konflik_SNE_dianotasi_band,unsegmented-band,Neutrophil,test,0.4206560414534186
26.870057685088806,4.0,0.14886458551295736,6670,SNE_588235_ccrop.jpg,SNE,B_sepakat_segmented,segmented-multilobed,Neutrophil,test,0.4250803450870144
22.47220505424423,2.0,0.08899883189799696,5787,SNE_24189_ccrop.jpg,SNE,B_sepakat_segmented,segmented-bilobed,Neutrophil,test,1.2284966705974938
24.515301344262525,13.5,0.5506764861024028,5862,BNE_265195_ccrop.jpg,BNE,A_sepakat_band,unsegmented-band,Neutrophil,test,-2.0655515779076747
20.518284528683193,11.5,0.5604757056528662,5307,SNE_952749_ccrop.jpg,SNE,C_konflik_SNE_dianotasi_band,unsegmented-band,Neutrophil,test,-1.276171207647815
20.223748416156685,9.0,0.4450213587907339,5809,SNE_467597_ccrop.jpg,SNE,C_konflik_SNE_dianotasi_band,unsegmented-band,Neutrophil,test,0.21031581770365015
24.698178070456937,1.5,0.060733224763418706,6315,SNE_339610_ccrop.jpg,SNE,B_sepakat_segmented,segmented-multilobed,Neutrophil,test,2.753949732425104
19.697715603592208,1.0,0.05076730825668096,5360,SNE_648700_ccrop.jpg,SNE,B_sepakat_segmented,segmented-multilobed,Neutrophil,test,2.5763309425771457
19.924858845171276,0.5,0.02509428066142478,5480,SNE_133532_ccrop.jpg,SNE,B_sepakat_segmented,segmented-multilobed,Neutrophil,test,2.7174831190036413
27.018512172212592,15.0,0.555174907648204,5109,BNE_347448_ccrop.jpg,BNE,A_sepakat_band,unsegmented-band,Neutrophil,test,-4.3520193785238135
19.72308292331602,13.5,0.6844771708605817,5411,SNE_364981_ccrop.jpg,SNE,C_konflik_SNE_dianotasi_band,unsegmented-band,Neutrophil,test,-0.6553804316906806
21.93171219946131,10.0,0.4559607525875532,4622,SNE_915927_ccrop.jpg,SNE,C_konflik_SNE_dianotasi_band,unsegmented-band,Neutrophil,test,-3.063273061676199
22.360679774997898,9.5,0.42485291572496003,4498,BNE_120491_ccrop.jpg,BNE,A_sepakat_band,unsegmented-band,Neutrophil,test,-0.5091975632961425
26.0,18.5,0.7115384615384616,7601,BNE_631496_ccrop.jpg,BNE,A_sepakat_band,unsegmented-band,Neutrophil,test,-3.2633455233094324
18.973665961010276,11.0,0.5797509043642028,5387,BNE_490548_ccrop.jpg,BNE,A_sepakat_band,unsegmented-band,Neutrophil,test,-0.3084578805223206
20.615528128088304,2.0,0.09701425001453319,5875,SNE_501283_ccrop.jpg,SNE,B_sepakat_segmented,segmented-bilobed,Neutrophil,test,1.7455347921682254
18.973665961010276,2.5,0.13176156917368248,6385,SNE_142258_ccrop.jpg,SNE,B_sepakat_segmented,segmented-bilobed,Neutrophil,test,2.7892133029750834
26.1725046566048,1.5,0.05731205399256526,5961,SNE_732623_ccrop.jpg,SNE,B_sepakat_segmented,segmented-bilobed,Neutrophil,test,0.18611317836673358
21.93171219946131,2.0,0.09119215051751065,6401,SNE_57295_ccrop.jpg,SNE,C_konflik_SNE_dianotasi_band,unsegmented-band,Neutrophil,test,2.071930430245793
19.313207915827967,11.0,0.5695584103863475,5230,SNE_460781_ccrop.jpg,SNE,C_konflik_SNE_dianotasi_band,unsegmented-band,Neutrophil,test,0.366706743551493
20.09975124224178,2.5,0.12437964877624864,5099,SNE_753316_ccrop.jpg,SNE,B_sepakat_segmented,segmented-bilobed,Neutrophil,test,2.322718102814603
19.209372712298546,4.0,0.20823168251814142,6387,BNE_876156_ccrop.jpg,BNE,A_sepakat_band,unsegmented-band,Neutrophil,test,0.8583137405202521
29.68164415931166,21.5,0.7243534045688997,7517,BNE_342517_ccrop.jpg,BNE,A_sepakat_band,unsegmented-band,Neutrophil,test,-5.172444353573095
19.235384061671343,3.0,0.1559625734730109,5695,SNE_459251_ccrop.jpg,SNE,C_konflik_SNE_dianotasi_band,unsegmented-band,Neutrophil,test,-1.5066774247443675
18.681541692269406,4.0,0.2141150910288757,5771,SNE_445423_ccrop.jpg,SNE,B_sepakat_segmented,segmented-multilobed,Neutrophil,test,1.4435191975522397
22.80350850198276,5.0,0.21926450482675733,5425,SNE_131610_ccrop.jpg,SNE,B_sepakat_segmented,segmented-bilobed,Neutrophil,test,-0.9964552092807644
18.027756377319946,1.5,0.08320502943378437,5371,SNE_649747_ccrop.jpg,SNE,B_sepakat_segmented,segmented-bilobed,Neutrophil,test,1.4776577955287715
19.924858845171276,2.0,0.10037712264569912,6801,SNE_908590_ccrop.jpg,SNE,B_sepakat_segmented,segmented-multilobed,Neutrophil,test,2.8842098390443667
20.024984394500787,8.0,0.39950093555113786,6445,SNE_897183_ccrop.jpg,SNE,C_konflik_SNE_dianotasi_band,unsegmented-band,Neutrophil,test,1.5467641774889307
18.0,1.0,0.05555555555555555,5379,SNE_927649_ccrop.jpg,SNE,B_sepakat_segmented,segmented-bilobed,Neutrophil,test,2.2923525921917864
24.596747752497688,1.5,0.06098367211363063,6017,SNE_95665_ccrop.jpg,SNE,C_konflik_SNE_dianotasi_band,unsegmented-band,Neutrophil,test,-1.972835117681841
26.019223662515376,18.5,0.7110127588722812,5248,BNE_622154_ccrop.jpg,BNE,A_sepakat_band,unsegmented-band,Neutrophil,test,-5.3830366906084315
24.08318915758459,1.5,0.06228410989030497,5535,SNE_635074_ccrop.jpg,SNE,B_sepakat_segmented,segmented-bilobed,Neutrophil,test,-0.03420806788072461
19.79898987322333,13.5,0.6818529675727423,5672,BNE_135118_ccrop.jpg,BNE,A_sepakat_band,unsegmented-band,Neutrophil,test,-0.8681077368939984
29.017236257093817,25.0,0.861556895994472,5692,BNE_909035_ccrop.jpg,BNE,A_sepakat_band,unsegmented-band,Neutrophil,test,-6.949935776228424
28.0,18.5,0.6607142857142857,4936,BNE_580781_ccrop.jpg,BNE,A_sepakat_band,unsegmented-band,Neutrophil,test,-5.539836296205422
18.788294228055936,0.5,0.026612314770617474,5805,SNE_810873_ccrop.jpg,SNE,B_sepakat_segmented,segmented-multilobed,Neutrophil,test,1.1966664274065
19.0,2.0,0.10526315789473684,6560,SNE_506153_ccrop.jpg,SNE,B_sepakat_segmented,segmented-bilobed,Neutrophil,test,1.7858845735196986
19.1049731745428,8.0,0.418739138072171,5488,SNE_832642_ccrop.jpg,SNE,C_konflik_SNE_dianotasi_band,unsegmented-band,Neutrophil,test,-0.10320740702397302
24.73863375370596,5.0,0.20211302086361083,6048,SNE_809080_ccrop.jpg,SNE,C_konflik_SNE_dianotasi_band,unsegmented-band,Neutrophil,test,0.18742349784587908
20.808652046684813,10.0,0.4805693313322127,4784,SNE_328930_ccrop.jpg,SNE,C_konflik_SNE_dianotasi_band,unsegmented-band,Neutrophil,test,-1.103885413701036
23.0,12.5,0.5434782608695652,6340,BNE_168051_ccrop.jpg,BNE,A_sepakat_band,unsegmented-band,Neutrophil,test,-2.145708257067227
23.853720883753127,3.0,0.12576654244509555,4526,SNE_196369_ccrop.jpg,SNE,B_sepakat_segmented,segmented-bilobed,Neutrophil,test,-0.3139155622119336
20.591260281974,10.0,0.48564293117863205,5752,BNE_602066_ccrop.jpg,BNE,A_sepakat_band,unsegmented-band,Neutrophil,test,-0.07935370008802778
30.805843601498726,16.0,0.5193819785289564,6273,BNE_239636_ccrop.jpg,BNE,A_sepakat_band,unsegmented-band,Neutrophil,test,-4.873611942541849
24.166091947189145,9.0,0.37242264987106555,5387,BNE_847477_ccrop.jpg,BNE,A_sepakat_band,unsegmented-band,Neutrophil,test,-1.8125024026764365
25.0,2.5,0.1,7668,SNE_446923_ccrop.jpg,SNE,C_konflik_SNE_dianotasi_band,unsegmented-band,Neutrophil,test,0.1966756555208935
20.615528128088304,8.5,0.412310562561766,6650,SNE_143231_ccrop.jpg,SNE,C_konflik_SNE_dianotasi_band,unsegmented-band,Neutrophil,test,0.29973014398020936
25.96150997149434,17.0,0.6548155334056436,5464,BNE_900832_ccrop.jpg,BNE,A_sepakat_band,unsegmented-band,Neutrophil,test,-4.810640313049769
21.213203435596427,3.0,0.1414213562373095,5286,SNE_938139_ccrop.jpg,SNE,C_konflik_SNE_dianotasi_band,unsegmented-band,Neutrophil,test,1.1970394492018173
22.360679774997898,4.5,0.20124611797498107,5497,BNE_26083_ccrop.jpg,BNE,A_sepakat_band,unsegmented-band,Neutrophil,test,-0.3961751227246104
25.059928172283335,3.5,0.1396652047818339,6219,BNE_312496_ccrop.jpg,BNE,A_sepakat_band,unsegmented-band,Neutrophil,test,-0.9063723133676937
26.68332812825267,17.5,0.6558402278713787,7582,BNE_889353_ccrop.jpg,BNE,A_sepakat_band,unsegmented-band,Neutrophil,test,-4.643309403779339
26.0,18.5,0.7115384615384616,4495,SNE_388847_ccrop.jpg,SNE,C_konflik_SNE_dianotasi_band,unsegmented-band,Neutrophil,test,-4.932620369501047
23.53720459187964,11.5,0.48858818196140047,7416,BNE_472201_ccrop.jpg,BNE,A_sepakat_band,unsegmented-band,Neutrophil,test,-0.6436742946733212
24.20743687382041,18.5,0.7642279559141255,4873,BNE_56375_ccrop.jpg,BNE,A_sepakat_band,unsegmented-band,Neutrophil,test,-4.934869354859355
16.1245154965971,8.0,0.49613893835683387,5197,BNE_567004_ccrop.jpg,BNE,A_sepakat_band,unsegmented-band,Neutrophil,test,1.5247566730932496
28.178005607210743,14.5,0.5145857447160651,6247,BNE_489422_ccrop.jpg,BNE,A_sepakat_band,unsegmented-band,Neutrophil,test,-2.4074045833759765
24.758836806279895,5.0,0.20194809793050483,5638,BNE_848315_ccrop.jpg,BNE,A_sepakat_band,unsegmented-band,Neutrophil,test,0.9781949779151713
22.135943621178654,17.5,0.7905694150420949,6287,BNE_305252_ccrop.jpg,BNE,A_sepakat_band,unsegmented-band,Neutrophil,test,-2.9144252400185344
29.614185789921695,20.0,0.6753520134531743,6251,BNE_974504_ccrop.jpg,BNE,A_sepakat_band,unsegmented-band,Neutrophil,test,-5.2872412914803775
21.93171219946131,1.0,0.04559607525875532,5339,SNE_663742_ccrop.jpg,SNE,B_sepakat_segmented,segmented-multilobed,Neutrophil,test,-1.2546332547629362
25.179356624028344,12.5,0.496438419243461,5399,BNE_263455_ccrop.jpg,BNE,A_sepakat_band,unsegmented-band,Neutrophil,test,-2.538282932134397
20.396078054371138,4.0,0.19611613513818404,4668,BNE_787071_ccrop.jpg,BNE,A_sepakat_band,unsegmented-band,Neutrophil,test,1.963067291945631
17.88854381999832,2.0,0.11180339887498948,5905,SNE_517469_ccrop.jpg,SNE,B_sepakat_segmented,segmented-multilobed,Neutrophil,test,2.951378564593676
20.0,12.5,0.625,5274,BNE_592314_ccrop.jpg,BNE,A_sepakat_band,unsegmented-band,Neutrophil,test,-1.4464624902042882
27.018512172212592,17.5,0.6477040589229046,5402,BNE_956550_ccrop.jpg,BNE,A_sepakat_band,unsegmented-band,Neutrophil,test,-4.9188107176504765
17.0,1.5,0.08823529411764706,5628,SNE_847185_ccrop.jpg,SNE,B_sepakat_segmented,segmented-bilobed,Neutrophil,test,2.524758117410177
28.160255680657446,15.0,0.5326656181713263,5405,BNE_416205_ccrop.jpg,BNE,A_sepakat_band,unsegmented-band,Neutrophil,test,-2.6006362520206814
26.627053911388696,10.5,0.39433577724905683,6380,BNE_280282_ccrop.jpg,BNE,A_sepakat_band,unsegmented-band,Neutrophil,test,-1.0719339357371016
30.083217912982647,24.0,0.7977869943774404,4447,BNE_864076_ccrop.jpg,BNE,E_lainnya,irregular,Neutrophil,test,-8.34935139721306
28.635642126552707,3.5,0.12222530175967618,5707,SNE_379032_ccrop.jpg,SNE,C_konflik_SNE_dianotasi_band,unsegmented-band,Neutrophil,test,-1.2742698346689085
30.01666203960727,10.0,0.33314830232638476,7615,SNE_344985_ccrop.jpg,SNE,C_konflik_SNE_dianotasi_band,unsegmented-band,Neutrophil,test,-2.7709304061568396
27.85677655436824,14.0,0.5025707110324167,7150,BNE_506191_ccrop.jpg,BNE,A_sepakat_band,unsegmented-band,Neutrophil,test,-3.447651439440026
20.0,2.0,0.1,5232,SNE_842165_ccrop.jpg,SNE,B_sepakat_segmented,segmented-bilobed,Neutrophil,test,0.20196009067900533
28.861739379323623,18.0,0.6236630358077134,7093,BNE_96489_ccrop.jpg,BNE,A_sepakat_band,unsegmented-band,Neutrophil,test,-4.308688548747465
19.924858845171276,9.0,0.451697051905646,4796,BNE_160527_ccrop.jpg,BNE,A_sepakat_band,unsegmented-band,Neutrophil,test,0.12034593812586358
26.90724809414742,17.5,0.6503823779662705,7783,BNE_940318_ccrop.jpg,BNE,A_sepakat_band,unsegmented-band,Neutrophil,test,-2.425173619824557
23.600847442411894,13.0,0.5508276781891465,6036,BNE_592877_ccrop.jpg,BNE,A_sepakat_band,unsegmented-band,Neutrophil,test,-1.345803658874818
18.384776310850235,10.5,0.5711247078814422,5245,SNE_873982_ccrop.jpg,SNE,C_konflik_SNE_dianotasi_band,unsegmented-band,Neutrophil,test,0.1993291183946173
21.470910553583888,3.5,0.16301125149141782,4861,SNE_871577_ccrop.jpg,SNE,B_sepakat_segmented,segmented-bilobed,Neutrophil,test,1.0427148204392962
25.495097567963924,2.0,0.07844645405527362,7434,SNE_395210_ccrop.jpg,SNE,B_sepakat_segmented,segmented-bilobed,Neutrophil,test,0.9496918248994461
20.024984394500787,2.0,0.09987523388778446,6684,SNE_504764_ccrop.jpg,SNE,B_sepakat_segmented,segmented-multilobed,Neutrophil,test,3.277131519541962
21.400934559032695,9.0,0.420542382164398,6058,BNE_996898_ccrop.jpg,BNE,A_sepakat_band,unsegmented-band,Neutrophil,test,-0.20687248492158972
20.0,8.5,0.425,5105,BNE_638211_ccrop.jpg,BNE,A_sepakat_band,unsegmented-band,Neutrophil,test,0.8444153387131585
20.248456731316587,1.5,0.07407971974871923,5953,SNE_144826_ccrop.jpg,SNE,B_sepakat_segmented,segmented-multilobed,Neutrophil,test,1.9761016928456474
17.72004514666935,7.5,0.42324948598732526,4879,BNE_31047_ccrop.jpg,BNE,A_sepakat_band,unsegmented-band,Neutrophil,test,0.9737656796176335
19.235384061671343,8.0,0.4159001959280291,5413,SNE_81791_ccrop.jpg,SNE,C_konflik_SNE_dianotasi_band,unsegmented-band,Neutrophil,test,0.9956118162136418
21.0,2.0,0.09523809523809523,6501,SNE_235627_ccrop.jpg,SNE,B_sepakat_segmented,segmented-multilobed,Neutrophil,test,3.681576725144012
21.633307652783937,11.0,0.5084751798731266,5692,BNE_466488_ccrop.jpg,BNE,A_sepakat_band,unsegmented-band,Neutrophil,test,-0.25196118570995907
29.410882339705484,19.0,0.6460193808721436,5903,BNE_549155_ccrop.jpg,BNE,A_sepakat_band,unsegmented-band,Neutrophil,test,-6.662124518659276
22.02271554554524,7.0,0.3178536264305499,6168,SNE_659530_ccrop.jpg,SNE,B_sepakat_segmented,segmented-bilobed,Neutrophil,test,-0.6848939267314673
19.924858845171276,16.0,0.803016981165593,4471,BNE_287569_ccrop.jpg,BNE,A_sepakat_band,unsegmented-band,Neutrophil,test,-3.046670058864546
21.0,13.0,0.6190476190476191,5507,BNE_832549_ccrop.jpg,BNE,A_sepakat_band,unsegmented-band,Neutrophil,test,-1.973234679093947
23.021728866442675,2.0,0.08687444855261388,5981,SNE_114388_ccrop.jpg,SNE,B_sepakat_segmented,segmented-multilobed,Neutrophil,test,2.5130172618339515
19.6468827043885,14.5,0.738030567910967,5234,BNE_495973_ccrop.jpg,BNE,A_sepakat_band,unsegmented-band,Neutrophil,test,-1.9423094347058676
31.400636936215164,27.0,0.8598551696529507,5673,BNE_656677_ccrop.jpg,BNE,A_sepakat_band,unsegmented-band,Neutrophil,test,-7.343690234415906
17.88854381999832,5.5,0.30745934690622106,5031,SNE_263163_ccrop.jpg,SNE,C_konflik_SNE_dianotasi_band,unsegmented-band,Neutrophil,test,1.2469059528857231
23.345235059857504,13.0,0.5568588179415551,5527,BNE_439737_ccrop.jpg,BNE,A_sepakat_band,unsegmented-band,Neutrophil,test,-2.968101517407751
21.02379604162864,2.5,0.11891287353862351,5158,SNE_484777_ccrop.jpg,SNE,B_sepakat_segmented,segmented-bilobed,Neutrophil,test,0.9440384167073494
18.24828759089466,1.5,0.08219949365267865,5788,SNE_13989_ccrop.jpg,SNE,B_sepakat_segmented,segmented-bilobed,Neutrophil,test,2.0415071427832547
27.202941017470888,2.5,0.09190182776172597,5432,SNE_82483_ccrop.jpg,SNE,B_sepakat_segmented,segmented-bilobed,Neutrophil,test,-0.685299487748031
25.632011235952593,16.0,0.6242194517126963,4838,SNE_480949_ccrop.jpg,SNE,C_konflik_SNE_dianotasi_band,unsegmented-band,Neutrophil,test,-3.5576320671007657
20.8806130178211,12.0,0.5746957711326908,4649,BNE_936581_ccrop.jpg,BNE,A_sepakat_band,unsegmented-band,Neutrophil,test,-1.215378837241964
20.396078054371138,6.5,0.3186887195995491,4820,SNE_323753_ccrop.jpg,SNE,C_konflik_SNE_dianotasi_band,unsegmented-band,Neutrophil,test,1.0131474544444696
25.942243542145693,11.0,0.42401883947043484,6116,BNE_536937_ccrop.jpg,BNE,A_sepakat_band,unsegmented-band,Neutrophil,test,-1.432497897105069
34.20526275297414,21.5,0.6285582471700375,7087,BNE_414406_ccrop.jpg,BNE,A_sepakat_band,unsegmented-band,Neutrophil,test,-5.99058051523855
21.02379604162864,10.0,0.47565149415449404,5854,BNE_593410_ccrop.jpg,BNE,A_sepakat_band,unsegmented-band,Neutrophil,test,-0.018701617026572137
24.166091947189145,3.0,0.12414088329035519,5111,BNE_388799_ccrop.jpg,BNE,A_sepakat_band,unsegmented-band,Neutrophil,test,0.9236576672850534
31.304951684997057,15.5,0.4951293378749534,5886,BNE_105000_ccrop.jpg,BNE,A_sepakat_band,unsegmented-band,Neutrophil,test,-5.667924006190455
27.202941017470888,19.0,0.6984538909891174,5153,BNE_32331_ccrop.jpg,BNE,A_sepakat_band,unsegmented-band,Neutrophil,test,-5.410299809413411
20.615528128088304,6.5,0.31529631254723284,6387,SNE_655718_ccrop.jpg,SNE,C_konflik_SNE_dianotasi_band,unsegmented-band,Neutrophil,test,-0.35791063638485276
24.839484696748443,11.0,0.442843325225661,5784,BNE_321865_ccrop.jpg,BNE,A_sepakat_band,unsegmented-band,Neutrophil,test,-2.1657880273590298
29.614185789921695,24.0,0.8104224161438092,4431,BNE_532125_ccrop.jpg,BNE,A_sepakat_band,unsegmented-band,Neutrophil,test,-8.195460223652848
19.235384061671343,2.5,0.12996881122750908,4897,BNE_866357_ccrop.jpg,BNE,A_sepakat_band,unsegmented-band,Neutrophil,test,-0.45106613930238204
24.839484696748443,3.0,0.12077545233427119,5541,SNE_275361_ccrop.jpg,SNE,C_konflik_SNE_dianotasi_band,unsegmented-band,Neutrophil,test,1.0220226656313702
18.439088914585774,12.5,0.6779076806833005,5769,BNE_918993_ccrop.jpg,BNE,A_sepakat_band,unsegmented-band,Neutrophil,test,-0.36974896257396495
21.095023109728988,17.5,0.8295795604949601,5497,BNE_857629_ccrop.jpg,BNE,A_sepakat_band,unsegmented-band,Neutrophil,test,-3.459577714628809
26.627053911388696,16.0,0.6008926129509438,7414,BNE_981987_ccrop.jpg,BNE,A_sepakat_band,unsegmented-band,Neutrophil,test,-2.651539719960308
21.0,2.0,0.09523809523809523,5626,SNE_207762_ccrop.jpg,SNE,B_sepakat_segmented,segmented-multilobed,Neutrophil,test,1.7062509574975442
23.769728648009426,4.0,0.1682812647646685,5659,SNE_340205_ccrop.jpg,SNE,B_sepakat_segmented,segmented-bilobed,Neutrophil,test,-0.3646779093551551
26.248809496813376,2.0,0.07619393177594593,5352,BNE_380493_ccrop.jpg,BNE,D_konflik_BNE_dianotasi_segmented,segmented-bilobed,Neutrophil,test,-1.4425908539448784
22.47220505424423,2.0,0.08899883189799696,4799,SNE_4152_ccrop.jpg,SNE,B_sepakat_segmented,segmented-bilobed,Neutrophil,test,0.21997914019646636
21.93171219946131,1.0,0.04559607525875532,5516,SNE_118471_ccrop.jpg,SNE,B_sepakat_segmented,segmented-bilobed,Neutrophil,test,1.0678443819605503
21.0,1.5,0.07142857142857142,5227,SNE_682213_ccrop.jpg,SNE,B_sepakat_segmented,segmented-multilobed,Neutrophil,test,1.8474031929811012
22.47220505424423,12.0,0.5339929913879817,4816,BNE_73288_ccrop.jpg,BNE,A_sepakat_band,unsegmented-band,Neutrophil,test,-2.3120318720834376
24.08318915758459,5.0,0.20761369963434992,6477,SNE_409307_ccrop.jpg,SNE,B_sepakat_segmented,segmented-bilobed,Neutrophil,test,-0.06943046715163881
17.204650534085253,2.0,0.11624763874381928,5122,SNE_65396_ccrop.jpg,SNE,C_konflik_SNE_dianotasi_band,unsegmented-band,Neutrophil,test,2.9381511580934534
17.204650534085253,2.0,0.11624763874381928,4952,SNE_185225_ccrop.jpg,SNE,B_sepakat_segmented,segmented-multilobed,Neutrophil,test,2.4910967255609915
20.8806130178211,8.5,0.4070761712189893,5868,BNE_958040_ccrop.jpg,BNE,A_sepakat_band,unsegmented-band,Neutrophil,test,0.541576094980412
19.72308292331602,8.0,0.40561610125071507,5399,SNE_906709_ccrop.jpg,SNE,C_konflik_SNE_dianotasi_band,unsegmented-band,Neutrophil,test,1.052093900656402
24.0,3.0,0.125,5795,SNE_876025_ccrop.jpg,SNE,B_sepakat_segmented,segmented-bilobed,Neutrophil,test,1.5655087651507085
19.313207915827967,5.0,0.25889018653924883,5353,SNE_209297_ccrop.jpg,SNE,B_sepakat_segmented,segmented-multilobed,Neutrophil,test,1.9509332860724724
22.47220505424423,5.0,0.22249707974499242,6195,SNE_403663_ccrop.jpg,SNE,C_konflik_SNE_dianotasi_band,unsegmented-band,Neutrophil,test,1.3017143209007616
17.804493814764857,7.0,0.39315916941121126,5266,BNE_614370_ccrop.jpg,BNE,A_sepakat_band,unsegmented-band,Neutrophil,test,0.21115956871850727
20.518284528683193,9.0,0.4386331609457214,5920,BNE_719678_ccrop.jpg,BNE,A_sepakat_band,unsegmented-band,Neutrophil,test,-1.600940414550582
29.120439557122072,0.5,0.01717007049358613,11206,SNE_316202_ccrop.jpg,SNE,B_sepakat_segmented,segmented-bilobed,Neutrophil,test,1.3541521184082885
24.186773244895647,2.5,0.10336227882434039,6074,SNE_151342_ccrop.jpg,SNE,B_sepakat_segmented,segmented-bilobed,Neutrophil,test,0.22926072328930758
25.632011235952593,15.5,0.6047125938466746,6675,BNE_546901_ccrop.jpg,BNE,A_sepakat_band,unsegmented-band,Neutrophil,test,-2.229374786678177
19.79898987322333,9.5,0.4798224586623001,5801,BNE_270475_ccrop.jpg,BNE,A_sepakat_band,unsegmented-band,Neutrophil,test,0.1654977962934474
25.238858928247925,0.5,0.019810721293758184,7518,SNE_905668_ccrop.jpg,SNE,B_sepakat_segmented,segmented-multilobed,Neutrophil,test,1.800810820181753
23.53720459187964,13.0,0.5523170752607136,4723,BNE_12839_ccrop.jpg,BNE,A_sepakat_band,unsegmented-band,Neutrophil,test,-2.539139701089807
27.784887978899608,21.5,0.7738019320548467,6340,BNE_818983_ccrop.jpg,BNE,A_sepakat_band,unsegmented-band,Neutrophil,test,-5.7040965658228036
17.88854381999832,11.5,0.6428695435311895,4655,BNE_602491_ccrop.jpg,BNE,A_sepakat_band,unsegmented-band,Neutrophil,test,-1.02565794103994
17.26267650163207,2.0,0.11585688927269845,5802,SNE_857357_ccrop.jpg,SNE,B_sepakat_segmented,segmented-bilobed,Neutrophil,test,2.9144655506373045
21.02379604162864,1.0,0.047565149415449405,5775,SNE_541286_ccrop.jpg,SNE,B_sepakat_segmented,segmented-bilobed,Neutrophil,test,0.6757763151098519
25.45584412271571,12.0,0.4714045207910317,6936,BNE_683267_ccrop.jpg,BNE,A_sepakat_band,unsegmented-band,Neutrophil,test,-1.4337902721863944
23.345235059857504,0.5,0.021417646843905968,5087,SNE_725375_ccrop.jpg,SNE,B_sepakat_segmented,segmented-bilobed,Neutrophil,test,-0.7305778446077262
20.024984394500787,0.5,0.024968808471946116,4216,SNE_276067_ccrop.jpg,SNE,B_sepakat_segmented,segmented-multilobed,Neutrophil,test,2.1325758728266093
20.615528128088304,1.5,0.07276068751089988,5377,SNE_622393_ccrop.jpg,SNE,B_sepakat_segmented,segmented-multilobed,Neutrophil,test,4.1478301095996475
19.235384061671343,1.0,0.05198752449100364,6329,SNE_23265_ccrop.jpg,SNE,B_sepakat_segmented,segmented-multilobed,Neutrophil,test,3.7498917075108746
18.027756377319946,6.5,0.36055512754639896,5525,SNE_868570_ccrop.jpg,SNE,B_sepakat_segmented,segmented-multilobed,Neutrophil,test,0.8940907396304434
23.345235059857504,11.5,0.49260587740983725,5743,BNE_328474_ccrop.jpg,BNE,A_sepakat_band,unsegmented-band,Neutrophil,test,-1.6064721018641208
25.0,0.5,0.02,5996,SNE_975635_ccrop.jpg,SNE,B_sepakat_segmented,segmented-multilobed,Neutrophil,test,1.2323354005512144
22.20360331117452,2.0,0.09007546982220899,6377,SNE_56722_ccrop.jpg,SNE,B_sepakat_segmented,segmented-multilobed,Neutrophil,test,2.4067637696101833
21.095023109728988,1.0,0.04740454631399772,4677,SNE_226350_ccrop.jpg,SNE,B_sepakat_segmented,segmented-bilobed,Neutrophil,test,1.543800963180023
19.4164878389476,4.5,0.23176179118107212,6110,BNE_586172_ccrop.jpg,BNE,A_sepakat_band,unsegmented-band,Neutrophil,test,-0.08757410993132275
19.0,4.0,0.21052631578947367,5360,BNE_560491_ccrop.jpg,BNE,A_sepakat_band,unsegmented-band,Neutrophil,test,0.09452820719587685
23.0,2.0,0.08695652173913043,5768,SNE_251761_ccrop.jpg,SNE,B_sepakat_segmented,segmented-multilobed,Neutrophil,test,1.5545952364152038
20.615528128088304,2.0,0.09701425001453319,5798,SNE_901854_ccrop.jpg,SNE,B_sepakat_segmented,segmented-bilobed,Neutrophil,test,1.45928300443666
23.769728648009426,1.0,0.04207031619116713,6182,SNE_285625_ccrop.jpg,SNE,B_sepakat_segmented,segmented-multilobed,Neutrophil,test,2.153066963281784
23.600847442411894,2.0,0.08474271972140715,7357,BNE_170049_ccrop.jpg,BNE,A_sepakat_band,unsegmented-band,Neutrophil,test,-0.3737298959879549
34.785054261852174,27.5,0.7905694150420948,7218,BNE_295701_ccrop.jpg,BNE,A_sepakat_band,unsegmented-band,Neutrophil,test,-8.294861809260496
22.80350850198276,14.0,0.6139406135149205,5174,BNE_792532_ccrop.jpg,BNE,A_sepakat_band,unsegmented-band,Neutrophil,test,-2.915132383348613
19.924858845171276,2.0,0.10037712264569912,6833,SNE_126017_ccrop.jpg,SNE,B_sepakat_segmented,segmented-multilobed,Neutrophil,test,2.2302731801071065
19.72308292331602,0.5,0.02535100632816969,9479,SNE_944463_ccrop.jpg,SNE,B_sepakat_segmented,segmented-multilobed,Neutrophil,test,2.4092823283293807
24.08318915758459,10.0,0.41522739926869984,5304,SNE_418745_ccrop.jpg,SNE,C_konflik_SNE_dianotasi_band,unsegmented-band,Neutrophil,test,-0.006867075455820881
22.0,1.0,0.045454545454545456,5213,SNE_545367_ccrop.jpg,SNE,B_sepakat_segmented,segmented-bilobed,Neutrophil,test,0.6545776472856923
25.96150997149434,10.5,0.4044448882799563,6536,BNE_119250_ccrop.jpg,BNE,A_sepakat_band,unsegmented-band,Neutrophil,test,-1.2191491404678665
28.160255680657446,14.0,0.4971545769599045,5768,SNE_396735_ccrop.jpg,SNE,C_konflik_SNE_dianotasi_band,unsegmented-band,Neutrophil,test,-3.6867529984069787
20.518284528683193,9.0,0.4386331609457214,5561,BNE_532595_ccrop.jpg,BNE,A_sepakat_band,unsegmented-band,Neutrophil,test,-0.5053829155423308
21.840329667841555,16.5,0.7554831017177897,5560,BNE_954919_ccrop.jpg,BNE,A_sepakat_band,unsegmented-band,Neutrophil,test,-3.269587588411655
20.248456731316587,10.0,0.4938647983247948,5520,SNE_646450_ccrop.jpg,SNE,C_konflik_SNE_dianotasi_band,unsegmented-band,Neutrophil,test,-0.12435143304423768
28.442925306655784,19.0,0.6680044262378985,6054,BNE_372754_ccrop.jpg,BNE,A_sepakat_band,unsegmented-band,Neutrophil,test,-5.064015480240972
21.840329667841555,3.0,0.13736056394868904,6692,SNE_696483_ccrop.jpg,SNE,B_sepakat_segmented,segmented-bilobed,Neutrophil,test,1.0165275626131098
30.23243291566195,21.5,0.7111567917797942,4949,BNE_59680_ccrop.jpg,BNE,A_sepakat_band,unsegmented-band,Neutrophil,test,-7.450026971658222
20.223748416156685,10.5,0.5191915852558562,4770,BNE_35858_ccrop.jpg,BNE,A_sepakat_band,unsegmented-band,Neutrophil,test,-2.264095920283438
19.6468827043885,2.5,0.1272466496398219,5833,SNE_55404_ccrop.jpg,SNE,B_sepakat_segmented,segmented-bilobed,Neutrophil,test,1.1545450659092351
20.248456731316587,16.5,0.8148769172359114,5449,BNE_896337_ccrop.jpg,BNE,A_sepakat_band,unsegmented-band,Neutrophil,test,-2.3711115653406036
26.30589287593181,17.0,0.6462430330792497,5942,BNE_51150_ccrop.jpg,BNE,A_sepakat_band,unsegmented-band,Neutrophil,test,-4.213203458411693
18.110770276274835,4.0,0.22086305214969307,4791,SNE_466558_ccrop.jpg,SNE,B_sepakat_segmented,segmented-bilobed,Neutrophil,test,1.5557920337418825
23.0,2.5,0.10869565217391304,5295,SNE_381785_ccrop.jpg,SNE,C_konflik_SNE_dianotasi_band,unsegmented-band,Neutrophil,test,-1.73357276430988
18.439088914585774,1.0,0.05423261445466404,5368,SNE_291570_ccrop.jpg,SNE,B_sepakat_segmented,segmented-bilobed,Neutrophil,test,2.8191816105320413
24.515301344262525,17.0,0.6934444639808036,4946,BNE_710107_ccrop.jpg,BNE,A_sepakat_band,unsegmented-band,Neutrophil,test,-4.195899848655207
23.021728866442675,12.5,0.5429653034538368,4779,BNE_91645_ccrop.jpg,BNE,A_sepakat_band,unsegmented-band,Neutrophil,test,-2.5363133707552787
17.08800749063506,4.5,0.2633425811912938,4506,SNE_211465_ccrop.jpg,SNE,C_konflik_SNE_dianotasi_band,unsegmented-band,Neutrophil,test,1.4690776785725266
27.65863337187866,11.5,0.41578337748575767,6115,BNE_275511_ccrop.jpg,BNE,A_sepakat_band,unsegmented-band,Neutrophil,test,-2.335503155182252
27.202941017470888,18.0,0.6616931598844269,5985,BNE_838349_ccrop.jpg,BNE,A_sepakat_band,unsegmented-band,Neutrophil,test,-3.892946381089029
19.313207915827967,12.0,0.6213364476941973,5459,BNE_6747_ccrop.jpg,BNE,A_sepakat_band,unsegmented-band,Neutrophil,test,-0.01773044500225396
23.194827009486403,2.0,0.08622612271184538,5492,SNE_870699_ccrop.jpg,SNE,B_sepakat_segmented,segmented-bilobed,Neutrophil,test,-0.876252753980939
20.8806130178211,2.5,0.11972828565264391,6632,SNE_688907_ccrop.jpg,SNE,B_sepakat_segmented,segmented-multilobed,Neutrophil,test,2.4926067525857505
21.0,3.0,0.14285714285714285,6102,SNE_460286_ccrop.jpg,SNE,C_konflik_SNE_dianotasi_band,unsegmented-band,Neutrophil,test,1.234870249401249
22.80350850198276,11.5,0.5043083611015419,5357,BNE_874904_ccrop.jpg,BNE,A_sepakat_band,unsegmented-band,Neutrophil,test,-2.8856535827606375
18.439088914585774,2.0,0.10846522890932808,5694,SNE_610263_ccrop.jpg,SNE,B_sepakat_segmented,segmented-multilobed,Neutrophil,test,2.1152285821485446
22.360679774997898,9.0,0.40249223594996214,5272,SNE_758302_ccrop.jpg,SNE,C_konflik_SNE_dianotasi_band,unsegmented-band,Neutrophil,test,-0.3662849491034521
24.08318915758459,12.0,0.4982728791224398,5039,SNE_336220_ccrop.jpg,SNE,C_konflik_SNE_dianotasi_band,unsegmented-band,Neutrophil,test,-3.1356567951899574
22.360679774997898,6.0,0.2683281572999747,5226,SNE_175362_ccrop.jpg,SNE,B_sepakat_segmented,segmented-bilobed,Neutrophil,test,-2.104123987660584
19.1049731745428,11.5,0.6019375109787458,5438,SNE_804499_ccrop.jpg,SNE,C_konflik_SNE_dianotasi_band,unsegmented-band,Neutrophil,test,-0.488558140965738
22.02271554554524,2.0,0.09081532183729997,6352,SNE_663113_ccrop.jpg,SNE,C_konflik_SNE_dianotasi_band,unsegmented-band,Neutrophil,test,1.176793605564848
21.095023109728988,10.0,0.4740454631399772,7359,BNE_276644_ccrop.jpg,BNE,A_sepakat_band,unsegmented-band,Neutrophil,test,0.6522224458983263
33.734255586866,0.5,0.014821729168218806,12216,SNE_982230_ccrop.jpg,SNE,C_konflik_SNE_dianotasi_band,unsegmented-band,Neutrophil,test,1.1074974106170234
27.730849247724095,18.0,0.649096601377157,5571,BNE_695913_ccrop.jpg,BNE,A_sepakat_band,unsegmented-band,Neutrophil,test,-4.696581954348611
21.93171219946131,11.0,0.5015568278463085,6131,BNE_186779_ccrop.jpg,BNE,A_sepakat_band,unsegmented-band,Neutrophil,test,-1.6658872315110074
21.840329667841555,7.0,0.3205079825469411,6454,SNE_607393_ccrop.jpg,SNE,B_sepakat_segmented,segmented-multilobed,Neutrophil,test,1.2396113108772946
22.627416997969522,10.0,0.44194173824159216,4701,BNE_256049_ccrop.jpg,BNE,A_sepakat_band,unsegmented-band,Neutrophil,test,-2.6008742233324345
21.587033144922902,3.0,0.13897231638362384,5615,SNE_24126_ccrop.jpg,SNE,B_sepakat_segmented,segmented-multilobed,Neutrophil,test,1.620832748116852
26.870057685088806,14.5,0.5396341224844705,4580,BNE_595203_ccrop.jpg,BNE,A_sepakat_band,unsegmented-band,Neutrophil,test,-4.74453314831719
18.788294228055936,2.5,0.13306157385308737,5309,BNE_133625_ccrop.jpg,BNE,D_konflik_BNE_dianotasi_segmented,segmented-bilobed,Neutrophil,test,-0.03211779761369371
19.79898987322333,8.0,0.40406101782088427,5333,SNE_518038_ccrop.jpg,SNE,C_konflik_SNE_dianotasi_band,unsegmented-band,Neutrophil,test,-0.1776561706408497
21.37755832643195,9.0,0.4210022427524892,6034,SNE_563211_ccrop.jpg,SNE,C_konflik_SNE_dianotasi_band,unsegmented-band,Neutrophil,test,0.8205998810502626
18.027756377319946,4.5,0.24961508830135312,7286,SNE_461516_ccrop.jpg,SNE,B_sepakat_segmented,segmented-multilobed,Neutrophil,test,2.747237106439327
25.942243542145693,12.5,0.4818395903073123,5128,BNE_789788_ccrop.jpg,BNE,A_sepakat_band,unsegmented-band,Neutrophil,test,-3.243952182575274
23.345235059857504,9.0,0.3855176431903074,5846,SNE_78175_ccrop.jpg,SNE,C_konflik_SNE_dianotasi_band,unsegmented-band,Neutrophil,test,-0.20539618187024367
21.470910553583888,4.0,0.18629857313304893,6746,SNE_687178_ccrop.jpg,SNE,B_sepakat_segmented,segmented-multilobed,Neutrophil,test,2.4463788654995797
25.96150997149434,19.0,0.7318526549827781,5072,BNE_428219_ccrop.jpg,BNE,A_sepakat_band,unsegmented-band,Neutrophil,test,-6.022876296828679
21.840329667841555,8.0,0.3662948371965041,5199,SNE_682015_ccrop.jpg,SNE,B_sepakat_segmented,segmented-bilobed,Neutrophil,test,-0.7784348279497078
21.93171219946131,3.0,0.13678822577626595,6005,SNE_206298_ccrop.jpg,SNE,B_sepakat_segmented,segmented-multilobed,Neutrophil,test,2.829391465267533
18.867962264113206,7.5,0.397499205002385,5009,SNE_348778_ccrop.jpg,SNE,B_sepakat_segmented,segmented-bilobed,Neutrophil,test,0.5732067454422483
20.0,3.5,0.175,6500,SNE_296573_ccrop.jpg,SNE,B_sepakat_segmented,segmented-multilobed,Neutrophil,test,1.575947843083533
24.0,3.5,0.14583333333333334,5306,SNE_881109_ccrop.jpg,SNE,B_sepakat_segmented,segmented-bilobed,Neutrophil,test,0.27965006217929655
26.076809620810597,14.5,0.5560496169143435,5605,SNE_231925_ccrop.jpg,SNE,C_konflik_SNE_dianotasi_band,unsegmented-band,Neutrophil,test,-2.714819448472795
25.495097567963924,15.0,0.5883484054145521,6211,BNE_620708_ccrop.jpg,BNE,A_sepakat_band,unsegmented-band,Neutrophil,test,-2.23722158837408
25.0,12.5,0.5,5554,SNE_551599_ccrop.jpg,SNE,C_konflik_SNE_dianotasi_band,unsegmented-band,Neutrophil,test,-1.1008018518910223
24.73863375370596,11.5,0.4648599479863049,6825,BNE_224912_ccrop.jpg,BNE,A_sepakat_band,unsegmented-band,Neutrophil,test,-0.8579149451412942
18.973665961010276,1.5,0.07905694150420949,5956,SNE_48031_ccrop.jpg,SNE,B_sepakat_segmented,segmented-multilobed,Neutrophil,test,2.4465141193029485
40.70626487409524,0.5,0.012283121567319023,12553,SNE_885644_ccrop.jpg,SNE,B_sepakat_segmented,segmented-bilobed,Neutrophil,test,-1.0083278626646237
26.92582403567252,15.0,0.5570860145311556,6396,BNE_736774_ccrop.jpg,BNE,A_sepakat_band,unsegmented-band,Neutrophil,test,-2.927186691498605
28.792360097775937,1.0,0.034731435582359395,7623,SNE_881855_ccrop.jpg,SNE,C_konflik_SNE_dianotasi_band,unsegmented-band,Neutrophil,test,2.474758755202722
25.495097567963924,11.0,0.43145549730400484,5510,SNE_53714_ccrop.jpg,SNE,B_sepakat_segmented,segmented-bilobed,Neutrophil,test,-1.5410997288126431
33.0,19.0,0.5757575757575758,8554,BNE_776860_ccrop.jpg,BNE,A_sepakat_band,unsegmented-band,Neutrophil,test,-4.7074816194181395
26.0,12.0,0.46153846153846156,6488,SNE_83800_ccrop.jpg,SNE,C_konflik_SNE_dianotasi_band,unsegmented-band,Neutrophil,test,-2.900683360321496
22.80350850198276,14.0,0.6139406135149205,5128,BNE_135635_ccrop.jpg,BNE,D_konflik_BNE_dianotasi_segmented,segmented-multilobed,Neutrophil,test,-2.2484976608383196
24.698178070456937,1.5,0.060733224763418706,6358,SNE_613380_ccrop.jpg,SNE,B_sepakat_segmented,segmented-bilobed,Neutrophil,test,1.9827337301344423
22.80350850198276,8.0,0.3508232077228117,5478,BNE_184660_ccrop.jpg,BNE,A_sepakat_band,unsegmented-band,Neutrophil,test,0.22331145761188065
20.615528128088304,2.0,0.09701425001453319,6503,SNE_620441_ccrop.jpg,SNE,C_konflik_SNE_dianotasi_band,unsegmented-band,Neutrophil,test,0.08072297037146825
21.840329667841555,2.0,0.09157370929912602,6436,SNE_475422_ccrop.jpg,SNE,C_konflik_SNE_dianotasi_band,unsegmented-band,Neutrophil,test,-0.006141694282561616
21.470910553583888,15.0,0.6986196492489335,5010,SNE_836601_ccrop.jpg,SNE,C_konflik_SNE_dianotasi_band,unsegmented-band,Neutrophil,test,-3.5666308489187166
24.515301344262525,13.0,0.5302810606912027,5291,BNE_589632_ccrop.jpg,BNE,A_sepakat_band,unsegmented-band,Neutrophil,test,-2.4799189526688554
18.24828759089466,11.5,0.6301961180038697,5502,SNE_195911_ccrop.jpg,SNE,C_konflik_SNE_dianotasi_band,unsegmented-band,Neutrophil,test,-0.4773563547675632
29.966648127543394,18.0,0.6006677798393999,5914,BNE_390185_ccrop.jpg,BNE,A_sepakat_band,unsegmented-band,Neutrophil,test,-4.364617309152514
24.698178070456937,14.0,0.5668434311252413,5774,BNE_385586_ccrop.jpg,BNE,A_sepakat_band,unsegmented-band,Neutrophil,test,-2.217683294962791
18.867962264113206,15.5,0.821498357004929,5018,BNE_800374_ccrop.jpg,BNE,A_sepakat_band,unsegmented-band,Neutrophil,test,-3.636215662638236
18.35755975068582,9.5,0.5174979751677011,4418,BNE_180055_ccrop.jpg,BNE,A_sepakat_band,unsegmented-band,Neutrophil,test,-0.5375782875151423
23.706539182259394,17.5,0.7381929460667962,4890,BNE_813005_ccrop.jpg,BNE,A_sepakat_band,unsegmented-band,Neutrophil,test,-4.744178735732119
23.769728648009426,4.5,0.18931642286025205,4758,SNE_944030_ccrop.jpg,SNE,B_sepakat_segmented,segmented-bilobed,Neutrophil,test,-1.3261813676926444
18.35755975068582,6.0,0.326840826421706,5016,SNE_850565_ccrop.jpg,SNE,C_konflik_SNE_dianotasi_band,unsegmented-band,Neutrophil,test,1.5499020469230578
29.68164415931166,14.5,0.48851741238367663,5969,BNE_903428_ccrop.jpg,BNE,A_sepakat_band,unsegmented-band,Neutrophil,test,-3.8473749934596952
27.202941017470888,11.0,0.4043680421515942,5150,SNE_105867_ccrop.jpg,SNE,C_konflik_SNE_dianotasi_band,unsegmented-band,Neutrophil,test,-1.9829823220946245
26.0,10.0,0.38461538461538464,6266,SNE_894321_ccrop.jpg,SNE,C_konflik_SNE_dianotasi_band,unsegmented-band,Neutrophil,test,-0.598278611922705
26.40075756488817,9.5,0.35983815906232086,5114,BNE_581936_ccrop.jpg,BNE,A_sepakat_band,unsegmented-band,Neutrophil,test,-2.11387060086974
23.600847442411894,16.5,0.699127437701609,6743,BNE_289809_ccrop.jpg,BNE,A_sepakat_band,unsegmented-band,Neutrophil,test,-2.751675035421284
24.698178070456937,16.5,0.6680654723976057,5648,BNE_269921_ccrop.jpg,BNE,A_sepakat_band,unsegmented-band,Neutrophil,test,-2.8464422595958343
31.304951684997057,16.5,0.5270731661249504,5711,BNE_699064_ccrop.jpg,BNE,A_sepakat_band,unsegmented-band,Neutrophil,test,-4.5017492146828175
26.40075756488817,15.0,0.5681655143089277,6578,SNE_63643_ccrop.jpg,SNE,C_konflik_SNE_dianotasi_band,unsegmented-band,Neutrophil,test,-3.380672796871039
32.202484376209235,0.5,0.015526752351113423,7492,SNE_946101_ccrop.jpg,SNE,B_sepakat_segmented,segmented-bilobed,Neutrophil,test,-3.0178334349966462
23.853720883753127,13.0,0.5449883505954141,6006,BNE_580240_ccrop.jpg,BNE,A_sepakat_band,unsegmented-band,Neutrophil,test,-2.071840051256535
22.02271554554524,11.5,0.5221881005644748,5643,BNE_859570_ccrop.jpg,BNE,A_sepakat_band,unsegmented-band,Neutrophil,test,-0.5246087716284844
25.238858928247925,9.0,0.35659298328764727,6066,SNE_207714_ccrop.jpg,SNE,C_konflik_SNE_dianotasi_band,unsegmented-band,Neutrophil,test,-0.35565442041823303
20.808652046684813,8.0,0.38445546506577016,5505,BNE_681345_ccrop.jpg,BNE,A_sepakat_band,unsegmented-band,Neutrophil,test,-1.0207317886791092
25.059928172283335,10.5,0.41899561434550164,7877,SNE_700139_ccrop.jpg,SNE,C_konflik_SNE_dianotasi_band,unsegmented-band,Neutrophil,test,0.9178381260655746
25.059928172283335,0.5,0.019952172111690553,12136,BNE_489079_ccrop.jpg,BNE,A_sepakat_band,unsegmented-band,Neutrophil,test,1.4127964935109603
23.706539182259394,10.0,0.42182454060959784,5260,SNE_122865_ccrop.jpg,SNE,C_konflik_SNE_dianotasi_band,unsegmented-band,Neutrophil,test,-1.1228412359323237
27.294688127912362,9.0,0.32973448745129025,6785,SNE_598198_ccrop.jpg,SNE,B_sepakat_segmented,segmented-bilobed,Neutrophil,test,-2.2015154183280217
25.0,1.0,0.04,6223,SNE_908767_ccrop.jpg,SNE,B_sepakat_segmented,segmented-bilobed,Neutrophil,test,0.22894695834250278
22.47220505424423,1.0,0.04449941594899848,6676,SNE_138431_ccrop.jpg,SNE,B_sepakat_segmented,segmented-multilobed,Neutrophil,test,3.2226591207435398
25.0,9.5,0.38,5739,SNE_745606_ccrop.jpg,SNE,C_konflik_SNE_dianotasi_band,unsegmented-band,Neutrophil,test,-1.0125240310692813
24.758836806279895,3.0,0.12116885875830291,6956,SNE_223132_ccrop.jpg,SNE,B_sepakat_segmented,segmented-multilobed,Neutrophil,test,1.4563306000826381
20.8806130178211,1.5,0.07183697139158635,5741,SNE_683106_ccrop.jpg,SNE,B_sepakat_segmented,segmented-bilobed,Neutrophil,test,1.8454564425262863
22.80350850198276,12.0,0.5262348115842176,5218,BNE_852425_ccrop.jpg,BNE,A_sepakat_band,unsegmented-band,Neutrophil,test,-1.4703219263866814
21.2602916254693,4.0,0.18814417367671946,5561,SNE_905104_ccrop.jpg,SNE,B_sepakat_segmented,segmented-bilobed,Neutrophil,test,1.135640379796948
21.93171219946131,4.0,0.1823843010350213,6204,SNE_166616_ccrop.jpg,SNE,B_sepakat_segmented,segmented-bilobed,Neutrophil,test,1.6928438391865468
17.0,9.5,0.5588235294117647,5003,BNE_389385_ccrop.jpg,BNE,A_sepakat_band,unsegmented-band,Neutrophil,test,0.8892922087857826
18.384776310850235,8.5,0.462339049237358,5294,BNE_342806_ccrop.jpg,BNE,A_sepakat_band,unsegmented-band,Neutrophil,test,0.3146361607779191
23.706539182259394,15.5,0.6538280379448766,5834,BNE_50191_ccrop.jpg,BNE,A_sepakat_band,unsegmented-band,Neutrophil,test,-2.8513639435947447
24.20743687382041,10.0,0.4130961923860138,6721,SNE_226369_ccrop.jpg,SNE,C_konflik_SNE_dianotasi_band,unsegmented-band,Neutrophil,test,-0.5887332447901859
25.942243542145693,13.0,0.5011131739196049,7093,BNE_222771_ccrop.jpg,BNE,A_sepakat_band,unsegmented-band,Neutrophil,test,-1.7601956152697014
21.470910553583888,12.0,0.5588957193991467,5722,SNE_508088_ccrop.jpg,SNE,C_konflik_SNE_dianotasi_band,unsegmented-band,Neutrophil,test,-0.24042289536224537
23.769728648009426,0.5,0.021035158095583564,10720,BNE_51939_ccrop.jpg,BNE,A_sepakat_band,unsegmented-band,Neutrophil,test,0.6587066134400636
26.90724809414742,11.5,0.4273941340921206,7346,BNE_768718_ccrop.jpg,BNE,A_sepakat_band,unsegmented-band,Neutrophil,test,-1.4707843882377603
25.495097567963924,17.0,0.6667948594698258,4696,BNE_679574_ccrop.jpg,BNE,A_sepakat_band,unsegmented-band,Neutrophil,test,-4.938024633755443
25.495097567963924,13.0,0.5099019513592785,6070,BNE_965001_ccrop.jpg,BNE,A_sepakat_band,unsegmented-band,Neutrophil,test,-3.479742587170719
20.591260281974,8.0,0.38851434494290565,5024,SNE_187967_ccrop.jpg,SNE,C_konflik_SNE_dianotasi_band,unsegmented-band,Neutrophil,test,0.3825292672710292
22.80350850198276,11.0,0.4823819106188661,4239,BNE_136823_ccrop.jpg,BNE,D_konflik_BNE_dianotasi_segmented,segmented-multilobed,Neutrophil,test,-3.1545533552889182
19.72308292331602,1.5,0.07605301898450907,7400,SNE_190191_ccrop.jpg,SNE,B_sepakat_segmented,segmented-multilobed,Neutrophil,test,2.111142564862103
24.041630560342615,8.0,0.3327561323230812,5963,SNE_861933_ccrop.jpg,SNE,C_konflik_SNE_dianotasi_band,unsegmented-band,Neutrophil,test,-0.8667500533846155
22.825424421026653,4.0,0.1752431817353294,6413,SNE_394122_ccrop.jpg,SNE,B_sepakat_segmented,segmented-multilobed,Neutrophil,test,0.5448779183251915
24.596747752497688,7.0,0.2845904698636096,7552,BNE_135566_ccrop.jpg,BNE,A_sepakat_band,unsegmented-band,Neutrophil,test,-1.8218602899853522
26.832815729997478,22.5,0.8385254915624211,5359,BNE_890818_ccrop.jpg,BNE,A_sepakat_band,unsegmented-band,Neutrophil,test,-6.744086026618216
19.026297590440446,1.5,0.07883824968414552,6234,SNE_860190_ccrop.jpg,SNE,B_sepakat_segmented,segmented-bilobed,Neutrophil,test,2.598451772016654
23.345235059857504,11.0,0.4711882305659313,5779,SNE_387274_ccrop.jpg,SNE,C_konflik_SNE_dianotasi_band,unsegmented-band,Neutrophil,test,-1.9613665099406496
21.02379604162864,9.0,0.42808634473904467,4710,BNE_115235_ccrop.jpg,BNE,A_sepakat_band,unsegmented-band,Neutrophil,test,-0.30776718043243534
25.495097567963924,18.5,0.7256297000112809,5768,BNE_924437_ccrop.jpg,BNE,A_sepakat_band,unsegmented-band,Neutrophil,test,-4.78691573010275
30.083217912982647,15.0,0.4986168714859002,4675,SNE_207145_ccrop.jpg,SNE,C_konflik_SNE_dianotasi_band,unsegmented-band,Neutrophil,test,-5.503830610777271
23.769728648009426,13.0,0.5469141104851726,5985,BNE_404601_ccrop.jpg,BNE,A_sepakat_band,unsegmented-band,Neutrophil,test,-2.015325052615056
18.681541692269406,9.5,0.5085233411935798,5738,SNE_231165_ccrop.jpg,SNE,C_konflik_SNE_dianotasi_band,unsegmented-band,Neutrophil,test,0.7958591488197735
22.80350850198276,9.5,0.4166025591708389,5768,BNE_759017_ccrop.jpg,BNE,A_sepakat_band,unsegmented-band,Neutrophil,test,0.2758276416400367
23.40939982143925,2.0,0.0854357657716761,5649,SNE_576696_ccrop.jpg,SNE,B_sepakat_segmented,segmented-multilobed,Neutrophil,test,-0.17821478201676655
24.041630560342615,12.0,0.4991341984846218,5276,BNE_94135_ccrop.jpg,BNE,A_sepakat_band,unsegmented-band,Neutrophil,test,-1.8995254312387253
19.72308292331602,0.5,0.02535100632816969,5695,BNE_573180_ccrop.jpg,BNE,A_sepakat_band,unsegmented-band,Neutrophil,test,0.9198289941590119
21.213203435596427,9.5,0.44783429475148007,6185,BNE_63504_ccrop.jpg,BNE,A_sepakat_band,unsegmented-band,Neutrophil,test,-0.6802435769071415
25.238858928247925,20.0,0.7924288517503273,5056,BNE_146572_ccrop.jpg,BNE,A_sepakat_band,unsegmented-band,Neutrophil,test,-5.4366401959561195
25.80697580112788,12.5,0.48436516143258035,5766,BNE_187111_ccrop.jpg,BNE,A_sepakat_band,unsegmented-band,Neutrophil,test,-3.4961007564886
20.8806130178211,8.5,0.4070761712189893,5609,BNE_172972_ccrop.jpg,BNE,A_sepakat_band,unsegmented-band,Neutrophil,test,-0.5453385484520687
20.808652046684813,10.0,0.4805693313322127,6649,SNE_5829_ccrop.jpg,SNE,C_konflik_SNE_dianotasi_band,unsegmented-band,Neutrophil,test,0.0770784283938557
23.769728648009426,1.5,0.06310547428675069,6330,SNE_522338_ccrop.jpg,SNE,B_sepakat_segmented,segmented-bilobed,Neutrophil,test,0.8056443765654251
19.4164878389476,4.0,0.2060104810498419,5199,SNE_880408_ccrop.jpg,SNE,C_konflik_SNE_dianotasi_band,unsegmented-band,Neutrophil,test,2.1983239318715597
19.026297590440446,10.5,0.5518677477890186,4858,BNE_811195_ccrop.jpg,BNE,A_sepakat_band,unsegmented-band,Neutrophil,test,-0.5199547734026986
17.4928556845359,10.0,0.5716619504750294,5277,BNE_186566_ccrop.jpg,BNE,A_sepakat_band,unsegmented-band,Neutrophil,test,0.9429472717818133
24.0,14.0,0.5833333333333334,5041,BNE_721607_ccrop.jpg,BNE,A_sepakat_band,unsegmented-band,Neutrophil,test,-2.389582952873626
26.419689627245813,13.0,0.49205725666790195,6759,BNE_168500_ccrop.jpg,BNE,A_sepakat_band,unsegmented-band,Neutrophil,test,-2.5062522919536185
20.518284528683193,1.0,0.04873701788285793,5376,SNE_84714_ccrop.jpg,SNE,B_sepakat_segmented,segmented-multilobed,Neutrophil,test,1.1113816611826275
24.0,1.0,0.041666666666666664,5095,SNE_42662_ccrop.jpg,SNE,C_konflik_SNE_dianotasi_band,unsegmented-band,Neutrophil,test,-1.1007042895286077
19.235384061671343,8.0,0.4159001959280291,4378,SNE_824674_ccrop.jpg,SNE,C_konflik_SNE_dianotasi_band,unsegmented-band,Neutrophil,test,-1.0127507618041172
21.37755832643195,12.5,0.584725337156235,5754,BNE_417662_ccrop.jpg,BNE,A_sepakat_band,unsegmented-band,Neutrophil,test,-1.3710763982761716
21.540659228538015,9.5,0.4410264281704982,5991,SNE_496455_ccrop.jpg,SNE,C_konflik_SNE_dianotasi_band,unsegmented-band,Neutrophil,test,0.046338997081550204
23.259406699226016,9.5,0.40843690137273037,5745,SNE_332004_ccrop.jpg,SNE,C_konflik_SNE_dianotasi_band,unsegmented-band,Neutrophil,test,0.10140505070704897
24.351591323771842,9.0,0.3695857030589318,7463,BNE_499158_ccrop.jpg,BNE,A_sepakat_band,unsegmented-band,Neutrophil,test,-4.743711834787183
29.017236257093817,17.0,0.585858689276241,6420,BNE_358715_ccrop.jpg,BNE,A_sepakat_band,unsegmented-band,Neutrophil,test,-3.616627787869543
26.076809620810597,16.5,0.6327461157990806,4990,BNE_805167_ccrop.jpg,BNE,A_sepakat_band,unsegmented-band,Neutrophil,test,-4.147768568897851
25.709920264364882,3.5,0.13613422227727245,6509,SNE_279281_ccrop.jpg,SNE,C_konflik_SNE_dianotasi_band,unsegmented-band,Neutrophil,test,-0.8095496728549456
21.587033144922902,2.0,0.0926482109224159,6162,SNE_243234_ccrop.jpg,SNE,C_konflik_SNE_dianotasi_band,unsegmented-band,Neutrophil,test,1.095408465282671
20.12461179749811,0.5,0.024845199749997663,6319,SNE_934730_ccrop.jpg,SNE,B_sepakat_segmented,segmented-multilobed,Neutrophil,test,1.5776580553415274
22.135943621178654,2.0,0.09035079029052513,6220,SNE_655671_ccrop.jpg,SNE,B_sepakat_segmented,segmented-multilobed,Neutrophil,test,0.5545425182951629
22.0,2.0,0.09090909090909091,5835,SNE_398870_ccrop.jpg,SNE,B_sepakat_segmented,segmented-bilobed,Neutrophil,test,1.5627719847805714
21.540659228538015,13.0,0.6035098490754186,5946,BNE_660993_ccrop.jpg,BNE,A_sepakat_band,unsegmented-band,Neutrophil,test,-1.6505090061680807
26.92582403567252,20.5,0.7613508865259127,6267,BNE_228172_ccrop.jpg,BNE,A_sepakat_band,unsegmented-band,Neutrophil,test,-4.448640937170683
21.840329667841555,1.5,0.06868028197434452,5756,BNE_840311_ccrop.jpg,BNE,A_sepakat_band,unsegmented-band,Neutrophil,test,0.11012487928304004
19.0,9.0,0.47368421052631576,4505,SNE_804760_ccrop.jpg,SNE,C_konflik_SNE_dianotasi_band,unsegmented-band,Neutrophil,test,-0.03391853176981208
23.345235059857504,14.0,0.599694111629367,6177,BNE_212334_ccrop.jpg,BNE,A_sepakat_band,unsegmented-band,Neutrophil,test,-1.791207359091576
22.47220505424423,2.0,0.08899883189799696,5561,SNE_614536_ccrop.jpg,SNE,C_konflik_SNE_dianotasi_band,unsegmented-band,Neutrophil,test,1.0434775266991982
20.396078054371138,0.5,0.024514516892273006,6838,BNE_190447_ccrop.jpg,BNE,A_sepakat_band,unsegmented-band,Neutrophil,test,2.1233962569042646
20.248456731316587,11.0,0.5432512781572743,5808,SNE_485296_ccrop.jpg,SNE,C_konflik_SNE_dianotasi_band,unsegmented-band,Neutrophil,test,-0.11078708567474926
23.323807579381203,8.5,0.36443449342783124,6253,BNE_533920_ccrop.jpg,BNE,A_sepakat_band,unsegmented-band,Neutrophil,test,-3.9996031827278884
25.632011235952593,19.5,0.7607674567748487,7007,BNE_37691_ccrop.jpg,BNE,A_sepakat_band,unsegmented-band,Neutrophil,test,-3.318314077307541
23.021728866442675,12.5,0.5429653034538368,5859,BNE_423704_ccrop.jpg,BNE,A_sepakat_band,unsegmented-band,Neutrophil,test,-0.8052421667852006
21.095023109728988,5.0,0.2370227315699886,4893,SNE_679413_ccrop.jpg,SNE,B_sepakat_segmented,segmented-bilobed,Neutrophil,test,-0.28302160219411654
17.46424919657298,10.5,0.6012282510295617,4405,SNE_826772_ccrop.jpg,SNE,C_konflik_SNE_dianotasi_band,unsegmented-band,Neutrophil,test,-0.07745990842573747
23.021728866442675,5.0,0.2171861213815347,5946,SNE_801373_ccrop.jpg,SNE,C_konflik_SNE_dianotasi_band,unsegmented-band,Neutrophil,test,1.4427979506579005
27.16615541441225,14.0,0.5153471216826172,5493,BNE_476007_ccrop.jpg,BNE,A_sepakat_band,unsegmented-band,Neutrophil,test,-2.710727009047069
19.924858845171276,1.0,0.05018856132284956,5043,SNE_324033_ccrop.jpg,SNE,B_sepakat_segmented,segmented-multilobed,Neutrophil,test,2.434006966738515
19.0,0.5,0.02631578947368421,5025,SNE_406702_ccrop.jpg,SNE,B_sepakat_segmented,segmented-bilobed,Neutrophil,test,1.448523456360661
17.69180601295413,9.5,0.5369717479970104,5220,SNE_541817_ccrop.jpg,SNE,C_konflik_SNE_dianotasi_band,unsegmented-band,Neutrophil,test,-0.23319933709891494
20.0,3.0,0.15,5708,SNE_189918_ccrop.jpg,SNE,C_konflik_SNE_dianotasi_band,unsegmented-band,Neutrophil,test,-0.5470406532049221
22.360679774997898,2.0,0.08944271909999159,6609,SNE_395866_ccrop.jpg,SNE,B_sepakat_segmented,segmented-bilobed,Neutrophil,test,1.2826556467027022
22.20360331117452,9.0,0.40533961419994047,5179,BNE_742189_ccrop.jpg,BNE,A_sepakat_band,unsegmented-band,Neutrophil,test,-0.4075401170661621
23.259406699226016,1.5,0.06449003705885216,5994,SNE_915765_ccrop.jpg,SNE,B_sepakat_segmented,segmented-multilobed,Neutrophil,test,2.2110687538669014
22.02271554554524,2.5,0.11351915229662496,5950,SNE_125792_ccrop.jpg,SNE,B_sepakat_segmented,segmented-multilobed,Neutrophil,test,1.4935709215556692
32.55764119219941,26.0,0.7985836518841366,7187,BNE_204428_ccrop.jpg,BNE,A_sepakat_band,unsegmented-band,Neutrophil,test,-6.708990700177569
31.0,0.5,0.016129032258064516,11086,BNE_575248_ccrop.jpg,BNE,A_sepakat_band,unsegmented-band,Neutrophil,test,0.19424081636241297
20.0,4.0,0.2,4918,SNE_755678_ccrop.jpg,SNE,C_konflik_SNE_dianotasi_band,unsegmented-band,Neutrophil,test,-0.42203434437459286
21.18962010041709,9.5,0.44833271927385826,5727,BNE_618678_ccrop.jpg,BNE,A_sepakat_band,unsegmented-band,Neutrophil,test,0.7141577321361003
21.840329667841555,4.0,0.18314741859825204,6352,SNE_374420_ccrop.jpg,SNE,B_sepakat_segmented,segmented-multilobed,Neutrophil,test,1.3619312425027932
23.600847442411894,2.0,0.08474271972140715,7521,SNE_414265_ccrop.jpg,SNE,B_sepakat_segmented,segmented-multilobed,Neutrophil,test,2.538571050100428
18.439088914585774,8.0,0.4338609156373123,5701,BNE_471627_ccrop.jpg,BNE,A_sepakat_band,unsegmented-band,Neutrophil,test,0.5865524227120931
23.345235059857504,8.5,0.36409999634640144,4854,BNE_158778_ccrop.jpg,BNE,A_sepakat_band,unsegmented-band,Neutrophil,test,-0.49633037890060194
24.331050121192877,2.0,0.08219949365267865,6649,SNE_114771_ccrop.jpg,SNE,B_sepakat_segmented,segmented-multilobed,Neutrophil,test,2.1797975248678405
21.02379604162864,2.0,0.09513029883089881,6982,SNE_379742_ccrop.jpg,SNE,C_konflik_SNE_dianotasi_band,unsegmented-band,Neutrophil,test,0.5227997331324765
24.166091947189145,19.0,0.7862255941722496,7274,BNE_480371_ccrop.jpg,BNE,A_sepakat_band,unsegmented-band,Neutrophil,test,-3.8353942512297294
19.235384061671343,5.0,0.25993762245501817,4276,SNE_828240_ccrop.jpg,SNE,B_sepakat_segmented,segmented-bilobed,Neutrophil,test,-0.7864438339303312
19.697715603592208,14.0,0.7107423155935334,5902,BNE_377635_ccrop.jpg,BNE,A_sepakat_band,unsegmented-band,Neutrophil,test,-1.0010866880375175
23.021728866442675,3.0,0.1303116728289208,6474,SNE_54012_ccrop.jpg,SNE,B_sepakat_segmented,segmented-multilobed,Neutrophil,test,2.47422172696799
24.08318915758459,12.0,0.4982728791224398,5260,BNE_642562_ccrop.jpg,BNE,A_sepakat_band,unsegmented-band,Neutrophil,test,-3.1917990751505663
25.495097567963924,11.0,0.43145549730400484,5093,BNE_323827_ccrop.jpg,BNE,A_sepakat_band,unsegmented-band,Neutrophil,test,-1.9250532810827892
19.849433241279208,14.0,0.7053098106038297,5467,BNE_300032_ccrop.jpg,BNE,A_sepakat_band,unsegmented-band,Neutrophil,test,-1.9840458766944593
23.259406699226016,2.5,0.10748339509808694,5546,BNE_741019_ccrop.jpg,BNE,A_sepakat_band,unsegmented-band,Neutrophil,test,-2.691221202902179
30.0,20.0,0.6666666666666666,6290,SNE_960147_ccrop.jpg,SNE,B_sepakat_segmented,segmented-bilobed,Neutrophil,test,-3.8028725825641043
24.0,12.0,0.5,5406,BNE_728297_ccrop.jpg,BNE,A_sepakat_band,unsegmented-band,Neutrophil,test,-2.2069051542096325
19.6468827043885,2.0,0.10179731971185753,5229,SNE_402139_ccrop.jpg,SNE,B_sepakat_segmented,segmented-bilobed,Neutrophil,test,1.906099068657996
23.0,2.0,0.08695652173913043,6896,SNE_483803_ccrop.jpg,SNE,B_sepakat_segmented,segmented-multilobed,Neutrophil,test,2.5497131699199693
38.07886552931954,25.5,0.669662807584585,6087,BNE_846496_ccrop.jpg,BNE,A_sepakat_band,unsegmented-band,Neutrophil,test,-10.007773929043768
29.410882339705484,25.0,0.8500255011475574,5027,BNE_573596_ccrop.jpg,BNE,E_lainnya,unsegmented-indented,Neutrophil,test,-8.545599765855854
21.93171219946131,7.0,0.3191725268112872,5385,SNE_850041_ccrop.jpg,SNE,C_konflik_SNE_dianotasi_band,unsegmented-band,Neutrophil,test,-0.12151211258706063
19.6468827043885,9.0,0.45808793870335884,4391,SNE_919457_ccrop.jpg,SNE,C_konflik_SNE_dianotasi_band,unsegmented-band,Neutrophil,test,-0.31339759684816215
24.08318915758459,1.5,0.06228410989030497,5702,SNE_111720_ccrop.jpg,SNE,B_sepakat_segmented,segmented-multilobed,Neutrophil,test,1.0282339961836815
21.37755832643195,1.0,0.0467780269724988,5408,SNE_743249_ccrop.jpg,SNE,B_sepakat_segmented,segmented-multilobed,Neutrophil,test,2.732400871667555
23.0,14.5,0.6304347826086957,5488,BNE_468574_ccrop.jpg,BNE,A_sepakat_band,unsegmented-band,Neutrophil,test,-2.691628162699306
23.853720883753127,12.0,0.5030661697803822,4781,SNE_145845_ccrop.jpg,SNE,C_konflik_SNE_dianotasi_band,unsegmented-band,Neutrophil,test,-3.092178127826198
23.021728866442675,12.0,0.5212466913156832,4897,BNE_362479_ccrop.jpg,BNE,A_sepakat_band,unsegmented-band,Neutrophil,test,-3.276229304720111
18.681541692269406,12.5,0.6691096594652365,4436,BNE_78683_ccrop.jpg,BNE,A_sepakat_band,unsegmented-band,Neutrophil,test,-0.8989951739873661
18.0,9.0,0.5,4667,SNE_108753_ccrop.jpg,SNE,C_konflik_SNE_dianotasi_band,unsegmented-band,Neutrophil,test,0.43876523621854613
21.587033144922902,16.0,0.7411856873793272,4678,BNE_949649_ccrop.jpg,BNE,A_sepakat_band,unsegmented-band,Neutrophil,test,-3.091813045143361
24.596747752497688,6.5,0.26426257915906604,5920,SNE_563198_ccrop.jpg,SNE,B_sepakat_segmented,segmented-multilobed,Neutrophil,test,0.3819382147361896
25.495097567963924,18.5,0.7256297000112809,4361,BNE_174277_ccrop.jpg,BNE,A_sepakat_band,unsegmented-band,Neutrophil,test,-5.2256407750973075
21.213203435596427,1.0,0.04714045207910317,5474,BNE_400045_ccrop.jpg,BNE,A_sepakat_band,unsegmented-band,Neutrophil,test,-1.2214094092999925
21.93171219946131,13.0,0.5927489783638191,6104,BNE_338079_ccrop.jpg,BNE,A_sepakat_band,unsegmented-band,Neutrophil,test,-0.253757543122374
29.068883707497267,20.0,0.6880209161537814,6661,BNE_832481_ccrop.jpg,BNE,A_sepakat_band,unsegmented-band,Neutrophil,test,-5.694463232808195
19.849433241279208,3.0,0.15113781655796352,6732,SNE_543039_ccrop.jpg,SNE,B_sepakat_segmented,segmented-bilobed,Neutrophil,test,2.6120709437169527
26.30589287593181,17.0,0.6462430330792497,5107,BNE_502039_ccrop.jpg,BNE,A_sepakat_band,unsegmented-band,Neutrophil,test,-5.033181670273759
31.016124838541646,17.5,0.5642226451917659,8341,BNE_307391_ccrop.jpg,BNE,A_sepakat_band,unsegmented-band,Neutrophil,test,-3.577642533274279
19.697715603592208,1.5,0.07615096238502143,5196,SNE_96280_ccrop.jpg,SNE,B_sepakat_segmented,segmented-bilobed,Neutrophil,test,1.3823319784552979
19.0,2.0,0.10526315789473684,6147,SNE_770314_ccrop.jpg,SNE,B_sepakat_segmented,segmented-bilobed,Neutrophil,test,2.6772226321979797
24.331050121192877,6.0,0.24659848095803594,5783,SNE_642932_ccrop.jpg,SNE,C_konflik_SNE_dianotasi_band,unsegmented-band,Neutrophil,test,-0.9210117190037863
26.476404589747453,7.5,0.2832710904751867,6245,SNE_379254_ccrop.jpg,SNE,C_konflik_SNE_dianotasi_band,unsegmented-band,Neutrophil,test,-0.6880493462828063
30.4138126514911,14.0,0.46031716445500037,5500,SNE_632468_ccrop.jpg,SNE,C_konflik_SNE_dianotasi_band,unsegmented-band,Neutrophil,test,-5.137923186674133
23.769728648009426,5.5,0.23138673905141918,5618,SNE_863552_ccrop.jpg,SNE,B_sepakat_segmented,segmented-bilobed,Neutrophil,test,-0.5601166104382624
25.80697580112788,6.0,0.23249527748763857,6974,SNE_185661_ccrop.jpg,SNE,B_sepakat_segmented,segmented-bilobed,Neutrophil,test,-0.47353801609022916
22.135943621178654,11.5,0.5195170441705195,5057,BNE_494612_ccrop.jpg,BNE,A_sepakat_band,unsegmented-band,Neutrophil,test,-0.8390221402696465
19.4164878389476,1.5,0.0772539303936907,4362,BNE_570080_ccrop.jpg,BNE,D_konflik_BNE_dianotasi_segmented,segmented-multilobed,Neutrophil,test,0.22632520270856205
21.840329667841555,2.5,0.11446713662390752,7290,SNE_445545_ccrop.jpg,SNE,C_konflik_SNE_dianotasi_band,unsegmented-band,Neutrophil,test,1.3893362779134648
20.8806130178211,0.5,0.023945657130528784,5571,SNE_130010_ccrop.jpg,SNE,B_sepakat_segmented,segmented-multilobed,Neutrophil,test,1.88150984026543
23.706539182259394,9.5,0.40073331357911796,5574,SNE_874428_ccrop.jpg,SNE,C_konflik_SNE_dianotasi_band,unsegmented-band,Neutrophil,test,-0.9024349765298041
22.80350850198276,15.0,0.6577935144802719,5349,BNE_40894_ccrop.jpg,BNE,A_sepakat_band,unsegmented-band,Neutrophil,test,-3.15154475174789
34.0,22.0,0.6470588235294118,5494,BNE_619060_ccrop.jpg,BNE,E_lainnya,unsegmented-indented,Neutrophil,test,-8.160888818303807
30.364452901377952,22.0,0.7245314141326626,5240,SNE_605656_ccrop.jpg,SNE,C_konflik_SNE_dianotasi_band,unsegmented-band,Neutrophil,test,-7.438197841952251
21.18962010041709,14.5,0.6842973083653626,5277,BNE_897481_ccrop.jpg,BNE,A_sepakat_band,unsegmented-band,Neutrophil,test,-2.5227222849645905
20.615528128088304,2.5,0.12126781251816648,5508,SNE_253964_ccrop.jpg,SNE,B_sepakat_segmented,segmented-bilobed,Neutrophil,test,2.151870868371425
17.26267650163207,1.0,0.057928444636349226,5959,SNE_972820_ccrop.jpg,SNE,B_sepakat_segmented,segmented-multilobed,Neutrophil,test,4.373132661524558
25.942243542145693,10.0,0.3854716722458499,5693,SNE_10898_ccrop.jpg,SNE,C_konflik_SNE_dianotasi_band,unsegmented-band,Neutrophil,test,-2.39141394740394
20.12461179749811,1.5,0.07453559924999299,4976,SNE_465051_ccrop.jpg,SNE,B_sepakat_segmented,segmented-multilobed,Neutrophil,test,2.1450956786443838
23.021728866442675,10.5,0.45609085490122286,5657,BNE_194308_ccrop.jpg,BNE,A_sepakat_band,unsegmented-band,Neutrophil,test,-1.4846988942603367
23.0,3.5,0.15217391304347827,6053,SNE_81977_ccrop.jpg,SNE,C_konflik_SNE_dianotasi_band,unsegmented-band,Neutrophil,test,-0.40123776300429626
25.0,7.0,0.28,5050,SNE_338242_ccrop.jpg,SNE,B_sepakat_segmented,segmented-bilobed,Neutrophil,test,-1.0955870713532505
19.209372712298546,2.0,0.10411584125907071,5963,SNE_263049_ccrop.jpg,SNE,B_sepakat_segmented,segmented-bilobed,Neutrophil,test,2.2605878537500583
19.79898987322333,1.5,0.07576144084141581,5896,SNE_836665_ccrop.jpg,SNE,B_sepakat_segmented,segmented-bilobed,Neutrophil,test,1.2303363837420527
26.92582403567252,3.0,0.11141720290623112,5586,SNE_385613_ccrop.jpg,SNE,B_sepakat_segmented,segmented-bilobed,Neutrophil,test,-0.8301800460321385
20.615528128088304,17.0,0.824621125123532,4562,BNE_685343_ccrop.jpg,BNE,A_sepakat_band,unsegmented-band,Neutrophil,test,-3.863138160446713
25.942243542145693,0.5,0.019273583612292495,7236,BNE_624319_ccrop.jpg,BNE,A_sepakat_band,unsegmented-band,Neutrophil,test,-0.8285342505833526
16.76305461424021,1.0,0.05965499862718936,5730,SNE_860061_ccrop.jpg,SNE,B_sepakat_segmented,segmented-multilobed,Neutrophil,test,3.9652552923161464
25.0,8.0,0.32,5318,SNE_73627_ccrop.jpg,SNE,C_konflik_SNE_dianotasi_band,unsegmented-band,Neutrophil,test,-0.7545486881575911
22.561028345356956,0.5,0.022162110358896814,5818,SNE_126871_ccrop.jpg,SNE,B_sepakat_segmented,segmented-multilobed,Neutrophil,test,1.2150455747640283
21.400934559032695,11.5,0.5373597105433975,5584,BNE_229472_ccrop.jpg,BNE,A_sepakat_band,unsegmented-band,Neutrophil,test,-2.4962880067574833
20.615528128088304,2.5,0.12126781251816648,6011,BNE_29625_ccrop.jpg,BNE,A_sepakat_band,unsegmented-band,Neutrophil,test,0.29136330330874927
23.0,10.0,0.43478260869565216,5119,BNE_300363_ccrop.jpg,BNE,A_sepakat_band,unsegmented-band,Neutrophil,test,-1.6920535207386713
22.360679774997898,14.0,0.6260990336999411,5216,BNE_707709_ccrop.jpg,BNE,A_sepakat_band,unsegmented-band,Neutrophil,test,-3.0737750263563495
25.0,4.0,0.16,5660,SNE_189642_ccrop.jpg,SNE,C_konflik_SNE_dianotasi_band,unsegmented-band,Neutrophil,test,1.1507926267135353
21.18962010041709,4.0,0.1887716712732035,5852,SNE_88623_ccrop.jpg,SNE,B_sepakat_segmented,segmented-bilobed,Neutrophil,test,1.2380792954612687
23.194827009486403,2.0,0.08622612271184538,6077,SNE_10568_ccrop.jpg,SNE,B_sepakat_segmented,segmented-bilobed,Neutrophil,test,1.4926435476303146
21.095023109728988,9.0,0.4266409168259795,5029,SNE_198471_ccrop.jpg,SNE,C_konflik_SNE_dianotasi_band,unsegmented-band,Neutrophil,test,0.8029045336835043
21.633307652783937,9.0,0.4160251471689218,5157,BNE_122030_ccrop.jpg,BNE,A_sepakat_band,unsegmented-band,Neutrophil,test,-0.2101803297240643
27.313000567495326,11.5,0.42104491491447216,7131,BNE_495409_ccrop.jpg,BNE,A_sepakat_band,unsegmented-band,Neutrophil,test,-0.7023140239951484
17.204650534085253,1.5,0.08718572905786447,6215,SNE_234830_ccrop.jpg,SNE,B_sepakat_segmented,segmented-multilobed,Neutrophil,test,3.4067278390630236
24.515301344262525,13.0,0.5302810606912027,5348,BNE_289221_ccrop.jpg,BNE,A_sepakat_band,unsegmented-band,Neutrophil,test,-2.5972500281796993
23.08679276123039,10.0,0.43314808182420994,4985,BNE_281395_ccrop.jpg,BNE,A_sepakat_band,unsegmented-band,Neutrophil,test,-2.326647374359002
20.0,2.5,0.125,6302,SNE_614777_ccrop.jpg,SNE,B_sepakat_segmented,segmented-bilobed,Neutrophil,test,1.9176868629124915
26.476404589747453,19.5,0.7365048352354855,5120,BNE_146215_ccrop.jpg,BNE,A_sepakat_band,unsegmented-band,Neutrophil,test,-4.874382573606498
23.0,9.0,0.391304347826087,5417,BNE_640988_ccrop.jpg,BNE,A_sepakat_band,unsegmented-band,Neutrophil,test,-1.7441050987472018
22.47220505424423,10.0,0.44499415948998483,4679,BNE_863056_ccrop.jpg,BNE,A_sepakat_band,unsegmented-band,Neutrophil,test,-2.6690006870773573
27.730849247724095,15.5,0.5589442956303297,7143,BNE_863051_ccrop.jpg,BNE,A_sepakat_band,unsegmented-band,Neutrophil,test,-3.04355192963226
22.20360331117452,16.0,0.7206037585776719,4956,BNE_335505_ccrop.jpg,BNE,A_sepakat_band,unsegmented-band,Neutrophil,test,-4.008762446907431
19.313207915827967,11.0,0.5695584103863475,5203,BNE_960532_ccrop.jpg,BNE,A_sepakat_band,unsegmented-band,Neutrophil,test,-0.8626354643405652
30.463092423455635,11.5,0.37750599447170236,6612,SNE_159739_ccrop.jpg,SNE,C_konflik_SNE_dianotasi_band,unsegmented-band,Neutrophil,test,-2.8542319061284545
20.518284528683193,8.0,0.38989614306286347,5560,SNE_450483_ccrop.jpg,SNE,C_konflik_SNE_dianotasi_band,unsegmented-band,Neutrophil,test,0.9275301302990053
23.769728648009426,2.0,0.08414063238233425,6792,SNE_922279_ccrop.jpg,SNE,B_sepakat_segmented,segmented-bilobed,Neutrophil,test,1.0901693008094373
18.24828759089466,11.5,0.6301961180038697,4558,BNE_566535_ccrop.jpg,BNE,A_sepakat_band,unsegmented-band,Neutrophil,test,-1.4757203188768635
18.439088914585774,1.5,0.08134892168199606,5520,SNE_823486_ccrop.jpg,SNE,B_sepakat_segmented,segmented-multilobed,Neutrophil,test,1.8500714172467116
22.090722034374522,11.0,0.4979466032338519,5115,BNE_218096_ccrop.jpg,BNE,A_sepakat_band,unsegmented-band,Neutrophil,test,-0.48583864210993966
26.248809496813376,12.5,0.47621207359966206,6238,SNE_777650_ccrop.jpg,SNE,C_konflik_SNE_dianotasi_band,unsegmented-band,Neutrophil,test,-2.135184603041825
22.47220505424423,2.5,0.11124853987249621,4863,SNE_165041_ccrop.jpg,SNE,B_sepakat_segmented,segmented-multilobed,Neutrophil,test,-0.015476784151047696
26.92582403567252,14.0,0.5199469468957453,5588,BNE_108161_ccrop.jpg,BNE,A_sepakat_band,unsegmented-band,Neutrophil,test,-2.7429095082482817
25.709920264364882,19.0,0.7390143495051933,6576,BNE_989250_ccrop.jpg,BNE,A_sepakat_band,unsegmented-band,Neutrophil,test,-4.250481586774072
28.653097563788805,13.5,0.47115324861284885,6739,BNE_271302_ccrop.jpg,BNE,A_sepakat_band,unsegmented-band,Neutrophil,test,-1.6656616522627363
33.95585369269929,0.5,0.01472500160134401,12355,SNE_466618_ccrop.jpg,SNE,B_sepakat_segmented,segmented-multilobed,Neutrophil,test,1.2224786808141515
30.0,21.0,0.7,7971,BNE_854066_ccrop.jpg,BNE,A_sepakat_band,unsegmented-band,Neutrophil,test,-4.435318209897547
27.294688127912362,11.0,0.40300881799602145,6372,BNE_461200_ccrop.jpg,BNE,A_sepakat_band,unsegmented-band,Neutrophil,test,-1.9805969860790569
37.656340767525464,0.5,0.013277976293203616,13678,BNE_290973_ccrop.jpg,BNE,A_sepakat_band,unsegmented-band,Neutrophil,test,-1.4337266941796294
21.633307652783937,5.5,0.2542375899365633,6896,SNE_752569_ccrop.jpg,SNE,C_konflik_SNE_dianotasi_band,unsegmented-band,Neutrophil,test,-0.13209175830695763
26.68332812825267,8.0,0.29981267559834457,6843,BNE_870956_ccrop.jpg,BNE,A_sepakat_band,unsegmented-band,Neutrophil,test,-1.2173480581272287
18.788294228055936,13.0,0.6919201840360543,5209,BNE_408431_ccrop.jpg,BNE,A_sepakat_band,unsegmented-band,Neutrophil,test,-0.6227262035924941
18.24828759089466,9.5,0.5205967931336314,5766,BNE_311426_ccrop.jpg,BNE,A_sepakat_band,unsegmented-band,Neutrophil,test,0.8908129014167105
22.47220505424423,16.5,0.734240363158475,5037,BNE_427592_ccrop.jpg,BNE,A_sepakat_band,unsegmented-band,Neutrophil,test,-2.980516201160839
28.635642126552707,14.0,0.4889012070387047,7131,BNE_107370_ccrop.jpg,BNE,D_konflik_BNE_dianotasi_segmented,segmented-bilobed,Neutrophil,test,-3.0938961880490368
21.213203435596427,1.5,0.07071067811865475,6383,SNE_543424_ccrop.jpg,SNE,C_konflik_SNE_dianotasi_band,unsegmented-band,Neutrophil,test,1.9693137487151793
19.209372712298546,1.5,0.07808688094430304,6069,SNE_408047_ccrop.jpg,SNE,B_sepakat_segmented,segmented-bilobed,Neutrophil,test,2.2555119654737936
22.561028345356956,13.0,0.5762148693313172,5260,BNE_448273_ccrop.jpg,BNE,A_sepakat_band,unsegmented-band,Neutrophil,test,-2.9691720844277576
29.017236257093817,1.0,0.03446227583977888,6662,SNE_140717_ccrop.jpg,SNE,B_sepakat_segmented,segmented-bilobed,Neutrophil,test,-0.6148012916802585
30.805843601498726,24.0,0.7790729677934346,5096,BNE_636834_ccrop.jpg,BNE,A_sepakat_band,unsegmented-band,Neutrophil,test,-8.702191359949492
32.526911934581186,17.5,0.5380160291636775,6238,BNE_105748_ccrop.jpg,BNE,E_lainnya,irregular,Neutrophil,test,-4.2751332531857695
21.93171219946131,3.5,0.1595862634056436,6086,SNE_3754_ccrop.jpg,SNE,C_konflik_SNE_dianotasi_band,unsegmented-band,Neutrophil,test,-0.21497442155419222
25.0,9.0,0.36,6295,SNE_140904_ccrop.jpg,SNE,C_konflik_SNE_dianotasi_band,unsegmented-band,Neutrophil,test,0.33957542201981195
22.360679774997898,12.5,0.5590169943749475,4153,BNE_480776_ccrop.jpg,BNE,A_sepakat_band,unsegmented-band,Neutrophil,test,-3.022041158064253
18.439088914585774,1.5,0.08134892168199606,5440,SNE_898586_ccrop.jpg,SNE,B_sepakat_segmented,segmented-bilobed,Neutrophil,test,1.7554118489598922
25.059928172283335,17.0,0.6783738517974789,6028,BNE_680611_ccrop.jpg,BNE,A_sepakat_band,unsegmented-band,Neutrophil,test,-3.67736079555009
20.8806130178211,10.0,0.47891314261057566,5250,SNE_48537_ccrop.jpg,SNE,B_sepakat_segmented,segmented-bilobed,Neutrophil,test,-0.5468214271033816
20.591260281974,4.0,0.19425717247145283,5009,SNE_263591_ccrop.jpg,SNE,B_sepakat_segmented,segmented-bilobed,Neutrophil,test,0.6270846673119106
27.51363298439521,19.0,0.6905667459755733,6199,BNE_24013_ccrop.jpg,BNE,A_sepakat_band,unsegmented-band,Neutrophil,test,-4.77323543323387
21.840329667841555,8.0,0.3662948371965041,4980,SNE_781300_ccrop.jpg,SNE,C_konflik_SNE_dianotasi_band,unsegmented-band,Neutrophil,test,-0.1533210976922419
19.4164878389476,2.0,0.10300524052492095,5639,SNE_214327_ccrop.jpg,SNE,B_sepakat_segmented,segmented-multilobed,Neutrophil,test,2.689438545388379
29.068883707497267,0.5,0.017200522903844537,10869,BNE_356501_ccrop.jpg,BNE,A_sepakat_band,unsegmented-band,Neutrophil,test,1.238844028066838
30.675723300355934,29.0,0.9453729816262721,5074,BNE_525989_ccrop.jpg,BNE,A_sepakat_band,unsegmented-band,Neutrophil,test,-9.068509975732606
19.79898987322333,0.5,0.025253813613805267,5527,BNE_845186_ccrop.jpg,BNE,A_sepakat_band,unsegmented-band,Neutrophil,test,0.24682400742048038
19.72308292331602,2.0,0.10140402531267877,5378,BNE_568904_ccrop.jpg,BNE,A_sepakat_band,unsegmented-band,Neutrophil,test,0.8180999797719535
29.017236257093817,14.5,0.49970299967679377,5264,BNE_516401_ccrop.jpg,BNE,A_sepakat_band,unsegmented-band,Neutrophil,test,-3.6649044279698604
24.041630560342615,13.0,0.540728715025007,5732,BNE_575028_ccrop.jpg,BNE,A_sepakat_band,unsegmented-band,Neutrophil,test,-2.2832141878670598
26.40075756488817,0.5,0.018938850476964256,6948,SNE_870354_ccrop.jpg,SNE,B_sepakat_segmented,segmented-multilobed,Neutrophil,test,1.730437352085441
23.0,12.5,0.5434782608695652,4745,BNE_150489_ccrop.jpg,BNE,A_sepakat_band,unsegmented-band,Neutrophil,test,-2.247636987352166
31.827660925679098,21.0,0.6598034347870296,5293,BNE_781521_ccrop.jpg,BNE,A_sepakat_band,unsegmented-band,Neutrophil,test,-7.682744353696249
25.45584412271571,9.0,0.3535533905932738,5513,SNE_209892_ccrop.jpg,SNE,C_konflik_SNE_dianotasi_band,unsegmented-band,Neutrophil,test,-0.4062539808823935
19.924858845171276,6.5,0.32622564859852216,3589,SNE_559470_ccrop.jpg,SNE,C_konflik_SNE_dianotasi_band,unsegmented-band,Neutrophil,test,-1.4045512725026157
19.1049731745428,2.0,0.10468478451804275,5951,SNE_513440_ccrop.jpg,SNE,B_sepakat_segmented,segmented-multilobed,Neutrophil,test,2.8792600084181696
25.0,16.0,0.64,4910,BNE_77263_ccrop.jpg,BNE,A_sepakat_band,unsegmented-band,Neutrophil,test,-3.5602405690226853
21.470910553583888,4.0,0.18629857313304893,5799,BNE_73716_ccrop.jpg,BNE,A_sepakat_band,unsegmented-band,Neutrophil,test,-0.2293583477811474
22.360679774997898,5.0,0.22360679774997896,5922,SNE_28048_ccrop.jpg,SNE,C_konflik_SNE_dianotasi_band,unsegmented-band,Neutrophil,test,-0.18535510135700406
20.8806130178211,9.5,0.4549674854800469,5978,BNE_854984_ccrop.jpg,BNE,A_sepakat_band,unsegmented-band,Neutrophil,test,0.16362088747683856
23.259406699226016,8.0,0.3439468643138782,5271,BNE_667509_ccrop.jpg,BNE,D_konflik_BNE_dianotasi_segmented,segmented-bilobed,Neutrophil,test,-1.072619969169807
19.697715603592208,11.0,0.5584403908234905,5373,SNE_827935_ccrop.jpg,SNE,C_konflik_SNE_dianotasi_band,unsegmented-band,Neutrophil,test,-0.058262654197758224
26.419689627245813,18.5,0.7002353267966297,5368,BNE_191041_ccrop.jpg,BNE,A_sepakat_band,unsegmented-band,Neutrophil,test,-4.247609543632761
20.8806130178211,10.5,0.5028587997411045,5246,SNE_647035_ccrop.jpg,SNE,B_sepakat_segmented,segmented-bilobed,Neutrophil,test,-1.633685677841724
22.360679774997898,11.5,0.5142956348249516,6263,BNE_960075_ccrop.jpg,BNE,A_sepakat_band,unsegmented-band,Neutrophil,test,-1.4700652746577703
19.4164878389476,0.5,0.025751310131230238,7565,SNE_401211_ccrop.jpg,SNE,B_sepakat_segmented,segmented-multilobed,Neutrophil,test,2.8548174736310745
19.924858845171276,11.5,0.5771684552127699,5557,BNE_230180_ccrop.jpg,BNE,A_sepakat_band,unsegmented-band,Neutrophil,test,-0.8922332843403584
34.9857113690718,7.5,0.21437323142813605,10354,SNE_645614_ccrop.jpg,SNE,E_lainnya,irregular,Neutrophil,test,1.0824438163337184
22.47220505424423,9.5,0.42274445151548556,5872,BNE_270322_ccrop.jpg,BNE,A_sepakat_band,unsegmented-band,Neutrophil,test,-2.1364421993371767
28.460498941515414,22.5,0.7905694150420948,5363,SNE_692892_ccrop.jpg,SNE,B_sepakat_segmented,segmented-bilobed,Neutrophil,test,-5.606005057386177
19.313207915827967,1.5,0.07766705596177466,5073,SNE_366990_ccrop.jpg,SNE,B_sepakat_segmented,segmented-bilobed,Neutrophil,test,0.6154089147578947
18.027756377319946,5.0,0.2773500981126146,5560,SNE_323373_ccrop.jpg,SNE,C_konflik_SNE_dianotasi_band,unsegmented-band,Neutrophil,test,1.4236469254703357
21.0,12.5,0.5952380952380952,6062,BNE_271935_ccrop.jpg,BNE,A_sepakat_band,unsegmented-band,Neutrophil,test,-1.3722590221451387
18.601075237738275,8.0,0.4300826644563763,5096,SNE_447298_ccrop.jpg,SNE,C_konflik_SNE_dianotasi_band,unsegmented-band,Neutrophil,test,0.031766597372138605
34.17601498127012,10.0,0.2926028679903264,9358,SNE_375899_ccrop.jpg,SNE,C_konflik_SNE_dianotasi_band,unsegmented-band,Neutrophil,test,-2.6853196794500835
26.92582403567252,7.0,0.25997347344787264,6346,BNE_723408_ccrop.jpg,BNE,A_sepakat_band,unsegmented-band,Neutrophil,test,-2.3963299513180107
24.20743687382041,11.5,0.47506062124391585,6221,BNE_837180_ccrop.jpg,BNE,A_sepakat_band,unsegmented-band,Neutrophil,test,-0.9235069929833948
22.80350850198276,14.5,0.6358670639975962,5157,BNE_95275_ccrop.jpg,BNE,A_sepakat_band,unsegmented-band,Neutrophil,test,-2.5216659903731724
27.073972741361768,24.0,0.8864602261837413,6950,BNE_187097_ccrop.jpg,BNE,A_sepakat_band,unsegmented-band,Neutrophil,test,-6.430692361398435
24.596747752497688,13.0,0.5285251583181321,4716,BNE_630198_ccrop.jpg,BNE,A_sepakat_band,unsegmented-band,Neutrophil,test,-3.365384796288284
18.973665961010276,2.0,0.10540925533894598,6652,SNE_446799_ccrop.jpg,SNE,B_sepakat_segmented,segmented-multilobed,Neutrophil,test,2.3005976973773548
23.0,4.5,0.1956521739130435,5299,SNE_811155_ccrop.jpg,SNE,B_sepakat_segmented,segmented-multilobed,Neutrophil,test,0.5108306469239023
21.095023109728988,9.5,0.45034318998297834,4781,BNE_674279_ccrop.jpg,BNE,A_sepakat_band,unsegmented-band,Neutrophil,test,-3.5849785508070315
29.832867780352597,16.0,0.5363212185231927,5863,BNE_977930_ccrop.jpg,BNE,A_sepakat_band,unsegmented-band,Neutrophil,test,-4.60233821691163
22.135943621178654,9.5,0.42916625387999435,5292,SNE_417396_ccrop.jpg,SNE,C_konflik_SNE_dianotasi_band,unsegmented-band,Neutrophil,test,-1.3606925503759726
19.235384061671343,0.5,0.02599376224550182,5546,SNE_902849_ccrop.jpg,SNE,B_sepakat_segmented,segmented-bilobed,Neutrophil,test,1.156388949898557
25.0,2.5,0.1,5288,SNE_754268_ccrop.jpg,SNE,B_sepakat_segmented,segmented-bilobed,Neutrophil,test,0.04276878530278161
19.4164878389476,8.5,0.43777227223091403,4366,BNE_923528_ccrop.jpg,BNE,A_sepakat_band,unsegmented-band,Neutrophil,test,-1.2494685481155976
19.697715603592208,4.0,0.20306923302672383,5407,SNE_326733_ccrop.jpg,SNE,B_sepakat_segmented,segmented-bilobed,Neutrophil,test,0.5481952113684043
19.72308292331602,2.5,0.12675503164084845,5018,SNE_266723_ccrop.jpg,SNE,B_sepakat_segmented,segmented-bilobed,Neutrophil,test,-0.7418382398907912
21.95449840010015,9.0,0.40993876680684926,6144,SNE_856721_ccrop.jpg,SNE,C_konflik_SNE_dianotasi_band,unsegmented-band,Neutrophil,test,0.23715177925605957
23.08679276123039,16.0,0.693036930918736,5737,BNE_170066_ccrop.jpg,BNE,A_sepakat_band,unsegmented-band,Neutrophil,test,-2.9775825005481398
17.08800749063506,2.0,0.11704114719613057,4697,SNE_541356_ccrop.jpg,SNE,B_sepakat_segmented,segmented-multilobed,Neutrophil,test,1.2912460659419365
26.1725046566048,11.5,0.4393924139430003,6521,BNE_263034_ccrop.jpg,BNE,A_sepakat_band,unsegmented-band,Neutrophil,test,-1.1702631341551584
20.396078054371138,3.0,0.14708710135363803,5315,BNE_735513_ccrop.jpg,BNE,A_sepakat_band,unsegmented-band,Neutrophil,test,1.1379587030832825
20.518284528683193,8.5,0.4142646520042924,5630,SNE_92591_ccrop.jpg,SNE,C_konflik_SNE_dianotasi_band,unsegmented-band,Neutrophil,test,1.0384203551830709
25.495097567963924,1.0,0.03922322702763681,6126,SNE_979034_ccrop.jpg,SNE,B_sepakat_segmented,segmented-multilobed,Neutrophil,test,1.7583114873028318
20.09975124224178,3.5,0.17413150828674812,5510,SNE_98855_ccrop.jpg,SNE,C_konflik_SNE_dianotasi_band,unsegmented-band,Neutrophil,test,-0.1784355022755868
28.861739379323623,15.0,0.5197191965064278,5381,BNE_906537_ccrop.jpg,BNE,A_sepakat_band,unsegmented-band,Neutrophil,test,-3.5652826161235414
28.844410203711913,20.0,0.6933752452815365,6766,BNE_377686_ccrop.jpg,BNE,A_sepakat_band,unsegmented-band,Neutrophil,test,-4.45576171682699
21.37755832643195,0.5,0.0233890134862494,6660,SNE_582848_ccrop.jpg,SNE,B_sepakat_segmented,segmented-multilobed,Neutrophil,test,1.1581079751425332
23.0,12.5,0.5434782608695652,6548,BNE_494338_ccrop.jpg,BNE,A_sepakat_band,unsegmented-band,Neutrophil,test,-0.9878938384757809
25.0,2.5,0.1,6370,SNE_920127_ccrop.jpg,SNE,B_sepakat_segmented,segmented-bilobed,Neutrophil,test,0.916455567043192
23.345235059857504,9.0,0.3855176431903074,6213,SNE_829664_ccrop.jpg,SNE,B_sepakat_segmented,segmented-bilobed,Neutrophil,test,0.008917439440669028
17.46424919657298,1.5,0.08588975014708024,5715,SNE_843468_ccrop.jpg,SNE,B_sepakat_segmented,segmented-multilobed,Neutrophil,test,2.40068358333027
20.0,11.5,0.575,4485,BNE_604382_ccrop.jpg,BNE,A_sepakat_band,unsegmented-band,Neutrophil,test,-1.755677417676612
27.459060435491963,4.0,0.14567140814584595,7586,SNE_974133_ccrop.jpg,SNE,B_sepakat_segmented,segmented-multilobed,Neutrophil,test,1.8743074146905876
27.892651361962706,13.0,0.46607258059834855,5557,SNE_6938_ccrop.jpg,SNE,C_konflik_SNE_dianotasi_band,unsegmented-band,Neutrophil,test,-1.7748965454771195
25.0,14.0,0.56,6370,BNE_811237_ccrop.jpg,BNE,A_sepakat_band,unsegmented-band,Neutrophil,test,-2.296499440605805
18.681541692269406,0.5,0.02676438637860946,5607,SNE_303827_ccrop.jpg,SNE,B_sepakat_segmented,segmented-multilobed,Neutrophil,test,0.994172638843045
37.48332962798263,28.0,0.7469987399170914,6713,BNE_828729_ccrop.jpg,BNE,A_sepakat_band,unsegmented-band,Neutrophil,test,-8.913955195443545
22.0,10.5,0.4772727272727273,6100,SNE_696497_ccrop.jpg,SNE,C_konflik_SNE_dianotasi_band,unsegmented-band,Neutrophil,test,-0.8664536217551078
20.8806130178211,9.5,0.4549674854800469,5355,SNE_564665_ccrop.jpg,SNE,C_konflik_SNE_dianotasi_band,unsegmented-band,Neutrophil,test,-0.12649665536199883
37.107950630558946,0.5,0.013474201390907386,10806,BNE_113314_ccrop.jpg,BNE,A_sepakat_band,unsegmented-band,Neutrophil,test,-0.5651901537368289
18.788294228055936,9.0,0.47902166587111455,4866,BNE_424919_ccrop.jpg,BNE,A_sepakat_band,unsegmented-band,Neutrophil,test,-0.3069102572033131
24.596747752497688,14.0,0.5691809397272192,6888,SNE_668285_ccrop.jpg,SNE,C_konflik_SNE_dianotasi_band,unsegmented-band,Neutrophil,test,-0.9781039383850327
22.360679774997898,8.0,0.35777087639996635,4710,BNE_341561_ccrop.jpg,BNE,A_sepakat_band,unsegmented-band,Neutrophil,test,-2.063469762226987
27.730849247724095,2.5,0.09015230574682735,6087,SNE_621571_ccrop.jpg,SNE,B_sepakat_segmented,segmented-multilobed,Neutrophil,test,1.8649231337217564
20.518284528683193,10.0,0.4873701788285793,6359,BNE_813565_ccrop.jpg,BNE,A_sepakat_band,unsegmented-band,Neutrophil,test,0.5567218018293669
19.235384061671343,1.0,0.05198752449100364,6018,SNE_850328_ccrop.jpg,SNE,C_konflik_SNE_dianotasi_band,unsegmented-band,Neutrophil,test,1.0866366421424587
20.591260281974,0.5,0.024282146558931603,10196,BNE_845340_ccrop.jpg,BNE,A_sepakat_band,unsegmented-band,Neutrophil,test,1.2655233097836742
21.93171219946131,9.5,0.43316271495817554,4669,SNE_147463_ccrop.jpg,SNE,C_konflik_SNE_dianotasi_band,unsegmented-band,Neutrophil,test,-2.066848388029454
21.840329667841555,16.5,0.7554831017177897,4455,BNE_955849_ccrop.jpg,BNE,A_sepakat_band,unsegmented-band,Neutrophil,test,-3.5624498031020906
20.396078054371138,2.5,0.12257258446136503,6330,SNE_961733_ccrop.jpg,SNE,B_sepakat_segmented,segmented-multilobed,Neutrophil,test,2.000757597762819
24.331050121192877,11.5,0.4726470885029022,5518,BNE_991489_ccrop.jpg,BNE,A_sepakat_band,unsegmented-band,Neutrophil,test,-2.2316216120961503
22.360679774997898,2.0,0.08944271909999159,6070,SNE_968981_ccrop.jpg,SNE,B_sepakat_segmented,segmented-bilobed,Neutrophil,test,1.2695233559144974
28.319604517012593,24.0,0.8474694618557383,4874,BNE_669262_ccrop.jpg,BNE,A_sepakat_band,unsegmented-band,Neutrophil,test,-7.761529211606973
19.235384061671343,3.0,0.1559625734730109,7233,SNE_968237_ccrop.jpg,SNE,C_konflik_SNE_dianotasi_band,unsegmented-band,Neutrophil,test,0.9474627053221205
19.924858845171276,2.0,0.10037712264569912,4757,SNE_276203_ccrop.jpg,SNE,B_sepakat_segmented,segmented-bilobed,Neutrophil,test,1.1413035362398416
21.93171219946131,1.5,0.06839411288813298,5387,SNE_401654_ccrop.jpg,SNE,B_sepakat_segmented,segmented-bilobed,Neutrophil,test,0.7126626545766364
19.209372712298546,6.5,0.3383764840919798,5912,SNE_443796_ccrop.jpg,SNE,C_konflik_SNE_dianotasi_band,unsegmented-band,Neutrophil,test,1.4687673776269232
20.591260281974,10.0,0.48564293117863205,5656,BNE_115261_ccrop.jpg,BNE,A_sepakat_band,unsegmented-band,Neutrophil,test,0.64114421226388
25.709920264364882,19.5,0.7584620955448036,6264,BNE_548143_ccrop.jpg,BNE,A_sepakat_band,unsegmented-band,Neutrophil,test,-4.085887772803069
15.524174696260024,2.0,0.12883132528016616,5278,SNE_645724_ccrop.jpg,SNE,C_konflik_SNE_dianotasi_band,unsegmented-band,Neutrophil,test,2.715017169429567
22.360679774997898,12.0,0.5366563145999494,5089,SNE_73737_ccrop.jpg,SNE,C_konflik_SNE_dianotasi_band,unsegmented-band,Neutrophil,test,-1.2423063284159355
21.213203435596427,3.0,0.1414213562373095,5745,BNE_12343_ccrop.jpg,BNE,D_konflik_BNE_dianotasi_segmented,segmented-bilobed,Neutrophil,test,1.6286208641059323
21.587033144922902,10.5,0.48640310734268344,5182,SNE_976204_ccrop.jpg,SNE,C_konflik_SNE_dianotasi_band,unsegmented-band,Neutrophil,test,-1.5028436200343513
24.515301344262525,9.0,0.3671176574016019,4909,BNE_891971_ccrop.jpg,BNE,A_sepakat_band,unsegmented-band,Neutrophil,test,-1.0394934734022137
15.811388300841896,1.5,0.09486832980505139,5029,BNE_482975_ccrop.jpg,BNE,A_sepakat_band,unsegmented-band,Neutrophil,test,2.3390857108817205
21.213203435596427,3.5,0.1649915822768611,5201,SNE_653262_ccrop.jpg,SNE,B_sepakat_segmented,segmented-multilobed,Neutrophil,test,0.4940117491716469
22.0,8.5,0.38636363636363635,5767,BNE_372859_ccrop.jpg,BNE,A_sepakat_band,unsegmented-band,Neutrophil,test,-0.8903260949575031
20.615528128088304,3.5,0.16977493752543307,5059,SNE_888384_ccrop.jpg,SNE,B_sepakat_segmented,segmented-bilobed,Neutrophil,test,-0.35110626156316016
27.65863337187866,22.5,0.8134892168199607,7088,BNE_489467_ccrop.jpg,BNE,A_sepakat_band,unsegmented-band,Neutrophil,test,-4.774110800930359
22.80350850198276,11.0,0.4823819106188661,5671,SNE_568613_ccrop.jpg,SNE,B_sepakat_segmented,segmented-bilobed,Neutrophil,test,-0.9002393740793728
18.0,3.0,0.16666666666666666,6391,SNE_790875_ccrop.jpg,SNE,B_sepakat_segmented,segmented-bilobed,Neutrophil,test,0.9850889691296514
22.360679774997898,11.0,0.4919349550499537,5127,BNE_810533_ccrop.jpg,BNE,A_sepakat_band,unsegmented-band,Neutrophil,test,-2.290676468270897
28.792360097775937,23.0,0.7988230183942661,6610,BNE_853952_ccrop.jpg,BNE,A_sepakat_band,unsegmented-band,Neutrophil,test,-6.5996422968814095
21.2602916254693,9.0,0.42332439077261874,5922,SNE_914583_ccrop.jpg,SNE,C_konflik_SNE_dianotasi_band,unsegmented-band,Neutrophil,test,0.4349189383282983
21.540659228538015,3.5,0.16248342090492038,5943,SNE_356080_ccrop.jpg,SNE,B_sepakat_segmented,segmented-bilobed,Neutrophil,test,2.65724892392927
24.0,5.5,0.22916666666666666,5411,BNE_917757_ccrop.jpg,BNE,A_sepakat_band,unsegmented-band,Neutrophil,test,-1.4841390846254647
20.615528128088304,11.0,0.5335783750799326,4570,SNE_210288_ccrop.jpg,SNE,C_konflik_SNE_dianotasi_band,unsegmented-band,Neutrophil,test,-0.6898438100709701
18.35755975068582,0.5,0.027236735535142165,5481,BNE_481879_ccrop.jpg,BNE,A_sepakat_band,unsegmented-band,Neutrophil,test,-0.23779850423677829
21.0,12.5,0.5952380952380952,6072,BNE_926497_ccrop.jpg,BNE,A_sepakat_band,unsegmented-band,Neutrophil,test,-0.4144011390301525
25.96150997149434,3.0,0.1155556823657018,5916,SNE_219189_ccrop.jpg,SNE,B_sepakat_segmented,segmented-bilobed,Neutrophil,test,-0.09849427856770632
25.0,3.5,0.14,4252,SNE_190775_ccrop.jpg,SNE,C_konflik_SNE_dianotasi_band,unsegmented-band,Neutrophil,test,-3.6876794653989826
36.6742416417845,21.0,0.5726089773066724,8181,BNE_392730_ccrop.jpg,BNE,A_sepakat_band,unsegmented-band,Neutrophil,test,-6.518454553765402
21.633307652783937,14.0,0.647150228929434,5447,BNE_39101_ccrop.jpg,BNE,A_sepakat_band,unsegmented-band,Neutrophil,test,-1.9095773153625437
27.0,4.0,0.14814814814814814,6736,SNE_160550_ccrop.jpg,SNE,C_konflik_SNE_dianotasi_band,unsegmented-band,Neutrophil,test,1.0920879312801173
21.400934559032695,6.0,0.28036158810959866,5706,SNE_707186_ccrop.jpg,SNE,B_sepakat_segmented,segmented-bilobed,Neutrophil,test,-0.3228833329534275
21.400934559032695,10.0,0.46726931351599776,4885,SNE_918960_ccrop.jpg,SNE,C_konflik_SNE_dianotasi_band,unsegmented-band,Neutrophil,test,-0.8859311451991765
22.20360331117452,2.0,0.09007546982220899,6597,SNE_619023_ccrop.jpg,SNE,B_sepakat_segmented,segmented-bilobed,Neutrophil,test,1.2790065224614438
19.697715603592208,2.0,0.10153461651336192,5490,SNE_406359_ccrop.jpg,SNE,B_sepakat_segmented,segmented-bilobed,Neutrophil,test,1.7962831926796978
19.4164878389476,3.0,0.1545078607873814,6290,SNE_361921_ccrop.jpg,SNE,B_sepakat_segmented,segmented-bilobed,Neutrophil,test,3.0708748361129725
21.400934559032695,9.0,0.420542382164398,5037,SNE_118348_ccrop.jpg,SNE,C_konflik_SNE_dianotasi_band,unsegmented-band,Neutrophil,test,-0.7280587752654988
24.73863375370596,13.0,0.5254938542453882,5657,BNE_345442_ccrop.jpg,BNE,A_sepakat_band,unsegmented-band,Neutrophil,test,-3.262117098593704
29.120439557122072,15.0,0.5151021148075838,6147,BNE_826741_ccrop.jpg,BNE,A_sepakat_band,unsegmented-band,Neutrophil,test,-3.5843200209128288
21.470910553583888,6.0,0.27944785969957336,6510,SNE_679084_ccrop.jpg,SNE,B_sepakat_segmented,segmented-bilobed,Neutrophil,test,0.3369732305867572
24.839484696748443,14.0,0.5636187775599322,4775,SNE_476747_ccrop.jpg,SNE,C_konflik_SNE_dianotasi_band,unsegmented-band,Neutrophil,test,-3.6287258989130535
18.439088914585774,9.0,0.4880935300919764,3928,BNE_672922_ccrop.jpg,BNE,A_sepakat_band,unsegmented-band,Neutrophil,test,-1.3446619737585461
28.284271247461902,4.0,0.1414213562373095,6790,SNE_444266_ccrop.jpg,SNE,B_sepakat_segmented,segmented-bilobed,Neutrophil,test,-0.41591322418798526
20.615528128088304,15.0,0.7276068751089989,5349,BNE_187466_ccrop.jpg,BNE,A_sepakat_band,unsegmented-band,Neutrophil,test,-2.8930077820885867
23.345235059857504,8.5,0.36409999634640144,6706,SNE_304261_ccrop.jpg,SNE,C_konflik_SNE_dianotasi_band,unsegmented-band,Neutrophil,test,0.5743571853532501
18.681541692269406,9.5,0.5085233411935798,5560,BNE_682103_ccrop.jpg,BNE,A_sepakat_band,unsegmented-band,Neutrophil,test,0.003835489946116155
28.460498941515414,19.0,0.6675919504799912,6313,BNE_464974_ccrop.jpg,BNE,A_sepakat_band,unsegmented-band,Neutrophil,test,-5.562105959866814
22.80350850198276,15.5,0.6797199649629477,5783,BNE_54463_ccrop.jpg,BNE,A_sepakat_band,unsegmented-band,Neutrophil,test,-1.87301410557302
21.840329667841555,4.0,0.18314741859825204,5497,SNE_355772_ccrop.jpg,SNE,B_sepakat_segmented,segmented-bilobed,Neutrophil,test,1.2610983768797919
25.45584412271571,1.5,0.05892556509887896,7351,SNE_504699_ccrop.jpg,SNE,B_sepakat_segmented,segmented-bilobed,Neutrophil,test,0.6338882636741854
27.459060435491963,12.5,0.45522315045576855,6406,BNE_366650_ccrop.jpg,BNE,A_sepakat_band,unsegmented-band,Neutrophil,test,-2.6194655285009905
19.924858845171276,4.0,0.20075424529139824,6287,SNE_308376_ccrop.jpg,SNE,C_konflik_SNE_dianotasi_band,unsegmented-band,Neutrophil,test,0.9289357323673926
23.021728866442675,13.0,0.5646839155919902,5323,BNE_818496_ccrop.jpg,BNE,A_sepakat_band,unsegmented-band,Neutrophil,test,-2.0303590546324326
24.041630560342615,3.0,0.12478354962115545,6968,SNE_528715_ccrop.jpg,SNE,B_sepakat_segmented,segmented-bilobed,Neutrophil,test,1.2429776545040205
23.345235059857504,5.0,0.21417646843905966,6516,SNE_565642_ccrop.jpg,SNE,C_konflik_SNE_dianotasi_band,unsegmented-band,Neutrophil,test,1.5436072843037687
22.090722034374522,12.5,0.5658484127657408,6712,BNE_371594_ccrop.jpg,BNE,A_sepakat_band,unsegmented-band,Neutrophil,test,-0.1989497416151167
20.0,7.5,0.375,5067,SNE_372018_ccrop.jpg,SNE,C_konflik_SNE_dianotasi_band,unsegmented-band,Neutrophil,test,0.24999461427269054
21.587033144922902,1.5,0.06948615819181192,5848,SNE_238278_ccrop.jpg,SNE,B_sepakat_segmented,segmented-multilobed,Neutrophil,test,2.3104825222127836
23.345235059857504,4.5,0.1927588215951537,5462,SNE_411413_ccrop.jpg,SNE,B_sepakat_segmented,segmented-bilobed,Neutrophil,test,-0.14121871108517325
22.0,8.0,0.36363636363636365,5370,SNE_573421_ccrop.jpg,SNE,C_konflik_SNE_dianotasi_band,unsegmented-band,Neutrophil,test,-0.05756523726235585
19.235384061671343,9.5,0.4938814826645346,5683,BNE_363984_ccrop.jpg,BNE,A_sepakat_band,unsegmented-band,Neutrophil,test,0.39082519291932005
32.2490309931942,13.5,0.4186172292385786,7103,BNE_149081_ccrop.jpg,BNE,A_sepakat_band,unsegmented-band,Neutrophil,test,-3.325881778012967
18.35755975068582,9.5,0.5174979751677011,4804,BNE_522327_ccrop.jpg,BNE,A_sepakat_band,unsegmented-band,Neutrophil,test,-0.4330228227791313
21.213203435596427,13.0,0.6128258770283411,5192,BNE_342978_ccrop.jpg,BNE,A_sepakat_band,unsegmented-band,Neutrophil,test,-0.8360806044153719
23.0,13.0,0.5652173913043478,6117,BNE_369954_ccrop.jpg,BNE,A_sepakat_band,unsegmented-band,Neutrophil,test,-1.8216270395560734
21.095023109728988,10.0,0.4740454631399772,6255,BNE_524918_ccrop.jpg,BNE,A_sepakat_band,unsegmented-band,Neutrophil,test,0.22950022163924633
28.635642126552707,16.0,0.5587442366156625,5838,BNE_395939_ccrop.jpg,BNE,A_sepakat_band,unsegmented-band,Neutrophil,test,-4.344736990036981
24.186773244895647,12.0,0.49613893835683387,5630,BNE_437992_ccrop.jpg,BNE,A_sepakat_band,unsegmented-band,Neutrophil,test,-1.4539135646675252
23.53720459187964,10.0,0.4248592886620874,5889,SNE_305627_ccrop.jpg,SNE,C_konflik_SNE_dianotasi_band,unsegmented-band,Neutrophil,test,-1.5172291325679268
19.235384061671343,11.5,0.5978565316465418,5906,BNE_210860_ccrop.jpg,BNE,A_sepakat_band,unsegmented-band,Neutrophil,test,0.28346316002012895
23.0,15.0,0.6521739130434783,6106,BNE_751844_ccrop.jpg,BNE,A_sepakat_band,unsegmented-band,Neutrophil,test,-2.5845773714218367
22.825424421026653,2.0,0.0876215908676647,6437,SNE_845681_ccrop.jpg,SNE,C_konflik_SNE_dianotasi_band,unsegmented-band,Neutrophil,test,-1.458055183919523
16.55294535724685,1.5,0.09061831399952655,5621,SNE_993646_ccrop.jpg,SNE,B_sepakat_segmented,segmented-bilobed,Neutrophil,test,2.075493369634378
19.4164878389476,8.0,0.4120209620996838,5868,BNE_583475_ccrop.jpg,BNE,A_sepakat_band,unsegmented-band,Neutrophil,test,0.3762885339806257
26.570660511172846,4.0,0.15054198589899628,6792,SNE_81929_ccrop.jpg,SNE,B_sepakat_segmented,segmented-bilobed,Neutrophil,test,-0.709153506277211
23.08679276123039,12.5,0.5414351022802625,5137,BNE_801236_ccrop.jpg,BNE,A_sepakat_band,unsegmented-band,Neutrophil,test,-2.282675928206837
31.38470965295043,18.0,0.5735276890894495,5532,SNE_539171_ccrop.jpg,SNE,E_lainnya,irregular,Neutrophil,test,-6.525662242014654
33.13608305156178,24.0,0.7242859683401482,8234,BNE_283815_ccrop.jpg,BNE,A_sepakat_band,unsegmented-band,Neutrophil,test,-6.092605176904772
21.840329667841555,13.5,0.6181225377691006,5627,BNE_245100_ccrop.jpg,BNE,A_sepakat_band,unsegmented-band,Neutrophil,test,-1.4143704674849769
23.323807579381203,2.0,0.08574929257125441,5893,SNE_211341_ccrop.jpg,SNE,C_konflik_SNE_dianotasi_band,unsegmented-band,Neutrophil,test,1.277372104727828
23.021728866442675,14.5,0.6298397520064506,7457,BNE_594338_ccrop.jpg,BNE,A_sepakat_band,unsegmented-band,Neutrophil,test,-0.6338458022007778
25.179356624028344,18.5,0.7347288604803223,5330,SNE_112815_ccrop.jpg,SNE,C_konflik_SNE_dianotasi_band,unsegmented-band,Neutrophil,test,-3.7539418137021894
20.0,9.0,0.45,5738,SNE_684882_ccrop.jpg,SNE,C_konflik_SNE_dianotasi_band,unsegmented-band,Neutrophil,test,0.3877050286420598
28.160255680657446,12.0,0.426132494537061,7783,BNE_573445_ccrop.jpg,BNE,A_sepakat_band,unsegmented-band,Neutrophil,test,-1.487482688250676
19.79898987322333,6.0,0.30304576336566325,5430,SNE_271495_ccrop.jpg,SNE,C_konflik_SNE_dianotasi_band,unsegmented-band,Neutrophil,test,-0.04471835991310158
22.80350850198276,3.0,0.1315587028960544,6697,SNE_80584_ccrop.jpg,SNE,C_konflik_SNE_dianotasi_band,unsegmented-band,Neutrophil,test,0.8139081381149813
22.360679774997898,13.5,0.6037383539249432,6136,SNE_422423_ccrop.jpg,SNE,C_konflik_SNE_dianotasi_band,unsegmented-band,Neutrophil,test,-1.2874056667496152
20.518284528683193,9.5,0.46300166988715036,5153,BNE_76582_ccrop.jpg,BNE,A_sepakat_band,unsegmented-band,Neutrophil,test,-1.101664862353477
23.345235059857504,6.5,0.27842940897077756,5393,SNE_111548_ccrop.jpg,SNE,C_konflik_SNE_dianotasi_band,unsegmented-band,Neutrophil,test,0.9237119524864603
23.021728866442675,2.5,0.10859306069076735,5639,BNE_222611_ccrop.jpg,BNE,A_sepakat_band,unsegmented-band,Neutrophil,test,-2.6553282714273703
28.0,16.0,0.5714285714285714,6945,BNE_700972_ccrop.jpg,BNE,A_sepakat_band,unsegmented-band,Neutrophil,test,-3.6985012351261126
21.37755832643195,9.0,0.4210022427524892,5863,SNE_979904_ccrop.jpg,SNE,C_konflik_SNE_dianotasi_band,unsegmented-band,Neutrophil,test,-0.7462062931260043
20.0,1.0,0.05,4856,SNE_862028_ccrop.jpg,SNE,C_konflik_SNE_dianotasi_band,unsegmented-band,Neutrophil,test,-0.3543324210156733
25.179356624028344,8.0,0.31772058831581507,5185,SNE_61066_ccrop.jpg,SNE,B_sepakat_segmented,segmented-bilobed,Neutrophil,test,0.44622911842402146
20.12461179749811,9.0,0.4472135954999579,6247,BNE_630110_ccrop.jpg,BNE,A_sepakat_band,unsegmented-band,Neutrophil,test,-0.511022112529453
24.596747752497688,9.5,0.3862299233863273,6169,BNE_991404_ccrop.jpg,BNE,A_sepakat_band,unsegmented-band,Neutrophil,test,-1.4126388283020503
22.090722034374522,8.0,0.3621429841700741,6173,SNE_613572_ccrop.jpg,SNE,C_konflik_SNE_dianotasi_band,unsegmented-band,Neutrophil,test,-0.4365666812147424
26.832815729997478,11.5,0.4285796956874597,5709,SNE_256151_ccrop.jpg,SNE,C_konflik_SNE_dianotasi_band,unsegmented-band,Neutrophil,test,-3.1727021841109178
18.439088914585774,6.5,0.3525119939553163,5588,BNE_288616_ccrop.jpg,BNE,A_sepakat_band,unsegmented-band,Neutrophil,test,-1.0496187981976757
21.840329667841555,2.0,0.09157370929912602,5588,SNE_73239_ccrop.jpg,SNE,B_sepakat_segmented,segmented-multilobed,Neutrophil,test,2.205835794926463
24.331050121192877,12.0,0.4931969619160719,5069,BNE_562004_ccrop.jpg,BNE,A_sepakat_band,unsegmented-band,Neutrophil,test,-2.996057861049266
25.0,3.5,0.14,7589,SNE_999519_ccrop.jpg,SNE,B_sepakat_segmented,segmented-bilobed,Neutrophil,test,1.6454658190027294
20.0,4.0,0.2,5446,SNE_271109_ccrop.jpg,SNE,B_sepakat_segmented,segmented-bilobed,Neutrophil,test,1.1147495674175918
19.1049731745428,2.0,0.10468478451804275,6390,SNE_418367_ccrop.jpg,SNE,B_sepakat_segmented,segmented-bilobed,Neutrophil,test,1.4344816813898866
26.92582403567252,18.0,0.6685032174373867,6664,BNE_305440_ccrop.jpg,BNE,A_sepakat_band,unsegmented-band,Neutrophil,test,-3.8031585935559047
24.020824298928627,5.0,0.20815272356090667,4880,SNE_227560_ccrop.jpg,SNE,B_sepakat_segmented,segmented-bilobed,Neutrophil,test,-0.1340127330487988
24.020824298928627,2.0,0.08326108942436267,5529,SNE_111014_ccrop.jpg,SNE,B_sepakat_segmented,segmented-bilobed,Neutrophil,test,0.8414178367803009
18.788294228055936,3.0,0.15967388862370485,6165,SNE_242356_ccrop.jpg,SNE,B_sepakat_segmented,segmented-bilobed,Neutrophil,test,0.9313316108560343
35.11409973215888,0.5,0.01423929429527935,11639,BNE_378779_ccrop.jpg,BNE,A_sepakat_band,unsegmented-band,Neutrophil,test,-0.029654810812436594
21.93171219946131,1.0,0.04559607525875532,6142,SNE_160_ccrop.jpg,SNE,B_sepakat_segmented,segmented-bilobed,Neutrophil,test,2.870497542172833
24.020824298928627,3.0,0.124891634136544,5350,SNE_88891_ccrop.jpg,SNE,B_sepakat_segmented,segmented-multilobed,Neutrophil,test,0.12517636629753248
21.18962010041709,13.5,0.6371043905470617,5626,BNE_455080_ccrop.jpg,BNE,A_sepakat_band,unsegmented-band,Neutrophil,test,-1.567186082669977
27.073972741361768,3.0,0.11080752827296766,6716,SNE_722650_ccrop.jpg,SNE,B_sepakat_segmented,segmented-multilobed,Neutrophil,test,0.15719149856225734
23.706539182259394,13.0,0.5483719027924772,5452,BNE_938012_ccrop.jpg,BNE,A_sepakat_band,unsegmented-band,Neutrophil,test,-3.1271848307970043
23.345235059857504,10.5,0.4497705837220253,4987,BNE_825578_ccrop.jpg,BNE,A_sepakat_band,unsegmented-band,Neutrophil,test,-1.9630160479916086
25.612496949731394,18.0,0.7027819284987273,5894,BNE_120960_ccrop.jpg,BNE,A_sepakat_band,unsegmented-band,Neutrophil,test,-4.928284646475879
21.633307652783937,9.0,0.4160251471689218,5893,SNE_217857_ccrop.jpg,SNE,C_konflik_SNE_dianotasi_band,unsegmented-band,Neutrophil,test,-0.2886288115208995
21.95449840010015,9.0,0.40993876680684926,5195,SNE_826401_ccrop.jpg,SNE,B_sepakat_segmented,segmented-bilobed,Neutrophil,test,-1.051072189314933
19.72308292331602,3.0,0.15210603796901814,5208,BNE_627505_ccrop.jpg,BNE,A_sepakat_band,unsegmented-band,Neutrophil,test,0.30486210236069056
21.840329667841555,15.0,0.6868028197434451,5728,BNE_560580_ccrop.jpg,BNE,A_sepakat_band,unsegmented-band,Neutrophil,test,-2.0140884491263567
20.518284528683193,16.0,0.7797922861257269,5906,BNE_131100_ccrop.jpg,BNE,A_sepakat_band,unsegmented-band,Neutrophil,test,-1.6466402611043893
27.202941017470888,4.0,0.14704292441876154,6726,BNE_695453_ccrop.jpg,BNE,A_sepakat_band,unsegmented-band,Neutrophil,test,-0.5212098381919716
16.15549442140351,4.0,0.24759378423606918,5253,SNE_316972_ccrop.jpg,SNE,B_sepakat_segmented,segmented-bilobed,Neutrophil,test,1.2260632176788917
18.35755975068582,10.5,0.5719714462379855,5139,BNE_347146_ccrop.jpg,BNE,A_sepakat_band,unsegmented-band,Neutrophil,test,-0.08759251949529023
22.847319317591726,7.5,0.32826608214930636,6038,SNE_130136_ccrop.jpg,SNE,C_konflik_SNE_dianotasi_band,unsegmented-band,Neutrophil,test,0.8733218922269153
21.95449840010015,17.0,0.7743287817462708,4910,BNE_102203_ccrop.jpg,BNE,D_konflik_BNE_dianotasi_segmented,segmented-multilobed,Neutrophil,test,-3.4091775802968645
19.924858845171276,2.0,0.10037712264569912,6156,SNE_387264_ccrop.jpg,SNE,B_sepakat_segmented,segmented-bilobed,Neutrophil,test,2.2267642366478864
22.80350850198276,4.5,0.19733805434408158,5061,SNE_332943_ccrop.jpg,SNE,B_sepakat_segmented,segmented-bilobed,Neutrophil,test,0.577153806500533
26.076809620810597,13.5,0.517701367471975,4319,BNE_470906_ccrop.jpg,BNE,A_sepakat_band,unsegmented-band,Neutrophil,test,-4.1048688671165685
22.825424421026653,16.0,0.7009727269413176,7017,BNE_700734_ccrop.jpg,BNE,A_sepakat_band,unsegmented-band,Neutrophil,test,-1.9692069730918789
20.615528128088304,4.0,0.19402850002906638,6153,SNE_149300_ccrop.jpg,SNE,B_sepakat_segmented,segmented-multilobed,Neutrophil,test,1.2043536292197699
18.384776310850235,2.0,0.10878565864408424,4728,BNE_295784_ccrop.jpg,BNE,A_sepakat_band,unsegmented-band,Neutrophil,test,0.7560794664126211
20.248456731316587,12.5,0.6173309979059936,3813,BNE_175712_ccrop.jpg,BNE,A_sepakat_band,unsegmented-band,Neutrophil,test,-2.959560756336554
24.166091947189145,13.0,0.5379438275915391,6568,BNE_126456_ccrop.jpg,BNE,A_sepakat_band,unsegmented-band,Neutrophil,test,-0.15805132150946832
20.0,11.5,0.575,5891,BNE_63157_ccrop.jpg,BNE,A_sepakat_band,unsegmented-band,Neutrophil,test,-2.8463199018057797
22.360679774997898,15.5,0.6931810730249348,5112,BNE_765760_ccrop.jpg,BNE,A_sepakat_band,unsegmented-band,Neutrophil,test,-3.298921207773292
26.90724809414742,15.0,0.5574706096853748,5837,SNE_148442_ccrop.jpg,SNE,C_konflik_SNE_dianotasi_band,unsegmented-band,Neutrophil,test,-3.2285106175098868
19.1049731745428,8.0,0.418739138072171,5561,SNE_245577_ccrop.jpg,SNE,C_konflik_SNE_dianotasi_band,unsegmented-band,Neutrophil,test,0.08570619551970537
26.0,2.0,0.07692307692307693,6263,BNE_45719_ccrop.jpg,BNE,A_sepakat_band,unsegmented-band,Neutrophil,test,-0.7221885040482174
21.0,14.0,0.6666666666666666,5911,BNE_238411_ccrop.jpg,BNE,A_sepakat_band,unsegmented-band,Neutrophil,test,-2.069473592256653
23.323807579381203,5.5,0.23581055457094965,6056,SNE_210712_ccrop.jpg,SNE,B_sepakat_segmented,segmented-multilobed,Neutrophil,test,0.10280289378568241
21.400934559032695,12.0,0.5607231762191973,5350,SNE_23742_ccrop.jpg,SNE,C_konflik_SNE_dianotasi_band,unsegmented-band,Neutrophil,test,-0.7939384587387366
21.02379604162864,14.5,0.6896946665240163,5268,BNE_173958_ccrop.jpg,BNE,A_sepakat_band,unsegmented-band,Neutrophil,test,-1.9916937342841958
20.0,0.5,0.025,5627,SNE_42657_ccrop.jpg,SNE,B_sepakat_segmented,segmented-multilobed,Neutrophil,test,2.0871837691498403
20.0,1.0,0.05,5388,SNE_350843_ccrop.jpg,SNE,B_sepakat_segmented,segmented-bilobed,Neutrophil,test,1.199352697969175
23.769728648009426,16.5,0.6941602171542576,5351,BNE_556303_ccrop.jpg,BNE,A_sepakat_band,unsegmented-band,Neutrophil,test,-3.4939574526316406
21.18962010041709,1.5,0.07078937672745131,5617,SNE_400327_ccrop.jpg,SNE,B_sepakat_segmented,segmented-multilobed,Neutrophil,test,2.692966848248691
22.360679774997898,3.0,0.13416407864998736,5708,SNE_99568_ccrop.jpg,SNE,B_sepakat_segmented,segmented-bilobed,Neutrophil,test,-0.027290461100914598
19.924858845171276,14.0,0.7026398585198939,5098,SNE_218509_ccrop.jpg,SNE,C_konflik_SNE_dianotasi_band,unsegmented-band,Neutrophil,test,-1.7443800007587011
20.0,3.0,0.15,5449,SNE_586640_ccrop.jpg,SNE,B_sepakat_segmented,segmented-bilobed,Neutrophil,test,3.017047161003182
25.0,13.5,0.54,6519,BNE_93959_ccrop.jpg,BNE,A_sepakat_band,unsegmented-band,Neutrophil,test,-1.3368677394863369
19.4164878389476,9.5,0.48927489249337447,5058,BNE_436871_ccrop.jpg,BNE,A_sepakat_band,unsegmented-band,Neutrophil,test,0.5094249675370373
23.021728866442675,12.5,0.5429653034538368,6441,SNE_827292_ccrop.jpg,SNE,C_konflik_SNE_dianotasi_band,unsegmented-band,Neutrophil,test,-0.6132647155042577
22.627416997969522,15.0,0.6629126073623882,6008,BNE_668846_ccrop.jpg,BNE,A_sepakat_band,unsegmented-band,Neutrophil,test,-1.8524930255466359
21.37755832643195,5.0,0.233890134862494,5727,SNE_107907_ccrop.jpg,SNE,C_konflik_SNE_dianotasi_band,unsegmented-band,Neutrophil,test,0.5188668895958664
51.86520991955976,0.5,0.009640373590996237,17067,SNE_189979_ccrop.jpg,SNE,C_konflik_SNE_dianotasi_band,unsegmented-band,Neutrophil,test,-0.871702541953411
30.4138126514911,1.0,0.032879797461071454,7745,SNE_989373_ccrop.jpg,SNE,B_sepakat_segmented,segmented-bilobed,Neutrophil,test,-0.39129248316211296
23.600847442411894,0.5,0.021185679930351788,11329,SNE_399454_ccrop.jpg,SNE,B_sepakat_segmented,segmented-bilobed,Neutrophil,test,1.7573323212490166
20.518284528683193,1.0,0.04873701788285793,5168,SNE_341145_ccrop.jpg,SNE,B_sepakat_segmented,segmented-multilobed,Neutrophil,test,1.0397415893595001
27.294688127912362,12.0,0.439645983268387,6357,BNE_504244_ccrop.jpg,BNE,A_sepakat_band,unsegmented-band,Neutrophil,test,-1.6587452131006053
23.194827009486403,2.5,0.10778265338980672,5751,BNE_872206_ccrop.jpg,BNE,A_sepakat_band,unsegmented-band,Neutrophil,test,2.45055717227617
18.973665961010276,1.5,0.07905694150420949,5745,SNE_636414_ccrop.jpg,SNE,B_sepakat_segmented,segmented-multilobed,Neutrophil,test,2.6630241124176273
17.4928556845359,1.0,0.05716619504750295,5712,SNE_704271_ccrop.jpg,SNE,B_sepakat_segmented,segmented-multilobed,Neutrophil,test,3.7626969001155928
22.47220505424423,6.5,0.28924620366849013,6017,BNE_905051_ccrop.jpg,BNE,A_sepakat_band,unsegmented-band,Neutrophil,test,-1.2270346031757242
28.0,24.5,0.875,7053,BNE_213353_ccrop.jpg,BNE,A_sepakat_band,unsegmented-band,Neutrophil,test,-5.637149226518515
21.2602916254693,11.5,0.5409144993205685,5795,BNE_418719_ccrop.jpg,BNE,A_sepakat_band,unsegmented-band,Neutrophil,test,-0.6129536183509021
25.495097567963924,0.5,0.019611613513818404,6246,SNE_457299_ccrop.jpg,SNE,B_sepakat_segmented,segmented-bilobed,Neutrophil,test,-0.9056114595209017
20.0,0.5,0.025,4761,SNE_704264_ccrop.jpg,SNE,B_sepakat_segmented,segmented-bilobed,Neutrophil,test,0.5317363297556295
18.973665961010276,14.5,0.7642171012073583,4949,BNE_946015_ccrop.jpg,BNE,A_sepakat_band,unsegmented-band,Neutrophil,test,-1.8892854811224602
22.627416997969522,7.5,0.3314563036811941,5478,BNE_374932_ccrop.jpg,BNE,A_sepakat_band,unsegmented-band,Neutrophil,test,-2.147983879189052
21.93171219946131,3.0,0.13678822577626595,5342,SNE_221335_ccrop.jpg,SNE,B_sepakat_segmented,segmented-bilobed,Neutrophil,test,-0.6522983026745521
27.65863337187866,14.0,0.5061710682435311,7108,BNE_641800_ccrop.jpg,BNE,A_sepakat_band,unsegmented-band,Neutrophil,test,-2.2825359502592377
30.23243291566195,20.0,0.6615412016556225,6353,BNE_420527_ccrop.jpg,BNE,A_sepakat_band,unsegmented-band,Neutrophil,test,-6.528433301376754
30.364452901377952,5.5,0.18113285353316566,7137,SNE_619982_ccrop.jpg,SNE,B_sepakat_segmented,segmented-bilobed,Neutrophil,test,-1.3746729910628162
30.528675044947494,4.0,0.13102435641608368,7058,SNE_344447_ccrop.jpg,SNE,C_konflik_SNE_dianotasi_band,unsegmented-band,Neutrophil,test,-1.5638775846397195
26.30589287593181,3.0,0.11404288819045583,6094,SNE_77275_ccrop.jpg,SNE,B_sepakat_segmented,segmented-bilobed,Neutrophil,test,0.4506358790729106
18.384776310850235,5.5,0.29916056127123164,5103,SNE_517153_ccrop.jpg,SNE,B_sepakat_segmented,segmented-bilobed,Neutrophil,test,0.399101720437697
17.804493814764857,8.0,0.4493247650413843,4998,BNE_252419_ccrop.jpg,BNE,A_sepakat_band,unsegmented-band,Neutrophil,test,0.29320733454187575
16.97056274847714,9.5,0.5597928684393502,5767,BNE_38106_ccrop.jpg,BNE,A_sepakat_band,unsegmented-band,Neutrophil,test,1.2586049728810025
30.805843601498726,16.5,0.5356126653579862,4341,BNE_850427_ccrop.jpg,BNE,A_sepakat_band,unsegmented-band,Neutrophil,test,-7.708522715022658
21.95449840010015,1.5,0.06832312780114154,6662,SNE_256595_ccrop.jpg,SNE,B_sepakat_segmented,segmented-bilobed,Neutrophil,test,1.3505433538180363
26.0,14.0,0.5384615384615384,6724,BNE_753732_ccrop.jpg,BNE,A_sepakat_band,unsegmented-band,Neutrophil,test,-2.9638914234875067
24.186773244895647,18.0,0.7442084075352507,5287,BNE_387944_ccrop.jpg,BNE,A_sepakat_band,unsegmented-band,Neutrophil,test,-4.166744055201914
22.090722034374522,2.5,0.11316968255314816,5874,SNE_761065_ccrop.jpg,SNE,B_sepakat_segmented,segmented-multilobed,Neutrophil,test,1.679619033077909
22.360679774997898,13.0,0.5813776741499453,5160,BNE_895467_ccrop.jpg,BNE,A_sepakat_band,unsegmented-band,Neutrophil,test,-3.4620914297526806
25.0,15.0,0.6,6672,BNE_943257_ccrop.jpg,BNE,A_sepakat_band,unsegmented-band,Neutrophil,test,-3.6366355942256305
28.635642126552707,21.0,0.7333518105580571,8413,BNE_903373_ccrop.jpg,BNE,A_sepakat_band,unsegmented-band,Neutrophil,test,-4.188703441383549
25.059928172283335,11.0,0.4389477864571922,5765,BNE_489792_ccrop.jpg,BNE,A_sepakat_band,unsegmented-band,Neutrophil,test,-3.0766800445179
24.08318915758459,12.0,0.4982728791224398,4310,BNE_617577_ccrop.jpg,BNE,A_sepakat_band,unsegmented-band,Neutrophil,test,-2.6481051985317023
27.65863337187866,25.0,0.9038769075777341,6315,BNE_716525_ccrop.jpg,BNE,A_sepakat_band,unsegmented-band,Neutrophil,test,-6.640526442016618
25.96150997149434,13.5,0.5200005706456581,6238,BNE_882512_ccrop.jpg,BNE,A_sepakat_band,unsegmented-band,Neutrophil,test,-1.1550346987269382
20.0,0.5,0.025,6020,SNE_959482_ccrop.jpg,SNE,B_sepakat_segmented,segmented-multilobed,Neutrophil,test,2.494676986345871
25.612496949731394,11.5,0.44899956542974245,6892,BNE_369467_ccrop.jpg,BNE,A_sepakat_band,unsegmented-band,Neutrophil,test,-0.7172944729644151
23.259406699226016,11.5,0.4944236174511999,5321,SNE_744394_ccrop.jpg,SNE,C_konflik_SNE_dianotasi_band,unsegmented-band,Neutrophil,test,-5.673948983656345
38.91015291668744,0.5,0.01285011655108568,13685,SNE_517466_ccrop.jpg,SNE,B_sepakat_segmented,segmented-bilobed,Neutrophil,test,-2.5312956776790223
19.235384061671343,13.5,0.7018315806285491,5466,BNE_567645_ccrop.jpg,BNE,A_sepakat_band,unsegmented-band,Neutrophil,test,-1.1576514973635579
21.400934559032695,10.0,0.46726931351599776,5339,BNE_864734_ccrop.jpg,BNE,A_sepakat_band,unsegmented-band,Neutrophil,test,-0.27085433169041195
24.73863375370596,4.5,0.18190171877724975,5668,SNE_509454_ccrop.jpg,SNE,C_konflik_SNE_dianotasi_band,unsegmented-band,Neutrophil,test,-0.7968317780990795
20.8806130178211,2.0,0.09578262852211514,4909,SNE_406546_ccrop.jpg,SNE,B_sepakat_segmented,segmented-bilobed,Neutrophil,test,0.22586296000426298
26.476404589747453,1.0,0.0377694787300249,5673,SNE_740742_ccrop.jpg,SNE,B_sepakat_segmented,segmented-bilobed,Neutrophil,test,0.3434431127592408
17.4928556845359,2.0,0.1143323900950059,5358,SNE_578471_ccrop.jpg,SNE,B_sepakat_segmented,segmented-multilobed,Neutrophil,test,3.006080043891137
21.587033144922902,13.5,0.6253754237263073,4718,BNE_229500_ccrop.jpg,BNE,A_sepakat_band,unsegmented-band,Neutrophil,test,-3.36440037643362
16.401219466856727,5.0,0.30485538042484617,5331,SNE_939200_ccrop.jpg,SNE,B_sepakat_segmented,segmented-multilobed,Neutrophil,test,1.988794545479048
17.11724276862369,1.5,0.0876309356755479,5152,SNE_892623_ccrop.jpg,SNE,B_sepakat_segmented,segmented-bilobed,Neutrophil,test,1.2609942369832616
17.11724276862369,9.5,0.5549959259451367,4462,BNE_865129_ccrop.jpg,BNE,A_sepakat_band,unsegmented-band,Neutrophil,test,0.13932175961856075
22.847319317591726,13.0,0.5689945423921311,5224,BNE_240454_ccrop.jpg,BNE,A_sepakat_band,unsegmented-band,Neutrophil,test,-2.5899090999060252
21.37755832643195,1.0,0.0467780269724988,6465,SNE_576456_ccrop.jpg,SNE,B_sepakat_segmented,segmented-multilobed,Neutrophil,test,2.8303518396105884
18.384776310850235,1.0,0.05439282932204212,7078,SNE_280149_ccrop.jpg,SNE,B_sepakat_segmented,segmented-multilobed,Neutrophil,test,2.6402564937204804
25.0,5.0,0.2,6473,SNE_208866_ccrop.jpg,SNE,C_konflik_SNE_dianotasi_band,unsegmented-band,Neutrophil,test,1.1251327007845129
18.027756377319946,6.0,0.3328201177351375,5457,SNE_801267_ccrop.jpg,SNE,B_sepakat_segmented,segmented-multilobed,Neutrophil,test,1.472199492145796
23.769728648009426,17.0,0.7151953752498411,6100,BNE_760830_ccrop.jpg,BNE,A_sepakat_band,unsegmented-band,Neutrophil,test,-2.785900655359132
21.095023109728988,13.5,0.6399613752389692,4926,BNE_890664_ccrop.jpg,BNE,A_sepakat_band,unsegmented-band,Neutrophil,test,-2.466755424870353
22.627416997969522,1.0,0.044194173824159216,5157,SNE_271323_ccrop.jpg,SNE,B_sepakat_segmented,segmented-bilobed,Neutrophil,test,0.6881107579907697
20.396078054371138,13.5,0.6618919560913712,5049,BNE_438120_ccrop.jpg,BNE,A_sepakat_band,unsegmented-band,Neutrophil,test,-1.5293620040940077
22.627416997969522,8.5,0.37565047750535335,5146,SNE_569272_ccrop.jpg,SNE,C_konflik_SNE_dianotasi_band,unsegmented-band,Neutrophil,test,-0.9359393389321902
21.470910553583888,13.5,0.6287576843240401,5732,BNE_446320_ccrop.jpg,BNE,A_sepakat_band,unsegmented-band,Neutrophil,test,-2.5077898481509138
18.788294228055936,1.5,0.07983694431185243,5573,SNE_663929_ccrop.jpg,SNE,B_sepakat_segmented,segmented-bilobed,Neutrophil,test,1.4923556966735934
19.0,10.0,0.5263157894736842,5471,SNE_141171_ccrop.jpg,SNE,C_konflik_SNE_dianotasi_band,unsegmented-band,Neutrophil,test,-0.24607004807160848
23.08679276123039,10.5,0.45480548591542047,4353,BNE_68126_ccrop.jpg,BNE,A_sepakat_band,unsegmented-band,Neutrophil,test,-2.8979076382179088
25.495097567963924,16.0,0.6275716324421889,7493,BNE_273491_ccrop.jpg,BNE,A_sepakat_band,unsegmented-band,Neutrophil,test,-2.1438687021405656
19.026297590440446,1.0,0.052558833122763673,5807,SNE_782350_ccrop.jpg,SNE,B_sepakat_segmented,segmented-multilobed,Neutrophil,test,3.7585673303112586
25.059928172283335,6.5,0.2593782374519772,6895,SNE_800425_ccrop.jpg,SNE,B_sepakat_segmented,segmented-multilobed,Neutrophil,test,1.2476846904029193
18.973665961010276,7.0,0.3689323936863109,4381,SNE_419260_ccrop.jpg,SNE,C_konflik_SNE_dianotasi_band,unsegmented-band,Neutrophil,test,-0.7218013076528251
25.96150997149434,13.0,0.5007412902513745,6591,BNE_544854_ccrop.jpg,BNE,A_sepakat_band,unsegmented-band,Neutrophil,test,-0.9267107317067964
21.213203435596427,13.0,0.6128258770283411,5755,SNE_182336_ccrop.jpg,SNE,C_konflik_SNE_dianotasi_band,unsegmented-band,Neutrophil,test,-0.4968034078811723
